Year(4)-CountyCode(2)-MunicipalityCode(2)-CaseNumber(9),County Name,Municipality Name,Crash Date,Crash Day of Week,Crash Time,Police Department Code,Police Department,Police Station,Total Killed,Total Injured,Pedestrians Killed,Pedestrians Injured,Severity,Intersection,Alcohol Involved,Hazmat Involved,Crash Type,Total Vehicles,Location,Location Direction,Route,Route Suffix,Std Rte Identifier,MilePost,Road System,Road Character,Road Horizontal Alignment,Road Grade,Road Surface Type,Surface Condition,Light Condition,Environmental Condition,Road Divided By,Temporary Traffic Control Zone,Distance To Cross Street,Unit Of Measurement,Direction From Cross Street,Cross Street Name,Is Ramp,Ramp To/From Route Name,Ramp To/From Route Direction,Posted Speed,Posted Speed Cross Street,First Harmful Event,Latitude,Longitude,Cell Phone In Use Flag,Other Property Damage,Reporting Badge No.
2019130319AP20107,MONMOUTH,ASBURY PARK CITY,07/05/2019,FR,1214,01,ASBURY PARK PD,,0,0,0,0,P,B,N,N,04,2,OCEAN AVE,,,,13031088__,.20,07,,01,04,02,01,06,01,04,00,50,FE,S,3RD AVE,,,,30,25,26,,,N,,83150
2019130319AP20144,MONMOUTH,ASBURY PARK CITY,07/05/2019,FR,1727,01,ASBURY PARK PD,,0,0,0,0,P,I,N,N,03,2,FIRST AVE **,E,,,13031001__,.44,07,,01,04,02,01,01,01,,01,,AT,N,MEMORIAL DR,,,,25,25,,40.221710,74.012700,N,,83290
2019130319AP20145,MONMOUTH,ASBURY PARK CITY,07/05/2019,FR,1727,01,ASBURY PARK PD,,0,0,0,0,P,I,N,N,03,2,FOURTH AVE **,W,,,13031003__,.83,07,,01,04,02,01,01,01,04,,,AT,N,MEMORIAL DR,,,,25,25,26,,,N,,83284
2019130319AP20205,MONMOUTH,ASBURY PARK CITY,07/05/2019,FR,2351,01,ASBURY PARK PD,,0,0,0,0,P,B,N,N,06,2,KINGSLEY ST,N,,,13031087__,,07,,01,04,02,01,06,01,05,01,,,,,,,,25,,28,,,N,,83285
2019130319AP20218,MONMOUTH,ASBURY PARK CITY,07/06/2019,SA,0119,01,ASBURY PARK PD,,0,1,0,0,I,I,N,N,01,2,KINGSLEY ST,N,,,13031087__,.55,07,,01,04,02,01,06,01,04,01,,AT,N,3RD AVE,,,,25,25,26,,,N,,83289
2019130319AP20310,MONMOUTH,ASBURY PARK CITY,07/06/2019,SA,2223,01,ASBURY PARK PD,,0,0,0,0,P,B,N,N,01,2,EMORY ST **,N,,,13031019__,,07,,01,04,02,01,06,01,05,,,,,,,,,25,,26,,,N,,83281
2019130319AP20416,MONMOUTH,ASBURY PARK CITY,07/07/2019,SU,1540,01,ASBURY PARK PD,,0,0,0,0,P,I,N,N,01,2,MONMOUTH COUNTY 16,W,16,,13000016__,5.85,05,,01,04,02,01,01,01,04,,,AT,,PINE ST,,,,25,25,26,,,N,,83263
2019130319AP20434,MONMOUTH,ASBURY PARK CITY,07/07/2019,SU,1849,01,ASBURY PARK PD,,0,0,0,0,P,B,N,N,06,2,SPRINGWOOD AVE **,W,,,13341045__,1.00,07,,01,04,02,01,01,01,04,,25,FE,E,DEWITT AVE,,,,25,25,26,,,N,,83246
2019130319AP20558,MONMOUTH,ASBURY PARK CITY,07/08/2019,MO,2015,01,ASBURY PARK PD,,0,1,0,1,I,B,N,N,13,1,ATKINS AVE **,N,,,13031051__,.22,07,,01,04,02,01,01,01,04,,100,FE,N,SPRINGWOOD AVE,,,,25,25,22,,,N,,83279
2019130319AP20815,MONMOUTH,ASBURY PARK CITY,07/10/2019,WE,2155,01,ASBURY PARK PD,,0,0,0,0,P,I,N,N,01,2,GRAND AVE **,N,,,13031048__,.86,07,,01,04,02,01,06,01,04,01,,AT,N,SEVENTH AVE,,,,25,25,26,,,N,,83285
2019130319AP21174,MONMOUTH,ASBURY PARK CITY,07/13/2019,SA,1338,01,ASBURY PARK PD,,0,0,0,0,P,B,N,N,08,2,SIXTH AVE **,W,,,13031017__,.46,07,,01,04,02,01,01,01,05,01,50,FE,W,GRAND AVE,,,,25,25,26,40.227080,74.004680,N,,83193
2019130319AP21181,MONMOUTH,ASBURY PARK CITY,07/13/2019,SA,1451,01,ASBURY PARK PD,,0,0,0,0,P,B,N,N,01,2,FOURTH AVE **,,,,13031003__,1.24,07,,01,04,02,01,01,01,04,,15,FE,W,HECK ST,,,,25,25,26,40.223570,74.005450,N,,83278
2019130319AP21370,MONMOUTH,ASBURY PARK CITY,07/14/2019,SU,1836,01,ASBURY PARK PD,APPD,0,0,0,0,P,I,N,N,03,2,MEMORIAL DR,S,,,13031009__,.07,07,,01,04,02,01,01,01,04,,,AT,,1ST AVE,,,,25,25,26,,,N,,83282
2019130319AP21525,MONMOUTH,ASBURY PARK CITY,07/16/2019,TU,0818,01,ASBURY PARK PD,,0,0,0,0,P,I,N,N,07,2,SUNSET AVE,,,,13031365__,.59,07,,01,04,01,01,07,01,05,01,,AT,,NJ 71 / MAIN ST,,,,25,30,26,40.226950,74.009430,N,,83221
2019130319AP21569,MONMOUTH,ASBURY PARK CITY,07/16/2019,TU,1619,01,ASBURY PARK PD,,0,0,0,0,P,B,N,N,06,2,PARK AVE **,N,,,13031020__,.23,07,,01,04,02,01,,01,,,100,FE,S,SIXTH AVE,,,,25,25,26,40.225990,74.003540,N,,83185
2019130319AP21578,MONMOUTH,ASBURY PARK CITY,07/16/2019,TU,2329,01,ASBURY PARK PD,,0,1,0,1,I,I,N,N,13,1,MONROE ST **,E,,,13031073__,.11,07,,01,04,02,01,01,01,05,01,,AT,,WINN AVE,,,,25,25,22,,,N,,83289
2019130319AP21651,MONMOUTH,ASBURY PARK CITY,07/17/2019,WE,0926,01,ASBURY PARK PD,,0,0,0,0,P,B,N,N,06,2,CHURCH ST **,S,,,13031030__,.20,07,,01,04,02,01,06,01,05,01,300,FE,N,MUNROE AVE / PROSPECT AVE,,,,25,25,28,40.221580,74.020780,N,,83221
2019130319AP21735,MONMOUTH,ASBURY PARK CITY,07/17/2019,WE,1846,01,ASBURY PARK PD,,0,0,0,0,P,I,N,N,03,2,MEMORIAL DR,,,,13031009__,.07,07,,01,04,02,01,01,01,04,,,AT,,1ST AVE,,,,30,25,26,,,N,,83248
2019130319AP21759,MONMOUTH,ASBURY PARK CITY,07/18/2019,TH,0238,01,ASBURY PARK PD,,0,2,0,0,I,I,N,N,03,2,MEMORIAL DR,E,,,13031009__,.22,07,,01,04,02,02,06,02,04,,,AT,,3RD AVE,,,,25,30,26,,,N,,83229
2019130319AP21839,MONMOUTH,ASBURY PARK CITY,07/18/2019,TH,1651,01,ASBURY PARK PD,APPD,0,0,0,0,P,B,N,N,03,2,MONMOUTH COUNTY 16,W,16,,13000016__,5.65,05,,01,04,02,02,01,02,,,20,FE,W,PROSPECT AVE,,,,25,25,26,,,N,,83284
2019130319AP21969,MONMOUTH,ASBURY PARK CITY,07/19/2019,FR,1622,01,ASBURY PARK PD,,0,0,0,0,P,I,N,N,03,2,FOURTH AVE **,E,,,13031003__,.83,07,,01,04,02,01,01,01,,01,,AT,,MEMORIAL DR,,,,25,30,26,40.224870,74.011550,N,,83207
2019130319AP22106,MONMOUTH,ASBURY PARK CITY,07/20/2019,SA,1159,01,ASBURY PARK PD,,0,2,0,0,I,I,N,N,03,2,FOURTH AVE **,,,,13031003__,1.14,07,,01,04,02,01,01,01,04,01,,AT,,GRAND AVE,,,,25,25,26,,,N,,83280
2019130319AP22241,MONMOUTH,ASBURY PARK CITY,07/21/2019,SU,0402,01,ASBURY PARK PD,,0,0,0,0,P,B,N,N,06,2,THIRD AVE,W,,,,,07,,01,04,02,01,06,01,,,50,FE,E,CENTRAL AVENUE,,,,25,25,26,,,N,,83286
2019130319AP22589,MONMOUTH,ASBURY PARK CITY,07/24/2019,WE,1612,01,ASBURY PARK PD,,0,0,0,0,P,I,N,N,08,2,WEBB ST **,N,,,13031021__,.16,07,,01,04,02,01,01,01,05,01,,AT,,SIXTH AVE,,,,25,25,,40.225040,74.024580,N,,83131
2019130319AP22668,MONMOUTH,ASBURY PARK CITY,07/25/2019,TH,1346,01,ASBURY PARK PD,,0,0,0,0,P,B,N,N,08,2,THIRD AVE,E,,,,,07,,01,04,02,01,01,01,05,,60,FE,W,LANGFORD STREET,,,,25,25,26,40.224700,74.014500,N,,83213
2019130319AP22771,MONMOUTH,ASBURY PARK CITY,07/26/2019,FR,1111,01,ASBURY PARK PD,,0,0,0,0,P,B,N,N,08,2,ATKINS AVE **,S,,,,,07,,01,04,02,01,01,01,05,,10,FE,W,JEFFERSON AVENUE,,,,25,25,28,40.208260,74.020320,N,,83278
2019130319AP22801,MONMOUTH,ASBURY PARK CITY,07/26/2019,FR,1827,01,ASBURY PARK PD,1 MUNICIPAL PLZ,0,0,0,0,P,B,N,N,01,2,DEAL LAKE DR,E,,,13031049__,.00,07,,01,04,01,01,01,01,,,20,FE,W,NJ 71 / PARK DR,,,,25,25,26,40.230210,74.001940,N,,83262
2019130319AP23103,MONMOUTH,ASBURY PARK CITY,07/28/2019,SU,1310,01,ASBURY PARK PD,,0,0,0,0,P,B,N,N,01,2,OCEAN AVE,N,,,13031088__,.39,07,,01,04,02,01,01,01,05,,30,FE,N,5TH AVE,,,,25,25,26,,,N,,83278
2019130319AP23179,MONMOUTH,ASBURY PARK CITY,07/29/2019,MO,0512,01,ASBURY PARK PD,PATROL DIVISION,0,0,0,0,P,B,N,N,06,1,PROSPECT AVE **,E,,,13031042__,.49,07,,01,04,02,01,06,01,,,125,FE,W,MUNROE AVE,,,,25,25,28,40.220420,74.020320,N,,83287
2019130319AP23362,MONMOUTH,ASBURY PARK CITY,07/30/2019,TU,1821,01,ASBURY PARK PD,1 MUNICIPAL PLZ,0,0,0,0,P,I,N,N,03,2,ASBURY AVE **,,,,13031091__,.24,07,,01,04,01,01,01,01,,,,AT,,GRAND AVE,,,,25,25,26,40.219430,74.007380,N,,83262
2019130319AP23408,MONMOUTH,ASBURY PARK CITY,07/31/2019,WE,0743,01,ASBURY PARK PD,,0,0,0,0,P,B,N,N,02,2,NJ 71,,71,,00000071__,7.98,02,,01,04,02,01,01,01,05,01,25,FE,S,SPRINGWOOD AVE / LAKE AVE,,,,30,25,26,40.215200,74.013670,N,,83221
2019130319AP23482,MONMOUTH,ASBURY PARK CITY,07/31/2019,WE,2204,01,ASBURY PARK PD,,0,0,0,0,P,I,N,N,01,2,FIRST AVE **,E,,,13031001__,.51,07,,01,04,02,02,01,01,05,,,AT,,NJ 71 / MAIN ST,,,,25,30,26,,,N,,83281
2019130319AP23559,MONMOUTH,ASBURY PARK CITY,08/01/2019,TH,1308,01,ASBURY PARK PD,,0,0,0,0,P,I,N,N,11,1,MONMOUTH COUNTY 16,,16,,13000016__,5.50,05,,01,04,02,01,01,01,05,01,,AT,,RIDGE AVE,,,,25,25,62,40.223330,74.024780,N,FIRE HYDRANT,83221
2019130319AP24048,MONMOUTH,ASBURY PARK CITY,08/04/2019,SU,1912,01,ASBURY PARK PD,,0,0,0,0,P,I,N,N,03,2,FIRST AVE **,,,,13031001__,.75,07,,01,04,02,01,01,01,04,,,AT,,GRAND AVE,,,,25,25,26,,,N,,83248
2019130319AP24168,MONMOUTH,ASBURY PARK CITY,08/05/2019,MO,1958,01,ASBURY PARK PD,ASBURY PARK,0,1,0,0,I,I,N,N,03,2,FIRST AVE **,S,,,13031001__,.44,07,,01,04,02,01,06,01,05,01,,AT,,MEMORIAL DR,,,,30,25,26,,,N,,83224
2019130319AP24208,MONMOUTH,ASBURY PARK CITY,08/06/2019,TU,1210,01,ASBURY PARK PD,,0,1,0,0,I,I,N,N,03,2,FIRST AVE **,,,,13031001__,.44,07,,01,04,02,01,01,01,05,01,,AT,,MEMORIAL DR,,,,30,25,26,40.221700,74.012700,N,,83221
2019130319AP24298,MONMOUTH,ASBURY PARK CITY,08/07/2019,WE,1421,01,ASBURY PARK PD,,0,1,0,0,I,I,N,N,03,1,ATKINS AVE **,,,,13031051__,.20,07,,01,04,02,02,01,02,04,,,AT,,SPRINGWOOD AVE,,,,25,25,26,40.215370,74.020900,N,,83276
2019130319AP24322,MONMOUTH,ASBURY PARK CITY,08/07/2019,WE,1835,01,ASBURY PARK PD,ASBURY PARK,0,1,0,0,I,B,N,N,06,2,RIDGE AVENUE,S,,,,,07,,01,04,02,02,01,02,05,,50,FE,S,BANGS AVENUE,,,,25,25,26,,,N,,83224
2019130319AP24446,MONMOUTH,ASBURY PARK CITY,08/08/2019,TH,2004,01,ASBURY PARK PD,,0,0,0,0,P,B,N,N,06,2,MATTISON AVE **,W,,,13031070__,.06,07,,01,04,02,01,01,01,05,01,40,FE,W,BORDEN AVE,,,,25,25,26,,,N,,83183
2019130319AP24522,MONMOUTH,ASBURY PARK CITY,08/09/2019,FR,1206,01,ASBURY PARK PD,,0,1,0,0,I,I,N,N,00,1,FIFTH AVE **,W,,,13031004__,.43,07,,01,04,02,01,01,01,05,,,AT,,EMORY ST,,,,25,25,21,40.223490,74.011570,N,,83213
2019130319AP24546,MONMOUTH,ASBURY PARK CITY,08/09/2019,FR,1835,01,ASBURY PARK PD,,0,0,0,0,P,B,N,N,06,2,BERGH ST **,N,,,13031050__,.15,07,,01,04,02,01,01,01,05,,20,FE,N,SECOND AVE,,,,25,25,26,,,N,,83289
2019130319AP24559,MONMOUTH,ASBURY PARK CITY,08/09/2019,FR,1932,01,ASBURY PARK PD,,0,2,0,0,I,I,N,N,03,2,MEMORIAL DR,S,,,13031009__,.00,07,,01,04,02,01,01,01,,,,AT,,MUNROE AVE,,,,30,25,26,,,N,,83281
2019130319AP24634,MONMOUTH,ASBURY PARK CITY,08/10/2019,SA,0210,01,ASBURY PARK PD,1303,0,0,0,0,P,I,N,N,06,2,ASBURY AVE **,N,,,13031091__,.49,07,,01,04,02,01,07,01,04,01,,AT,,COOKMAN AVE / KINGSLEY ST,,,,25,25,26,,,N,,83275
2019130319AP24844,MONMOUTH,ASBURY PARK CITY,08/11/2019,SU,1145,01,ASBURY PARK PD,,0,0,0,0,P,B,N,N,02,2,SUNSET AVE,,,,13031365__,.59,07,,01,04,02,01,01,01,04,01,20,FE,W,NJ 71 / MAIN ST,,,,25,25,26,,,N,,83280
2019130319AP24855,MONMOUTH,ASBURY PARK CITY,08/11/2019,SU,1548,01,ASBURY PARK PD,,0,0,0,0,P,I,N,N,02,2,FOURTH AVE **,W,,,13031003__,.83,07,,01,04,02,01,01,01,04,01,,AT,,MEMORIAL DR,,,,25,25,26,,,N,,83280
2019130319AP24870,MONMOUTH,ASBURY PARK CITY,08/11/2019,SU,1649,01,ASBURY PARK PD,,0,3,0,0,I,I,N,N,03,2,FOURTH AVE **,N,,,13031003__,.83,07,,01,04,02,01,01,01,04,01,,AT,,MEMORIAL DR,,,,30,25,26,,,N,,83272
2019130319AP24902,MONMOUTH,ASBURY PARK CITY,08/11/2019,SU,0329,01,ASBURY PARK PD,1303,0,0,0,0,P,I,N,N,01,2,FOURTH AVE **,E,,,13031003__,.90,07,,01,04,02,01,07,01,04,01,,AT,E,NJ 71 / MAIN ST,,,,25,30,26,,,N,,83275
2019130319AP24971,MONMOUTH,ASBURY PARK CITY,08/12/2019,MO,1855,01,ASBURY PARK PD,,0,1,0,0,I,B,N,N,03,1,DRUMMOND CT **,W,,,13031023__,.16,07,,01,04,02,01,01,01,05,01,40,FE,N,FOURTH AVE,,,,25,25,21,,,N,,83183
2019130319AP25035,MONMOUTH,ASBURY PARK CITY,08/13/2019,TU,1451,01,ASBURY PARK PD,,0,0,0,0,P,B,N,N,11,1,MEMORIAL DR,W,,,13031009__,.22,07,,01,04,02,02,01,01,04,,20,FE,S,3RD AVE,,,,25,25,54,40.223730,74.013300,N,FACIA TO BUILDING LOCATED AT 1007 MEMORIAL DRIVE. UNKNOWN REPAIR VALUE,83213
2019130319AP25196,MONMOUTH,ASBURY PARK CITY,08/15/2019,TH,0918,01,ASBURY PARK PD,,0,0,0,0,P,I,N,N,03,2,NJ 71,N,71,,00000071__,7.98,02,,01,04,02,01,01,01,04,,,AT,,SPRINGWOOD AVE / LAKE AVE,,,,30,25,26,,,N,,83278
2019130319AP25212,MONMOUTH,ASBURY PARK CITY,08/15/2019,TH,1137,01,ASBURY PARK PD,,0,1,0,0,I,I,N,N,03,2,MONMOUTH COUNTY 16,W,16,,13000016__,5.50,05,,01,04,02,01,01,01,04,01,,AT,,RIDGE AVE,,,,25,25,26,,,N,,83272
2019130319AP25235,MONMOUTH,ASBURY PARK CITY,08/15/2019,TH,1609,01,ASBURY PARK PD,,0,2,0,0,I,I,N,N,03,2,MEMORIAL DR,S,,,13031009__,.07,07,,01,04,02,01,01,01,04,01,,AT,,1ST AVE,,,,30,25,26,,,N,,83272
2019130319AP25251,MONMOUTH,ASBURY PARK CITY,08/15/2019,TH,1837,01,ASBURY PARK PD,1MUNICIPAL PLZ,0,0,0,0,P,I,N,N,03,2,COMSTOCK ST **,,,,13031012__,.75,07,,01,04,01,01,01,01,,,,AT,,SUMMERFIELD AVE,,,,25,25,26,,,N,,83262
2019130319AP25352,MONMOUTH,ASBURY PARK CITY,08/16/2019,FR,1501,01,ASBURY PARK PD,,0,2,0,0,I,I,N,N,03,2,COOKMAN AVE **,N,,,13031057__,.00,07,,01,04,02,01,01,01,04,01,,AT,,MEMORIAL DR,,,,30,25,26,40.215410,74.014970,N,,83278
2019130319AP25551,MONMOUTH,ASBURY PARK CITY,08/17/2019,SA,0452,01,ASBURY PARK PD,APPD,0,0,0,0,P,I,N,N,03,2,FIRST AVE **,N,,,13031001__,.44,07,,01,04,02,01,07,01,04,01,,AT,W,MEMORIAL DR,,,,30,25,62,,,N,,83275
2019130319AP25563,MONMOUTH,ASBURY PARK CITY,08/17/2019,SA,2346,01,ASBURY PARK PD,,0,1,0,1,I,B,N,N,13,1,LAKE AVE,E,,,13031085__,.07,07,,01,04,02,01,06,01,,,50,FE,E,BOND ST,,,,25,25,22,,,N,,83286
2019130319AP25567,MONMOUTH,ASBURY PARK CITY,08/18/2019,SU,0012,01,ASBURY PARK PD,,0,0,0,0,P,I,N,N,08,2,MONMOUTH COUNTY 16,E,16,,13000016__,5.77,05,,01,04,02,01,07,01,04,01,,AT,S,CENTRAL AVE,,,,25,25,28,40.221930,74.020250,N,ASBURY/CENTRAL AVE STREET SIGN  1310 ASBURY AVENUE ALL IN ONE TAXES-FRONT FACADE,83266
2019130319AP25573,MONMOUTH,ASBURY PARK CITY,08/18/2019,SU,0116,01,ASBURY PARK PD,,0,0,0,0,P,R,N,N,11,1,RAILROAD TRACKS,S,,,,,07,,01,04,04,01,06,01,,,25,FE,S,SIXTH AVENUE,,,,,25,26,,,N,,83286
2019130319AP25626,MONMOUTH,ASBURY PARK CITY,08/18/2019,SU,1050,01,ASBURY PARK PD,,0,0,0,0,P,I,N,N,03,2,MEMORIAL DR,N,,,13031009__,.30,07,,01,04,02,01,01,01,04,01,,AT,,4TH AVE,,,,30,25,26,,,N,,83272
2019130319AP25656,MONMOUTH,ASBURY PARK CITY,08/19/2019,MO,1121,01,ASBURY PARK PD,,0,0,0,0,P,B,N,N,02,2,SECOND ST **,W,,,13031002__,.48,07,,01,04,02,01,01,01,05,01,150,FE,S,BOND ST,,,,25,25,26,,,N,,83280
2019130319AP25775,MONMOUTH,ASBURY PARK CITY,08/19/2019,MO,1914,01,ASBURY PARK PD,,0,0,0,0,P,I,N,N,01,3,NJ 71,,71,,00000071__,8.65,02,,01,04,02,01,01,01,04,,,AT,,4TH AVE,,,,30,30,26,,,N,,
2019130319AP25868,MONMOUTH,ASBURY PARK CITY,08/20/2019,TU,1347,01,ASBURY PARK PD,,0,1,0,0,I,I,N,N,03,2,NJ 71,N,71,,00000071__,8.35,02,,01,04,02,01,01,01,04,,,AT,,CR 16 / ASBURY AVE,,,,30,25,27,40.220370,74.011810,N,,83213
2019130319AP25932,MONMOUTH,ASBURY PARK CITY,08/21/2019,WE,0807,01,ASBURY PARK PD,,0,0,0,0,P,I,N,N,03,2,BANGS AVE,E,,,13031083__,.53,07,,01,04,02,01,01,01,04,01,,AT,,LANGFORD ST,,,,25,25,26,,,N,,83219
2019130319AP26053,MONMOUTH,ASBURY PARK CITY,08/22/2019,TH,1013,01,ASBURY PARK PD,,0,0,0,0,P,B,N,N,06,2,SPRINGWOOD AVE **,W,,,13341045__,1.14,07,,01,04,02,00,00,00,05,,25,FE,W,ATKINS AVE,,,,25,25,28,40.215370,74.020900,N,,83185
2019130319AP26077,MONMOUTH,ASBURY PARK CITY,08/22/2019,TH,1526,01,ASBURY PARK PD,,0,0,0,0,P,I,N,N,06,2,OCEAN AVE,N,,,13031088__,.09,07,,01,04,02,01,01,01,04,01,,AT,,FIRST AVE,,,,25,25,28,,,N,,83272
2019130319AP26080,MONMOUTH,ASBURY PARK CITY,08/22/2019,TH,1624,01,ASBURY PARK PD,,0,0,0,0,P,B,N,N,06,2,BERGH ST **,N,,,13031050__,.29,07,,01,04,02,01,01,01,,01,30,FE,S,FOURTH AVE,,,,25,25,26,40.222580,74.003370,N,,83278
2019130319AP26151,MONMOUTH,ASBURY PARK CITY,08/23/2019,FR,0017,01,ASBURY PARK PD,PATROL DIVISION,0,0,0,0,P,B,Y,N,99,1,LAKE AVE,N,,,13031085__,.34,07,,01,05,02,02,06,02,,,50,FE,N,GRAND AVE,,,,30,25,26,40.230270,74.003540,N,,83287
2019130319AP26189,MONMOUTH,ASBURY PARK CITY,08/23/2019,FR,1554,01,ASBURY PARK PD,,0,0,0,0,P,B,N,N,11,1,LAKE AVE,N,,,13031085__,.06,07,,01,04,02,01,01,01,,01,10,FE,E,BOND ST,,,,25,25,26,40.215000,74.011840,N,,83207
2019130319AP26196,MONMOUTH,ASBURY PARK CITY,08/23/2019,FR,1634,01,ASBURY PARK PD,,0,0,0,0,P,B,N,N,01,2,BOND ST **,N,,,13031036__,.99,07,,01,04,02,01,01,01,04,01,1,FE,S,LAKE AVE,,,,25,25,26,,,N,,83207
2019130319AP26313,MONMOUTH,ASBURY PARK CITY,08/24/2019,SA,1043,01,ASBURY PARK PD,,0,0,0,0,P,I,N,N,99,2,FOURTH AVE **,S,,,13031003__,.83,07,,01,04,02,01,01,01,05,01,,AT,E,MEMORIAL DR,,,,25,25,26,,,N,,83226
2019130319AP26314,MONMOUTH,ASBURY PARK CITY,08/24/2019,SA,1233,01,ASBURY PARK PD,,0,0,0,0,P,B,N,N,06,2,WEBB ST **,N,,,13031021__,.09,07,,01,04,02,01,01,01,05,01,100,FE,N,SUNSET AVE,,,,25,25,26,,,N,,83280
2019130319AP26365,MONMOUTH,ASBURY PARK CITY,08/24/2019,SA,1745,01,ASBURY PARK PD,,0,0,0,0,P,I,N,N,01,2,HECK ST **,E,,,13031038__,.48,07,,01,04,02,01,01,01,05,01,,AT,E,COOKMAN AVE / MUNROE AVE,,,,25,,,40.217580,74.006280,N,,83290
2019130319AP26393,MONMOUTH,ASBURY PARK CITY,08/24/2019,SA,2032,01,ASBURY PARK PD,,0,0,0,0,P,I,N,N,07,2,NJ 71,,71,,00000071__,7.98,02,,01,04,02,01,01,01,04,01,,AT,,SPRINGWOOD AVE / LAKE AVE,,,,25,35,,40.214930,74.013960,N,,83283
2019130319AP26410,MONMOUTH,ASBURY PARK CITY,08/24/2019,SA,2211,01,ASBURY PARK PD,PATROL DIVISION,0,0,0,0,P,B,N,N,01,2,OCEAN AVE,N,,,13031088__,.17,07,,01,04,02,01,06,01,04,01,5,FE,N,SECOND AVE,,,,25,25,26,40.220690,73.999890,N,,83287
2019130319AP26512,MONMOUTH,ASBURY PARK CITY,08/25/2019,SU,1702,01,ASBURY PARK PD,APPD,0,1,0,0,I,B,N,N,01,2,BERGH ST **,S,,,13031050__,.05,07,,01,04,02,01,01,01,04,,100,FE,S,FIRST AVE,,,,25,25,26,,,N,,83284
2019130319AP26601,MONMOUTH,ASBURY PARK CITY,08/26/2019,MO,0822,01,ASBURY PARK PD,,0,0,0,0,P,B,N,N,08,2,FIRST AVE **,W,,,13031001__,.89,07,,01,04,02,01,01,01,05,01,40,FE,W,BERGH ST,,,,25,25,28,40.219720,74.004770,N,,83221
2019130319AP26605,MONMOUTH,ASBURY PARK CITY,08/26/2019,MO,0933,01,ASBURY PARK PD,,0,0,0,0,P,B,N,N,08,2,NJ 71,N,71,,00000071__,8.24,02,,01,04,02,01,01,05,05,01,30,FE,S,MONROE AVE,,,,30,25,26,40.218880,74.012350,N,,83221
2019130319AP26815,MONMOUTH,ASBURY PARK CITY,08/28/2019,WE,1015,01,ASBURY PARK PD,,0,0,0,0,P,B,N,N,04,3,ASBURY PARK TRAIN (LOT),,,,,,09,,01,04,02,01,01,05,05,01,,,,MAIN ST,,,,,30,28,40.215410,74.014970,Y,,
2019130319AP26827,MONMOUTH,ASBURY PARK CITY,08/28/2019,WE,1311,01,ASBURY PARK PD,,0,0,0,0,P,B,N,N,11,1,THIRD AVE,E,,,,,07,,01,04,02,02,01,02,,,40,FE,E,GRAND AVE,,,,25,,,,,N,,83226
2019130319AP26985,MONMOUTH,ASBURY PARK CITY,08/29/2019,TH,2344,01,ASBURY PARK PD,,0,0,0,0,P,B,N,N,06,2,NJ 71,N,71,,00000071__,8.34,02,,01,04,02,01,06,01,04,02,50,FE,S,CR 16 / ASBURY AVE,,,,25,25,28,,,N,,83285
2019130319AP27007,MONMOUTH,ASBURY PARK CITY,08/30/2019,FR,0829,01,ASBURY PARK PD,,0,1,0,0,I,B,N,N,14,1,LAKE AVE,E,,,13031085__,.33,07,,01,04,02,01,01,01,05,,20,FE,W,GRAND AVE,,,,25,25,21,40.216110,74.007710,N,,83213
2019130319AP27052,MONMOUTH,ASBURY PARK CITY,08/30/2019,FR,1655,01,ASBURY PARK PD,APPD,0,1,0,0,I,I,N,N,03,2,FOURTH AVE **,E,,,13031003__,1.40,07,,01,04,02,01,01,01,04,01,,AT,W,KINGSLEY ST,,,,25,25,26,,,N,,83282
2019130319AP27143,MONMOUTH,ASBURY PARK CITY,09/12/2019,TH,2213,01,ASBURY PARK PD,ASBURY PARK,0,1,0,0,I,B,N,N,01,2,COOKMAN AVE,W,,,13031052__,.60,07,,01,04,02,01,07,01,,01,15,FE,E,NJ 71 / MAIN ST,,,,25,30,26,,,N,,83288
2019130319AP27170,MONMOUTH,ASBURY PARK CITY,08/31/2019,SA,1024,01,ASBURY PARK PD,,0,3,0,0,I,I,N,N,03,2,FIRST AVE **,W,,,13031001__,.44,07,,01,04,02,01,01,01,04,,,AT,N,MEMORIAL DR,,,,25,30,26,,,N,,83243
2019130319AP27287,MONMOUTH,ASBURY PARK CITY,08/31/2019,SA,2228,01,ASBURY PARK PD,,0,0,0,0,P,B,N,N,01,2,SEVENTH AVE **,,,,13031018__,.08,07,,01,04,02,01,06,01,02,01,20,FE,E,KINGSLEY AVE,,,,25,25,,40.227060,73.999560,N,,83228
2019130319AP27659,MONMOUTH,ASBURY PARK CITY,09/04/2019,WE,1129,01,ASBURY PARK PD,,0,0,0,0,P,I,N,N,03,2,FIFTH AVE **,,,,13031004__,.66,07,,01,04,02,01,01,01,05,01,,AT,,MEMORIAL DR,,,,30,25,26,40.225930,74.011180,N,,83221
2019130319AP27672,MONMOUTH,ASBURY PARK CITY,09/04/2019,WE,1344,01,ASBURY PARK PD,,0,0,0,0,P,B,N,N,01,2,NJ 71,N,71,,00000071__,8.64,02,,01,04,02,01,01,01,04,,40,FE,S,4TH AVE,,,,30,25,26,40.223960,74.010790,N,,83213