Year(4)-CountyCode(2)-MunicipalityCode(2)-CaseNumber(9),County Name,Municipality Name,Crash Date,Crash Day of Week,Crash Time,Police Department Code,Police Department,Police Station,Total Killed,Total Injured,Pedestrians Killed,Pedestrians Injured,Severity,Intersection,Alcohol Involved,Hazmat Involved,Crash Type,Total Vehicles,Location,Location Direction,Route,Route Suffix,Std Rte Identifier,MilePost,Road System,Road Character,Road Horizontal Alignment,Road Grade,Road Surface Type,Surface Condition,Light Condition,Environmental Condition,Road Divided By,Temporary Traffic Control Zone,Distance To Cross Street,Unit Of Measurement,Direction From Cross Street,Cross Street Name,Is Ramp,Ramp To/From Route Name,Ramp To/From Route Direction,Posted Speed,Posted Speed Cross Street,First Harmful Event,Latitude,Longitude,Cell Phone In Use Flag,Other Property Damage,Reporting Badge No.
2019130619BEL-3720-AC,MONMOUTH,BELMAR BORO,02/20/2019,WE,1227,01,BELMAR PD,,0,0,0,0,P,B,N,N,01,3,NJ 71,,71,,00000071__,5.45,02,,01,04,02,03,01,03,04,01,50,FE,W,W RAILROAD AVE,,,,25,25,26,,,N,,
2019130619BEL-3726-AC,MONMOUTH,BELMAR BORO,02/20/2019,WE,1255,01,BELMAR PD,,0,0,0,0,P,B,N,N,01,2,NJ 35,,35,,00000035__,21.41,02,,01,05,02,03,01,03,01,01,25,FE,N,NJ 71 / 8TH AVE,,,,35,25,26,,,N,,162
2019130619BEL-3901-AC,MONMOUTH,BELMAR BORO,02/22/2019,FR,2050,01,BELMAR PD,,0,0,0,0,P,B,N,N,08,2,10TH AVE,W,,,13061064__,.07,07,,01,04,02,01,06,01,02,,40,FE,E,RAILROAD AVE,,,,25,25,26,,,N,,151
2019130619BEL-4157-AC,MONMOUTH,BELMAR BORO,02/26/2019,TU,1322,01,BELMAR PD,,0,0,0,0,P,B,N,N,08,2,BELMAR PLZ,,,,,,07,,01,04,02,01,01,01,05,01,,,,,,,,,,26,,,N,,155
2019130619BEL-4245-AC,MONMOUTH,BELMAR BORO,02/27/2019,WE,1231,01,BELMAR PD,,0,0,0,0,P,B,N,N,08,2,MONMOUTH COUNTY 30 II,,30,2,130000302_,4.33,05,,01,04,02,01,01,01,05,01,250,FE,S,11TH AVE,,,,30,25,28,,,N,,160
2019130619BEL-4350-AC,MONMOUTH,BELMAR BORO,02/28/2019,TH,1302,01,BELMAR PD,,0,0,0,0,P,B,N,N,08,2,MARGERUM AVE,,,,,,07,,01,04,02,01,01,01,05,01,200,FE,S,EIGHTEENTH AVE,,,,25,25,26,,,N,,162
2019130619BEL-4664-AC,MONMOUTH,BELMAR BORO,03/03/2019,SU,1657,01,BELMAR PD,,0,0,0,0,P,B,N,N,02,2,MONMOUTH COUNTY 18 III,,18,3,130000183_,2.26,05,,01,04,02,02,06,02,04,,20,FE,N,19TH AVE,,,,35,25,26,,,N,,969
2019130619BEL-4732-AC,MONMOUTH,BELMAR BORO,03/04/2019,MO,0816,01,BELMAR PD,,0,0,0,0,P,B,N,N,06,2,SURF BLVD **,,,,13061050__,.05,07,,01,04,02,00,00,00,,,30,FE,S,18TH AVE,,,,25,25,28,,,N,,151
2019130619BEL-4765-AC,MONMOUTH,BELMAR BORO,03/04/2019,MO,1619,01,BELMAR PD,,0,0,0,0,P,B,N,N,06,2,SURF BLVD **,S,,,13061050__,.14,07,,01,04,02,00,00,00,,,40,FE,N,19TH AVE,,,,25,25,28,,,N,,144
2019130619BEL-4874-AC,MONMOUTH,BELMAR BORO,03/06/2019,WE,0732,01,BELMAR PD,,0,0,0,0,P,B,N,N,01,2,NJ 35,,35,,00000035__,20.65,02,,03,04,02,01,01,01,05,01,50,FE,S,OAKWOOD RD,,,,35,,26,,,N,,157
2019130619BEL-5059-AC,MONMOUTH,BELMAR BORO,03/08/2019,FR,1753,01,BELMAR PD,,0,0,0,0,P,B,N,N,06,2,FERNWOOD RD,S,,,,,07,,01,04,02,01,01,01,,01,20,FE,S,EIGHTEENTH AVE,,,,25,25,26,,,N,,151
2019130619BEL-5188-AC,MONMOUTH,BELMAR BORO,03/10/2019,SU,1721,01,BELMAR PD,,0,0,0,0,P,B,N,N,06,2,19TH AVE **,,,,13061055__,,07,,01,04,02,00,00,00,05,,250,FE,W,MAIN ST,,,,25,25,,,,N,,137
2019130619BEL-5847-AC,MONMOUTH,BELMAR BORO,03/19/2019,TU,1705,01,BELMAR PD,,0,0,0,0,P,B,N,N,06,2,SEVENTEENTH AVE,,,,,,07,,01,04,02,01,01,01,05,01,20,FE,W,E ST,,,,25,25,26,,,N,,163
2019130619BEL-5956-AC,MONMOUTH,BELMAR BORO,03/21/2019,TH,0854,01,BELMAR PD,,0,0,0,0,P,B,N,N,03,2,MONMOUTH COUNTY 18 III,,18,3,130000183_,3.44,05,,01,04,02,02,01,02,04,01,50,FE,N,1ST AVE,,,,35,25,26,,,N,,155
2019130619BEL-6040-AC,MONMOUTH,BELMAR BORO,03/22/2019,FR,1542,01,BELMAR PD,,0,0,0,0,P,B,N,N,08,2,MONMOUTH COUNTY 18 III,,18,3,130000183_,2.87,05,,01,04,02,01,01,01,05,,50,FE,N,9TH AVE,,,,35,25,26,,,N,,144
2019130619BEL-6434-AC,MONMOUTH,BELMAR BORO,03/27/2019,WE,1524,01,BELMAR PD,,0,0,0,0,P,B,N,N,01,4,NJ 35,,35,,00000035__,20.97,02,,01,04,02,01,01,01,04,01,75,FE,S,K ST,,,,35,25,26,,,N,,
2019130619BEL-6582-AC,MONMOUTH,BELMAR BORO,03/29/2019,FR,1450,01,BELMAR PD,,0,1,0,0,I,B,N,N,02,2,NJ 71,,71,,00000071__,4.89,02,,01,04,02,01,01,05,05,01,25,FE,S,NJ 18 / 16TH AVE,,,,30,25,26,,,N,,154
2019130619BEL-6595-AC,MONMOUTH,BELMAR BORO,03/29/2019,FR,1855,01,BELMAR PD,,0,0,0,0,P,B,N,N,08,2,MONMOUTH COUNTY 30 II,,30,2,130000302_,4.32,05,,01,04,02,01,01,01,04,01,50,FE,N,12TH AVE,,,,25,25,26,,,N,,165
2019130619BEL-6688-AC,MONMOUTH,BELMAR BORO,03/30/2019,SA,1844,01,BELMAR PD,,0,0,0,0,P,B,N,N,08,2,9TH AVE,,,,13061065__,.00,07,,01,04,02,01,01,01,04,01,10,FE,E,CR 30 / MAIN ST,,,,25,25,26,,,N,,165
2019130619BEL-7384-AC,MONMOUTH,BELMAR BORO,04/08/2019,MO,1426,01,BELMAR PD,,0,0,0,0,P,B,N,N,02,2,NJ 35,,35,,00000035__,21.25,02,,01,04,02,01,01,01,01,01,20,FE,N,10TH AVE,,,,35,25,26,,,N,,155
2019130619BEL-7399-AC,MONMOUTH,BELMAR BORO,04/08/2019,MO,1659,01,BELMAR PD,,0,0,0,0,P,B,N,N,01,2,EIGHTH AVE **,,,,13061003__,.56,07,,01,04,02,01,01,01,04,01,500,FE,W,CR 30 / MAIN ST,,,,25,25,26,,,N,,162
2019130619BEL-7713-AC,MONMOUTH,BELMAR BORO,04/12/2019,FR,0744,01,BELMAR PD,,0,0,0,0,P,B,N,N,08,2,MONMOUTH COUNTY 30 II,,30,2,130000302_,4.38,05,,01,04,02,01,01,01,04,01,25,FE,S,11TH AVE,,,,25,25,26,,,N,,161
2019130619BEL-7790-AC,MONMOUTH,BELMAR BORO,04/12/2019,FR,1712,01,BELMAR PD,,0,0,0,0,P,B,N,N,08,2,7TH AVE **,,,,13061004__,.03,07,,01,04,02,01,01,05,05,01,25,FE,W,RIVER RD,,,,25,25,26,,,N,,161
2019130619BEL-7939-AC,MONMOUTH,BELMAR BORO,04/14/2019,SU,1054,01,BELMAR PD,,0,1,0,0,I,B,N,N,03,2,W RAILROAD AVE **,,,,13061036__,.02,07,,01,04,02,01,01,01,05,01,100,FE,N,CR 18 I / 16TH AVE,,,,25,25,26,,,N,,161
2019130619BEL-806-AC,MONMOUTH,BELMAR BORO,01/11/2019,FR,1145,01,BELMAR PD,,0,1,0,0,I,B,N,N,01,2,NJ 35,N,35,,00000035__,21.48,02,,01,06,01,01,01,01,04,,350,FE,N,NJ 71 / 8TH AVE,,,,35,25,26,,,N,,151
2019130619BEL-8225-AC,MONMOUTH,BELMAR BORO,04/17/2019,WE,0446,01,BELMAR PD,,0,0,0,0,P,B,N,N,06,2,15TH ST **,,,,13061035__,.44,07,,01,04,02,01,06,01,,,20,FE,W,D ST,,,,25,25,26,,,N,,151
2019130619BEL-8478-AC,MONMOUTH,BELMAR BORO,04/19/2019,FR,1705,01,BELMAR PD,,0,0,0,0,P,B,N,N,06,2,NJ 71,,71,,00000071__,5.53,02,,01,04,02,01,01,01,05,01,200,FE,W,CR 30 / 8TH AVE / MAIN ST,,,,25,30,28,,,N,,160
2019130619BEL-8543-AC,MONMOUTH,BELMAR BORO,04/20/2019,SA,1903,01,BELMAR PD,,0,0,0,0,P,I,N,N,03,2,NJ 35,N,35,,00000035__,20.98,02,,01,04,02,01,01,01,04,,,AT,,K ST,,,,35,25,26,,,N,,151
2019130619BEL-8826-AC,MONMOUTH,BELMAR BORO,04/24/2019,WE,2040,01,BELMAR PD,,0,0,0,0,P,B,N,N,08,2,MONMOUTH COUNTY 18 III,,18,3,130000183_,3.00,05,,01,04,02,01,06,01,04,,20,FE,N,7TH AVE,,,,35,25,26,,,N,,151
2019130619BEL-9184-AC,MONMOUTH,BELMAR BORO,04/30/2019,TU,0750,01,BELMAR PD,,0,3,0,0,I,I,N,N,03,2,NJ 35,N,35,,00000035__,21.18,02,,01,04,02,02,01,05,03,01,,AT,,11TH AVE,,,,35,25,26,,,N,,158
2019130619BEL-9264-AC,MONMOUTH,BELMAR BORO,04/30/2019,TU,1405,01,BELMAR PD,,0,0,0,0,P,I,N,N,03,2,E ST **,,,,13061040__,.70,07,,01,04,02,01,01,05,05,01,,AT,E,5TH AVE,,,,25,25,26,,,N,,148
2019130619BEL-9363-AC,MONMOUTH,BELMAR BORO,05/01/2019,WE,1903,01,BELMAR PD,,0,0,0,0,P,B,N,N,11,1,TEWNTY-SECOND AVE,,,,,,07,,01,04,02,01,01,05,05,01,200,FE,W,MARGERUM AVE,,,,25,25,56,,,N,,162
2019130619BEL-9599-AC,MONMOUTH,BELMAR BORO,05/05/2019,SU,1001,01,BELMAR PD,,0,0,0,0,P,B,N,N,08,2,825 BELMAR PLZ,,,,,,09,,01,04,02,02,01,02,,,,,,,,,,15,,26,,,N,,151
2019130718-11262,MONMOUTH,BRADLEY BEACH BORO,05/25/2019,SA,1014,01,BELMAR PD,,0,1,0,0,I,B,N,N,07,2,FIFTH AVE **,,,,13071024__,.02,07,,01,04,02,01,01,01,05,01,500,FE,W,NJ 71 / MAIN ST,,,,25,25,,,,N,,614
2019130719BEL-13837-AC,MONMOUTH,BRADLEY BEACH BORO,06/19/2019,WE,1156,01,BELMAR PD,,0,0,0,0,P,I,N,N,11,1,MONMOUTH COUNTY 18 III,,18,3,130000183_,5.63,05,,01,04,02,01,01,01,04,01,,AT,,NJ 71 / MAIN ST,,,,25,25,50,,,N,,165
2019130719BEL-13889-AC,MONMOUTH,BRADLEY BEACH BORO,06/20/2019,TH,0635,01,BELMAR PD,,0,0,0,0,P,B,N,N,15,1,616 SIXTEENTH AVE,,,,,,09,,01,04,02,02,02,05,05,01,,,,,,,,25,,39,,,N,,158
2019130719BEL-16228-AC,MONMOUTH,BRADLEY BEACH BORO,07/10/2019,WE,2037,01,BELMAR PD,,0,0,0,0,P,B,N,N,08,2,MARINA AVE,,,,,,07,,01,04,02,01,01,01,05,01,,,,,,,,25,,26,,,N,,958
2019130719BEL-20819-AC,MONMOUTH,BRADLEY BEACH BORO,08/25/2019,SU,2215,01,BELMAR PD,,0,0,0,0,P,B,N,N,06,2,905 HWY 35,,,,,,09,,01,04,02,01,06,01,05,01,,,,,,,,15,,28,,,N,,512
2019130719BEL-5186-AC,MONMOUTH,BRADLEY BEACH BORO,03/10/2019,SU,0515,01,BELMAR PD,,0,0,0,0,P,B,N,N,11,1,613 ELEVENTH AVE,,,,,,08,,01,04,01,02,06,02,,,,,,,,,,,,69,,,N,GARAGE BAY DOOR WALL - BORO OF BELMAR - 613 ELEVENTH AVE BELMAR NJ 07719,151
2019130719BEL-9662-AC,MONMOUTH,BRADLEY BEACH BORO,05/06/2019,MO,0820,01,BELMAR PD,,0,0,0,0,P,B,N,N,03,3,FIFTH AVE **,,,,13071024__,.11,07,,01,04,02,01,01,01,04,,25,FE,E,NJ 71 / MAIN ST,,,,25,25,26,,,N,,
201913072019000031,MONMOUTH,BRADLEY BEACH BORO,01/02/2019,WE,1208,01,BRADLEY BEACH PD,,0,0,0,0,P,B,N,N,06,2,FIFTH AVE **,W,,,13071020__,.39,07,,01,04,02,01,01,01,05,02,5,FE,E,FLETCHER LAKE AVE,,,,25,25,26,40.201492,74.014733,N,,131
201913072019000076,MONMOUTH,BRADLEY BEACH BORO,01/03/2019,TH,2056,01,BRADLEY BEACH PD,,0,0,0,0,P,B,N,N,08,2,MONMOUTH AVE **,E,,,13071006__,.20,07,,01,04,02,01,06,01,05,01,200,FE,E,ATLANTIC AVE,,,,25,25,26,40.197477,74.018050,N,,133
201913072019000253,MONMOUTH,BRADLEY BEACH BORO,01/11/2019,FR,1511,01,BRADLEY BEACH PD,,0,3,0,0,I,B,N,N,01,2,NJ 71,,71,,00000071__,7.02,02,,01,04,02,01,01,01,05,01,150,FE,S,FIFTH AVE,,,,30,25,26,40.202090,74.018330,N,,122
201913072019000263,MONMOUTH,BRADLEY BEACH BORO,01/11/2019,FR,2154,01,BRADLEY BEACH PD,,0,0,0,0,P,B,Y,N,02,3,MONMOUTH COUNTY 18 III,,18,3,130000183_,5.37,05,,01,04,02,01,05,01,05,02,75,FE,W,MADISON AVE,,,,25,25,26,40.206940,74.011610,N,,
201913072019000287,MONMOUTH,BRADLEY BEACH BORO,01/12/2019,SA,2117,01,BRADLEY BEACH PD,,0,1,0,0,I,B,Y,N,01,2,NJ 71,N,71,,00000071__,6.96,02,,01,04,02,01,06,01,05,01,30,FE,S,FOURTH AVE,,,,30,25,26,40.201040,74.018721,N,,334
201913072019000601,MONMOUTH,BRADLEY BEACH BORO,01/26/2019,SA,1045,01,BRADLEY BEACH PD,,0,0,0,0,P,B,N,N,02,2,NJ 71,N,71,,00000071__,6.90,02,,01,04,02,01,01,01,05,01,20,FE,S,2ND AVE / THIRD AVE,,,,30,25,26,40.200064,74.019085,N,,127
201913072019000712,MONMOUTH,BRADLEY BEACH BORO,01/31/2019,TH,1608,01,BRADLEY BEACH PD,,0,0,0,0,P,I,N,N,02,2,NJ 71,,71,,00000071__,6.97,02,,01,04,02,01,01,01,05,01,,AT,,FOURTH AVE,,,,25,30,26,40.201040,74.018721,N,,131
201913072019001396,MONMOUTH,BRADLEY BEACH BORO,03/02/2019,SA,1851,01,BRADLEY BEACH PD,,0,0,0,0,P,B,N,N,06,2,FIFTH AVE,W,,,,,07,,01,04,02,01,06,01,05,01,50,FE,E,ROUTE 71,,,,25,30,26,40.201926,74.018006,N,,117
201913072019001411,MONMOUTH,BRADLEY BEACH BORO,03/03/2019,SU,1206,01,BRADLEY BEACH PD,,0,0,0,0,P,I,N,N,03,2,NEWARK AVE **,W,,,13071011__,.29,07,,01,04,02,01,01,01,05,01,,AT,,FLETCHER LAKE AVE,,,,25,25,26,40.206695,74.013324,N,,334
201913072019002064,MONMOUTH,BRADLEY BEACH BORO,03/30/2019,SA,1928,01,BRADLEY BEACH PD,,0,0,0,0,P,I,N,N,03,2,MCABE AVE **,W,,,13071014__,.20,07,,01,04,02,01,07,01,05,01,,AT,,CENTRAL AVE,,,,25,25,26,40.204000,74.010422,N,,129
201913072019002160,MONMOUTH,BRADLEY BEACH BORO,04/04/2019,TH,0106,01,BRADLEY BEACH PD,,0,0,0,0,P,B,N,N,06,3,CENTRAL AVE **,N,,,13071010__,.53,07,,01,04,02,01,07,01,05,01,200,FE,N,LAREINE AVE,,,,25,25,26,40.202982,74.010703,Y,,
201913072019002296,MONMOUTH,BRADLEY BEACH BORO,04/09/2019,TU,1343,01,BRADLEY BEACH PD,,0,0,0,0,P,I,N,N,11,1,BRADLEY BLVD **,,,,13071005__,1.16,07,,01,04,02,01,01,01,05,01,,AT,,ATLANTIC AVE,,,,25,25,26,40.195720,74.015280,N,JCP&L POWER LINE ON POLE# JC 5BB.,131
201913072019002299,MONMOUTH,BRADLEY BEACH BORO,04/09/2019,TU,1617,01,BRADLEY BEACH PD,,0,0,0,0,P,B,N,N,06,2,NJ 71,,71,,00000071__,7.05,02,,01,04,02,01,01,01,05,01,16,FE,N,FIFTH AVE,,,,30,25,26,40.202090,74.018330,N,,130
201913072019002455,MONMOUTH,BRADLEY BEACH BORO,04/16/2019,TU,1305,01,BRADLEY BEACH PD,,0,0,0,0,P,B,N,N,02,2,MONMOUTH COUNTY 2,E,2,,13000002__,1.50,05,,01,04,02,01,01,01,05,01,,,W,NJ 71 / MAIN ST,,,,25,30,26,40.203063,74.017981,N,,127
201913072019002474,MONMOUTH,BRADLEY BEACH BORO,04/17/2019,WE,1304,01,BRADLEY BEACH PD,,0,0,0,0,P,B,N,N,08,2,7TH AVE / LAREINE AVE **,,,,13071025__,.58,07,,01,04,02,01,00,01,05,01,52,FE,E,NJ 71 / MAIN ST,,,,25,30,26,40.203774,74.017125,N,,121
201913072019002653,MONMOUTH,BRADLEY BEACH BORO,04/24/2019,WE,1607,01,BRADLEY BEACH PD,,0,0,0,0,P,B,N,N,08,2,7TH AVE / LAREINE AVE **,W,,,13071025__,.59,07,,01,04,02,01,01,01,99,01,120,FE,E,NJ 71 / MAIN ST,,,,25,30,26,40.203681,74.016774,N,,131
201913072019003074,MONMOUTH,BRADLEY BEACH BORO,05/07/2019,TU,1729,01,BRADLEY BEACH PD,,0,0,0,0,P,B,N,N,06,2,NJ 71,,71,,00000071__,6.77,02,,01,04,02,01,01,01,05,01,20,FE,S,MONMOUTH AVE,,,,30,25,26,40.197526,74.020337,N,,131
201913072019003224,MONMOUTH,BRADLEY BEACH BORO,05/14/2019,TU,1039,01,BRADLEY BEACH PD,,0,0,0,0,P,B,N,N,08,2,EVERGREEN AVE **,W,,,13071018__,.07,07,,01,04,02,01,01,01,05,02,43,FE,W,BRADLEY BLVD / BEACH AVE,,,,25,25,26,40.196250,74.010500,N,,121
201913072019003375,MONMOUTH,BRADLEY BEACH BORO,05/19/2019,SU,1424,01,BRADLEY BEACH PD,,0,0,0,0,P,I,N,N,14,1,MONMOUTH COUNTY 18 III,E,18,3,130000183_,5.47,05,,03,04,02,01,01,01,05,01,,AT,,FLETCHER LAKE AVE,,,,25,25,26,40.207399,74.013152,N,,135
201913072019003384,MONMOUTH,BRADLEY BEACH BORO,05/19/2019,SU,1618,01,BRADLEY BEACH PD,,0,0,0,0,P,B,N,N,06,2,EVERGREEN AVE **,,,,13071018__,.61,07,,01,04,02,01,01,01,05,01,100,FE,E,NJ 71 / MAIN ST,,,,25,30,26,40.199012,74.018495,N,,127
201913072019003404,MONMOUTH,BRADLEY BEACH BORO,05/20/2019,MO,1126,01,BRADLEY BEACH PD,,0,0,0,0,P,B,N,N,08,2,MONMOUTH COUNTY 18 III,S,18,3,130000183_,4.14,05,,01,04,02,01,01,01,05,01,50,FE,N,EVERGREEN AVE,,,,25,25,26,40.195816,74.009064,N,,132
201913072019003486,MONMOUTH,BRADLEY BEACH BORO,05/22/2019,WE,2057,01,BRADLEY BEACH PD,,0,0,0,0,P,B,N,N,01,2,EVERGREEN AVE **,E,,,13071018__,.57,07,,01,04,02,01,07,01,05,01,100,FE,W,NJ 71 / MAIN ST,,,,25,30,26,40.199032,74.019449,N,,127
201913072019003493,MONMOUTH,BRADLEY BEACH BORO,05/23/2019,TH,0900,01,BRADLEY BEACH PD,,0,0,0,0,P,B,N,N,02,2,7TH AVE / LAREINE AVE **,W,,,13071025__,.65,07,,01,04,02,02,01,01,05,01,10,FE,E,CR 40A / MEMORIAL DR,,,,25,45,26,40.204102,74.017604,N,,122
201913072019003590,MONMOUTH,BRADLEY BEACH BORO,05/26/2019,SU,0945,01,BRADLEY BEACH PD,,0,1,0,0,I,I,N,N,03,2,MONMOUTH COUNTY 18 III,S,18,3,130000183_,4.31,05,,01,04,02,01,01,01,05,01,,AT,,3RD AVE,,,,25,25,26,,,N,,135
201913072019003595,MONMOUTH,BRADLEY BEACH BORO,05/26/2019,SU,1259,01,BRADLEY BEACH PD,,0,0,0,0,P,B,N,N,08,2,HAMMOND AVE **,E,,,13071015__,.45,07,,01,04,02,01,01,01,05,01,50,FE,N,FOURTH AVE,,,,25,25,26,40.200200,74.016941,N,,130
201913072019003618,MONMOUTH,BRADLEY BEACH BORO,05/26/2019,SU,2203,01,BRADLEY BEACH PD,,0,0,0,0,P,B,N,N,11,1,NJ 71,N,71,,00000071__,7.46,02,,01,04,02,01,07,01,05,01,10,FE,S,NJ 18 / LAKE TER,,,,30,25,52,40.207854,74.016228,Y,,127
201913072019003686,MONMOUTH,BRADLEY BEACH BORO,05/28/2019,TU,1514,01,BRADLEY BEACH PD,,0,1,0,0,I,I,N,N,01,2,NJ 71,E,71,,00000071__,7.12,02,,01,04,02,01,01,01,05,01,,AT,,CR 2 / BRINLEY AVE,,,,25,30,26,40.203063,74.017981,N,,134
201913072019003690,MONMOUTH,BRADLEY BEACH BORO,05/28/2019,TU,1749,01,BRADLEY BEACH PD,,0,0,0,0,P,B,N,N,12,1,FOURTH AVE **,E,,,13351019__,.45,07,,01,04,02,01,01,01,05,01,50,FE,W,NJ 71 / MAIN ST,,,,25,30,25,,,N,,127
201913072019004077,MONMOUTH,BRADLEY BEACH BORO,06/08/2019,SA,1047,01,BRADLEY BEACH PD,,0,0,0,0,P,B,N,N,08,2,MONMOUTH COUNTY 18 III,W,18,3,130000183_,4.53,05,,01,04,02,01,01,01,05,01,56,FE,N,CR 2 / BRINLEY AVE,,,,25,25,26,40.201371,74.007313,N,,121
201913072019004092,MONMOUTH,BRADLEY BEACH BORO,06/08/2019,SA,1925,01,BRADLEY BEACH PD,,0,0,0,0,P,B,Y,N,06,2,MONMOUTH COUNTY 2,W,2,,13000002__,1.96,05,,01,04,02,01,01,01,05,01,100,FE,W,BEACH AVE,,,,25,25,26,40.201748,74.009573,N,,127
201913072019004351,MONMOUTH,BRADLEY BEACH BORO,06/16/2019,SU,1855,01,BRADLEY BEACH PD,,0,1,0,0,I,B,N,N,01,2,NJ 71,N,71,,00000071__,7.05,02,,01,04,02,02,03,02,05,01,20,FE,N,FIFTH AVE,,,,30,25,26,40.201926,74.018147,N,,135
201913072019004414,MONMOUTH,BRADLEY BEACH BORO,06/18/2019,TU,1336,01,BRADLEY BEACH PD,,0,0,0,0,P,B,N,N,00,1,NJ 71,N,71,,00000071__,7.18,02,,01,04,02,01,01,01,04,01,30,FE,S,LAREINE AVE,,,,30,25,26,40.203718,74.017456,N,,131
201913072019004597,MONMOUTH,BRADLEY BEACH BORO,06/23/2019,SU,1303,01,BRADLEY BEACH PD,,0,0,0,0,P,R,N,N,11,1,FOURTH AVE **,E,,,,,07,,01,04,02,01,01,01,05,01,200,FE,W,MAIN ST,,,,25,30,54,40.201271,74.020074,N,NEW JERSEY TRANSIT - TRAIN SIGNAL ARM,124
201913072019004662,MONMOUTH,BRADLEY BEACH BORO,06/24/2019,MO,1420,01,BRADLEY BEACH PD,,0,0,0,0,P,I,N,N,03,2,FLETCHER LAKE AVE **,W,,,13071016__,.62,07,,01,04,02,01,01,01,05,01,,AT,,NEWARK AVE,,,,25,25,26,40.202510,74.014450,N,,131
201913072019004787,MONMOUTH,BRADLEY BEACH BORO,06/27/2019,TH,1736,01,BRADLEY BEACH PD,,0,0,0,0,P,B,N,N,06,2,NJ 71,N,71,,00000071__,7.30,02,,01,04,02,01,01,01,05,01,40,FE,S,OCEAN PARK AVE,,,,30,25,26,,,N,,135
201913072019004845,MONMOUTH,BRADLEY BEACH BORO,06/29/2019,SA,0949,01,BRADLEY BEACH PD,,0,0,0,0,P,I,N,N,03,2,OCEAN PARK AVE **,E,,,13071013__,.37,07,,01,04,02,01,01,01,05,01,,AT,,CENTRAL AVE,,,,25,25,26,40.204728,74.010220,N,,124
201913072019004891,MONMOUTH,BRADLEY BEACH BORO,06/30/2019,SU,0938,01,BRADLEY BEACH PD,,0,0,0,0,P,B,N,N,06,2,SECOND AVE **,,,,,,07,,01,04,02,01,01,01,05,01,,,,BEACH AVE,,,,25,25,26,,,N,,131
201913072019004974,MONMOUTH,BRADLEY BEACH BORO,07/01/2019,MO,1921,01,BRADLEY BEACH PD,,0,1,0,0,I,B,N,N,14,1,MONMOUTH COUNTY 18 III,N,18,3,130000183_,4.79,05,,01,04,02,01,01,01,05,01,28,FE,N,PARK PLACE AVE,,,,25,25,26,40.204964,74.006194,N,,130
201913072019005319,MONMOUTH,BRADLEY BEACH BORO,07/06/2019,SA,1203,01,BRADLEY BEACH PD,,0,0,0,0,P,B,N,N,08,2,FOURTH AVE **,S,,,13351019__,.46,07,,01,04,02,01,01,01,05,01,25,FE,W,NJ 71 / MAIN ST,,,,25,30,26,40.201040,74.018721,N,,131
201913072019005437,MONMOUTH,BRADLEY BEACH BORO,07/08/2019,MO,0954,01,BRADLEY BEACH PD,,0,0,0,0,P,B,N,N,06,2,OCEAN PARK AVE **,W,,,13071013__,.18,07,,01,04,02,01,01,01,05,01,50,FE,,FLETCHER LAKE AVE,,,,25,25,26,40.205031,74.012142,N,,343
201913072019005633,MONMOUTH,BRADLEY BEACH BORO,07/12/2019,FR,1313,01,BRADLEY BEACH PD,,0,0,0,0,P,I,N,N,03,2,NJ 71,S,71,,00000071__,7.19,02,,01,04,02,01,01,01,05,01,,AT,,LAREINE AVE,,,,30,25,26,40.204102,74.017604,N,,131
201913072019005637,MONMOUTH,BRADLEY BEACH BORO,07/12/2019,FR,1522,01,BRADLEY BEACH PD,,0,0,0,0,P,B,N,N,06,2,BURLINGTON AVE **,W,,,13071007__,.25,07,,01,04,02,01,01,01,05,01,200,FE,E,PACIFIC AVE,,,,25,25,26,40.197001,74.018525,N,,132
201913072019006050,MONMOUTH,BRADLEY BEACH BORO,07/18/2019,TH,1220,01,BRADLEY BEACH PD,,0,0,0,0,P,B,N,N,02,2,NJ 71,S,71,,00000071__,7.27,02,,01,04,02,01,01,01,05,01,50,FE,N,MCCABE AVE,,,,30,25,26,40.205052,74.017249,N,,122
201913072019006138,MONMOUTH,BRADLEY BEACH BORO,07/20/2019,SA,0832,01,BRADLEY BEACH PD,,0,0,0,0,P,I,N,N,03,2,FOURTH AVE **,W,,,13351019__,.66,07,,01,04,02,01,01,01,05,01,,AT,,FLETCHER LAKE AVE,,,,25,25,26,40.200489,74.015021,N,,135
201913072019006399,MONMOUTH,BRADLEY BEACH BORO,07/24/2019,WE,1633,01,BRADLEY BEACH PD,,0,0,0,0,P,R,N,N,01,2,MONMOUTH COUNTY 2,W,2,,13000002__,1.49,05,,01,04,02,01,01,01,05,01,50,FE,W,NJ 71 / MAIN ST,,,,25,30,26,40.202928,74.019019,N,,127
201913072019006794,MONMOUTH,BRADLEY BEACH BORO,07/31/2019,WE,0849,01,BRADLEY BEACH PD,,0,1,0,1,I,B,N,N,13,1,MONMOUTH COUNTY 2,E,2,,13000002__,1.49,05,,01,04,02,01,01,01,05,01,50,FE,W,NJ 71 / MAIN ST,,,,25,30,26,,,N,,127
201913072019007224,MONMOUTH,BRADLEY BEACH BORO,08/09/2019,FR,1711,01,BRADLEY BEACH PD,,0,4,0,0,I,B,N,N,06,2,FOURTH AVE **,W,,,13351019__,.66,07,,01,04,02,01,01,01,05,01,25,FE,W,FLETCHER LAKE AVE,,,,25,25,26,,,N,,124