Year(4)-CountyCode(2)-MunicipalityCode(2)-CaseNumber(9),County Name,Municipality Name,Crash Date,Crash Day of Week,Crash Time,Police Department Code,Police Department,Police Station,Total Killed,Total Injured,Pedestrians Killed,Pedestrians Injured,Severity,Intersection,Alcohol Involved,Hazmat Involved,Crash Type,Total Vehicles,Location,Location Direction,Route,Route Suffix,Std Rte Identifier,MilePost,Road System,Road Character,Road Horizontal Alignment,Road Grade,Road Surface Type,Surface Condition,Light Condition,Environmental Condition,Road Divided By,Temporary Traffic Control Zone,Distance To Cross Street,Unit Of Measurement,Direction From Cross Street,Cross Street Name,Is Ramp,Ramp To/From Route Name,Ramp To/From Route Direction,Posted Speed,Posted Speed Cross Street,First Harmful Event,Latitude,Longitude,Cell Phone In Use Flag,Other Property Damage,Reporting Badge No.
2019130919CN00768,MONMOUTH,COLTS NECK TWP,01/30/2019,WE,1038,01,COLTS NECK PD,,0,0,0,0,P,B,N,N,01,2,NJ 34,N,34,,00000034__,13.67,02,,01,04,02,01,01,01,05,01,0,FE,S,ARTISAN RD,,,,50,25,26,,,N,,84058
2019130919CN00808,MONMOUTH,COLTS NECK TWP,02/01/2019,FR,0711,01,COLTS NECK PD,,0,1,0,0,I,I,N,N,03,2,NJ 34,,34,,00000034__,15.97,02,,01,04,02,01,01,01,05,01,,AT,,NJ 4 / CONOVER RD,,,,50,40,26,,,N,,84062
2019130919CN00827,MONMOUTH,COLTS NECK TWP,02/01/2019,FR,1639,01,COLTS NECK PD,,0,0,0,0,P,I,N,N,03,2,MONMOUTH COUNTY 50,,50,,13000050__,.22,05,,01,04,02,01,03,03,05,01,,AT,,MULBERRY LN,,,,35,25,26,,,N,,84055
2019130919CN00907,MONMOUTH,COLTS NECK TWP,02/04/2019,MO,1615,01,COLTS NECK PD,,0,0,0,0,P,I,N,N,03,2,ROUTE 537,E,537,,00000537__,55.77,05,,01,04,02,01,01,01,05,01,,AT,,FIVE POINT RD,,,,50,35,26,,,N,,84058
2019130919CN00933,MONMOUTH,COLTS NECK TWP,02/05/2019,TU,0920,01,COLTS NECK PD,,0,0,0,0,P,B,N,N,12,1,NJ 34,S,34,,00000034__,14.66,02,,01,04,02,01,01,01,05,01,528,FE,S,PEGASUS DR,,,,50,35,24,,,N,,84058
2019130919CN00949,MONMOUTH,COLTS NECK TWP,02/05/2019,TU,2006,01,COLTS NECK PD,,0,0,0,0,P,B,N,N,11,1,NJ 18,S,18,,00000018__,19.01,02,,03,06,02,01,05,01,02,01,700,FE,,,T,NJ 34,SB,65,,56,,,N,,84046
2019130919CN00954,MONMOUTH,COLTS NECK TWP,02/06/2019,WE,0111,01,COLTS NECK PD,,0,0,0,0,P,B,N,N,12,1,CONOVER RD,,,,13091034__,.26,07,,01,04,02,01,05,01,05,01,500,FE,E,FULLING MILL LN,,,,40,25,24,,,N,,84056
2019130919CN01001,MONMOUTH,COLTS NECK TWP,02/07/2019,TH,1758,01,COLTS NECK PD,,0,1,0,0,I,B,N,N,03,3,NJ 34,,34,,00000034__,12.59,02,,03,04,02,01,07,01,05,01,100,FE,S,PROFESSIONAL CIR,,,,45,,26,,,N,,
2019130919CN01051,MONMOUTH,COLTS NECK TWP,02/09/2019,SA,0949,01,COLTS NECK PD,,0,0,0,0,P,B,N,N,02,2,LAIRD RD,,,,,,07,,01,04,02,01,01,01,05,01,1000,FE,E,NJ 34,,,,45,50,26,,,N,,84060
2019130919CN01085,MONMOUTH,COLTS NECK TWP,02/10/2019,SU,1729,01,COLTS NECK PD,,0,0,0,0,P,B,N,N,12,1,ROUTE 537,,537,,00000537__,56.71,05,,01,04,02,01,03,01,05,01,500,FE,W,MINE BROOK RD,,,,50,25,24,,,N,,84056
2019130919CN01087,MONMOUTH,COLTS NECK TWP,02/10/2019,SU,1758,01,COLTS NECK PD,,0,0,0,0,P,B,N,N,12,1,ROUTE 537,W,537,,00000537__,60.40,05,,01,04,02,01,05,01,05,01,200,FE,E,HOCKHOCKSON RD,,,,50,45,24,,,N,,84060
2019130919CN01117,MONMOUTH,COLTS NECK TWP,02/11/2019,MO,2211,01,COLTS NECK PD,,0,0,0,0,P,B,N,N,11,1,MONMOUTH COUNTY 54,W,54,,13000054__,2.38,05,,01,04,02,01,05,01,05,01,10,FE,W,RICHDALE RD,,,,40,25,52,,,N,MINOR DAMAGE TO THE BASE OF UTILITY POLE JC2095CN (JCP&L TICKET#342499929),84061
2019130919CN01128,MONMOUTH,COLTS NECK TWP,02/12/2019,TU,1015,01,COLTS NECK PD,,0,1,0,0,I,B,N,N,15,1,NJ 18,N,18,,00000018__,20.60,02,,01,04,02,03,01,03,01,01,,,,,,,,65,,39,,,N,,84062
2019130919CN01132,MONMOUTH,COLTS NECK TWP,02/12/2019,TU,1503,01,COLTS NECK PD,,0,1,0,0,I,B,N,N,02,2,NJ 18,,18,,00000018__,22.00,02,,01,04,02,05,01,02,01,01,,,,,,,,65,,26,,,N,GUARDRAIL  ONE WAY TRAFFIC SIGN,84057
2019130919CN01134,MONMOUTH,COLTS NECK TWP,02/12/2019,TU,1514,01,COLTS NECK PD,,0,0,0,0,P,B,N,N,11,1,NJ 18,N,18,,00000018__,21.90,02,,01,04,02,03,01,03,01,01,,,,,,,,65,,46,,,N,MINOR DAMAGE TO GUIDE RAIL CENTER MEDIAN,84062
2019130919CN01142,MONMOUTH,COLTS NECK TWP,02/12/2019,TU,1705,01,COLTS NECK PD,,0,0,0,0,P,B,N,N,11,1,CLOVERHILL RD **,W,,,13091041__,1.23,07,,01,04,02,05,03,02,05,01,500,FE,W,WARRENTON LN / CLOVERHILL LN,,,,35,25,52,,,N,FENCE AT 32 CLOVER HILL RD. UTILITY POLE ACROSS FROM 32 CLOVER HILL RD.(NO #),84055
2019130919CN01154,MONMOUTH,COLTS NECK TWP,02/13/2019,WE,1054,01,COLTS NECK PD,,0,0,0,0,P,B,N,N,99,1,ROUTE 537,E,537,,00000537__,60.61,05,,01,04,02,01,01,01,05,01,1320,FE,E,HOCKHOCKSON RD,,,,50,45,99,,,N,,84058
2019130919CN01238,MONMOUTH,COLTS NECK TWP,02/16/2019,SA,1059,01,COLTS NECK PD,,0,0,0,0,P,B,N,N,99,1,NJ 18,N,18,,00000018__,16.50,02,,01,04,02,01,01,01,01,01,,,,,,,,65,,19,,,N,,84062
2019130919CN01282,MONMOUTH,COLTS NECK TWP,02/18/2019,MO,0421,01,COLTS NECK PD,,0,0,0,0,P,B,N,N,99,1,NJ 18,N,18,,00000018__,16.60,02,,03,04,02,02,05,02,01,01,,,,,,,,65,,58,,,N,,84061
2019130919CN01353,MONMOUTH,COLTS NECK TWP,02/20/2019,WE,1149,01,COLTS NECK PD,,0,0,0,0,P,B,N,N,11,1,BOUNDARY RD,,,,13091145__,2.69,07,,01,04,02,03,01,03,05,01,50,FE,S,ROUTE 520 / NEW SPRING RD,,,,35,50,54,,,N,DAMAGE TO GUIDE WIRE POLE # 40001ACT,84062
2019130919CN01356,MONMOUTH,COLTS NECK TWP,02/20/2019,WE,1221,01,COLTS NECK PD,,0,0,0,0,P,B,N,N,01,2,ROUTE 537,W,537,,00000537__,55.81,05,,01,04,02,04,01,03,05,01,200,FE,E,FIVE POINT RD,,,,50,35,26,,,N,,84038
2019130919CN01357,MONMOUTH,COLTS NECK TWP,02/20/2019,WE,1220,01,COLTS NECK PD,,0,0,0,0,P,B,N,N,02,2,NJ 18,N,18,,00000018__,21.51,02,,01,04,02,03,01,03,01,01,4224,FE,S,ROUTE 537 / EATONTOWN RD,,,,65,50,26,,,N,GUARDRAIL FACE AT MM 21.2 ON SR 18 NB,84055
2019130919CN01359,MONMOUTH,COLTS NECK TWP,02/20/2019,WE,1226,01,COLTS NECK PD,,0,1,0,0,I,B,N,N,11,1,ROUTE 537,,537,,00000537__,57.47,05,,01,04,02,03,01,03,05,01,1000,FE,W,NEW ST,,,,40,25,52,,,N,DAMAGE TO UTILITY POLE # JC192CN,84062
2019130919CN01362,MONMOUTH,COLTS NECK TWP,02/20/2019,WE,1231,01,COLTS NECK PD,,0,0,0,0,P,B,N,N,11,1,ROUTE 537,W,537,,00000537__,,05,,01,04,02,03,01,03,05,01,25,FE,W,CAMELOT DRIVE,,,,50,25,69,,,N,DAMAGE TO SHRUBS ON CAMELOT DR. OWNED BY COLTS NECK ASSOCIATES,84038
2019130919CN01364,MONMOUTH,COLTS NECK TWP,02/20/2019,WE,1240,01,COLTS NECK PD,,0,0,0,0,P,B,N,N,11,1,ROUTE 537,W,537,,00000537__,,05,,01,04,02,04,01,03,05,01,30,FE,E,CAMELOT DRIVE,,,,50,25,60,,,N,DAMAGE TO THE TREE IN THE AREA OF CAMELOT DR.,84038
2019130919CN01365,MONMOUTH,COLTS NECK TWP,02/20/2019,WE,1233,01,COLTS NECK PD,,0,0,0,0,P,B,N,N,11,1,NJ 18,N,18,,00000018__,22.11,02,,01,04,02,03,01,03,01,01,1056,FE,S,ROUTE 537 / EATONTOWN RD,,,,65,50,46,,,N,GUARDRAIL FACE AT MILE MARKER 21.8 OF SR18 NB,84055
2019130919CN01369,MONMOUTH,COLTS NECK TWP,02/20/2019,WE,1309,01,COLTS NECK PD,,0,1,0,0,I,B,N,N,11,1,MONTROSE  RD **,S,,,13091009__,.96,07,,01,04,02,03,01,03,05,01,50,FE,S,ROUND HILL CT,,,,45,25,52,,,N,UTILITY POLE ON MONTROSE RD SOUTH OF ROUND HILL CT. NO POLE # AVAILABLE,84055
2019130919CN01379,MONMOUTH,COLTS NECK TWP,02/20/2019,WE,1428,01,COLTS NECK PD,,0,0,0,0,P,B,N,N,02,2,NJ 18,S,18,,00000018__,16.20,02,,01,04,02,03,01,02,01,01,,,,,,,,65,,26,,,N,,84038
2019130919CN01382,MONMOUTH,COLTS NECK TWP,02/20/2019,WE,1742,01,COLTS NECK PD,,0,0,0,0,P,B,N,N,11,1,NJ 18,S,18,,00000018__,22.00,02,,01,04,02,05,05,02,01,01,,,,,,,,65,,46,,,N,DAMAGE TO CENTER MEDIAN GUARD RAIL SR 18 SOUTHBOUND MILE MARKER 22.0,84062
2019130919CN01537,MONMOUTH,COLTS NECK TWP,02/25/2019,MO,1158,01,COLTS NECK PD,,0,1,0,0,I,B,N,N,01,2,NJ 34,S,34,,00000034__,13.21,02,,01,04,02,01,01,01,05,02,20,FE,N,ROUTE 537 / COLTS NECK RD / EATONTO,,,,45,40,26,,,N,,84061
2019130919CN01551,MONMOUTH,COLTS NECK TWP,02/25/2019,MO,1505,01,COLTS NECK PD,,0,0,0,0,P,B,N,N,99,1,ROUTE 537,E,537,,00000537__,59.73,05,,01,04,02,01,01,10,05,01,250,FE,E,LAIRD RD,,,,50,45,60,,,N,,84061
2019130919CN01570,MONMOUTH,COLTS NECK TWP,02/26/2019,TU,0501,01,COLTS NECK PD,,0,0,0,0,P,B,N,N,12,1,ROUTE 537,,537,,00000537__,61.23,05,,01,04,02,01,05,01,05,01,500,FE,W,LAKESIDE AVE,,,,50,25,24,,,N,,84057
2019130919CN01629,MONMOUTH,COLTS NECK TWP,02/28/2019,TH,0602,01,COLTS NECK PD,,0,0,0,0,P,B,N,N,11,2,NJ 18,,18,,00000018__,20.50,02,,01,04,02,03,02,03,01,01,,,,,,,,65,,46,,,N,GUARDRAIL FACE ON SR 18N MM 20.5 (STATE NOTIFIED),84058
2019130919CN01634,MONMOUTH,COLTS NECK TWP,02/28/2019,TH,0934,01,COLTS NECK PD,,0,0,0,0,P,B,N,N,99,1,NJ 18,S,18,,00000018__,20.00,02,,01,04,02,01,01,01,01,01,,,,,,,,65,,58,,,N,,84063
2019130919CN01635,MONMOUTH,COLTS NECK TWP,02/28/2019,TH,0934,01,COLTS NECK PD,,0,0,0,0,P,I,N,N,03,2,NJ 34,N,34,,00000034__,15.15,02,,01,04,02,01,01,01,05,01,,AT,,CONOVER RD / LAIRD RD,,,,50,45,26,,,N,,84056
2019130919CN01640,MONMOUTH,COLTS NECK TWP,02/28/2019,TH,1255,01,COLTS NECK PD,,0,0,0,0,P,B,N,N,11,1,NJ 34,S,34,,00000034__,16.88,02,,01,04,02,01,01,01,05,01,20,FE,S,CLOVER HILL RD,,,,50,35,52,,,N,UTILITY POLE GUIDE WIRE (POLE #JC1288CN),84056
2019130919CN01649,MONMOUTH,COLTS NECK TWP,02/28/2019,TH,1707,01,COLTS NECK PD,,0,0,0,0,P,B,N,N,01,2,NJ 34,S,34,,00000034__,13.40,02,,01,04,02,01,01,01,05,01,250,FE,S,MERCHANTS WAY,,,,45,25,26,,,N,,84056
2019130919CN01661,MONMOUTH,COLTS NECK TWP,03/01/2019,FR,0642,01,COLTS NECK PD,,0,0,0,0,P,B,N,N,11,1,NJ 18,N,18,,00000018__,22.00,02,,01,04,02,03,01,03,01,01,,,,,,,,65,,46,,,N,,84060
2019130919CN01685,MONMOUTH,COLTS NECK TWP,03/02/2019,SA,0127,01,COLTS NECK PD,,0,0,0,0,P,B,N,N,11,1,NJ 18,N,18,,00000018__,16.15,02,,03,04,02,02,05,02,01,01,,,,,,,,65,,46,,,N,GUARDRAIL,84057
2019130919CN01743,MONMOUTH,COLTS NECK TWP,03/03/2019,SU,2053,01,COLTS NECK PD,,0,2,0,0,I,B,N,N,04,2,NJ 34,S,34,,00000034__,15.24,02,,01,04,02,03,05,03,05,01,500,FE,N,CONOVER RD / LAIRD RD,,,,50,40,26,,,N,,84055
2019130919CN01780,MONMOUTH,COLTS NECK TWP,03/05/2019,TU,0914,01,COLTS NECK PD,,0,0,0,0,P,B,N,N,02,2,NJ 34,,34,,00000034__,14.74,02,,01,04,02,01,01,01,05,01,100,FE,S,PEGASUS DR,,,,50,25,26,,,N,,84056
2019130919CN01781,MONMOUTH,COLTS NECK TWP,03/05/2019,TU,0915,01,COLTS NECK PD,,0,0,0,0,P,B,N,N,15,2,NJ 34,,34,,00000034__,14.74,02,,01,04,02,01,01,01,05,01,100,FE,S,PEGASUS DR,,,,50,25,12,,,N,,84057
2019130919CN01812,MONMOUTH,COLTS NECK TWP,03/06/2019,WE,0838,01,COLTS NECK PD,,0,0,0,0,P,I,N,N,03,2,ROUTE 537,,537,,00000537__,57.77,05,,01,04,02,01,01,01,05,02,,AT,,HEYERS MILL RD,,,,45,35,26,,,N,JCP&L POLE # JC 901 CN,84054
2019130919CN01878,MONMOUTH,COLTS NECK TWP,03/08/2019,FR,1509,01,COLTS NECK PD,,0,0,0,0,P,I,N,N,02,2,NJ 34,S,34,,00000034__,12.61,02,,01,04,02,01,01,01,05,01,,AT,,PROFESSIONAL CIR,,,,45,25,26,,,N,,84063
2019130919CN01921,MONMOUTH,COLTS NECK TWP,03/10/2019,SU,1840,01,COLTS NECK PD,,0,0,0,0,P,B,N,N,01,2,NJ 18,N,18,,00000018__,19.10,02,,01,04,02,02,03,01,01,01,,,,,,,,65,,26,,,N,,84058
2019130919CN01926,MONMOUTH,COLTS NECK TWP,03/10/2019,SU,2359,01,COLTS NECK PD,,0,0,0,0,P,B,N,N,12,1,ROUTE 537,W,537,,00000537__,57.07,05,,01,04,02,01,05,01,05,01,50,FE,W,HOMINY HILL RD,,,,50,40,24,,,N,,84058
2019130919CN01937,MONMOUTH,COLTS NECK TWP,03/11/2019,MO,1357,01,COLTS NECK PD,,0,1,0,0,I,B,N,N,01,2,MONMOUTH COUNTY 4 II,W,4,2,130000042_,.89,05,,01,05,02,01,01,01,05,01,10,FE,E,NJ 34,,,,40,50,26,,,N,,84061
2019130919CN01938,MONMOUTH,COLTS NECK TWP,03/11/2019,MO,1415,01,COLTS NECK PD,,0,0,0,0,P,B,N,N,11,1,NJ 18,S,18,,00000018__,19.00,02,,03,04,02,01,01,01,02,01,25,FE,,,T,NJ 34,SB,65,,56,,,N,NO TURN SIGN. STATE DOT WAS NOTIFIED,84046
2019130919CN01951,MONMOUTH,COLTS NECK TWP,03/12/2019,TU,0821,01,COLTS NECK PD,,0,0,0,0,P,I,N,N,03,2,ROUTE 537,,537,,00000537__,55.77,05,,01,04,02,01,01,01,05,01,,AT,,FIVE POINT RD,,,,50,35,26,,,N,,84054
2019130919CN01957,MONMOUTH,COLTS NECK TWP,03/12/2019,TU,1136,01,COLTS NECK PD,,0,0,0,0,P,I,N,N,03,2,MONMOUTH COUNTY 54,W,54,,13000054__,.94,05,,01,04,02,01,01,01,05,01,,AT,,MUHLENBRINK RD,,,,40,35,26,,,N,,84061
2019130919CN01989,MONMOUTH,COLTS NECK TWP,03/13/2019,WE,1819,01,COLTS NECK PD,,0,0,0,0,P,B,N,N,08,2,NICHOLSON KEY,,,,,,07,,01,04,02,01,01,01,05,01,500,FE,W,COLTS NECK BLVD,,,,25,25,28,,,N,,84056
2019130919CN02011,MONMOUTH,COLTS NECK TWP,03/14/2019,TH,1333,01,COLTS NECK PD,,0,0,0,0,P,B,N,N,11,1,ROUTE 537,E,537,,00000537__,59.18,05,,02,04,02,01,01,01,05,01,2640,FE,W,LAIRD RD,,,,50,45,52,,,N,MAILBOX FOR #314 CR 537  JCP&L POLE #JC 443 CN  ROAD SIGN,84063
2019130919CN02014,MONMOUTH,COLTS NECK TWP,03/14/2019,TH,1339,01,COLTS NECK PD,,0,0,0,0,P,B,N,N,11,1,ROUTE 537,,537,,00000537__,59.18,05,,02,04,02,01,01,01,05,01,2640,FE,W,LAIRD RD,,,,50,45,52,,,N,,84045
2019130919CN02049,MONMOUTH,COLTS NECK TWP,03/15/2019,FR,1511,01,COLTS NECK PD,,0,3,0,0,I,B,N,N,01,2,NJ 34,S,34,,00000034__,12.61,02,,01,04,02,01,01,01,05,01,10,FE,S,PROFESSIONAL CIR,,,,50,25,26,,,N,,84061
2019130919CN02155,MONMOUTH,COLTS NECK TWP,03/19/2019,TU,0748,01,COLTS NECK PD,,0,0,0,0,P,B,N,N,01,2,MONMOUTH COUNTY 54,E,54,,13000054__,.13,05,,01,04,02,01,01,01,05,01,700,FE,E,NJ 34,,,,45,50,26,,,N,,84036
2019130919CN02188,MONMOUTH,COLTS NECK TWP,03/20/2019,WE,0728,01,COLTS NECK PD,,0,0,0,0,P,B,N,N,11,1,CEDAR DR,,,,13091095__,.25,07,,02,04,02,01,01,01,05,01,100,FE,N,BELLAIRE CT,,,,40,25,50,,,N,DIRECTIONAL SIGN ON PROPERTY OF 21 CEDAR DRIVE,84046
2019130919CN02270,MONMOUTH,COLTS NECK TWP,03/23/2019,SA,1141,01,COLTS NECK PD,,0,0,0,0,P,B,N,N,12,1,ROUTE 537,W,537,,00000537__,55.72,05,,01,04,02,01,01,01,05,01,250,FE,W,FIVE POINT RD,,,,50,35,24,,,N,,84060
2019130919CN02318,MONMOUTH,COLTS NECK TWP,03/25/2019,MO,0747,01,COLTS NECK PD,,0,1,0,0,I,B,N,N,01,2,NJ 34,,34,,00000034__,11.50,02,,01,04,02,01,01,01,05,01,,,,,,,,50,,26,,,N,,84057
2019130919CN02341,MONMOUTH,COLTS NECK TWP,03/26/2019,TU,0651,01,COLTS NECK PD,,0,1,0,0,I,B,N,N,01,2,MONMOUTH COUNTY 4 II,,4,2,130000042_,.89,05,,01,04,02,01,01,01,05,01,15,FE,N,NJ 34,,,,40,50,26,,,N,,84057
2019130919CN02399,MONMOUTH,COLTS NECK TWP,03/28/2019,TH,1201,01,COLTS NECK PD,,0,1,0,0,I,B,N,N,01,2,NJ 34,N,34,,00000034__,15.15,02,,01,04,02,01,01,01,05,01,20,FE,S,CONOVER RD / LAIRD RD,,,,50,45,26,,,N,,84046
2019130919CN02413,MONMOUTH,COLTS NECK TWP,03/28/2019,TH,1743,01,COLTS NECK PD,,0,0,0,0,P,B,N,N,01,3,ROUTE 537,E,537,,00000537__,57.71,05,,01,04,02,01,01,01,05,01,250,FE,E,NEW ST,,,,40,25,26,,,N,,
2019130919CN02423,MONMOUTH,COLTS NECK TWP,03/29/2019,FR,0120,01,COLTS NECK PD,,0,0,0,0,P,B,N,N,11,1,NJ 18,N,18,,00000018__,22.10,02,,01,04,02,01,05,01,01,01,,,,,,,,65,,46,,,N,,84056
2019130919CN02448,MONMOUTH,COLTS NECK TWP,03/30/2019,SA,0345,01,COLTS NECK PD,,0,0,0,0,P,B,N,N,12,1,ROUTE 537,W,537,,00000537__,59.88,05,,01,04,02,01,05,01,05,01,1056,FE,E,LAIRD RD,,,,50,45,24,,,N,,84046
2019130919CN02457,MONMOUTH,COLTS NECK TWP,03/30/2019,SA,1019,01,COLTS NECK PD,,0,0,0,0,P,B,N,N,12,1,ROUTE 537,,537,,00000537__,56.14,05,,01,04,02,01,01,01,05,01,25,FE,E,MONTROSE RD,,,,50,45,24,,,N,,84057
2019130919CN02462,MONMOUTH,COLTS NECK TWP,03/30/2019,SA,1250,01,COLTS NECK PD,,0,0,0,0,P,B,N,N,12,1,ROUTE 537,,537,,00000537__,58.76,05,,01,04,02,01,01,01,05,01,500,FE,W,MUHLENBRINK RD,,,,50,35,24,,,N,,84057
2019130919CN02492,MONMOUTH,COLTS NECK TWP,03/31/2019,SU,1727,01,COLTS NECK PD,,0,0,0,0,P,B,N,N,03,2,ROUTE 537,,537,,00000537__,58.01,05,,01,04,02,01,01,01,05,02,500,FE,E,NJ 34,,,,30,45,26,,,N,,84062
2019130919CN02507,MONMOUTH,COLTS NECK TWP,04/01/2019,MO,1644,01,COLTS NECK PD,,0,0,0,0,P,B,N,N,12,1,ROUTE 537,W,537,,00000537__,55.53,05,,01,04,02,01,01,01,05,01,500,FE,E,SCHOOL RD E,,,,50,40,24,,,N,,84064
2019130919CN02545,MONMOUTH,COLTS NECK TWP,04/02/2019,TU,2026,01,COLTS NECK PD,,0,0,0,0,P,B,N,N,12,1,NJ 34,,34,,00000034__,14.65,02,,01,06,02,02,05,02,05,01,2640,FE,S,CONOVER RD / LAIRD RD,,,,50,40,24,,,N,,84065
2019130919CN02593,MONMOUTH,COLTS NECK TWP,04/04/2019,TH,1234,01,COLTS NECK PD,,0,0,0,0,P,B,N,N,12,1,NJ 18,N,18,,00000018__,22.00,02,,03,05,02,01,01,01,05,01,900,FE,,,T,ROUTE 537,EB,65,,24,,,N,,84034
2019130919CN02609,MONMOUTH,COLTS NECK TWP,04/04/2019,TH,2010,01,COLTS NECK PD,,0,0,0,0,P,B,N,N,02,2,NJ 18,S,18,,00000018__,19.00,02,,01,04,02,01,05,01,01,01,,,,,,,,65,,26,,,N,,84054
2019130919CN02624,MONMOUTH,COLTS NECK TWP,04/05/2019,FR,1449,01,COLTS NECK PD,,0,1,0,0,I,B,N,N,03,2,NJ 34,S,34,,00000034__,12.61,02,,01,04,02,02,01,02,05,01,25,FE,S,PROFESSIONAL CIR,,,,45,25,26,,,N,,84064
2019130919CN02625,MONMOUTH,COLTS NECK TWP,04/05/2019,FR,1555,01,COLTS NECK PD,,0,0,0,0,P,B,N,N,01,2,FIVE POINTS RD,N,,,13091141__,.00,07,,01,04,02,02,01,02,05,01,500,FE,S,ROUTE 537 / COUNTY ROAD,,,,35,50,26,,,N,,84064
2019130919CN02659,MONMOUTH,COLTS NECK TWP,04/06/2019,SA,2338,01,COLTS NECK PD,,0,0,0,0,P,I,N,N,03,2,MONMOUTH COUNTY 46,,46,,13000046__,3.85,05,,01,04,02,01,05,01,05,01,,AT,,BOUNDARY RD / CEDAR DR,,,,45,40,26,,,N,,84065
2019130919CN02709,MONMOUTH,COLTS NECK TWP,04/08/2019,MO,1411,01,COLTS NECK PD,,0,0,0,0,P,B,N,N,01,2,MONMOUTH COUNTY 54,,54,,13000054__,.00,05,,01,04,02,01,01,01,05,01,25,FE,E,NJ 34,,,,50,50,26,,,N,,84062
2019130919CN02710,MONMOUTH,COLTS NECK TWP,04/08/2019,MO,1424,01,COLTS NECK PD,,0,0,0,0,P,B,N,N,05,2,GRAND CT **,,,,13091241__,.00,07,,01,04,02,01,01,01,05,01,5,FE,N,CLOVERHILL RD,,,,25,40,26,,,N,,84057
2019130919CN02769,MONMOUTH,COLTS NECK TWP,04/10/2019,WE,1539,01,COLTS NECK PD,,0,1,0,0,I,B,N,N,01,4,NJ 34,,34,,00000034__,11.32,02,,01,04,02,01,01,01,05,01,1056,FE,S,ASBURY RD,,,,50,,26,,,N,,
2019130919CN02806,MONMOUTH,COLTS NECK TWP,04/11/2019,TH,1251,01,COLTS NECK PD,,0,0,0,0,P,I,N,N,03,2,ROUTE 537,E,537,,00000537__,61.32,05,,01,04,02,01,01,01,05,01,,AT,,LAKESIDE AVE,,,,50,25,26,,,N,JCP&L TELEPHONE POLE #J2039,84058
2019130919CN02826,MONMOUTH,COLTS NECK TWP,04/12/2019,FR,1522,01,COLTS NECK PD,,0,0,0,0,P,B,N,N,03,2,FIVE POINTS RD,,,,13091141__,.32,07,,01,04,02,01,01,01,05,01,500,FE,N,EDGEWOOD CT,,,,35,25,26,,,N,,84057
2019130919CN02899,MONMOUTH,COLTS NECK TWP,04/15/2019,MO,0640,01,COLTS NECK PD,,0,1,0,0,I,B,N,N,11,1,MONMOUTH COUNTY 4 I,S,4,1,130000041_,1.40,05,,02,04,02,02,01,02,05,01,300,FE,W,ANN ST,,,,45,25,52,,,N,UTILITY POLE #BT2985CN-LAWN DAMAGE TO 28 CRINE ROAD,84065
2019130919CN02944,MONMOUTH,COLTS NECK TWP,04/16/2019,TU,0820,01,COLTS NECK PD,,0,1,0,0,I,B,N,N,01,2,ROUTE 537,,537,,00000537__,57.68,05,,01,04,02,01,01,01,05,01,100,FE,E,NEW ST,,,,45,35,26,,,N,,84054
2019130919CN02984,MONMOUTH,COLTS NECK TWP,04/17/2019,WE,1007,01,COLTS NECK PD,,0,0,0,0,P,B,N,N,11,1,LAIRD RD,,,,,,07,,02,04,02,01,01,01,05,01,1000,FE,W,LONGBRIDGE,,,,45,25,59,,,N,FENCE TO 113 LAIRD ROAD.,84057
2019130919CN03031,MONMOUTH,COLTS NECK TWP,04/18/2019,TH,1904,01,COLTS NECK PD,,0,0,0,0,P,B,N,N,11,1,HEYERS MILL RD,,,,13091024__,.14,07,,01,04,02,01,03,01,05,01,300,FE,,MERCHANTS WAY,,,,35,25,61,,,N,LAWN ORNAMENT - 20 HEYERS MILL RD; MAILBOX/LAWN ORNAMENT - 17 HEYERS MILL RD,84054
2019130919CN03064,MONMOUTH,COLTS NECK TWP,04/19/2019,FR,1605,01,COLTS NECK PD,,0,0,0,0,P,B,N,N,15,2,NJ 34,N,34,,00000034__,14.95,02,,01,04,02,01,01,01,05,01,100,FE,N,WOODS END RD,,,,50,25,30,,,N,,84063
2019130919CN03112,MONMOUTH,COLTS NECK TWP,04/20/2019,SA,1753,01,COLTS NECK PD,,0,0,0,0,P,B,N,N,07,2,LAURELWOOD DR **,,,,13091035__,.73,07,,01,04,02,01,01,01,05,01,1320,FE,N,MULBERRY LN,,,,35,35,26,,,N,44 LAURELWOOD DRIVE - LAWN; ANNE WILTZ REALTOR SIGN,84065
2019130919CN03179,MONMOUTH,COLTS NECK TWP,04/22/2019,MO,1645,01,COLTS NECK PD,,0,0,0,0,P,B,N,N,11,1,ROUTE 537,,537,,00000537__,57.77,05,,01,04,02,02,01,05,05,02,10,FE,W,HEYERS MILL RD,,,,45,35,56,,,N,,84054
2019130919CN0331,MONMOUTH,COLTS NECK TWP,09/07/2019,SA,1744,01,COLTS NECK PD,,0,2,0,0,I,B,Y,N,02,2,NJ 18,S,18,,00000018__,22.00,02,,01,04,02,01,01,01,01,01,,,,,,,,65,,26,,,N,GUARDRAIL MM 22,84063
2019130919CN03321,MONMOUTH,COLTS NECK TWP,04/26/2019,FR,1831,01,COLTS NECK PD,,0,0,0,0,P,B,N,N,11,1,MONMOUTH COUNTY 4 II,,4,2,130000042_,1.75,05,,01,04,02,02,03,05,05,01,100,FE,N,SADDLE RIDGE,,,,40,25,52,,,N,,84066