Year(4)-CountyCode(2)-MunicipalityCode(2)-CaseNumber(9),County Name,Municipality Name,Crash Date,Crash Day of Week,Crash Time,Police Department Code,Police Department,Police Station,Total Killed,Total Injured,Pedestrians Killed,Pedestrians Injured,Severity,Intersection,Alcohol Involved,Hazmat Involved,Crash Type,Total Vehicles,Location,Location Direction,Route,Route Suffix,Std Rte Identifier,MilePost,Road System,Road Character,Road Horizontal Alignment,Road Grade,Road Surface Type,Surface Condition,Light Condition,Environmental Condition,Road Divided By,Temporary Traffic Control Zone,Distance To Cross Street,Unit Of Measurement,Direction From Cross Street,Cross Street Name,Is Ramp,Ramp To/From Route Name,Ramp To/From Route Direction,Posted Speed,Posted Speed Cross Street,First Harmful Event,Latitude,Longitude,Cell Phone In Use Flag,Other Property Damage,Reporting Badge No.
2019130919CN03406,MONMOUTH,COLTS NECK TWP,04/29/2019,MO,1533,01,COLTS NECK PD,,0,0,0,0,P,I,N,N,03,2,HEYERS MILL RD,N,,,13091024__,.27,07,,01,04,02,01,01,01,05,01,,AT,,NEW ST,,,,35,25,26,,,N,,84063
2019130919CN03408,MONMOUTH,COLTS NECK TWP,04/29/2019,MO,1556,01,COLTS NECK PD,,0,0,0,0,P,B,N,N,15,1,CEDAR DR,,,,13091095__,2.04,07,,01,04,02,01,01,05,05,01,300,FE,E,JOSHUA HUDDY DR,,,,35,25,39,,,N,,84045
2019130919CN03430,MONMOUTH,COLTS NECK TWP,04/30/2019,TU,1048,01,COLTS NECK PD,,0,0,0,0,P,I,N,N,03,2,ROUTE 537,,537,,00000537__,57.77,05,,01,04,02,01,01,05,05,02,,AT,,HEYERS MILL RD,,,,40,35,26,,,N,JCP&L UTILITY POLE # JC 901 CN,84045
2019130919CN03577,MONMOUTH,COLTS NECK TWP,05/04/2019,SA,1137,01,COLTS NECK PD,,0,1,0,0,I,B,N,N,01,2,NJ 34,,34,,00000034__,13.01,02,,01,04,02,01,01,01,05,02,1056,FE,S,ROUTE 537 / COLTS NECK RD / EATONTO,,,,45,40,26,,,N,,84045
2019130919CN03625,MONMOUTH,COLTS NECK TWP,05/06/2019,MO,0819,01,COLTS NECK PD,,0,1,0,0,I,B,N,N,01,2,FIVE POINTS RD,S,,,13091141__,.00,07,,01,04,02,01,01,01,05,01,200,FE,S,ROUTE 537 / COUNTY ROAD,,,,35,50,26,,,N,,84066
2019130919CN03669,MONMOUTH,COLTS NECK TWP,05/07/2019,TU,1821,01,COLTS NECK PD,,0,0,0,0,P,I,N,N,01,2,NJ 34,S,34,,00000034__,16.24,02,,01,04,02,01,01,01,05,01,,AT,,WILLOWBROOK RD,,,,50,45,26,,,N,,84066
2019130919CN03686,MONMOUTH,COLTS NECK TWP,05/08/2019,WE,1055,01,COLTS NECK PD,,0,0,0,0,P,B,N,N,01,2,NJ 34,S,34,,00000034__,13.24,02,,01,04,02,01,01,01,05,02,150,FE,N,ROUTE 537 / COLTS NECK RD / EATONTO,,,,45,40,26,,,N,,84063
2019130919CN03714,MONMOUTH,COLTS NECK TWP,05/09/2019,TH,0340,01,COLTS NECK PD,,0,0,0,0,P,B,N,N,12,1,MONMOUTH COUNTY 54,,54,,13000054__,1.54,05,,01,04,02,01,07,01,05,01,500,FE,W,LIARD RD,,,,50,45,24,,,N,,84064
2019130919CN03739,MONMOUTH,COLTS NECK TWP,05/09/2019,TH,2154,01,COLTS NECK PD,,0,0,0,0,P,I,N,N,11,1,CREAMERY RD **,N,,,13091113__,.38,07,,01,05,02,01,05,01,05,01,,AT,,HIDDEN PINE DR,,,,35,25,56,,,N,BUSHES  TREE  AND MISC. LANDSCAPING AT 11 HIDDEN PINE DRIVE,84064
2019130919CN03879,MONMOUTH,COLTS NECK TWP,05/15/2019,WE,1447,01,COLTS NECK PD,,0,0,0,0,P,B,N,N,01,2,MONMOUTH COUNTY 4 II,S,4,2,130000042_,.89,05,,01,05,02,01,01,01,05,01,5,FE,N,NJ 34,,,,40,50,26,,,N,,84066
2019130919CN03880,MONMOUTH,COLTS NECK TWP,05/15/2019,WE,1516,01,COLTS NECK PD,,0,0,0,0,P,B,N,N,01,2,FIVE POINTS RD,,,,13091141__,.00,07,,01,04,02,01,01,01,05,01,200,FE,S,ROUTE 537 / COUNTY ROAD,,,,35,50,26,,,N,,84066
2019130919CN03942,MONMOUTH,COLTS NECK TWP,05/17/2019,FR,1632,01,COLTS NECK PD,,0,1,0,0,I,I,N,N,11,1,MONTROSE  RD **,N,,,13091009__,1.01,07,,01,04,02,01,01,01,05,01,,AT,,CARRIAGE HILL DR,,,,40,25,52,,,N,JCPL POLE # JC740CN SNAPPED AT THE BASE,84064
2019130919CN04013,MONMOUTH,COLTS NECK TWP,05/19/2019,SU,1320,01,COLTS NECK PD,,0,0,0,0,P,B,N,N,01,2,NJ 34,N,34,,00000034__,13.19,02,,01,04,02,01,01,01,04,02,100,FE,S,ROUTE 537 / COLTS NECK RD / EATONTO,,,,45,40,26,,,N,,84064
2019130919CN04026,MONMOUTH,COLTS NECK TWP,05/19/2019,SU,1930,01,COLTS NECK PD,,0,0,0,0,P,I,N,N,03,2,COLTS NECK BLVD **,E,,,13091251__,.00,07,,01,04,02,01,01,01,05,01,,AT,S,STONE HILL RD,,,,35,25,26,,,N,,84063
2019130919CN04029,MONMOUTH,COLTS NECK TWP,05/19/2019,SU,2030,01,COLTS NECK PD,,0,0,0,0,P,B,N,N,02,2,NJ 18,N,18,,00000018__,19.20,02,,01,04,02,01,05,01,01,01,,,,,,,,65,,26,,,N,,84063
2019130919CN04054,MONMOUTH,COLTS NECK TWP,05/20/2019,MO,1552,01,COLTS NECK PD,,0,2,0,0,I,B,N,N,03,2,NJ 34,,34,,00000034__,12.20,02,,01,04,02,01,01,01,03,01,,,,,,,,50,,26,,,N,"NO U TURN AUTHORIZED VEHICLES ONLY"""" SIGN DAMAGED",84062
2019130919CN04086,MONMOUTH,COLTS NECK TWP,05/21/2019,TU,0907,01,COLTS NECK PD,,0,1,0,0,I,B,N,N,01,2,NJ 18,S,18,,00000018__,21.80,02,,01,04,02,01,01,01,01,01,,,,,,,,65,,26,,,N,,84057
2019130919CN04131,MONMOUTH,COLTS NECK TWP,05/22/2019,WE,0858,01,COLTS NECK PD,,0,0,0,0,P,B,N,N,12,1,ROUTE 520,E,520,,00000520__,8.30,05,,01,04,02,01,01,01,05,01,500,FE,W,AMSTERDAM CT,,,,50,25,24,,,N,,84064
2019130919CN04197,MONMOUTH,COLTS NECK TWP,05/24/2019,FR,0244,01,COLTS NECK PD,,0,0,0,0,P,B,N,N,11,1,NJ 18,S,18,,00000018__,22.29,02,,01,05,02,01,07,01,01,01,,,,,,,,65,,46,,,N,,84044
2019130919CN04203,MONMOUTH,COLTS NECK TWP,05/24/2019,FR,0858,01,COLTS NECK PD,,0,0,0,0,P,B,N,N,05,2,ROUTE 537,,537,,00000537__,57.86,05,,01,04,02,01,01,01,05,02,300,FE,W,NJ 34,,,,30,45,26,,,N,,84062
2019130919CN04219,MONMOUTH,COLTS NECK TWP,05/24/2019,FR,1746,01,COLTS NECK PD,,0,1,0,0,I,B,N,N,01,2,NJ 34,,34,,00000034__,13.30,02,,01,04,02,01,01,01,05,02,,,,,,,,45,,26,,,N,,84062
2019130919CN04227,MONMOUTH,COLTS NECK TWP,05/24/2019,FR,2056,01,COLTS NECK PD,,0,0,0,0,P,B,N,N,02,2,NJ 18,S,18,,00000018__,22.31,02,,01,04,02,01,06,01,01,01,20,FE,S,ROUTE 537 / EATONTOWN RD,,,,65,50,26,,,N,,84066
2019130919CN04317,MONMOUTH,COLTS NECK TWP,05/26/2019,SU,1257,01,COLTS NECK PD,,0,1,0,0,I,B,N,N,01,2,NJ 18,S,18,,00000018__,22.10,02,,01,04,02,01,01,01,01,01,,,,,,,,65,,26,,,N,,84062
2019130919CN04328,MONMOUTH,COLTS NECK TWP,05/26/2019,SU,1937,01,COLTS NECK PD,,0,0,0,0,P,B,N,N,01,2,NJ 34,N,34,,00000034__,15.14,02,,01,04,02,01,01,01,05,01,50,FE,S,CONOVER RD / LAIRD RD,,,,50,45,26,,,N,,84046
2019130919CN04329,MONMOUTH,COLTS NECK TWP,05/26/2019,SU,2011,01,COLTS NECK PD,,0,0,0,0,P,B,N,N,01,2,NJ 34,,34,,00000034__,14.96,02,,01,04,02,01,01,01,05,01,150,FE,N,WOODS END RD,,,,50,25,26,,,N,,84054
2019130919CN04359,MONMOUTH,COLTS NECK TWP,05/27/2019,MO,0701,01,COLTS NECK PD,,0,2,0,0,I,B,N,N,10,1,NJ 18,N,18,,00000018__,22.00,02,,03,04,02,01,01,01,01,01,,,,,,,,65,,01,,,N,,84064
2019130919CN04435,MONMOUTH,COLTS NECK TWP,05/29/2019,WE,1648,01,COLTS NECK PD,,0,0,0,0,P,I,N,N,03,2,NJ 34,,34,,00000034__,16.28,02,,01,04,02,02,01,02,05,01,,AT,,NJ 4 / SOUTH ST,,,,50,40,26,,,N,,84057
2019130919CN04447,MONMOUTH,COLTS NECK TWP,05/30/2019,TH,0746,01,COLTS NECK PD,,0,0,0,0,P,B,N,N,01,2,FIVE POINTS RD,,,,13091141__,.00,07,,01,04,02,02,01,05,05,01,10,FE,S,ROUTE 537 / COUNTY ROAD,,,,35,50,26,,,N,,84057
2019130919CN04455,MONMOUTH,COLTS NECK TWP,05/30/2019,TH,1508,01,COLTS NECK PD,,0,0,0,0,P,B,N,N,01,2,ROUTE 537,,537,,00000537__,57.68,05,,01,04,02,01,01,05,05,01,100,FE,E,NEW ST,,,,30,30,26,,,N,,84057
2019130919CN04460,MONMOUTH,COLTS NECK TWP,05/30/2019,TH,1658,01,COLTS NECK PD,,0,1,0,0,I,I,N,N,03,2,NJ 34,S,34,,00000034__,15.97,02,,01,08,02,01,01,05,05,01,,AT,,NJ 4 / CONOVER RD,,,,50,40,26,,,N,,84061
2019130919CN04520,MONMOUTH,COLTS NECK TWP,06/01/2019,SA,0905,01,COLTS NECK PD,,0,2,0,0,I,B,N,N,11,1,NJ 18,S,18,,00000018__,18.50,02,,01,04,02,01,01,01,01,01,,,,,,,,65,,46,,,N,STATE DOT GUARDRAIL,84054
2019130919CN04592,MONMOUTH,COLTS NECK TWP,06/03/2019,MO,0641,01,COLTS NECK PD,,0,0,0,0,P,B,N,N,01,2,BUCKS MILL RD / MERCER RD **,N,,,13091008__,2.14,07,,01,05,02,01,01,01,05,01,25,FE,S,CEDAR DR,,,,35,40,26,,,N,,84062
2019130919CN04596,MONMOUTH,COLTS NECK TWP,06/03/2019,MO,1205,01,COLTS NECK PD,,0,1,0,0,I,B,N,N,11,1,NJ 18,S,18,,00000018__,19.70,02,,01,04,02,01,01,01,01,01,,,,,,,,65,,46,,,N,DAMAGE TO GUIDE RAIL SR 18 SB MM 19.7,84062
2019130919CN04610,MONMOUTH,COLTS NECK TWP,06/03/2019,MO,1811,01,COLTS NECK PD,,0,1,0,0,I,B,N,N,11,1,NJ 18,S,18,,00000018__,20.50,02,,01,04,02,01,01,01,01,01,,,,,,,,65,,46,,,N,,84061
2019130919CN04626,MONMOUTH,COLTS NECK TWP,06/04/2019,TU,0828,01,COLTS NECK PD,,0,1,0,0,I,B,N,N,01,2,MONMOUTH COUNTY 54,,54,,13000054__,.00,05,,01,04,02,01,01,01,05,01,25,FE,E,NJ 34,,,,50,50,26,,,N,,84062
2019130919CN04641,MONMOUTH,COLTS NECK TWP,06/04/2019,TU,1511,01,COLTS NECK PD,,0,0,0,0,P,B,N,N,03,2,FIVE POINTS RD / HOWELL RD,W,,,13091141__,.00,07,,01,04,02,01,01,01,05,01,300,FE,S,ROUTE 537 / COLTS NECK RD,,,,35,50,26,,,N,,84062
2019130919CN04642,MONMOUTH,COLTS NECK TWP,06/04/2019,TU,1610,01,COLTS NECK PD,,0,2,0,0,I,B,N,N,14,1,ROUTE 537,E,537,,00000537__,60.19,05,,01,04,02,01,01,01,05,01,900,FE,W,HOCKHOCKSON RD,,,,50,35,26,,,N,,
2019130919CN04803,MONMOUTH,COLTS NECK TWP,06/10/2019,MO,1131,01,COLTS NECK PD,,0,0,0,0,P,B,N,N,01,2,ROUTE 537,W,537,,00000537__,56.27,05,,01,04,02,02,01,02,05,01,1056,FE,W,CRUSIUS PL,,,,50,25,26,,,N,,84060
2019130919CN04857,MONMOUTH,COLTS NECK TWP,06/12/2019,WE,1757,01,COLTS NECK PD,,0,0,0,0,P,B,N,N,01,2,NJ 34,N,34,,00000034__,11.40,02,,01,04,02,01,01,01,05,01,250,FE,S,ASBURY AVE,,,,50,25,26,,,N,,84062
2019130919CN04873,MONMOUTH,COLTS NECK TWP,06/13/2019,TH,0644,01,COLTS NECK PD,,0,0,0,0,P,B,N,N,12,1,ROUTE 537,E,537,,00000537__,55.16,05,,01,04,02,01,01,05,05,01,1500,FE,W,SCHOOL RD E,,,,50,40,24,,,N,,84062
2019130919CN04892,MONMOUTH,COLTS NECK TWP,06/13/2019,TH,1952,01,COLTS NECK PD,,0,0,0,0,P,B,N,N,02,2,NJ 18,N,18,,00000018__,19.01,02,,01,04,02,01,03,01,01,01,,,,,,,,65,,26,,,N,,84061
2019130919CN04902,MONMOUTH,COLTS NECK TWP,06/14/2019,FR,0800,01,COLTS NECK PD,,0,0,0,0,P,I,N,N,03,2,HEYERS MILL RD,S,,,13091024__,.14,07,,01,04,02,01,01,01,05,01,,AT,,MERCHANTS WAY,,,,35,25,26,,,N,,84044
2019130919CN04903,MONMOUTH,COLTS NECK TWP,06/14/2019,FR,0845,01,COLTS NECK PD,,0,0,0,0,P,I,N,N,03,2,NJ 34,E,34,,00000034__,16.90,02,,01,06,02,01,01,01,05,01,,AT,,CLOVER HILL ROAD,,,,50,35,26,,,N,,84044
2019130919CN04917,MONMOUTH,COLTS NECK TWP,06/14/2019,FR,1914,01,COLTS NECK PD,,0,1,0,0,I,B,N,N,04,2,NJ 34,S,34,,00000034__,16.40,02,,01,04,02,01,01,01,05,01,1056,FE,N,SOUTH STREET,,,,50,40,26,,,N,,84058
2019130919CN04945,MONMOUTH,COLTS NECK TWP,06/15/2019,SA,1227,01,COLTS NECK PD,,0,1,0,0,I,I,N,N,02,2,NJ 34,S,34,,00000034__,14.00,02,,01,04,02,01,01,01,05,01,,AT,,FLOCK RD,,,,50,35,26,,,N,,84063
2019130919CN05056,MONMOUTH,COLTS NECK TWP,06/18/2019,TU,1854,01,COLTS NECK PD,,0,2,0,0,I,B,N,N,04,2,ROUTE 537,W,537,,00000537__,60.51,05,,01,04,02,02,03,02,05,01,800,FE,E,HOCKHOCKSON RD,,,,50,45,26,,,N,,84062
2019130919CN05101,MONMOUTH,COLTS NECK TWP,06/20/2019,TH,1006,01,COLTS NECK PD,,0,0,0,0,P,B,N,N,03,2,NJ 34,W,34,,00000034__,11.80,02,,01,04,02,01,01,05,05,01,2640,FE,N,ASBURY AVE,,,,50,25,26,,,N,,84063
2019130919CN05133,MONMOUTH,COLTS NECK TWP,06/21/2019,FR,0724,01,COLTS NECK PD,,0,1,0,0,I,I,N,N,03,2,NJ 34,S,34,,00000034__,13.21,02,,01,04,02,02,01,05,05,01,,AT,,ROUTE 537 / COLTS NECK RD / EATONTO,,,,45,40,26,,,N,,84061
2019130919CN05145,MONMOUTH,COLTS NECK TWP,06/21/2019,FR,1509,01,COLTS NECK PD,,0,0,0,0,P,B,N,N,02,2,NJ 18,N,18,,00000018__,19.00,02,,01,04,02,01,01,01,01,01,,,,,,,,65,,26,,,N,,84066
2019130919CN05206,MONMOUTH,COLTS NECK TWP,06/23/2019,SU,0314,01,COLTS NECK PD,,0,0,0,0,P,B,N,N,11,1,NJ 18,N,18,,00000018__,19.00,02,,03,04,02,01,05,01,02,01,,,,,T,SR 34,SB,65,,56,,,N,,84062
2019130919CN05229,MONMOUTH,COLTS NECK TWP,06/23/2019,SU,1834,01,COLTS NECK PD,,0,0,0,0,P,B,N,N,12,1,NJ 34,N,34,,00000034__,16.90,02,,01,04,02,01,01,01,05,01,528,FE,N,CLOVER HILL ROAD,,,,50,40,24,,,N,,84046
2019130919CN05247,MONMOUTH,COLTS NECK TWP,06/24/2019,MO,0841,01,COLTS NECK PD,,0,0,0,0,P,B,N,N,11,1,NJ 18,S,18,,00000018__,21.20,02,,01,04,02,01,01,01,01,01,,,,,,,,65,,46,,,N,MEDIAN GUARD RAIL AT MM 21.2,84065
2019130919CN05258,MONMOUTH,COLTS NECK TWP,06/24/2019,MO,1548,01,COLTS NECK PD,,0,0,0,0,P,B,N,N,11,1,MONMOUTH COUNTY 4 I,E,4,1,130000041_,1.61,05,,01,04,02,01,01,01,05,01,500,FE,W,CR 4 II / CONOVER RD,,,,45,40,50,,,N,BRICK MAILBOX AT 12 CRINE ROAD AND COUNTY ROAD SIGN SUPPORT,84065
2019130919CN05259,MONMOUTH,COLTS NECK TWP,06/24/2019,MO,1740,01,COLTS NECK PD,,0,0,0,0,P,B,N,N,11,1,NJ 18,S,18,,00000018__,16.00,02,,01,04,02,01,01,01,01,01,,,,,,,,65,,46,,,N,,84065
2019130919CN05372,MONMOUTH,COLTS NECK TWP,06/27/2019,TH,1649,01,COLTS NECK PD,,0,1,0,0,I,I,N,N,03,2,ROUTE 537,N,537,,00000537__,57.77,05,,01,04,02,01,01,01,05,02,,AT,,HEYERS MILL RD,,,,40,35,26,40.287490,74.173130,N,LAWN / LANDSCAPE DAMAGE TO #187 HEYERS MILL ROAD,84056
2019130919CN05435,MONMOUTH,COLTS NECK TWP,06/29/2019,SA,0455,01,COLTS NECK PD,,0,0,0,0,P,B,N,N,12,1,NJ 18,S,18,,00000018__,20.40,02,,01,04,02,01,02,01,01,01,,,,,,,,65,,24,,,N,,84064
2019130919CN05447,MONMOUTH,COLTS NECK TWP,06/29/2019,SA,1447,01,COLTS NECK PD,,0,0,0,0,P,I,N,N,11,1,CEDAR DR,,,,13091095__,2.18,07,,01,04,02,01,01,01,05,01,,AT,,HEYERS MILL RD,,,,35,35,69,,,N,VERIZON WIRE ATTATCHED TO POLE #JC329CN,84065
2019130919CN05460,MONMOUTH,COLTS NECK TWP,06/29/2019,SA,1759,01,COLTS NECK PD,,0,0,0,0,P,I,N,N,15,1,MONMOUTH COUNTY 50,,50,,13000050__,.48,05,,01,04,02,02,01,02,05,01,,AT,,PARMLY RD,,,,35,25,39,,,N,,84063
2019130919CN05519,MONMOUTH,COLTS NECK TWP,07/01/2019,MO,1657,01,COLTS NECK PD,,0,0,0,0,P,B,N,N,02,2,NJ 18,N,18,,00000018__,18.20,02,,01,04,02,01,01,01,01,01,,,,,,,,65,,26,,,N,,84061
2019130919CN05540,MONMOUTH,COLTS NECK TWP,07/02/2019,TU,1351,01,COLTS NECK PD,,0,0,0,0,P,B,N,N,11,1,MONMOUTH COUNTY 4 I,W,4,1,130000041_,1.46,05,,03,04,02,01,01,01,05,01,5,FE,N,ANN ST,,,,45,25,50,,,N,"COLTS NECK TWP. STREET SIGN FOR """"BUS STOP AHEAD"""" ON NORTHERN CORNER OF ANN ST.",84061
2019130919CN05566,MONMOUTH,COLTS NECK TWP,07/03/2019,WE,0751,01,COLTS NECK PD,,0,0,0,0,P,I,N,N,03,2,ROUTE 537,N,537,,00000537__,57.77,05,,01,04,02,01,01,01,05,02,,AT,,HEYERS MILL RD,,,,40,25,26,,,N,,84063
2019130919CN05601,MONMOUTH,COLTS NECK TWP,07/03/2019,WE,2155,01,COLTS NECK PD,,0,0,0,0,P,B,N,N,08,2,BUCKS MILL ROAD,,,,,,08,,01,04,05,01,05,01,05,01,,,,,,,,25,,26,,,N,,84064
2019130919CN05659,MONMOUTH,COLTS NECK TWP,07/04/2019,TH,2315,01,COLTS NECK PD,,0,0,0,0,P,B,N,N,12,1,NJ 34,N,34,,00000034__,17.19,02,,01,04,02,01,05,01,05,01,500,FE,S,HIGHFIELD LN,,,,50,25,24,,,N,,84064
2019130919CN05767,MONMOUTH,COLTS NECK TWP,07/08/2019,MO,1035,01,COLTS NECK PD,,0,0,0,0,P,B,N,N,03,2,NJ 34,W,34,,00000034__,17.30,02,,01,05,02,02,01,02,05,01,15,FE,N,HIGHFIELD LANE,,,,50,25,26,,,N,,84058
2019130919CN05779,MONMOUTH,COLTS NECK TWP,07/08/2019,MO,1749,01,COLTS NECK PD,,0,0,0,0,P,B,N,N,01,2,ROUTE 537,W,537,,00000537__,57.57,05,,01,04,02,01,01,01,05,01,500,FE,W,NEW ST,,,,45,25,26,,,N,,84058
2019130919CN05835,MONMOUTH,COLTS NECK TWP,07/10/2019,WE,1333,01,COLTS NECK PD,,0,0,0,0,P,I,N,N,02,2,ROUTE 537,W,537,,00000537__,60.36,05,,01,04,02,01,01,01,05,01,,AT,,HOCKHOCKSON RD,,,,50,45,26,,,N,,84066
2019130919CN05841,MONMOUTH,COLTS NECK TWP,07/10/2019,WE,1637,01,COLTS NECK PD,,0,2,0,0,I,I,N,N,03,2,MONMOUTH COUNTY 4 I,N,4,1,130000041_,.00,05,,01,04,02,01,01,01,05,01,,AT,,BOUNDARY RD,,,,45,40,26,,,N,,84046
2019130919CN05870,MONMOUTH,COLTS NECK TWP,07/11/2019,TH,0920,01,COLTS NECK PD,,0,0,0,0,P,B,N,N,01,2,MONMOUTH COUNTY 4 I,E,4,1,130000041_,1.70,05,,01,04,02,01,01,01,05,01,5,FE,W,CR 4 II / CONOVER RD,,,,45,40,26,,,N,,84055
2019130919CN05879,MONMOUTH,COLTS NECK TWP,07/11/2019,TH,1527,01,COLTS NECK PD,,0,1,0,0,I,B,N,N,04,2,ROUTE 537,E,537,,00000537__,60.36,05,,01,04,02,01,01,01,05,01,25,FE,E,HOCKHOCKSON RD,,,,50,45,26,,,N,,84066
2019130919CN05901,MONMOUTH,COLTS NECK TWP,07/12/2019,FR,1144,01,COLTS NECK PD,,0,1,0,0,I,B,N,N,01,2,MONMOUTH COUNTY 54,E,54,,13000054__,.01,05,,01,04,02,01,01,01,05,01,50,FE,E,NJ 34,,,,50,50,26,,,N,,84055
2019130919CN05906,MONMOUTH,COLTS NECK TWP,07/12/2019,FR,1415,01,COLTS NECK PD,,0,0,0,0,P,B,N,N,15,1,NJ 34,N,34,,00000034__,13.86,02,,01,04,02,01,01,01,05,01,792,FE,S,CR 54 / FLOCK RD / PHALANX RD,,,,50,50,30,,,N,JCPL POLE #40412 WAS CHIPPED BY DISPLACED TIRE.,84064
2019130919CN05976,MONMOUTH,COLTS NECK TWP,07/14/2019,SU,0933,01,COLTS NECK PD,,0,0,0,0,P,B,N,N,02,2,NJ 34,N,34,,00000034__,12.38,02,,01,04,02,01,01,01,03,01,528,FE,N,NJ 18,,,,50,65,26,,,N,,84067
2019130919CN05986,MONMOUTH,COLTS NECK TWP,07/14/2019,SU,1231,01,COLTS NECK PD,,0,0,0,0,P,B,N,N,01,2,NJ 34,S,34,,00000034__,16.28,02,,01,04,02,01,01,01,03,01,15,FE,N,CR 4 / SOUTH ST,,,,40,50,26,,,N,,84067
2019130919CN06004,MONMOUTH,COLTS NECK TWP,07/14/2019,SU,1817,01,COLTS NECK PD,,0,2,0,0,I,B,N,N,01,2,NJ 34,N,34,,00000034__,11.10,02,,01,04,02,01,01,01,05,01,2640,FE,N,ASBURY AVE,,,,50,25,26,,,N,,84067
2019130919CN06055,MONMOUTH,COLTS NECK TWP,07/16/2019,TU,0859,01,COLTS NECK PD,,0,0,0,0,P,B,N,N,02,2,ROUTE 537,E,537,,00000537__,55.79,05,,01,04,02,01,01,01,05,01,100,FE,E,FIVE POINT RD,,,,50,35,26,,,N,,84068
2019130919CN06148,MONMOUTH,COLTS NECK TWP,07/18/2019,TH,1252,01,COLTS NECK PD,,0,0,0,0,P,B,N,N,15,2,NJ 34,N,34,,00000034__,11.40,02,,01,04,02,01,01,01,05,01,528,FE,S,ASBURY RD,,,,50,25,30,,,N,,84064
2019130919CN06183,MONMOUTH,COLTS NECK TWP,07/19/2019,FR,1043,01,COLTS NECK PD,,0,0,0,0,P,B,N,N,02,2,NJ 18,N,18,,00000018__,19.00,02,,01,04,02,01,01,01,01,01,,,,,,,,65,,26,,,N,,84068
2019130919CN06269,MONMOUTH,COLTS NECK TWP,07/21/2019,SU,1647,01,COLTS NECK PD,,0,2,0,0,I,B,N,N,01,3,NJ 34,N,34,,00000034__,11.50,02,,01,04,02,01,01,01,05,01,1500,FE,S,ASBURY AVE,,,,50,,26,,,N,,84034
2019130919CN06280,MONMOUTH,COLTS NECK TWP,07/21/2019,SU,2232,01,COLTS NECK PD,,0,1,0,0,I,B,N,N,06,2,LAURELWOOD DR **,,,,13091035__,.23,07,,01,04,02,01,05,01,05,01,1320,FE,W,MULBERRY LN,,,,35,35,26,,,N,UTILITY POLE # BT2492CN  LAWN OF 57 LAURELWOOD DR,84065
2019130919CN06286,MONMOUTH,COLTS NECK TWP,07/22/2019,MO,0244,01,COLTS NECK PD,,0,1,0,0,I,B,N,N,10,1,BUCKS MILL RD / MERCER RD **,S,,,13091008__,.68,07,,01,04,02,01,05,01,05,01,2640,FE,S,ROUTE 537 / COLTS NECK RD,,,,45,50,01,,,N,,84066
2019130919CN06371,MONMOUTH,COLTS NECK TWP,07/22/2019,MO,1845,01,COLTS NECK PD,,0,0,0,0,P,B,N,N,15,1,LAKE DR **,W,,,13091016__,.16,07,,01,04,02,02,05,02,05,01,75,FE,E,CRUSIUS PL,,,,25,25,39,,,N,,84044
2019130919CN06437,MONMOUTH,COLTS NECK TWP,07/24/2019,WE,0914,01,COLTS NECK PD,,0,0,0,0,P,I,N,N,03,2,NJ 34,,34,,00000034__,15.15,02,,01,04,02,01,01,01,05,01,,AT,,CONOVER RD / LAIRD RD,,,,50,40,26,,,N,,
2019130919CN06490,MONMOUTH,COLTS NECK TWP,07/25/2019,TH,0818,01,COLTS NECK PD,,0,0,0,0,P,B,N,N,01,2,CONOVER RD / LAIRD RD,S,,,13091034__,3.55,07,,01,04,02,01,01,01,05,01,10,FE,N,ROUTE 537 / COUNTRY RD,,,,45,50,26,,,N,,84068
2019130919CN06517,MONMOUTH,COLTS NECK TWP,07/25/2019,TH,1812,01,COLTS NECK PD,,0,0,0,0,P,B,N,N,01,2,NJ 34,S,34,,00000034__,11.50,02,,01,04,02,01,01,01,05,01,100,FE,S,ASBURY AVE,,,,50,45,26,,,N,,84068
2019130919CN06524,MONMOUTH,COLTS NECK TWP,07/25/2019,TH,2251,01,COLTS NECK PD,,0,0,0,0,P,I,N,N,05,2,NJ 34,S,34,,00000034__,13.20,02,,01,04,02,01,06,01,04,01,,AT,,R 537,,,,45,40,26,,,N,,84066
2019130919CN06537,MONMOUTH,COLTS NECK TWP,07/26/2019,FR,0653,01,COLTS NECK PD,,0,0,0,0,P,I,N,N,02,2,MONMOUTH COUNTY 54,N,54,,13000054__,2.46,05,,01,04,02,01,01,01,05,01,,AT,,RIMWOOD LN,,,,25,40,26,,,N,,84064
2019130919CN06569,MONMOUTH,COLTS NECK TWP,07/26/2019,FR,1919,01,COLTS NECK PD,,0,1,0,0,I,B,N,N,01,2,NJ 18,S,18,,00000018__,16.70,02,,01,04,02,01,01,01,01,01,,,,,,,,65,,26,,,N,,84063
2019130919CN06612,MONMOUTH,COLTS NECK TWP,07/27/2019,SA,1453,01,COLTS NECK PD,,0,0,0,0,P,B,N,N,01,3,NJ 18,S,18,,00000018__,19.11,02,,01,04,02,01,01,01,01,01,528,FE,N,NJ 34,,,,65,50,26,,,N,,84067
2019130919CN06620,MONMOUTH,COLTS NECK TWP,07/27/2019,SA,1719,01,COLTS NECK PD,,0,0,0,0,P,B,N,N,02,2,NJ 34,S,34,,00000034__,12.08,02,,01,04,02,01,01,01,03,01,1056,FE,S,NJ 18,,,,50,65,26,,,N,,84067