Year(4)-CountyCode(2)-MunicipalityCode(2)-CaseNumber(9),County Name,Municipality Name,Crash Date,Crash Day of Week,Crash Time,Police Department Code,Police Department,Police Station,Total Killed,Total Injured,Pedestrians Killed,Pedestrians Injured,Severity,Intersection,Alcohol Involved,Hazmat Involved,Crash Type,Total Vehicles,Location,Location Direction,Route,Route Suffix,Std Rte Identifier,MilePost,Road System,Road Character,Road Horizontal Alignment,Road Grade,Road Surface Type,Surface Condition,Light Condition,Environmental Condition,Road Divided By,Temporary Traffic Control Zone,Distance To Cross Street,Unit Of Measurement,Direction From Cross Street,Cross Street Name,Is Ramp,Ramp To/From Route Name,Ramp To/From Route Direction,Posted Speed,Posted Speed Cross Street,First Harmful Event,Latitude,Longitude,Cell Phone In Use Flag,Other Property Damage,Reporting Badge No.
2019130919CN06706,MONMOUTH,COLTS NECK TWP,07/29/2019,MO,1531,01,COLTS NECK PD,,0,1,0,0,I,B,N,N,01,2,NJ 34,S,34,,00000034__,11.75,02,,01,04,02,01,01,01,05,01,,,,,,,,50,,26,,,N,,84068
2019130919CN06742,MONMOUTH,COLTS NECK TWP,07/30/2019,TU,1502,01,COLTS NECK PD,,0,0,0,0,P,B,N,N,11,1,GLENWOOD RD **,,,,13091063__,.00,07,,01,04,02,01,01,01,05,01,20,FE,N,CLOVERHILL RD,,,,25,35,69,,,N,TELEPHONE WIRE RIPPED FROM POLE NUMBERS BT2272CN AND JC313CN,84068
2019130919CN06762,MONMOUTH,COLTS NECK TWP,07/31/2019,WE,0117,01,COLTS NECK PD,,0,0,0,0,P,B,N,N,12,1,ROUTE 537,E,537,,00000537__,59.68,05,,01,04,01,01,05,01,05,01,,FE,W,LAIRD RD,,,,50,45,24,,,N,,84046
2019130919CN06824,MONMOUTH,COLTS NECK TWP,08/01/2019,TH,1614,01,COLTS NECK PD,,0,2,0,0,I,I,N,N,01,2,ROUTE 537,E,537,,00000537__,56.14,05,,01,04,02,01,01,01,05,01,,AT,,MONTROSE RD,,,,50,45,26,,,N,,84064
2019130919CN06923,MONMOUTH,COLTS NECK TWP,08/04/2019,SU,1359,01,COLTS NECK PD,,0,0,0,0,P,B,N,N,12,1,ROUTE 537,W,537,,00000537__,55.42,05,,01,04,02,01,01,01,05,01,100,FE,W,SCHOOL RD E,,,,50,45,24,,,N,,84068
2019130919CN06927,MONMOUTH,COLTS NECK TWP,08/04/2019,SU,1755,01,COLTS NECK PD,,0,0,0,0,P,B,N,N,11,1,NJ 34,N,34,,00000034__,12.30,02,,01,04,02,01,01,01,01,01,1320,FE,S,PROFESSIONAL CIRCLE,,,,50,25,46,,,N,PAINT TRANSFERED TO NJ STATE DOT GUARDRAIL,84065
2019130919CN06939,MONMOUTH,COLTS NECK TWP,08/05/2019,MO,0734,01,COLTS NECK PD,,0,0,0,0,P,B,N,N,12,1,NJ 34,N,34,,00000034__,15.40,02,,01,04,02,01,01,01,05,01,5280,FE,N,BLACKBRIAR,,,,50,35,24,,,N,,84058
2019130919CN06954,MONMOUTH,COLTS NECK TWP,08/05/2019,MO,1302,01,COLTS NECK PD,,0,0,0,0,P,I,N,N,01,2,NJ 34,S,34,,00000034__,13.20,02,,01,04,02,01,01,01,04,02,,AT,,R 537,,,,45,40,26,,,N,,84067
2019130919CN06977,MONMOUTH,COLTS NECK TWP,08/06/2019,TU,0903,01,COLTS NECK PD,,0,0,0,0,P,B,N,N,11,1,NJ 18,S,18,,00000018__,18.20,02,,01,04,02,01,01,05,01,01,,,,,,,,65,,46,,,N,GUARDRAIL SCRAPED,84067
2019130919CN06998,MONMOUTH,COLTS NECK TWP,08/07/2019,WE,0228,01,COLTS NECK PD,,0,0,0,0,P,B,N,N,12,1,NJ 18,S,18,,00000018__,19.00,02,,01,04,02,01,07,01,01,01,,,,,,,,65,,25,,,N,,84064
2019130919CN07007,MONMOUTH,COLTS NECK TWP,08/07/2019,WE,0905,01,COLTS NECK PD,,0,0,0,0,P,I,N,N,03,2,MONMOUTH COUNTY 46,N,46,,13000046__,3.85,05,,01,04,02,01,01,01,05,01,,AT,,CEDAR DRIVE,,,,45,35,26,,,N,,84068
2019130919CN07010,MONMOUTH,COLTS NECK TWP,08/07/2019,WE,1031,01,COLTS NECK PD,,0,1,0,0,I,B,N,N,03,2,ROUTE 537,,537,,00000537__,55.28,05,,01,04,02,01,01,01,04,01,200,FE,E,NJ 18,,,,50,65,26,,,N,,84065
2019130919CN07043,MONMOUTH,COLTS NECK TWP,08/07/2019,WE,1928,01,COLTS NECK PD,,0,0,0,0,P,B,N,N,11,1,NJ 18,S,18,,00000018__,17.80,02,,03,04,02,02,05,02,01,01,,,,,,,,65,,50,,,N,,84066
2019130919CN07077,MONMOUTH,COLTS NECK TWP,08/08/2019,TH,1825,01,COLTS NECK PD,,0,0,0,0,P,B,N,N,05,2,ROUTE 537,W,537,,00000537__,57.83,05,,01,04,02,01,01,01,05,02,300,FE,E,HEYERS MILL RD,,,,40,35,26,,,N,,84034
2019130919CN07110,MONMOUTH,COLTS NECK TWP,08/09/2019,FR,1628,01,COLTS NECK PD,,0,0,0,0,P,B,N,N,01,2,NJ 18,W,18,,00000018__,22.31,02,,01,05,02,01,01,01,05,01,10,FE,,,T,CR 537,WB,65,,26,,,N,,84067
2019130919CN07326,MONMOUTH,COLTS NECK TWP,08/14/2019,WE,1931,01,COLTS NECK PD,,0,1,0,0,I,B,N,N,11,1,PROVINCIAL PL **,S,,,13091054__,.20,07,,01,04,02,02,03,01,05,01,5,FE,S,MAPLE DR,,,,30,25,56,,,N,UTILITY POLE # JC 3062 CN,84054
2019130919CN07365,MONMOUTH,COLTS NECK TWP,08/15/2019,TH,1720,01,COLTS NECK PD,,0,0,0,0,P,B,N,N,11,1,BUCKS MILL RD / MERCER RD **,N,,,13091008__,1.18,07,,01,04,02,01,01,01,05,01,15,FE,N,ROUTE 537 / COLTS NECK RD,,,,25,50,54,,,N,DRIVER STRUCK SPEED LIMIT SIGN AND CREATED RUTS IN THE LAWN OF 24 BUCKS MILL RD.,84067
2019130919CN07387,MONMOUTH,COLTS NECK TWP,08/16/2019,FR,1341,01,COLTS NECK PD,,0,0,0,0,P,B,N,N,01,2,FIVE POINTS RD / HOWELL RD,,,,13091141__,.00,07,,01,04,02,01,01,01,05,01,15,FE,S,ROUTE 537 / COLTS NECK RD,,,,35,50,26,,,N,,84066
2019130919CN07450,MONMOUTH,COLTS NECK TWP,08/17/2019,SA,2010,01,COLTS NECK PD,,0,0,0,0,P,B,N,N,01,2,ROUTE 537,E,537,,00000537__,57.92,05,,01,04,02,01,06,01,05,02,25,FE,W,NJ 34,,,,35,45,26,,,N,,84062
2019130919CN07467,MONMOUTH,COLTS NECK TWP,08/18/2019,SU,1042,01,COLTS NECK PD,,0,0,0,0,P,B,N,N,01,2,NJ 18,N,18,,00000018__,18.01,02,,01,04,02,01,01,01,01,01,5280,FE,S,NJ 34,,,,65,50,26,,,N,,84066
2019130919CN07473,MONMOUTH,COLTS NECK TWP,08/18/2019,SU,1407,01,COLTS NECK PD,,0,0,0,0,P,B,N,N,01,2,NJ 34,N,34,,00000034__,11.30,02,,01,04,02,01,01,01,05,01,,,,,,,,50,,26,,,N,,84068
2019130919CN07520,MONMOUTH,COLTS NECK TWP,08/19/2019,MO,1605,01,COLTS NECK PD,,0,0,0,0,P,B,N,N,11,1,MONMOUTH COUNTY 4 I,W,4,1,130000041_,1.70,05,,01,04,02,02,01,02,05,01,20,FE,W,CR 4 II / CONOVER RD,,,,45,40,52,,,N,UTILITY POLE BT1362ACT,84067
2019130919CN07560,MONMOUTH,COLTS NECK TWP,08/20/2019,TU,1724,01,COLTS NECK PD,,0,0,0,0,P,B,N,N,01,2,NJ 34,S,34,,00000034__,14.00,02,,01,04,02,01,01,01,05,01,,,,,,,,50,,26,40.298860,74.176200,N,,84044
2019130919CN07732,MONMOUTH,COLTS NECK TWP,08/24/2019,SA,1352,01,COLTS NECK PD,,0,0,0,0,P,B,N,N,01,2,MONMOUTH COUNTY 4 II,S,4,2,130000042_,.89,05,,01,05,02,01,01,01,05,01,15,FE,N,NJ 34,,,,40,50,26,,,N,,84045
2019130919CN07742,MONMOUTH,COLTS NECK TWP,08/24/2019,SA,1949,01,COLTS NECK PD,,0,0,0,0,P,B,Y,N,08,2,NJ 18,S,18,,00000018__,18.71,02,,01,04,02,01,05,01,01,01,1584,FE,S,NJ 34,,,,65,50,26,,,N,,84058
2019130919CN07830,MONMOUTH,COLTS NECK TWP,08/26/2019,MO,1611,01,COLTS NECK PD,,0,3,0,0,I,B,N,N,01,2,NJ 34,S,34,,00000034__,16.34,02,,01,04,02,01,01,01,05,01,300,FE,N,CR 4 / SOUTH ST,,,,50,40,26,,,N,,84063
2019130919CN07863,MONMOUTH,COLTS NECK TWP,08/27/2019,TU,2025,01,COLTS NECK PD,,0,0,0,0,P,B,N,N,12,1,NJ 34,S,34,,00000034__,16.01,02,,01,04,02,01,03,01,05,01,200,FE,N,NJ 4 / CONOVER RD,,,,50,40,24,,,N,,84065
2019130919CN07946,MONMOUTH,COLTS NECK TWP,08/29/2019,TH,2248,01,COLTS NECK PD,,0,0,0,0,P,I,N,N,07,2,MONMOUTH COUNTY 54,W,54,,13000054__,1.63,05,,01,04,02,01,05,01,05,01,,AT,,LIARD RD,,,,40,45,26,,,N,,84064
2019130919CN08067,MONMOUTH,COLTS NECK TWP,09/01/2019,SU,1933,01,COLTS NECK PD,,0,1,0,0,I,B,Y,N,11,1,NJ 18,N,18,,00000018__,20.00,02,,01,04,02,01,03,01,01,01,,,,,,,,65,,46,,,N,NJ STATE DOT MEDIAN GUARDRAIL SR 18 NB MM 20,84065
2019130919CN08070,MONMOUTH,COLTS NECK TWP,09/01/2019,SU,2348,01,COLTS NECK PD,,0,0,0,0,P,B,Y,N,11,1,NJ 18,S,18,,00000018__,21.00,02,,01,04,02,01,05,01,01,01,,,,,,,,65,,60,,,N,,84062
2019130919CN08090,MONMOUTH,COLTS NECK TWP,09/02/2019,MO,1213,01,COLTS NECK PD,,0,0,0,0,P,B,N,N,11,1,NJ 18,N,18,,00000018__,16.30,02,,03,04,02,02,01,02,01,01,,,,,,,,65,,46,,,N,,84058
2019130919CN08091,MONMOUTH,COLTS NECK TWP,09/02/2019,MO,1245,01,COLTS NECK PD,,0,0,0,0,P,B,N,N,11,1,ROUTE 537,E,537,,00000537__,57.35,05,,01,04,02,02,01,05,05,01,528,FE,E,MILL BROOK LN,,,,40,25,60,,,N,,84064
2019130919CN08100,MONMOUTH,COLTS NECK TWP,09/02/2019,MO,2225,01,COLTS NECK PD,,0,0,0,0,P,B,N,N,12,1,NJ 34,S,34,,00000034__,13.96,02,,01,04,02,01,07,01,05,01,250,FE,S,CR 54 / FLOCK RD / PHALANX RD,,,,50,50,24,,,N,,84067
2019130919CN08138,MONMOUTH,COLTS NECK TWP,09/03/2019,TU,1733,01,COLTS NECK PD,,0,0,0,0,P,I,N,N,03,2,COLTS NECK BLVD **,N,,,13091251__,,07,,01,04,02,01,01,01,05,01,,AT,,EXETER PASS,,,,25,25,26,,,N,,84064
2019130919CN08212,MONMOUTH,COLTS NECK TWP,09/05/2019,TH,0853,01,COLTS NECK PD,,0,2,0,0,I,B,N,N,01,2,NJ 34,N,34,,00000034__,11.10,02,,01,04,02,01,01,01,05,01,,,,,,,,50,,26,,,N,,84061
2019130919CN08291,MONMOUTH,COLTS NECK TWP,09/06/2019,FR,1754,01,COLTS NECK PD,,0,0,0,0,P,B,N,N,01,2,NJ 18,S,18,,00000018__,22.31,02,,03,05,02,02,01,05,05,01,20,FE,,,T,ROUTE 537,WB,65,,26,,,N,,84064
2019130919CN08450,MONMOUTH,COLTS NECK TWP,09/10/2019,TU,1756,01,COLTS NECK PD,,0,1,0,0,I,B,N,N,01,2,MONMOUTH COUNTY 54,,54,,13000054__,1.67,05,,01,04,02,01,01,01,04,01,200,FE,E,LIARD RD,,,,40,45,26,,,N,,84065
2019130919CN08498,MONMOUTH,COLTS NECK TWP,09/11/2019,WE,1409,01,COLTS NECK PD,,0,1,0,0,I,B,N,N,03,2,NJ 34,S,34,,00000034__,12.38,02,,01,04,02,01,01,01,05,01,528,FE,N,NJ 18,,,,50,65,26,,,N,,84064
2019130919CN08502,MONMOUTH,COLTS NECK TWP,09/11/2019,WE,1640,01,COLTS NECK PD,,0,0,0,0,P,I,N,N,03,2,NEW ST **,N,,,13091107__,.00,07,,01,04,02,01,01,01,05,01,,AT,,ROUTE 537 / COLTS NECK RD,,,,25,40,26,,,N,,84064
2019130919CN08553,MONMOUTH,COLTS NECK TWP,09/12/2019,TH,1438,01,COLTS NECK PD,,0,0,0,0,P,B,N,N,12,1,ROUTE 537,W,537,,00000537__,57.24,05,,01,04,02,01,01,01,05,01,50,FE,W,MILL BROOK LN,,,,50,25,24,,,N,,84060
2019130919CN08557,MONMOUTH,COLTS NECK TWP,09/12/2019,TH,1610,01,COLTS NECK PD,,0,2,0,0,I,I,N,N,03,2,ROUTE 537,E,537,,00000537__,56.56,05,,01,04,02,01,01,05,05,01,,AT,,BUCKS MILL RD / MERCER RD,,,,50,25,26,,,N,,84064
2019130919CN08581,MONMOUTH,COLTS NECK TWP,09/13/2019,FR,0950,01,COLTS NECK PD,,0,0,0,0,P,B,N,N,99,1,FIVE POINTS RD,,,,13091141__,.58,07,,01,04,02,01,01,01,05,01,250,FE,S,MATTHEW RD,,,,35,45,99,,,N,,84065
2019130919CN08583,MONMOUTH,COLTS NECK TWP,09/13/2019,FR,1116,01,COLTS NECK PD,,0,0,0,0,P,B,N,N,99,1,FIVE POINTS RD,N,,,13091141__,.58,07,,01,04,02,01,01,01,05,01,250,FE,S,MATTHEW RD,,,,35,45,99,,,N,,84065
2019130919CN08651,MONMOUTH,COLTS NECK TWP,09/14/2019,SA,2044,01,COLTS NECK PD,,0,0,0,0,P,I,N,N,03,2,NJ 34,N,34,,00000034__,15.15,02,,01,04,02,01,05,01,05,01,,AT,,CONOVER RD / LAIRD RD,,,,50,45,26,,,N,,84068
2019130919CN08750,MONMOUTH,COLTS NECK TWP,09/16/2019,MO,2013,01,COLTS NECK PD,,0,2,0,0,I,I,N,N,04,2,ROUTE 537,W,537,,00000537__,55.77,05,,01,04,02,01,07,01,05,01,,AT,,FIVE POINT RD,,,,50,35,26,,,N,,84063
2019130919CN08806,MONMOUTH,COLTS NECK TWP,09/18/2019,WE,0640,01,COLTS NECK PD,,0,0,0,0,P,B,N,N,12,1,MONMOUTH COUNTY 54,W,54,,13000054__,.88,05,,01,04,02,01,02,01,05,01,3960,FE,W,LIARD RD,,,,50,45,24,,,N,,84067
2019130919CN08818,MONMOUTH,COLTS NECK TWP,09/18/2019,WE,1210,01,COLTS NECK PD,,0,0,0,0,P,B,N,N,01,2,NJ 34,S,34,,00000034__,14.26,02,,01,04,02,01,01,01,05,01,1320,FE,N,CR 54 / FLOCK RD / PHALANX RD,,,,50,50,26,,,N,,84065
2019130919CN08836,MONMOUTH,COLTS NECK TWP,09/19/2019,TH,0954,01,COLTS NECK PD,,0,2,0,0,I,B,Y,N,10,1,NJ 18,N,18,,00000018__,19.00,02,,03,04,02,01,01,01,02,01,850,FE,,,F,NJ 34,NB,65,,56,,,N,,84065
2019130919CN08837,MONMOUTH,COLTS NECK TWP,09/18/2019,WE,1804,01,COLTS NECK PD,,0,0,0,0,P,B,N,N,12,1,MONMOUTH COUNTY 54,,54,,13000054__,2.20,05,,01,04,02,01,03,01,05,01,150,FE,E,LOVETT RD,,,,40,25,24,,,N,,84034
2019130919CN08948,MONMOUTH,COLTS NECK TWP,09/21/2019,SA,1251,01,COLTS NECK PD,,0,1,0,0,I,B,N,N,01,2,FIVE POINTS RD,,,,13091141__,.36,07,,01,04,02,01,01,01,05,01,100,FE,N,KATHLEEN DR,,,,35,25,26,,,N,,84064
2019130919CN09039,MONMOUTH,COLTS NECK TWP,09/23/2019,MO,2146,01,COLTS NECK PD,,0,0,0,0,P,B,N,N,12,1,ROUTE 520,E,520,,00000520__,8.59,05,,01,05,02,01,05,01,05,01,600,FE,W,MOUNTAINSIDE DR,,,,50,25,24,,,N,,84066
2019130919CN09099,MONMOUTH,COLTS NECK TWP,09/25/2019,WE,1202,01,COLTS NECK PD,,0,0,0,0,P,I,N,N,02,2,NJ 34,S,34,,00000034__,14.01,02,,01,04,02,01,01,01,05,01,,AT,,CR 54 / FLOCK RD / PHALANX RD,,,,45,45,26,,,N,,84060
2019130919CN09159,MONMOUTH,COLTS NECK TWP,09/26/2019,TH,1054,01,COLTS NECK PD,,0,0,0,0,P,B,N,N,01,2,ROUTE 537,E,537,,00000537__,57.87,05,,01,04,02,01,01,01,05,02,250,FE,W,NJ 34,,,,40,45,26,,,N,,84064
2019130919CN09258,MONMOUTH,COLTS NECK TWP,09/28/2019,SA,2053,01,COLTS NECK PD,,0,0,0,0,P,B,N,N,12,1,NJ 34,N,34,,00000034__,17.26,02,,01,04,02,01,05,01,05,01,100,FE,S,HIGHFIELD LN,,,,50,25,24,,,N,,84066
2019130919CN09323,MONMOUTH,COLTS NECK TWP,09/30/2019,MO,1539,01,COLTS NECK PD,,0,1,0,0,I,I,N,N,01,2,NJ 34,S,34,,00000034__,14.01,02,,01,04,02,01,01,01,05,01,,AT,,CR 54 / FLOCK RD / PHALANX RD,,,,50,50,26,,,N,,84044
2019130919CN09360,MONMOUTH,COLTS NECK TWP,10/01/2019,TU,1222,01,COLTS NECK PD,,0,0,0,0,P,B,N,N,11,1,315 SR 34,,,,,,09,,01,04,02,01,01,01,05,02,,,,,,,,,,69,,,N,JCP&L POWER LINES AND VERIZON PHONE LINE IN FRONT OF 315 SR 34,84045
2019130919CN09373,MONMOUTH,COLTS NECK TWP,10/01/2019,TU,1831,01,COLTS NECK PD,,0,0,0,0,P,B,N,N,12,1,HILLSDALE RD **,,,,13091074__,.97,07,,01,05,02,01,03,01,05,01,100,FE,S,GAITWAY DR,,,,40,25,24,,,N,,84045
2019130919CN09403,MONMOUTH,COLTS NECK TWP,10/02/2019,WE,1927,01,COLTS NECK PD,,0,0,0,0,P,B,N,N,11,1,NJ 18,E,18,,00000018__,18.01,02,,01,04,02,02,05,02,01,01,5280,FE,S,NJ 34,,,,65,50,46,,,N,,84066
2019130919CN09404,MONMOUTH,COLTS NECK TWP,10/02/2019,WE,1935,01,COLTS NECK PD,,0,0,0,0,P,B,N,N,11,1,NJ 18,S,18,,00000018__,22.31,02,,02,06,02,01,05,01,02,01,1000,FE,,,F,ROUTE 537,EB,65,,,,,N,,84061
2019130919CN09420,MONMOUTH,COLTS NECK TWP,10/03/2019,TH,0619,01,COLTS NECK PD,,0,0,0,0,P,B,N,N,03,2,MONMOUTH COUNTY 46,E,46,,13000046__,4.95,05,,01,04,02,02,02,02,05,01,20,FE,W,CR 4 I / CRINE RD,,,,45,45,26,,,N,,84068
2019130919CN09457,MONMOUTH,COLTS NECK TWP,10/04/2019,FR,1633,01,COLTS NECK PD,,0,1,0,0,I,B,N,N,01,2,MONMOUTH COUNTY 54,E,54,,13000054__,.96,05,,01,05,02,01,01,01,05,01,100,FE,E,MUHLENBRINK RD,,,,50,35,26,,,N,,84056
2019130919CN09462,MONMOUTH,COLTS NECK TWP,10/04/2019,FR,1905,01,COLTS NECK PD,,0,0,0,0,P,I,N,N,02,2,MONMOUTH COUNTY 46,W,46,,13000046__,4.19,05,,01,04,02,01,06,01,05,01,,AT,,LEXINGTON CT / MOCKINGBIRD DR,,,,45,25,26,,,N,,84060
2019130919CN09476,MONMOUTH,COLTS NECK TWP,10/05/2019,SA,1454,01,COLTS NECK PD,,0,0,0,0,P,B,N,N,01,2,NJ 34,S,34,,00000034__,13.21,02,,01,04,02,01,01,01,04,02,20,FE,N,ROUTE 537 / COLTS NECK RD / EATONTO,,,,45,40,26,,,N,,84067
2019130919CN09692,MONMOUTH,COLTS NECK TWP,10/11/2019,FR,1726,01,COLTS NECK PD,,0,2,0,0,I,B,N,N,10,1,ROUTE 537,E,537,,00000537__,60.42,05,,01,04,02,01,03,01,05,01,300,FE,E,HOCKHOCKSON RD,,,,50,45,52,,,N,SNAPPED VERIZON POLE #VZ324  POLE REPLACED,84066
2019130919CN09696,MONMOUTH,COLTS NECK TWP,10/11/2019,FR,2020,01,COLTS NECK PD,,0,0,0,0,P,B,N,N,12,1,ROUTE 537,,537,,00000537__,56.78,05,,01,04,02,01,05,01,05,01,100,FE,W,MINE BROOK RD,,,,50,25,24,,,N,,84044
2019130919CN09753,MONMOUTH,COLTS NECK TWP,10/13/2019,SU,1057,01,COLTS NECK PD,,0,0,0,0,P,B,N,N,08,2,353 CR 537,,,,,,06,,01,04,99,01,01,01,05,01,,,,,,,,,,26,,,N,,84066
2019130919CN09755,MONMOUTH,COLTS NECK TWP,10/13/2019,SU,1153,01,COLTS NECK PD,,0,0,0,0,P,B,N,N,11,1,NJ 18,S,18,,00000018__,18.00,02,,03,04,02,01,01,01,01,01,,,,,,,,65,,60,,,N,,84066
2019130919CN09757,MONMOUTH,COLTS NECK TWP,10/13/2019,SU,1228,01,COLTS NECK PD,,0,0,0,0,P,B,N,N,02,2,NJ 18,N,18,,00000018__,22.00,02,,01,04,02,01,01,01,01,01,,,,,,,,65,,26,,,N,,84046
2019130919CN09763,MONMOUTH,COLTS NECK TWP,10/13/2019,SU,1750,01,COLTS NECK PD,,0,0,0,0,P,B,N,N,12,1,NJ 18,S,18,,00000018__,16.80,02,,01,04,02,01,01,01,01,01,,,,,,,,65,,24,,,N,,84046
2019130919CN09777,MONMOUTH,COLTS NECK TWP,10/16/2019,WE,1851,01,COLTS NECK PD,,0,0,0,0,P,B,N,N,12,1,NJ 18,N,18,,00000018__,19.00,02,,01,04,02,01,03,01,01,01,,,,,,,,65,,24,,,N,,84065
2019130919CN09783,MONMOUTH,COLTS NECK TWP,10/14/2019,MO,1050,01,COLTS NECK PD,,0,0,0,0,P,B,N,N,01,3,MONMOUTH COUNTY 54,E,54,,13000054__,2.33,05,,01,05,02,01,01,01,05,01,250,FE,W,RICHDALE RD,,,,40,30,26,,,N,,
2019130919CN09831,MONMOUTH,COLTS NECK TWP,10/15/2019,TU,1358,01,COLTS NECK PD,,0,0,0,0,P,B,N,N,06,2,320 SR 34,,,,,,09,,01,04,02,01,01,01,05,01,,,,,,,,,,26,,,N,,84067
2019130919CN09841,MONMOUTH,COLTS NECK TWP,10/15/2019,TU,2124,01,COLTS NECK PD,,0,0,0,0,P,B,N,N,12,1,ROUTE 537,E,537,,00000537__,56.65,05,,01,04,02,01,07,01,05,01,500,FE,E,BUCKS MILL RD / MERCER RD,,,,50,40,24,,,N,,84064
2019130919CN09868,MONMOUTH,COLTS NECK TWP,10/16/2019,WE,2004,01,COLTS NECK PD,,0,0,0,0,P,B,N,N,11,1,NJ 18,N,18,,00000018__,19.51,02,,01,04,02,02,05,01,01,01,2640,FE,N,NJ 34,,,,65,50,46,,,N,,84068
2019130919CN09871,MONMOUTH,COLTS NECK TWP,10/16/2019,WE,2058,01,COLTS NECK PD,,0,0,0,0,P,B,N,N,12,1,FIVE POINTS RD,S,,,13091141__,.59,07,,01,04,02,02,05,01,05,01,200,FE,S,MATTHEW RD,,,,35,45,24,,,N,,84068
2019130919CN09972,MONMOUTH,COLTS NECK TWP,10/19/2019,SA,0010,01,COLTS NECK PD,,0,0,0,0,P,I,N,N,12,1,NJ 34,N,34,,00000034__,12.61,02,,01,04,02,01,06,01,05,01,,AT,,PROFESSIONAL CIR,,,,45,25,24,,,N,,84064
2019130919CN09975,MONMOUTH,COLTS NECK TWP,10/19/2019,SA,0248,01,COLTS NECK PD,,0,0,0,0,P,B,N,N,12,1,NJ 18,N,18,,00000018__,22.00,02,,01,04,02,01,07,01,01,01,,,,,,,,65,,24,,,N,,84064
2019130919CN10042,MONMOUTH,COLTS NECK TWP,10/21/2019,MO,0948,01,COLTS NECK PD,,0,1,0,0,I,B,N,N,99,1,NJ 18,S,18,,00000018__,17.60,02,,01,06,02,01,01,01,01,01,,,,,,,,65,,99,,,N,,84066
2019130919CN10055,MONMOUTH,COLTS NECK TWP,10/21/2019,MO,1617,01,COLTS NECK PD,COLTS NECK PD,0,1,0,0,I,B,N,N,10,1,NJ 18,N,18,,00000018__,20.31,02,,03,04,02,01,01,01,01,01,1056,FE,S,ROUTE 537 / EATONTOWN RD,,,,65,50,60,,,N,,84066
2019130919CN10063,MONMOUTH,COLTS NECK TWP,10/21/2019,MO,1958,01,COLTS NECK PD,,0,0,0,0,P,B,N,N,01,3,NJ 18,S,18,,00000018__,19.04,02,,01,04,02,01,05,01,01,01,150,FE,N,NJ 34,,,,65,50,26,,,N,,84068
2019130919CN10067,MONMOUTH,COLTS NECK TWP,10/21/2019,MO,2235,01,COLTS NECK PD,,0,0,0,0,P,B,N,N,12,1,NJ 34,S,34,,00000034__,16.90,02,,01,04,02,01,05,01,05,01,100,FE,N,CLOVER HILL RD,,,,50,35,24,,,N,,84065
2019130919CN10125,MONMOUTH,COLTS NECK TWP,10/23/2019,WE,1744,01,COLTS NECK PD,,0,0,0,0,P,B,N,N,02,2,MONMOUTH COUNTY 54,W,54,,13000054__,.00,05,,01,04,02,01,03,01,05,01,200,FE,W,NJ 34,,,,50,50,26,,,N,,84067
2019130919CN10132,MONMOUTH,COLTS NECK TWP,10/24/2019,TH,0045,01,COLTS NECK PD,,0,1,0,0,I,B,N,N,11,1,NJ 18,N,18,,00000018__,21.80,02,,01,04,02,01,05,01,01,01,,,,,,,,65,,46,,,N,GUARD RAIL FACE  CENTER MEDIAN MILE MARKER 21.8,84061
2019130919CN10143,MONMOUTH,COLTS NECK TWP,10/24/2019,TH,1025,01,COLTS NECK PD,,0,0,0,0,P,B,N,N,06,2,HOME LAND DR **,,,,13091059__,,07,,03,04,02,01,01,01,05,01,,,,,,,,25,,26,,,N,,84067
2019130919CN10191,MONMOUTH,COLTS NECK TWP,10/25/2019,FR,1848,01,COLTS NECK PD,,0,0,0,0,P,B,N,N,12,1,MONMOUTH COUNTY 50,S,50,,13000050__,.04,05,,01,04,02,01,05,01,05,01,200,FE,N,ROUTE 537 / COLTS NECK RD,,,,35,50,24,,,N,,84068
2019130919CN10274,MONMOUTH,COLTS NECK TWP,10/28/2019,MO,0246,01,COLTS NECK PD,,0,1,0,0,I,B,N,N,12,1,NJ 18,S,18,,00000018__,19.07,02,,01,04,02,01,05,01,01,01,300,FE,N,NJ 34,,,,65,50,24,,,N,SR 18 GUARDRAIL AT MILE MARKER 19.4,84068
2019130919CN10275,MONMOUTH,COLTS NECK TWP,10/28/2019,MO,0323,01,COLTS NECK PD,,0,0,0,0,P,B,N,N,99,2,NJ 18,S,18,,00000018__,19.07,02,,01,04,02,01,05,01,01,01,300,FE,N,NJ 34,,,,65,50,99,,,N,,84068
2019130919CN10307,MONMOUTH,COLTS NECK TWP,10/29/2019,TU,0830,01,COLTS NECK PD,,0,0,0,0,P,B,N,N,01,2,FIVE POINTS RD,,,,13091141__,.72,07,,03,04,02,02,01,02,05,01,500,FE,N,MATTHEW RD,,,,35,45,26,,,N,,84069
2019130919CN10317,MONMOUTH,COLTS NECK TWP,10/29/2019,TU,1307,01,COLTS NECK PD,,0,1,0,0,I,B,N,N,01,3,ROUTE 520,E,520,,00000520__,9.29,05,,01,04,02,02,01,02,05,01,100,FE,E,CLOVER HILL LN,,,,50,25,26,,,N,,
2019130919CN10351,MONMOUTH,COLTS NECK TWP,10/30/2019,WE,1517,01,COLTS NECK PD,,0,0,0,0,P,B,N,N,03,2,FIVE POINTS RD,S,,,13091141__,.00,07,,01,04,02,02,01,02,05,01,100,FE,S,ROUTE 537 / COUNTY ROAD,,,,35,50,26,,,N,,84066