Year(4)-CountyCode(2)-MunicipalityCode(2)-CaseNumber(9),County Name,Municipality Name,Crash Date,Crash Day of Week,Crash Time,Police Department Code,Police Department,Police Station,Total Killed,Total Injured,Pedestrians Killed,Pedestrians Injured,Severity,Intersection,Alcohol Involved,Hazmat Involved,Crash Type,Total Vehicles,Location,Location Direction,Route,Route Suffix,Std Rte Identifier,MilePost,Road System,Road Character,Road Horizontal Alignment,Road Grade,Road Surface Type,Surface Condition,Light Condition,Environmental Condition,Road Divided By,Temporary Traffic Control Zone,Distance To Cross Street,Unit Of Measurement,Direction From Cross Street,Cross Street Name,Is Ramp,Ramp To/From Route Name,Ramp To/From Route Direction,Posted Speed,Posted Speed Cross Street,First Harmful Event,Latitude,Longitude,Cell Phone In Use Flag,Other Property Damage,Reporting Badge No.
20191311I-2019-011975,MONMOUTH,EATONTOWN BORO,08/21/2019,WE,1158,01,EATONTOWN PD,EATONTOWN,0,1,0,0,I,B,N,N,01,2,NJ 35,N,35,,00000035__,28.25,02,,01,04,02,01,01,01,01,01,439,FE,S,INDUSTRIAL WAY,,,,50,40,26,,,N,,116
20191311I-2019-012059,MONMOUTH,EATONTOWN BORO,08/22/2019,TH,1404,01,EATONTOWN PD,EATONTOWN,0,0,0,0,P,B,N,N,01,2,NJ 35,S,35,,00000035__,29.39,02,,03,04,02,01,01,01,02,01,,,,,F,RT 36,,40,,26,,,N,,123
20191311I-2019-012063,MONMOUTH,EATONTOWN BORO,08/22/2019,TH,1515,01,EATONTOWN PD,EATONTOWN,0,0,0,0,P,B,N,N,02,2,NJ 35,N,35,,00000035__,29.39,02,,01,04,02,01,01,01,02,01,5,FE,S,NJ 36,,,,45,50,26,,,N,,123
20191311I-2019-012087,MONMOUTH,EATONTOWN BORO,08/22/2019,TH,2320,01,EATONTOWN PD,EATONTOWN,0,0,0,0,P,B,N,N,12,1,ROUTE 547,N,547,,00000547__,27.74,05,,01,04,02,02,07,01,05,01,200,FE,N,KREMER AVE,,,,40,25,24,,,N,,122
20191311I-2019-012181,MONMOUTH,EATONTOWN BORO,08/24/2019,SA,1928,01,EATONTOWN PD,,0,0,0,0,P,B,N,N,99,1,NJ 36,W,36,,00000036__,.26,02,,01,04,02,01,03,01,05,01,,,,,T,ROUTE 18,SB,55,,02,,,N,,120
20191311I-2019-012218,MONMOUTH,EATONTOWN BORO,08/25/2019,SU,0751,01,EATONTOWN PD,,0,1,0,0,I,B,N,N,01,2,NJ 36,E,36,,00000036__,1.53,02,,01,04,02,01,01,01,03,01,40,FE,W,NJ 35 / NEPTUNE BLVD,,,,50,50,26,,,N,,110
20191311I-2019-012228,MONMOUTH,EATONTOWN BORO,08/25/2019,SU,1619,01,EATONTOWN PD,EATONTOWN,0,0,0,0,P,B,N,N,03,2,NJ 35,N,35,,00000035__,30.42,02,,01,04,02,01,01,01,05,01,100,FE,S,NJ 71 / ROUTE 537 / BROAD ST,,,,35,35,26,,,N,,123
20191311I-2019-012244,MONMOUTH,EATONTOWN BORO,08/25/2019,SU,2300,01,EATONTOWN PD,,0,0,0,0,P,B,N,N,02,2,NJ 35,N,35,,00000035__,30.40,02,,01,04,02,01,06,01,05,01,228,FE,S,NJ 71 / ROUTE 537 / BROAD ST,,,,50,35,26,,,N,,120
20191311I-2019-012260,MONMOUTH,EATONTOWN BORO,08/26/2019,MO,0928,01,EATONTOWN PD,,0,0,0,0,P,B,N,N,01,2,ROUTE 547,W,547,,00000547__,25.69,05,,01,04,02,01,01,01,05,01,10,FE,E,CR 51 / HOPE RD,,,,40,50,26,,,N,,540
20191311I-2019-012285,MONMOUTH,EATONTOWN BORO,08/26/2019,MO,1546,01,EATONTOWN PD,EATONTOWN,0,0,0,0,P,B,N,N,01,2,MAIN ST,W,,,13381056__,.00,07,,01,04,02,01,01,01,05,01,25,FE,E,NJ 71 / BROAD ST,,,,25,35,26,,,N,,123
20191311I-2019-012321,MONMOUTH,EATONTOWN BORO,08/27/2019,TU,1201,01,EATONTOWN PD,EATONTOWN,0,0,0,0,P,B,N,N,02,2,NJ 35,N,35,,00000035__,30.32,02,,01,04,02,01,01,01,04,01,235,FE,S,SOUTH ST,,,,40,25,26,,,N,,116
20191311I-2019-012369,MONMOUTH,EATONTOWN BORO,08/28/2019,WE,1007,01,EATONTOWN PD,,0,0,0,0,P,I,N,N,01,2,NJ 36,W,36,,00000036__,2.03,02,,01,04,02,02,01,02,03,01,,AT,,DMV JUGHANDLE,,,,50,,26,,,N,,106
20191311I-2019-012370,MONMOUTH,EATONTOWN BORO,08/28/2019,WE,1030,01,EATONTOWN PD,,0,1,0,0,I,B,N,N,02,2,NJ 36,E,36,,00000036__,.81,02,,01,04,02,02,01,02,03,01,100,FE,W,GRANT AVE,,,,55,25,26,,,N,,121
20191311I-2019-012375,MONMOUTH,EATONTOWN BORO,08/28/2019,WE,1339,01,EATONTOWN PD,,0,2,0,0,I,B,N,N,01,2,NJ 35,S,35,,00000035__,28.36,02,,01,04,02,02,01,02,01,01,150,FE,N,INDUSTRIAL WAY,,,,45,45,26,,,N,,119
20191311I-2019-012383,MONMOUTH,EATONTOWN BORO,08/28/2019,WE,1700,01,EATONTOWN PD,,0,0,0,0,P,B,N,N,01,2,NJ 35,S,35,,00000035__,30.45,02,,01,04,02,02,01,02,05,01,30,FE,N,NJ 71 / ROUTE 537 / BROAD ST,,,,30,30,26,,,N,,119
20191311I-2019-012452,MONMOUTH,EATONTOWN BORO,08/29/2019,TH,2310,01,EATONTOWN PD,,0,0,0,0,P,B,N,N,11,1,NJ 36,E,36,,00000036__,1.94,02,,01,04,02,01,06,01,03,01,2113,FE,E,NJ 35 / NEPTUNE BLVD,,,,50,40,52,,,N,TELEPHONE POLE WAS DAMAGED,120
20191311I-2019-012535,MONMOUTH,EATONTOWN BORO,08/31/2019,SA,1518,01,EATONTOWN PD,,0,0,0,0,P,B,N,N,01,2,MONMOUTH COUNTY 32,W,32,,13000032__,.25,05,,03,04,02,01,01,01,05,01,10,FE,E,NJ 35,,,,35,40,26,,,N,,540
20191311I-2019-012589,MONMOUTH,EATONTOWN BORO,09/01/2019,SU,1053,01,EATONTOWN PD,,0,1,0,0,I,B,N,N,01,2,NJ 71,N,71,,00000071__,15.73,02,,01,04,02,01,01,01,05,01,5,FE,S,ETON PL / MAIN ST,,,,40,25,26,,,N,,103
20191311I-2019-012609,MONMOUTH,EATONTOWN BORO,09/01/2019,SU,1845,01,EATONTOWN PD,,0,0,0,0,P,B,N,N,01,3,NJ 36,W,36,,00000036__,1.21,02,,01,04,02,01,01,01,03,01,300,FE,W,ROUTE 547 / WYCKOFF RD,,,,55,40,26,,,N,,122
20191311I-2019-012638,MONMOUTH,EATONTOWN BORO,09/02/2019,MO,1228,01,EATONTOWN PD,,0,0,0,0,P,B,N,N,01,2,BUTTONWOOD AVE **,,,,13111045__,.00,07,,01,04,02,02,01,01,05,01,10,FE,W,SOUTH ST,,,,25,25,26,,,N,,106
20191311I-2019-012643,MONMOUTH,EATONTOWN BORO,09/02/2019,MO,1501,01,EATONTOWN PD,,0,0,0,0,P,B,N,N,01,2,NJ 35,S,35,,00000035__,28.33,02,,01,04,02,02,01,01,01,01,25,FE,N,INDUSTRIAL WAY,,,,50,40,26,,,N,,111
20191311I-2019-012668,MONMOUTH,EATONTOWN BORO,09/03/2019,TU,0744,01,EATONTOWN PD,,0,1,0,0,I,B,N,N,01,3,NJ 35,S,35,,00000035__,30.43,02,,02,04,02,01,01,01,05,01,50,FE,W,NJ 71 / ROUTE 537 / BROAD ST,,,,35,45,26,,,N,,119
20191311I-2019-012683,MONMOUTH,EATONTOWN BORO,09/03/2019,TU,1226,01,EATONTOWN PD,,0,0,0,0,P,B,N,N,02,2,NJ 35,N,35,,00000035__,29.38,02,,01,04,02,01,01,01,01,01,50,FE,S,NJ 36,,,,50,,26,,,N,,106
20191311I-2019-012708,MONMOUTH,EATONTOWN BORO,09/03/2019,TU,1651,01,EATONTOWN PD,EATONTOWN,0,1,0,0,I,B,N,N,01,2,NJ 36,W,36,,00000036__,2.03,02,,01,04,02,01,01,01,03,01,500,FE,E,DMV JUGHANDLE,,,,50,,26,,,N,,125
20191311I-2019-012709,MONMOUTH,EATONTOWN BORO,09/03/2019,TU,1755,01,EATONTOWN PD,EATONTOWN,0,0,0,0,P,B,N,N,03,2,NJ 35,N,35,,00000035__,30.35,02,,01,04,02,01,01,01,05,01,500,FE,S,NJ 71 / ROUTE 537 / BROAD ST,,,,30,25,26,,,N,,111
20191311I-2019-012753,MONMOUTH,EATONTOWN BORO,09/04/2019,WE,1629,01,EATONTOWN PD,EATONTOWN,0,0,0,0,P,B,N,N,02,2,NJ 35,S,35,,00000035__,29.43,02,,01,04,02,01,01,01,05,01,200,FE,N,NJ 36,,,,40,55,26,,,N,,540
20191311I-2019-012799,MONMOUTH,EATONTOWN BORO,09/05/2019,TH,2002,01,EATONTOWN PD,EATONTOWN,0,0,0,0,P,B,N,N,02,2,NJ 35,S,35,,00000035__,30.43,02,,01,04,02,01,06,01,05,01,50,FE,S,NJ 71 / ROUTE 537 / BROAD ST,,,,40,25,26,,,N,,117
20191311I-2019-012843,MONMOUTH,EATONTOWN BORO,09/06/2019,FR,1659,01,EATONTOWN PD,,0,0,0,0,P,B,N,N,01,2,NJ 36,W,36,,00000036__,.82,02,,01,04,02,02,01,02,01,01,40,FE,W,GRANT AVE,,,,,25,26,,,N,,119
20191311I-2019-012931,MONMOUTH,EATONTOWN BORO,09/09/2019,MO,0328,01,EATONTOWN PD,,0,0,0,0,P,B,N,N,12,1,MONMOUTH COUNTY 51,N,51,,13000051__,.55,05,,01,04,02,01,06,01,05,01,1815,FE,S,NJ 36 / GARDEN STATE PARKWAY SPUR,,,,50,55,24,,,N,,120
20191311I-2019-012984,MONMOUTH,EATONTOWN BORO,09/10/2019,TU,0750,01,EATONTOWN PD,,0,0,0,0,P,B,N,N,01,2,NJ 36,E,36,,00000036__,.82,02,,01,04,02,01,01,01,01,01,50,FE,W,GRANT AVE,,,,55,40,26,,,N,,122
20191311I-2019-012997,MONMOUTH,EATONTOWN BORO,09/10/2019,TU,1100,01,EATONTOWN PD,,0,0,0,0,P,B,N,N,01,2,MONMOUTH COUNTY 51,N,51,,13000051__,.62,05,,01,04,02,01,01,01,05,01,50,FE,S,CENTRE PLZ,,,,50,25,26,,,N,,122
20191311I-2019-013011,MONMOUTH,EATONTOWN BORO,09/10/2019,TU,1703,01,EATONTOWN PD,,0,0,0,0,P,B,N,N,01,2,NJ 36,E,36,,00000036__,.79,02,,01,04,02,01,01,01,03,01,200,FE,W,GRANT AVE,,,,55,25,26,,,N,,122
20191311I-2019-013049,MONMOUTH,EATONTOWN BORO,09/11/2019,WE,1253,01,EATONTOWN PD,,0,0,0,0,P,B,N,N,01,2,MONMOUTH COUNTY 32,,32,,13000032__,.25,05,,03,04,02,01,02,01,05,01,10,FE,E,NJ 35,,,,30,,26,,,N,,121
20191311I-2019-013061,MONMOUTH,EATONTOWN BORO,09/11/2019,WE,1810,01,EATONTOWN PD,,0,0,0,0,P,B,N,N,01,2,NJ 35,S,35,,00000035__,29.39,02,,03,04,02,01,01,01,01,01,,,,,F,NJ 36,EB,45,,26,,,N,,125
20191311I-2019-013094,MONMOUTH,EATONTOWN BORO,09/12/2019,TH,1520,01,EATONTOWN PD,,0,0,0,0,P,B,N,N,01,2,ROUTE 537,E,537,,00000537__,64.14,05,,01,07,02,01,01,01,05,01,300,FE,E,MAXWELL RD,,,,35,25,26,,,N,,119
20191311I-2019-013105,MONMOUTH,EATONTOWN BORO,09/12/2019,TH,1930,01,EATONTOWN PD,,0,3,0,0,I,I,N,N,01,2,MONMOUTH COUNTY 51,N,51,,13000051__,.63,05,,01,04,02,02,07,02,05,01,,AT,,CENTRE PLZ,,,,50,25,26,,,N,,560
20191311I-2019-013107,MONMOUTH,EATONTOWN BORO,09/12/2019,TH,2221,01,EATONTOWN PD,,0,1,0,0,I,B,N,N,11,1,NJ 35,S,35,,00000035__,28.32,02,,01,04,02,02,07,02,01,01,50,FE,S,INDUSTRIAL WAY,,,,50,40,48,,,N,MINOR SCRATCHES ON CONCRETE BARRIER,560
20191311I-2019-013109,MONMOUTH,EATONTOWN BORO,09/12/2019,TH,2327,01,EATONTOWN PD,,0,1,0,0,I,B,Y,N,02,2,NJ 36,E,36,,00000036__,2.03,02,,01,04,02,02,06,05,03,01,300,FE,E,DMV JUGHANDLE,,,,50,25,26,,,N,DAMAGE TO GRASS SHOULDER AND UTILITY POLE # TSG 482. THE UTILITY POLE WAS SHEAR?,102
20191311I-2019-013115,MONMOUTH,EATONTOWN BORO,09/13/2019,FR,0753,01,EATONTOWN PD,EATONTOWN,0,0,0,0,P,B,N,N,12,1,NJ 36,W,36,,00000036__,.08,02,,01,04,02,01,01,01,03,01,400,FE,E,CR 51 / HOPE RD,,,,55,40,25,,,N,BLACK LABRADOR RETRIEVER OWNED BY PHILLIP BRUNKE,122
20191311I-2019-013130,MONMOUTH,EATONTOWN BORO,09/13/2019,FR,1216,01,EATONTOWN PD,,0,0,0,0,P,B,N,N,12,1,MONMOUTH COUNTY 51,N,51,,13000051__,1.98,05,,01,04,02,01,01,01,04,01,100,FE,S,ROUTE 537 / TINTON AVE,,,,40,35,24,,,N,,104
20191311I-2019-013175,MONMOUTH,EATONTOWN BORO,09/14/2019,SA,1942,01,EATONTOWN PD,EATONTOWN,1,0,1,0,F,B,N,N,13,1,NJ 35,S,35,,00000035__,30.34,02,,01,04,02,01,06,01,05,01,130,FE,S,SOUTH ST,,,,30,25,22,,,N,,116
20191311I-2019-013200,MONMOUTH,EATONTOWN BORO,09/15/2019,SU,1258,01,EATONTOWN PD,,0,0,0,0,P,B,N,N,01,2,NJ 36,W,36,,00000036__,,02,,03,04,02,01,01,01,01,01,,,,,F,LAUREL PLACE,,55,,26,,,N,,840
20191311I-2019-013220,MONMOUTH,EATONTOWN BORO,09/15/2019,SU,2032,01,EATONTOWN PD,EATONTOWN,0,2,0,0,I,B,N,N,01,3,NJ 36,E,36,,00000036__,2.03,02,,01,04,02,01,06,01,03,01,226,FE,W,DMV JUGHANDLE,,,,50,25,26,,,N,,116
20191311I-2019-013234,MONMOUTH,EATONTOWN BORO,09/16/2019,MO,0730,01,EATONTOWN PD,,0,0,0,0,P,B,N,N,11,1,NICODEMUS AVE **,E,,,13111153__,.00,07,,01,04,02,00,,00,04,01,500,FE,W,NJ 71 / BROAD ST,,,,25,25,69,,,N,TWO CEMENT POLES WERE REMOVED FROM THEIR LOCATION AND WERE DAMAGED. A GATE ACCE?,109
20191311I-2019-013281,MONMOUTH,EATONTOWN BORO,09/17/2019,TU,0841,01,EATONTOWN PD,,0,0,0,0,P,B,N,N,01,2,ROUTE 537,E,537,,00000537__,64.50,05,,01,04,02,01,01,01,05,01,25,FE,W,NJ 35,,,,35,35,26,,,N,,108
20191311I-2019-013284,MONMOUTH,EATONTOWN BORO,09/17/2019,TU,1005,01,EATONTOWN PD,,0,0,0,0,P,B,N,N,03,2,INDUSTRIAL WAY E,,,,13111112__,.03,07,,01,04,02,01,01,01,05,01,150,FE,E,NJ 35,,,,40,,26,,,N,,102
20191311I-2019-013290,MONMOUTH,EATONTOWN BORO,09/17/2019,TU,1128,01,EATONTOWN PD,,0,0,0,0,P,B,N,N,01,2,NJ 36,E,36,,00000036__,1.26,02,,01,04,02,01,01,01,01,01,50,FE,W,ROUTE 547 / WYCKOFF RD,,,,50,,26,,,N,,121
20191311I-2019-013384,MONMOUTH,EATONTOWN BORO,09/19/2019,TH,1244,01,EATONTOWN PD,,0,0,0,0,P,B,N,N,01,2,NJ 35,N,35,,00000035__,28.24,02,,01,04,02,01,01,01,01,01,500,FE,S,INDUSTRIAL WAY,,,,50,,26,,,N,,109
20191311I-2019-013393,MONMOUTH,EATONTOWN BORO,09/19/2019,TH,1444,01,EATONTOWN PD,EATONTOWN,0,0,0,0,P,B,N,N,01,2,NJ 36,E,36,,00000036__,2.03,02,,01,04,02,01,01,01,03,01,150,FE,W,DMV JUGHANDLE,,,,50,25,26,,,N,,117
20191311I-2019-013417,MONMOUTH,EATONTOWN BORO,09/20/2019,FR,0756,01,EATONTOWN PD,,0,1,0,0,I,B,N,N,01,2,NJ 36,W,36,,00000036__,.89,02,,01,04,02,01,01,01,03,01,300,FE,E,GRANT AVE,,,,55,25,26,,,N,,102
20191311I-2019-013418,MONMOUTH,EATONTOWN BORO,09/20/2019,FR,0938,01,EATONTOWN PD,,0,2,0,0,I,I,N,N,03,2,NJ 71,E,71,,00000071__,15.79,02,,01,04,02,01,01,01,05,01,,AT,,ROUTE 547 / WYCKOFF RD,,,,35,40,26,,,N,,120
20191311I-2019-013465,MONMOUTH,EATONTOWN BORO,09/21/2019,SA,1927,01,EATONTOWN PD,,0,1,0,0,I,B,N,N,14,1,NJ 35,N,35,,00000035__,30.35,02,,01,04,02,01,06,01,04,01,50,FE,S,SOUTH ST,,,,40,,21,,,N,DAMAGE TO BICYCLE OWNED BY TANYANIKA L RILEY-WASHINGTON  95 RICHARDSON AVENUE  ?,110
20191311I-2019-013513,MONMOUTH,EATONTOWN BORO,09/23/2019,MO,0839,01,EATONTOWN PD,,0,0,0,0,P,B,N,N,01,2,NJ 36,W,36,,00000036__,1.28,02,,01,04,02,01,01,01,03,01,40,FE,E,ROUTE 547 / WYCKOFF RD,,,,50,40,26,,,N,,104
20191311I-2019-013548,MONMOUTH,EATONTOWN BORO,09/23/2019,MO,1543,01,EATONTOWN PD,,0,0,0,0,P,B,N,N,01,2,NJ 36,W,36,,00000036__,2.03,02,,01,04,02,01,01,01,03,01,200,FE,E,DMV JUGHANDLE,,,,45,25,26,,,N,,117
20191311I-2019-013550,MONMOUTH,EATONTOWN BORO,09/23/2019,MO,1650,01,EATONTOWN PD,,0,0,0,0,P,B,N,N,01,2,NJ 36,W,36,,00000036__,.89,02,,01,04,02,01,01,01,01,01,300,FE,E,GRANT AVE,,,,55,25,26,,,N,,117
20191311I-2019-013563,MONMOUTH,EATONTOWN BORO,09/23/2019,MO,2012,01,EATONTOWN PD,,0,0,0,0,P,B,N,N,01,2,NJ 71,,71,,00000071__,16.77,02,,02,04,02,01,06,01,05,01,50,FE,S,NJ 35 / NEPTUNE BOULEVARD,,,,35,35,26,,,N,,107
20191311I-2019-013581,MONMOUTH,EATONTOWN BORO,09/24/2019,TU,0932,01,EATONTOWN PD,,0,0,0,0,P,I,N,N,03,2,NJ 36,E,36,,00000036__,.83,02,,01,04,02,01,01,01,03,01,,AT,S,GRANT AVE,,,,55,25,26,,,N,,109
20191311I-2019-013627,MONMOUTH,EATONTOWN BORO,09/25/2019,WE,1020,01,EATONTOWN PD,,0,2,0,2,I,B,N,N,13,1,NJ 35,S,35,,00000035__,29.66,02,,01,04,02,01,01,01,05,01,75,FE,N,ROUTE 547 / WYCKOFF RD,,,,40,40,22,,,N,,102
20191311I-2019-013650,MONMOUTH,EATONTOWN BORO,09/25/2019,WE,1513,01,EATONTOWN PD,,0,0,0,0,P,B,N,N,01,2,NJ 36,W,36,,00000036__,.03,02,,01,04,02,01,01,01,03,01,150,FE,E,CR 51 / HOPE RD,,,,55,50,26,,,N,,102
20191311I-2019-013710,MONMOUTH,EATONTOWN BORO,09/27/2019,FR,0729,01,EATONTOWN PD,,0,0,0,0,P,I,N,N,02,2,ROUTE 537,W,537,,00000537__,64.08,05,,01,04,02,01,01,01,05,01,,AT,,MAXWELL RD,,,,35,25,26,,,N,,104
20191311I-2019-013714,MONMOUTH,EATONTOWN BORO,09/27/2019,FR,0810,01,EATONTOWN PD,,0,0,0,0,P,B,N,N,06,2,RYERS PLACE,E,,,,,07,,01,04,02,01,01,01,05,01,10,FE,W,ELM PLACE,,,,25,25,26,,,N,,104
20191311I-2019-013861,MONMOUTH,EATONTOWN BORO,09/29/2019,SU,1844,01,EATONTOWN PD,EATONTOWN,0,0,0,0,P,B,N,N,12,1,NJ 35,N,35,,00000035__,30.85,02,,01,04,02,01,06,01,05,01,1000,FE,N,ROUTE 537 / TINTON AVE,,,,40,35,24,,,N,,122
20191311I-2019-013889,MONMOUTH,EATONTOWN BORO,09/30/2019,MO,1602,01,EATONTOWN PD,,0,0,0,0,P,I,N,N,03,2,NJ 35,S,35,,00000035__,30.21,02,,01,04,02,01,01,01,05,01,,AT,,KREMER AVE,,,,30,25,26,,,N,,102
20191311I-2019-013890,MONMOUTH,EATONTOWN BORO,09/30/2019,MO,1603,01,EATONTOWN PD,,0,0,0,0,P,I,N,N,03,2,ROUTE 547,S,547,,00000547__,27.26,05,,01,04,02,01,01,01,05,01,,AT,,SOUTH ST,,,,45,25,26,,,N,,120
20191311I-2019-013960,MONMOUTH,EATONTOWN BORO,10/02/2019,WE,1607,01,EATONTOWN PD,EATONTOWN,0,0,0,0,P,B,N,N,15,1,NJ 18,N,18,,00000018__,,02,,01,04,02,01,01,01,03,01,,,,,,,,55,,39,,,N,,117
20191311I-2019-013966,MONMOUTH,EATONTOWN BORO,10/02/2019,WE,1810,01,EATONTOWN PD,EATONTOWN,0,0,0,0,P,B,N,N,01,2,NJ 36,W,36,,00000036__,1.56,02,,01,04,02,01,01,01,03,01,100,FE,E,NJ 35 / NEPTUNE BLVD,,,,50,45,26,,,N,,117
20191311I-2019-013977,MONMOUTH,EATONTOWN BORO,10/03/2019,TH,0144,01,EATONTOWN PD,,0,0,0,0,P,B,N,N,11,1,NJ 35,S,35,,00000035__,30.70,02,,02,04,02,02,06,01,04,01,200,FE,N,ROUTE 537 / TINTON AVE,,,,40,35,53,,,N,CVS LIGHT POLE,540
20191311I-2019-014033,MONMOUTH,EATONTOWN BORO,10/04/2019,FR,1412,01,EATONTOWN PD,EATONTOWN,0,0,0,0,P,B,N,N,11,1,ROUTE 547,N,547,,00000547__,27.98,05,,01,04,02,01,01,01,05,01,75,FE,S,ORCHARD LN,,,,45,25,56,,,N,UTILITY POLE,120
20191311I-2019-014035,MONMOUTH,EATONTOWN BORO,10/04/2019,FR,1456,01,EATONTOWN PD,,0,1,0,0,I,B,N,N,02,2,NJ 35,S,35,,00000035__,30.21,02,,01,04,02,01,01,01,04,01,10,FE,N,KREMER AVE,,,,30,25,26,,,N,,102
20191311I-2019-014038,MONMOUTH,EATONTOWN BORO,10/04/2019,FR,1720,01,EATONTOWN PD,EATONTOWN,0,0,0,0,P,B,N,N,03,2,MONMOUTH COUNTY 32,E,32,,13000032__,,05,,01,04,02,01,01,01,05,01,100,FE,E,NJ 35,,,,35,40,26,,,N,,102
20191311I-2019-014053,MONMOUTH,EATONTOWN BORO,10/05/2019,SA,1023,01,EATONTOWN PD,EATONTOWN,0,1,0,0,I,B,N,N,03,2,MONMOUTH COUNTY 51,N,51,,13000051__,.85,05,,01,04,02,01,01,01,05,,200,FE,S,NJ 36 / GARDEN STATE PARKWAY SPUR,,,,50,55,26,,,N,,102
20191311I-2019-014086,MONMOUTH,EATONTOWN BORO,10/06/2019,SU,1643,01,EATONTOWN PD,,0,2,0,0,I,B,N,N,01,2,ROUTE 547,N,547,,00000547__,27.03,05,,01,04,02,01,01,01,02,01,250,FE,S,NJ 36,,,,40,50,26,,,N,,560
20191311I-2019-014099,MONMOUTH,EATONTOWN BORO,10/07/2019,MO,0558,01,EATONTOWN PD,EATONTOWN,0,1,0,0,I,I,N,N,03,2,MONMOUTH COUNTY 51,N,51,,13000051__,2.00,05,,01,04,02,01,06,01,05,01,,AT,N,ROUTE 537 / TINTON AVE,,,,40,40,26,,,N,,660
20191311I-2019-014142,MONMOUTH,EATONTOWN BORO,10/08/2019,TU,0640,01,EATONTOWN PD,EATONTOWN,0,0,0,0,P,B,N,N,07,2,ROUTE 537,E,537,,00000537__,64.49,05,,01,04,02,01,02,05,04,01,50,FE,W,NJ 35,,,,35,40,26,,,N,,123
20191311I-2019-014145,MONMOUTH,EATONTOWN BORO,10/08/2019,TU,0809,01,EATONTOWN PD,EATONTOWN,0,0,0,0,P,B,N,N,01,2,NJ 36,E,36,,00000036__,2.03,02,,01,04,02,01,01,05,03,01,216,FE,W,DMV JUGHANDLE,,,,50,25,26,,,N,,116
20191311I-2019-014146,MONMOUTH,EATONTOWN BORO,10/08/2019,TU,0845,01,EATONTOWN PD,EATONTOWN,0,0,0,0,P,B,N,N,05,3,MONMOUTH COUNTY 51,N,51,,13000051__,,07,,01,04,02,01,01,05,05,01,70,FE,N,INDUSTRIAL WAY WEST,,,,40,45,26,,,N,,116
20191311I-2019-014187,MONMOUTH,EATONTOWN BORO,10/09/2019,WE,0838,01,EATONTOWN PD,,0,0,0,0,P,I,N,N,07,3,NJ 71,E,71,,00000071__,15.73,02,,01,04,02,02,01,02,05,01,,AT,,ETON PL / MAIN ST,,,,35,25,26,,,N,,120
20191311I-2019-014201,MONMOUTH,EATONTOWN BORO,10/09/2019,WE,1846,01,EATONTOWN PD,,0,1,0,0,I,B,N,N,01,2,MONMOUTH COUNTY 51,,51,,13000051__,.88,05,,01,04,02,02,06,01,05,01,50,FE,S,NJ 36 / GARDEN STATE PARKWAY SPUR,,,,50,55,26,,,N,,110
20191311I-2019-014210,MONMOUTH,EATONTOWN BORO,10/10/2019,TH,0802,01,EATONTOWN PD,,0,0,0,0,P,B,N,N,01,2,MONMOUTH COUNTY 51,N,51,,13000051__,.87,05,,01,04,02,01,01,01,05,01,100,FE,S,NJ 36 / GARDEN STATE PARKWAY SPUR,,,,50,55,26,,,N,,102
20191311I-2019-014225,MONMOUTH,EATONTOWN BORO,10/10/2019,TH,1511,01,EATONTOWN PD,,0,2,0,0,I,B,N,N,01,2,ROUTE 547,,547,,00000547__,28.29,05,,01,04,02,01,01,01,05,01,5,FE,S,NJ 71 / ROUTE 537 / BROAD ST,,,,40,35,26,,,N,,102
20191311I-2019-014235,MONMOUTH,EATONTOWN BORO,10/10/2019,TH,2305,01,EATONTOWN PD,,0,0,0,0,P,I,N,N,02,2,NJ 35,,35,,00000035__,29.39,02,,01,04,02,01,06,01,01,01,,AT,,NJ 36,,,,50,50,26,,,N,,110
20191311I-2019-014254,MONMOUTH,EATONTOWN BORO,10/11/2019,FR,1650,01,EATONTOWN PD,,0,3,0,0,I,B,N,N,04,3,NJ 35,N,35,,00000035__,30.42,02,,01,04,02,01,01,01,05,01,100,FE,S,NJ 71 / ROUTE 537 / BROAD ST,,,,40,30,26,,,N,,103
20191311I-2019-014259,MONMOUTH,EATONTOWN BORO,10/11/2019,FR,1848,01,EATONTOWN PD,,0,0,0,0,P,B,N,N,01,2,NJ 36,E,36,,00000036__,1.18,02,,01,04,02,01,07,01,03,01,500,FE,W,ROUTE 547 / WYCKOFF RD,,,,55,45,26,,,N,,117
20191311I-2019-014336,MONMOUTH,EATONTOWN BORO,10/13/2019,SU,1406,01,EATONTOWN PD,,0,1,0,0,I,B,N,N,01,2,NJ 35,N,35,,00000035__,29.00,02,,01,04,02,01,01,01,01,01,10,FE,S,MALL JUGHANDLE,,,,45,25,26,,,N,,123
20191311I-2019-014371,MONMOUTH,EATONTOWN BORO,10/14/2019,MO,1150,01,EATONTOWN PD,,0,0,0,0,P,B,N,N,02,2,ROUTE 547,S,547,,00000547__,27.38,05,,01,04,02,01,01,01,04,01,30,FE,N,NJ 35,,,,35,40,26,,,N,,121
20191311I-2019-014428,MONMOUTH,EATONTOWN BORO,10/15/2019,TU,1240,01,EATONTOWN PD,,0,0,0,0,P,I,N,N,02,2,NJ 71,N,71,,00000071__,15.73,02,,01,04,02,01,01,01,05,01,,AT,,ETON PL / MAIN ST,,,,35,25,26,,,N,,110
20191311I-2019-014439,MONMOUTH,EATONTOWN BORO,10/15/2019,TU,1655,01,EATONTOWN PD,,0,0,0,0,P,B,N,N,11,1,NJ 36,E,36,,00000036__,.00,02,,01,04,02,01,01,01,01,01,500,FE,W,CR 51 / HOPE RD,,,,55,50,60,,,N,,121
20191311I-2019-014441,MONMOUTH,EATONTOWN BORO,10/15/2019,TU,1856,01,EATONTOWN PD,,0,0,0,0,P,B,N,N,01,2,GRANT AVENUE,,,,,,07,,01,04,02,01,06,01,05,01,200,FE,N,NJ 36,,,,25,50,26,,,N,,120