Year(4)-CountyCode(2)-MunicipalityCode(2)-CaseNumber(9),County Name,Municipality Name,Crash Date,Crash Day of Week,Crash Time,Police Department Code,Police Department,Police Station,Total Killed,Total Injured,Pedestrians Killed,Pedestrians Injured,Severity,Intersection,Alcohol Involved,Hazmat Involved,Crash Type,Total Vehicles,Location,Location Direction,Route,Route Suffix,Std Rte Identifier,MilePost,Road System,Road Character,Road Horizontal Alignment,Road Grade,Road Surface Type,Surface Condition,Light Condition,Environmental Condition,Road Divided By,Temporary Traffic Control Zone,Distance To Cross Street,Unit Of Measurement,Direction From Cross Street,Cross Street Name,Is Ramp,Ramp To/From Route Name,Ramp To/From Route Direction,Posted Speed,Posted Speed Cross Street,First Harmful Event,Latitude,Longitude,Cell Phone In Use Flag,Other Property Damage,Reporting Badge No.
2019131219ET00311,MONMOUTH,ENGLISHTOWN BORO,01/12/2019,SA,0846,01,ENGLISHTOWN PD,19ETA0004,0,1,0,0,I,I,N,N,03,2,LASATTA AVE / TRACY STATION RD,W,,,13121051__,.37,07,,01,04,02,01,01,01,05,01,,AT,,ENGLISH CLUB DR,,,,25,25,26,40.297700,74.370050,N,,20
2019131219ET00624,MONMOUTH,ENGLISHTOWN BORO,01/22/2019,TU,1529,01,ENGLISHTOWN PD,19ETA0005,0,0,0,0,P,I,N,N,01,2,HARRISON AVE,S,,,,,07,,01,04,02,01,01,01,05,01,,AT,,TENNENT AVE,,,,25,25,26,40.295500,74.355590,N,,22
2019131219ET01100,MONMOUTH,ENGLISHTOWN BORO,02/07/2019,TH,1928,01,ENGLISHTOWN PD,19ETA0007,0,0,0,0,P,B,N,N,11,1,HARRISON AVE,S,,,,,07,,01,04,02,01,05,01,05,01,50,FE,S,PINE ST,,,,25,25,54,40.298000,74.355700,N,"NO PARKING"""" SIGN / BOROUGH OF ENGLISHTOWN 15 MAIN ST (732-446-9235)",22
2019131219ET01380,MONMOUTH,ENGLISHTOWN BORO,02/15/2019,FR,1653,01,ENGLISHTOWN PD,19ETA0009,0,0,0,0,P,B,N,N,01,2,ROUTE 522,S,522,,00000522__,16.11,05,,01,04,02,01,01,01,05,01,100,FE,N,TENNENT AVE,,,,25,25,26,40.295800,74.358400,N,,22
2019131219ET01972,MONMOUTH,ENGLISHTOWN BORO,03/04/2019,MO,0804,01,ENGLISHTOWN PD,19ETA0012,0,0,0,0,P,B,N,N,05,2,LASATTA AVE / TRACY STATION RD,W,,,13121051__,.00,07,,01,04,02,03,01,05,05,01,225,FE,W,ROUTE 522 / WOOD AVE,,,,25,35,26,40.297359,74.363109,N,,2
2019131219ET02058,MONMOUTH,ENGLISHTOWN BORO,03/06/2019,WE,1827,01,ENGLISHTOWN PD,19ETA0011,0,1,0,0,I,I,N,N,04,2,ROUTE 527,N,527,,00000527__,30.50,05,,01,04,02,01,06,01,05,01,,AT,,WILSON AVE,,,,25,40,26,40.302140,74.356720,N,,20
2019131219ET02118,MONMOUTH,ENGLISHTOWN BORO,03/08/2019,FR,1205,01,ENGLISHTOWN PD,19ETA0013,0,0,0,0,P,I,N,N,03,2,ROUTE 522,W,522,,00000522__,15.96,05,,01,04,02,01,01,05,05,01,,AT,,HARRISON AVE,,,,25,25,26,40.294990,74.356600,N,,21
2019131219ET02171,MONMOUTH,ENGLISHTOWN BORO,03/09/2019,SA,1316,01,ENGLISHTOWN PD,19ETA0015,0,0,0,0,P,I,N,N,02,2,ROUTE 527,S,527,,00000527__,29.97,05,,01,04,02,01,01,01,05,01,,AT,,ROUTE 522 / TENNENT AVE,,,,25,25,26,40.295680,74.358830,N,,21
2019131219ET02588,MONMOUTH,ENGLISHTOWN BORO,03/20/2019,WE,1315,01,ENGLISHTOWN PD,19ETA0018,0,1,0,0,I,I,Y,N,11,1,ROUTE 527,N,527,,00000527__,29.61,05,,01,04,02,01,01,01,05,01,,AT,,PARK AVE,,,,25,35,46,40.293580,74.359080,N,GUARD RAIL MC HIGHWAY DEPT. 250 CENTER ST. FREEHOLD  NJ  07728/ (732)431-6550,20
2019131219ET03795,MONMOUTH,ENGLISHTOWN BORO,04/20/2019,SA,1808,01,ENGLISHTOWN PD,19ETA0021,0,1,0,0,I,I,N,N,04,2,ROUTE 522,N,522,,00000522__,15.92,05,,01,04,02,01,01,01,05,01,,AT,S,VICTORY DR,,,,25,25,26,40.295400,74.356390,N,,21
2019131219ET03996,MONMOUTH,ENGLISHTOWN BORO,04/28/2019,SU,1117,01,ENGLISHTOWN PD,19ETA0022,0,1,0,0,I,B,N,N,01,2,ROUTE 522,E,522,,00000522__,15.92,05,,01,04,02,01,01,01,05,01,25,FE,E,VICTORY DR,,,,25,25,26,40.295368,74.356269,N,,4
2019131219ET04032,MONMOUTH,ENGLISHTOWN BORO,04/29/2019,MO,1602,01,ENGLISHTOWN PD,19ETA0023,0,0,0,0,P,B,N,N,01,2,MONMOUTH COUNTY 22,W,22,,13000022__,.00,05,,01,04,02,01,01,01,05,01,75,FE,W,ROUTE 527 / MAIN ST,,,,25,25,26,40.302140,74.356720,N,,21
2019131219ET04378,MONMOUTH,ENGLISHTOWN BORO,05/10/2019,FR,1844,01,ENGLISHTOWN PD,19ETA0026,0,0,0,0,P,B,N,N,06,2,IRVING PL **,W,,,13121004__,.06,07,,01,04,02,01,01,01,05,01,100,FE,S,HAMILTON ST,,,,25,25,28,40.296000,74.354300,N,,22
2019131219ET04424,MONMOUTH,ENGLISHTOWN BORO,05/12/2019,SU,0333,01,ENGLISHTOWN PD,19ETA0027,0,0,0,0,P,I,Y,N,03,2,ROUTE 522,N,522,,00000522__,15.47,05,,01,04,02,02,07,02,05,01,,AT,W,HARMONY LN / LASATTA AVE,,,,35,25,26,40.297359,74.363109,N,,14
2019131219ET04661,MONMOUTH,ENGLISHTOWN BORO,05/19/2019,SU,1024,01,ENGLISHTOWN PD,,0,0,0,0,P,B,N,N,06,2,VICTORY DR **,S,,,13121002__,.20,07,,01,04,02,01,01,01,05,01,50,FE,N,LAKESIDE DR,,,,25,25,,40.293060,74.356080,N,,12024
2019131219ET04735,MONMOUTH,ENGLISHTOWN BORO,05/22/2019,WE,1642,01,ENGLISHTOWN PD,19ETA0032,0,0,0,0,P,I,N,N,03,2,ROUTE 527,S,527,,00000527__,30.08,05,,01,04,02,01,01,01,05,01,,AT,,ROUTE 522 / WATER ST,,,,25,25,,40.297100,74.358410,N,,25
2019131219ET04772,MONMOUTH,ENGLISHTOWN BORO,05/23/2019,TH,1921,01,ENGLISHTOWN PD,19ETA0033,0,0,0,0,P,B,N,N,01,2,ROUTE 527,N,527,,00000527__,30.50,05,,01,04,02,01,01,01,05,01,100,FE,N,GORDONS CORNER RD,,,,40,35,26,40.302140,74.356720,N,,22
2019131219ET0492,MONMOUTH,ENGLISHTOWN BORO,05/01/2019,WE,1724,01,ENGLISHTOWN PD,19ETA0024,0,1,0,0,I,I,N,N,08,2,ROUTE 527,E,527,,00000527__,29.97,05,,01,04,02,01,01,01,05,01,,AT,,ROUTE 522 / TENNENT AVE,,,,25,25,26,40.295660,74.358910,N,,8
2019131219ET05260,MONMOUTH,ENGLISHTOWN BORO,06/04/2019,TU,1645,01,ENGLISHTOWN PD,19ETA0036,0,0,0,0,P,B,N,N,01,2,ROUTE 527,N,527,,00000527__,29.97,05,,01,04,02,01,01,01,05,01,50,FE,S,ROUTE 522 / WATER ST,,,,25,25,26,40.296838,74.358356,N,,21
2019131219ET05807,MONMOUTH,ENGLISHTOWN BORO,06/15/2019,SA,1535,01,ENGLISHTOWN PD,19ETA0042,0,0,0,0,P,B,N,N,08,2,31 MAIN ST (P-LOT),,,,,,09,,01,04,02,01,01,01,05,01,,,,,,,,,,26,40.296890,74.358950,N,,24
2019131219ET06087,MONMOUTH,ENGLISHTOWN BORO,06/21/2019,FR,2014,01,ENGLISHTOWN PD,19ETA0044,0,0,0,0,P,I,N,N,11,1,ROUTE 527,N,527,,00000527__,29.97,05,,01,04,02,01,03,01,05,01,,AT,N,ROUTE 522 / TENNENT AVE,,,,25,25,60,40.293580,74.359080,N,,25
2019131219ET06355,MONMOUTH,ENGLISHTOWN BORO,06/28/2019,FR,1601,01,ENGLISHTOWN PD,19ETA0049,0,0,0,0,P,B,N,N,06,2,HAMILTON ST **,W,,,13121005__,.26,07,,01,04,02,01,01,01,05,01,360,FE,E,ROUTE 527 / MAIN ST,,,,25,25,28,40.296510,74.356790,N,,23
2019131219ET06393,MONMOUTH,ENGLISHTOWN BORO,06/29/2019,SA,1639,01,ENGLISHTOWN PD,19ETA0047,0,0,0,0,P,I,N,N,02,2,ROUTE 527,S,527,,00000527__,30.31,05,,01,04,02,01,01,01,05,01,,AT,W,DEY ST / W DEY ST,,,,25,25,26,40.300379,74.357722,N,,4
2019131219ET07138,MONMOUTH,ENGLISHTOWN BORO,07/17/2019,WE,1718,01,ENGLISHTOWN PD,19ETA0051,0,1,0,0,I,I,N,N,04,2,ROUTE 527,S,527,,00000527__,30.44,05,,01,04,02,02,01,02,05,01,,AT,,GORDONS CORNER ROAD,,,,40,35,26,40.302530,74.357370,N,,22
2019131219ET07189,MONMOUTH,ENGLISHTOWN BORO,07/19/2019,FR,1527,01,ENGLISHTOWN PD,19ETA0052,0,1,0,0,I,B,N,N,01,2,ROUTE 527,S,527,,00000527__,30.18,05,,01,04,02,01,01,01,05,01,120,FE,S,PINE ST,,,,25,25,26,40.299184,74.358058,N,,25
2019131219ET07282,MONMOUTH,ENGLISHTOWN BORO,07/22/2019,MO,1722,01,ENGLISHTOWN PD,09ETA0058,0,1,0,0,I,B,N,N,01,2,ROUTE 522,E,522,,00000522__,15.93,05,,01,04,02,01,01,01,05,01,150,FE,W,HARRISON AVE,,,,25,25,26,40.295370,74.355840,N,,25
2019131219ET07975,MONMOUTH,ENGLISHTOWN BORO,08/06/2019,TU,0803,01,ENGLISHTOWN PD,19ETA0054,0,0,0,0,P,I,N,N,01,2,ROUTE 522,,522,,00000522__,15.72,05,,01,04,02,01,01,01,05,01,,AT,,ROUTE 527 / MAIN ST,,,,25,25,26,40.297106,74.358940,N,,23
2019131219ET08739,MONMOUTH,ENGLISHTOWN BORO,08/26/2019,MO,1115,01,ENGLISHTOWN PD,19ETA0060,0,0,0,0,P,I,N,N,03,2,ROUTE 522,E,522,,00000522__,15.96,05,,01,04,02,01,01,01,05,01,,AT,,HARRISON AVE,,,,25,25,26,40.295334,74.355870,N,,23
2019131219ET08830,MONMOUTH,ENGLISHTOWN BORO,08/28/2019,WE,1140,01,ENGLISHTOWN PD,19ETA0057,0,1,0,0,I,B,N,N,01,2,ROUTE 527,S,527,,00000527__,29.97,05,,01,04,02,02,01,05,05,01,15,FE,N,ROUTE 522 / TENNENT AVE,,,,25,25,26,40.295470,74.358370,N,,25
2019131219ET08920,MONMOUTH,ENGLISHTOWN BORO,08/30/2019,FR,1734,01,ENGLISHTOWN PD,19ETA0058,0,1,0,0,I,I,N,N,01,2,ROUTE 527,N,527,,00000527__,30.08,05,,01,04,02,01,01,01,05,01,,AT,,ROUTE 522 / WATER ST,,,,25,25,26,40.297012,74.358379,N,,24
2019131219ET09839,MONMOUTH,ENGLISHTOWN BORO,09/23/2019,MO,0756,01,ENGLISHTOWN PD,19ETA0064,0,0,0,0,P,B,N,N,15,1,CARRIAGE LN **,W,,,13121008__,,07,,03,04,02,01,01,01,05,01,,,,,,,,25,,39,40.297796,74.366570,N,DENT TO THE RIM OF BASKETBALL NET.,24
2019131219ET09936,MONMOUTH,ENGLISHTOWN BORO,09/25/2019,WE,0842,01,ENGLISHTOWN PD,19ETA0068,0,0,0,0,P,I,N,N,01,2,ROUTE 522,S,522,,00000522__,14.41,05,,01,04,02,01,01,01,05,01,,AT,,HAMILTON ST,,,,25,,26,40.296457,74.357247,N,,23
2019131219ET11548,MONMOUTH,ENGLISHTOWN BORO,11/11/2019,MO,1633,01,ENGLISHTOWN PD,19ETA0072,0,0,0,0,P,I,N,N,02,2,ROUTE 527,N,527,,00000527__,30.08,05,,01,04,02,01,01,01,05,01,,AT,,ROUTE 522 / WATER ST,,,,25,25,26,40.297090,74.358400,N,,23
2019131219ET12244,MONMOUTH,ENGLISHTOWN BORO,12/09/2019,MO,1820,01,ENGLISHTOWN PD,19ETA0075,0,0,0,0,P,I,N,N,03,2,ROUTE 522,W,522,,00000522__,15.96,05,,01,04,02,02,06,02,05,01,,AT,,HARRISON AVE,,,,25,25,26,40.295400,74.355800,N,,24
2019131219ET12373,MONMOUTH,ENGLISHTOWN BORO,12/13/2019,FR,1934,01,ENGLISHTOWN PD,19ETA0076,0,0,0,0,P,I,N,N,01,2,ROUTE 527,S,527,,00000527__,30.44,05,,01,04,02,02,05,02,05,01,,AT,,GORDONS CORNER ROAD,,,,40,35,26,40.302530,74.357370,N,,22
2019131219ET12443,MONMOUTH,ENGLISHTOWN BORO,12/16/2019,MO,0159,01,ENGLISHTOWN PD,19ETA0079,0,0,0,0,P,B,N,N,12,1,ROUTE 522,N,522,,00000522__,15.18,05,,01,04,02,01,07,01,05,01,200,FE,S,NORTHGATE DR,,,,35,25,24,40.300180,74.365090,N,,22
2019131219ET12744,MONMOUTH,ENGLISHTOWN BORO,12/27/2019,FR,0020,01,ENGLISHTOWN PD,19ETA0083,0,0,0,0,P,I,N,N,04,2,ROUTE 527,S,527,,00000527__,30.44,05,,01,04,02,01,06,01,05,01,,AT,,GORDONS CORNER ROAD,,,,40,35,26,40.302140,74.356720,N,,8
2019131319FH00289,MONMOUTH,FAIR HAVEN BORO,01/12/2019,SA,0609,01,FAIR HAVEN PD,1313,0,0,0,0,P,B,N,N,11,2,MONMOUTH COUNTY 34,E,34,,13000034__,,05,,01,04,02,01,02,01,04,01,,,,,,,,40,,,40.350890,74.044560,N,UTILITY POLE # BT669FH AND 100 FEET OF BOROUGH OWNED SPLIT RAIL FENCING,13038
2019131319FH00441,MONMOUTH,FAIR HAVEN BORO,01/18/2019,FR,1645,01,FAIR HAVEN PD,,0,0,0,0,P,B,N,N,08,2,RIVER RD; ACME,,,,,,07,,,04,02,02,03,01,,01,,,,,,,,,,28,40.360800,74.042230,N,,13039
2019131319FH00584,MONMOUTH,FAIR HAVEN BORO,01/24/2019,TH,1428,01,FAIR HAVEN PD,FAIR HAVEN PD,0,0,0,0,P,B,N,N,11,2,MONMOUTH COUNTY 10,,10,,13000010__,,05,,01,04,02,02,01,02,04,01,,,,,,,,30,,,,,N,DAMAGED FAIR HAVEN BOROUGH LIGHT POLE & JCP&L TELEPHONE POLE,13035
2019131319FH00765,MONMOUTH,FAIR HAVEN BORO,02/01/2019,FR,1441,01,FAIR HAVEN PD,FAIR HAVEN PD,0,0,0,0,P,I,N,N,01,2,MONMOUTH COUNTY 10,,10,,13000010__,,05,,01,04,02,01,01,01,04,01,,AT,,CHARLES COURT,,,,40,25,26,,,N,,13035
2019131319FH00851,MONMOUTH,FAIR HAVEN BORO,02/03/2019,SU,1854,01,FAIR HAVEN PD,,0,0,0,0,P,B,N,N,06,2,MONMOUTH COUNTY 10,W,10,,13000010__,,05,,01,04,02,01,07,01,05,01,,,,,,,,35,,26,40.357870,74.048790,N,,13039
2019131319FH00951,MONMOUTH,FAIR HAVEN BORO,02/08/2019,FR,1734,01,FAIR HAVEN PD,1313,0,0,0,0,P,B,N,N,02,2,MONMOUTH COUNTY 10,W,10,,13000010__,,05,,01,04,02,01,03,01,04,,,,,,,,,30,,26,,,N,,13038
2019131319FH00982,MONMOUTH,FAIR HAVEN BORO,02/09/2019,SA,1147,01,FAIR HAVEN PD,1313,0,0,0,0,P,B,N,N,01,2,MONMOUTH COUNTY 10,W,10,,13000010__,2.06,05,,01,04,02,01,01,01,04,01,,,,HANCE RD,,,,30,,26,40.359660,74.045750,N,,13038
2019131319FH00996,MONMOUTH,FAIR HAVEN BORO,02/09/2019,SA,1850,01,FAIR HAVEN PD,,0,0,0,0,P,B,N,N,06,2,MONMOUTH COUNTY 10,W,10,,13000010__,2.33,05,,01,04,02,01,06,01,05,01,100,FE,W,CEDAR AVE,,,,30,25,28,,,N,,13033
2019131319FH01209,MONMOUTH,FAIR HAVEN BORO,02/19/2019,TU,1613,01,FAIR HAVEN PD,1313,0,0,0,0,P,I,N,N,01,2,MONMOUTH COUNTY 10,E,10,,13000010__,,05,,01,04,02,01,01,01,04,01,,AT,,NAVESINK,,,,30,25,26,40.361310,74.042720,N,,13038
2019131319FH01436,MONMOUTH,FAIR HAVEN BORO,03/01/2019,FR,1455,01,FAIR HAVEN PD,,0,0,0,0,P,I,N,N,05,2,MONMOUTH COUNTY 34,,34,,13000034__,1.25,05,,01,04,02,01,01,05,05,01,,AT,,HARDING RD,,,,40,35,39,40.349750,74.045590,N,,13039
2019131319FH01438,MONMOUTH,FAIR HAVEN BORO,03/01/2019,FR,1733,01,FAIR HAVEN PD,,0,2,0,0,I,I,N,N,01,2,MONMOUTH COUNTY 10,,10,,13000010__,2.06,05,,01,04,02,01,03,05,05,01,,AT,,HANCE RD,,,,35,25,26,40.359660,74.045750,N,,13039
2019131319FH01685,MONMOUTH,FAIR HAVEN BORO,03/11/2019,MO,1209,01,FAIR HAVEN PD,,0,0,0,0,P,I,N,N,12,1,MONMOUTH COUNTY 10,E,10,,13000010__,2.06,05,,01,04,02,01,01,01,05,01,,AT,,HANCE RD,,,,35,25,99,40.359660,74.045750,N,,13039
2019131319FH01690,MONMOUTH,FAIR HAVEN BORO,03/11/2019,MO,1439,01,FAIR HAVEN PD,,0,0,0,0,P,B,N,N,01,3,MONMOUTH COUNTY 10,W,10,,13000010__,2.87,05,,01,04,02,01,01,01,05,01,,,W,MINTON LN / OAK PL,,,,40,25,26,40.348700,74.048900,N,,
2019131319FH01767,MONMOUTH,FAIR HAVEN BORO,03/14/2019,TH,2153,01,FAIR HAVEN PD,,0,0,0,0,P,B,N,N,08,2,MONMOUTH COUNTY 10,E,10,,13000010__,2.44,05,,01,04,02,01,07,01,,01,50,FE,W,BATTIN RD,,,,30,25,26,,,N,,13234
2019131319FH02289,MONMOUTH,FAIR HAVEN BORO,04/05/2019,FR,1159,01,FAIR HAVEN PD,1313,0,0,0,0,P,I,N,N,03,2,MONMOUTH COUNTY 10,W,10,,13000010__,2.77,05,,01,04,02,01,01,01,04,01,,AT,,DENORMANDY AVE,,,,30,25,26,40.364990,74.034350,N,,13038
2019131319FH02492,MONMOUTH,FAIR HAVEN BORO,04/12/2019,FR,1526,01,FAIR HAVEN PD,,0,1,0,0,I,I,N,N,03,2,MONMOUTH COUNTY 34,E,34,,13000034__,2.16,05,,01,06,02,01,01,01,05,01,,AT,,FAIR HAVEN RD,,,,40,25,26,,,N,,13029
2019131319FH02647,MONMOUTH,FAIR HAVEN BORO,04/18/2019,TH,1713,01,FAIR HAVEN PD,,0,0,0,0,P,B,N,N,11,1,MONMOUTH COUNTY 10,E,10,,13000010__,,05,,01,04,02,01,01,01,05,01,,,,,,,,30,,54,40.365750,74.032710,N,,13039
2019131319FH02685,MONMOUTH,FAIR HAVEN BORO,04/20/2019,SA,1147,01,FAIR HAVEN PD,1313,0,0,0,0,P,B,N,N,13,1,MONMOUTH COUNTY 10,W,10,,13000010__,,05,,01,04,02,02,01,05,04,01,,,,,,,,30,,22,40.364440,74.035250,N,,13038
2019131319FH02706,MONMOUTH,FAIR HAVEN BORO,04/21/2019,SU,1827,01,FAIR HAVEN PD,PD13,0,0,0,0,P,B,N,N,03,2,CHURCH ST **,S,,,13131044__,.35,07,,01,04,02,01,03,01,05,01,100,FE,S,CR 10 / RIVER RD,,,,20,30,99,,,N,022,13231
2019131319FH02789,MONMOUTH,FAIR HAVEN BORO,04/25/2019,TH,1722,01,FAIR HAVEN PD,,0,0,0,0,P,I,N,N,05,2,MONMOUTH COUNTY 10,S,10,,13000010__,2.25,05,,01,04,02,02,03,02,04,01,,AT,,NAVESINK AVE,,,,30,25,26,40.360610,74.043000,N,,13031
2019131319FH02827,MONMOUTH,FAIR HAVEN BORO,04/27/2019,SA,1043,01,FAIR HAVEN PD,,0,0,0,0,P,B,N,N,01,2,MONMOUTH COUNTY 10,E,10,,13000010__,2.35,05,,01,04,02,01,01,01,05,01,,FE,W,CEDAR AVE,,,,30,20,26,40.361810,74.041120,N,,13039
2019131319FH03155,MONMOUTH,FAIR HAVEN BORO,05/10/2019,FR,1500,01,FAIR HAVEN PD,,0,0,0,0,P,I,N,N,03,2,MAPLE AVE **,S,,,13131041__,.11,07,,01,04,02,01,01,01,05,01,,AT,S,HAYES PL / FISK ST,,,,25,25,26,40.361640,74.037520,N,,13034
2019131319FH03223,MONMOUTH,FAIR HAVEN BORO,05/13/2019,MO,1506,01,FAIR HAVEN PD,,0,0,0,0,P,B,N,N,08,2,HANCE RD,,,,,,07,,01,04,02,02,01,02,05,01,,,,,,,,25,,26,40.359660,74.045750,N,,13031
2019131319FH03238,MONMOUTH,FAIR HAVEN BORO,05/14/2019,TU,1624,01,FAIR HAVEN PD,FAIR HAVEN,0,0,0,0,P,I,N,N,01,2,MONMOUTH COUNTY 10,N,10,,13000010__,2.06,05,,01,04,02,02,01,02,05,01,,AT,W,HANCE RD,,,,30,,26,40.359660,74.045750,N,,13036
2019131319FH03386,MONMOUTH,FAIR HAVEN BORO,05/20/2019,MO,1054,01,FAIR HAVEN PD,,0,0,0,0,P,B,N,N,08,2,CHARLES CT **,E,,,13131002__,.02,07,,01,04,02,01,01,01,05,,110,FE,N,CR 34 / HARDING AVE,,,,25,35,26,,,N,,13029
2019131319FH03655,MONMOUTH,FAIR HAVEN BORO,06/01/2019,SA,1016,01,FAIR HAVEN PD,1313,0,0,0,0,P,B,N,N,06,2,CAMBRIDGE AVE,,,,,,07,,01,04,02,01,01,01,05,01,,,N,,,,,25,,26,40.351400,74.041690,N,,13038
2019131319FH03723,MONMOUTH,FAIR HAVEN BORO,06/04/2019,TU,1450,01,FAIR HAVEN PD,FAIR HAVEN PD,0,0,0,0,P,I,N,N,01,2,MONMOUTH COUNTY 10,,10,,13000010__,,05,,01,04,02,01,01,01,04,01,,AT,,RUTGERS,,,,40,25,,,,N,,13035
2019131319FH04095,MONMOUTH,FAIR HAVEN BORO,06/16/2019,SU,1754,01,FAIR HAVEN PD,FAIR HAVEN PD,0,0,0,0,P,B,N,N,08,2,THIRD ST,E,,,,,07,,01,05,02,01,01,01,05,01,,,,,,,,20,,26,,,N,,13231
2019131319FH04123,MONMOUTH,FAIR HAVEN BORO,06/17/2019,MO,1206,01,FAIR HAVEN PD,,0,0,0,0,P,B,N,N,13,1,MONMOUTH COUNTY 10,E,10,,13000010__,2.80,05,,01,04,02,01,01,05,05,04,,,,MINTON LN / OAK PL,,,,30,25,22,40.365750,74.032710,N,,13039
2019131319FH04126,MONMOUTH,FAIR HAVEN BORO,06/17/2019,MO,1230,01,FAIR HAVEN PD,,0,0,0,0,P,B,N,N,06,2,HANCE RD,N,,,,,07,,01,,02,01,01,01,04,01,150,FE,N,THIRD STREET,,,,25,20,,40.355720,74.041800,N,,13032
2019131319FH04167,MONMOUTH,FAIR HAVEN BORO,06/18/2019,TU,1744,01,FAIR HAVEN PD,,0,2,0,0,I,B,N,N,04,2,MONMOUTH COUNTY 10,E,10,,13000010__,2.87,05,,02,04,02,02,03,02,04,01,,,,MINTON LN / OAK PL,,,,30,25,26,40.365750,74.032710,N,,13034
2019131319FH04184,MONMOUTH,FAIR HAVEN BORO,06/19/2019,WE,1729,01,FAIR HAVEN PD,,0,0,0,0,P,B,N,N,06,2,NAVESINK AVE,S,,,,,07,,01,04,02,02,01,02,05,01,100,FE,N,CR 10,,,,25,30,,40.362390,74.041860,N,,13032
2019131319FH04578,MONMOUTH,FAIR HAVEN BORO,07/02/2019,TU,2103,01,FAIR HAVEN PD,,0,1,0,0,I,I,N,N,03,2,MONMOUTH COUNTY 34,,34,,13000034__,2.16,05,,01,04,02,01,06,05,05,01,,AT,,FAIR HAVEN RD,,,,40,25,26,,,N,,13232
2019131319FH05140,MONMOUTH,FAIR HAVEN BORO,07/23/2019,TU,0916,01,FAIR HAVEN PD,,0,0,0,0,P,I,N,N,01,2,MONMOUTH COUNTY 10,W,10,,13000010__,3.16,05,,01,04,02,02,01,02,05,01,,AT,,WOODLAND DR,,,,30,,,40.368400,74.028450,N,,13028
2019131319FH05255,MONMOUTH,FAIR HAVEN BORO,07/27/2019,SA,1813,01,FAIR HAVEN PD,1313,0,0,0,0,P,I,Y,N,11,1,MONMOUTH COUNTY 10,W,,,,2.35,05,,01,04,02,01,01,01,04,01,,AT,,CEDAR AVE,,,,30,20,26,40.361810,74.041120,N,VERIZON UTILITY POLE # BT60030,13038
2019131319FH05447,MONMOUTH,FAIR HAVEN BORO,08/03/2019,SA,1214,01,FAIR HAVEN PD,,0,0,0,0,P,B,N,N,08,2,NATURE TRAILS PARKING LT,,,,,,08,,,04,05,01,01,01,05,,,,N,RIDGE ROAD,,ROUTE 34,,,40,28,,,N,,13030
2019131319FH05571,MONMOUTH,FAIR HAVEN BORO,08/07/2019,WE,0811,01,FAIR HAVEN PD,,0,0,0,0,P,I,N,N,04,2,MONMOUTH COUNTY 34,W,34,,13000034__,2.16,05,,03,05,02,99,01,01,05,01,,AT,,FAIR HAVEN RD,,,,40,25,,40.355700,74.026830,N,,13039
2019131319FH05751,MONMOUTH,FAIR HAVEN BORO,08/13/2019,TU,1416,01,FAIR HAVEN PD,,0,1,0,0,I,I,N,N,03,2,MONMOUTH COUNTY 34,W,34,,13000034__,2.16,05,,03,05,02,02,01,05,05,01,,AT,,FAIR HAVEN RD,,,,40,25,26,40.355700,74.026830,N,,13039
2019131319FH05851,MONMOUTH,FAIR HAVEN BORO,08/17/2019,SA,1214,01,FAIR HAVEN PD,1313,0,0,0,0,P,B,N,N,12,2,MONMOUTH COUNTY 10,W,10,,13000010__,3.11,05,,01,05,02,01,01,01,04,01,,,W,BROWNS LN,,,,30,25,24,40.368000,74.029250,N,,13038
2019131319FH06098,MONMOUTH,FAIR HAVEN BORO,08/26/2019,MO,1839,01,FAIR HAVEN PD,,0,0,0,0,P,B,N,N,03,2,RIVER RD; ACADEMY OF,E,,,,,05,,01,04,02,01,01,01,04,,,,,,,,,30,,26,40.362310,74.041060,N,,13034
2019131319FH06902,MONMOUTH,FAIR HAVEN BORO,10/01/2019,TU,1414,01,FAIR HAVEN PD,,0,1,0,0,I,B,N,N,01,2,MONMOUTH COUNTY 10,,10,,13000010__,2.04,05,,01,04,02,01,01,01,,01,100,FE,W,HANCE RD,,,,35,25,,40.359660,74.045750,N,,13028
2019131319FH07185,MONMOUTH,FAIR HAVEN BORO,10/14/2019,MO,1536,01,FAIR HAVEN PD,,0,1,0,0,I,I,N,N,11,1,MONMOUTH COUNTY 10,E,10,,13000010__,2.45,05,,01,04,02,01,01,01,05,01,,AT,E,BATTIN RD,,COUNTY ROUTE 10,,30,30,39,40.362790,74.039590,N,,13036
2019131319FH07228,MONMOUTH,FAIR HAVEN BORO,10/16/2019,WE,1653,01,FAIR HAVEN PD,,0,0,0,0,P,I,N,N,12,1,MONMOUTH COUNTY 34,W,34,,13000034__,.77,05,,01,04,02,02,01,02,05,01,,AT,E,PROSPECT AVE,,,,40,25,24,40.347990,74.051130,N,,13039
2019131319FH07256,MONMOUTH,FAIR HAVEN BORO,10/18/2019,FR,1357,01,FAIR HAVEN PD,1313,0,0,0,0,P,B,N,N,08,2,DARTMOUTH AVE,,,,,,08,,01,04,02,01,01,01,,01,,,,,,,,25,,26,40.353860,74.035130,N,,13038