Year(4)-CountyCode(2)-MunicipalityCode(2)-CaseNumber(9),County Name,Municipality Name,Crash Date,Crash Day of Week,Crash Time,Police Department Code,Police Department,Police Station,Total Killed,Total Injured,Pedestrians Killed,Pedestrians Injured,Severity,Intersection,Alcohol Involved,Hazmat Involved,Crash Type,Total Vehicles,Location,Location Direction,Route,Route Suffix,Std Rte Identifier,MilePost,Road System,Road Character,Road Horizontal Alignment,Road Grade,Road Surface Type,Surface Condition,Light Condition,Environmental Condition,Road Divided By,Temporary Traffic Control Zone,Distance To Cross Street,Unit Of Measurement,Direction From Cross Street,Cross Street Name,Is Ramp,Ramp To/From Route Name,Ramp To/From Route Direction,Posted Speed,Posted Speed Cross Street,First Harmful Event,Latitude,Longitude,Cell Phone In Use Flag,Other Property Damage,Reporting Badge No.
2019131319FH07302,MONMOUTH,FAIR HAVEN BORO,10/21/2019,MO,0625,01,FAIR HAVEN PD,1313,0,1,0,0,I,B,N,N,13,1,DENORMANDIE AVE **,N,,,13131051__,.00,07,,01,04,02,01,01,01,05,01,,,N,CR 10 / RIVER RD,,,,25,,22,40.365110,74.034330,N,PAVER FLOWER BED AT 793 RIVER RD,13038
2019131319FH07334,MONMOUTH,FAIR HAVEN BORO,10/22/2019,TU,0857,01,FAIR HAVEN PD,,0,0,0,0,P,I,N,N,02,2,MONMOUTH COUNTY 10,W,10,,13000010__,2.35,05,,01,04,02,01,01,05,05,01,,AT,,CEDAR AVE,,,,30,20,26,40.361810,74.041120,N,,13039
2019131319FH07466,MONMOUTH,FAIR HAVEN BORO,10/28/2019,MO,1639,01,FAIR HAVEN PD,,0,0,0,0,P,I,Y,N,01,2,MONMOUTH COUNTY 10,E,10,,13000010__,2.70,05,,01,06,02,01,01,01,05,01,,AT,,FAIR HAVEN RD,,,,30,25,26,,,N,,13033
2019131319FH07607,MONMOUTH,FAIR HAVEN BORO,11/05/2019,TU,1542,01,FAIR HAVEN PD,FAIR HAVEN PD,0,1,0,0,I,I,N,N,01,2,MONMOUTH COUNTY 10,,10,,13000010__,1.67,05,,01,04,02,01,01,01,04,01,,AT,,HADDON PARK / LAKE AVE,,,,30,25,26,,,N,,13035
2019131319FH07703,MONMOUTH,FAIR HAVEN BORO,11/11/2019,MO,2035,01,FAIR HAVEN PD,FAIR HAVEN,0,0,0,0,P,I,N,N,12,1,MONMOUTH COUNTY 10,W,10,,13000010__,,05,,01,04,02,01,07,01,04,01,,AT,W,HARDING RD,,,,40,35,24,,,N,,13231
2019131319FH07721,MONMOUTH,FAIR HAVEN BORO,11/12/2019,TU,1436,01,FAIR HAVEN PD,,0,0,0,0,P,B,N,N,06,2,MONMOUTH COUNTY 10,,10,,13000010__,,05,,01,04,02,01,01,05,05,01,,,,,,,,25,,28,40.363930,74.035280,N,,13028
2019131319FH07835,MONMOUTH,FAIR HAVEN BORO,11/18/2019,MO,1747,01,FAIR HAVEN PD,,0,0,0,0,P,I,N,N,03,2,FAIRHAVEN RD **,,,,13421101__,.40,07,,01,04,02,02,01,02,05,01,,AT,,RIDGE RD,,,,25,40,26,,,N,,13030
2019131319FH07895,MONMOUTH,FAIR HAVEN BORO,11/21/2019,TH,2233,01,FAIR HAVEN PD,FAIR HAVEN PD,0,0,0,0,P,B,N,N,06,2,WILLOW ST **,N,,,,.30,07,,01,04,02,01,07,01,05,01,75,FE,E,FAIRHAVEN BLVD,,,,20,25,00,,,N,,13231
2019131319FH07994,MONMOUTH,FAIR HAVEN BORO,11/27/2019,WE,1154,01,FAIR HAVEN PD,,0,0,0,0,P,B,N,N,08,2,RUSTIC TER,S,,,,,07,,01,04,02,01,01,05,05,01,,,,,,,,25,,26,40.362260,74.024320,N,,13039
2019131319FH08121,MONMOUTH,FAIR HAVEN BORO,12/05/2019,TH,0802,01,FAIR HAVEN PD,,0,0,0,0,P,B,N,N,08,2,PARK LN,,,,,,07,,01,04,02,01,01,01,05,,,,N,,,,,25,,26,40.363600,74.031330,N,,13031
2019131319FH08235,MONMOUTH,FAIR HAVEN BORO,12/11/2019,WE,0825,01,FAIR HAVEN PD,,0,0,0,0,P,B,N,N,08,2,HANCE RD,S,,,,,07,,01,04,02,02,01,03,04,01,,,,HUNTING LANE,,,,25,25,26,40.354480,74.039730,N,,13034
2019131319FH08333,MONMOUTH,FAIR HAVEN BORO,12/14/2019,SA,1727,01,FAIR HAVEN PD,,0,0,0,0,P,B,N,N,06,2,FAIRHAVEN RD **,N,,,,,07,,01,04,02,01,07,01,05,,,,,IFO #85 FAIR HAVEN ROAD,,,,25,,26,,,N,,13029
2019131319FH08358,MONMOUTH,FAIR HAVEN BORO,12/15/2019,SU,1928,01,FAIR HAVEN PD,FAIR HAVEN PD,0,2,0,0,I,I,N,N,11,2,FAIRHAVEN RD **,S,,,13421101__,.40,07,,01,04,02,01,07,01,04,01,,AT,,RIDGE RD,,,,25,40,99,,,N,GRASS AT THE SOUTH WEST CORNER OF THE INTERSECTION,13231
2019131319FH08409,MONMOUTH,FAIR HAVEN BORO,12/19/2019,TH,0351,01,FAIR HAVEN PD,,0,0,0,0,P,B,N,N,12,1,MONMOUTH COUNTY 10,W,10,,13000010__,3.24,05,,01,04,02,01,06,01,05,01,20,FE,W,BUENA VISTA AVE,,,,30,25,24,,,N,,13239
2019131319FHO8458,MONMOUTH,FAIR HAVEN BORO,12/21/2019,SA,1522,01,FAIR HAVEN PD,,0,1,0,0,I,B,N,N,11,1,MONMOUTH COUNTY 10,,10,,13000010__,,05,,02,05,02,01,01,01,05,01,,,N,,,,,30,,69,40.366390,74.031870,N,,13039
20191314C060-2019-00058A,MONMOUTH,FARMINGDALE BORO,01/15/2019,TU,0747,02,NEW JERSEY STATE POLICE,HAMILTON-SUB -,0,1,0,0,I,B,N,N,05,2,MAIN ST,W,,,,,07,,01,04,02,01,01,01,05,01,,,W,IMLAY LANE,,,,35,25,26,40.199360,74.174520,N,,8120
20191314C060-2019-00089A,MONMOUTH,FARMINGDALE BORO,01/20/2019,SU,1245,02,NEW JERSEY STATE POLICE,HAMILTON-SUB -,0,0,0,0,P,B,N,N,02,2,MAIN ST,S,,,,,07,,01,04,02,02,01,01,05,01,,,N,RAILROAD AVE,,,,25,25,26,40.198120,74.169910,N,,8140
20191314C060-2019-00132A,MONMOUTH,FARMINGDALE BORO,02/01/2019,FR,1614,02,NEW JERSEY STATE POLICE,HAMILTON-SUB -,0,0,0,0,P,B,N,N,01,3,MAIN ST,N,,,,,07,,01,04,02,02,01,01,05,01,,,N,W MAIN ST,,,,25,25,26,40.199450,74.170630,N,,8084
20191314C060-2019-00155A,MONMOUTH,FARMINGDALE BORO,02/05/2019,TU,1240,02,NEW JERSEY STATE POLICE,HAMILTON-SUB -,0,0,0,0,P,B,N,N,03,2,ACADEMY ST **,E,,,13141001__,.30,07,,01,04,02,01,01,01,05,01,,,,SOUTHARD AVE,,,,40,40,26,40.195620,74.169130,N,,8116
20191314C060-2019-00365A,MONMOUTH,FARMINGDALE BORO,03/12/2019,TU,1734,02,NEW JERSEY STATE POLICE,HAMILTON-SUB -,0,0,0,0,P,B,N,N,02,2,ASBURY AVE,S,,,,,07,,01,04,02,01,01,01,05,01,,,S,MAIN STREET,,,,45,25,26,40.196750,74.168780,N,,8151
20191314C060-2019-00439A,MONMOUTH,FARMINGDALE BORO,04/02/2019,TU,1620,02,NEW JERSEY STATE POLICE,HAMILTON-SUB -,0,0,0,0,P,B,N,N,06,2,MAIN ST,S,,,,,07,,01,04,02,01,02,01,05,01,,,S,HALL ST,,,,45,25,26,40.195690,74.167770,N,,7074
20191314C060-2019-00535A,MONMOUTH,FARMINGDALE BORO,04/27/2019,SA,1354,02,NEW JERSEY STATE POLICE,HAMILTON-SUB -,0,0,0,0,P,B,N,N,03,2,SOUTHARD AV,E,,,,,07,,01,04,02,01,01,01,05,01,,,,MAIN STREET,,,,25,25,26,40.196230,74.169630,N,,8249
20191314C060-2019-00545A,MONMOUTH,FARMINGDALE BORO,05/03/2019,FR,1239,02,NEW JERSEY STATE POLICE,HAMILTON-SUB -,0,0,0,0,P,B,N,N,08,2,ROUTE 524,E,524,,00000524__,31.04,05,,01,04,02,01,01,01,05,01,,,,,,,,,,26,40.194740,74.167060,N,,8141
20191314C060-2019-00634A,MONMOUTH,FARMINGDALE BORO,05/13/2019,MO,1745,02,NEW JERSEY STATE POLICE,HAMILTON-SUB -,0,1,0,0,I,B,N,N,01,2,ROUTE 524,E,524,,00000524__,30.30,05,,01,04,02,01,01,01,05,01,,,,ACADEMY ST,,,,35,,26,40.151460,74.489490,N,,7469
20191314C060-2019-00667A,MONMOUTH,FARMINGDALE BORO,05/23/2019,TH,1940,02,NEW JERSEY STATE POLICE,HAMILTON-SUB -,0,0,0,0,P,B,N,N,06,2,COUNTRY FARMS PAKING LOT 84 CR 524 NA,W,,,,,08,,01,04,02,01,01,01,05,01,,,,,,,,,,28,40.193890,74.166270,N,,8014
20191314C060-2019-00698A,MONMOUTH,FARMINGDALE BORO,05/29/2019,WE,1349,02,NEW JERSEY STATE POLICE,HAMILTON-SUB -,0,0,0,0,P,B,N,N,01,2,ROUTE 524,S,524,,00000524__,31.04,05,,01,04,02,01,01,01,05,01,,,N,RAILROAD AVE,,,,25,25,26,40.193900,74.166270,N,,8084
20191314C060-2019-00790A,MONMOUTH,FARMINGDALE BORO,06/14/2019,FR,2228,02,NEW JERSEY STATE POLICE,HAMILTON-SUB -,0,0,0,0,P,B,N,N,03,2,MAIN ST,W,,,,,07,,01,04,02,01,05,01,05,01,,,,COUNTY ROAD 547 (ASBURY AVE),,,,25,25,26,40.198440,74.166910,N,,7972
20191314C060-2019-00797A,MONMOUTH,FARMINGDALE BORO,06/15/2019,SA,1423,02,NEW JERSEY STATE POLICE,HAMILTON-SUB -,0,0,0,0,P,B,N,N,06,2,RAILROAD AV,N,,,,,07,,01,04,02,01,01,01,05,01,,,S,MAIN ST.,,,,25,25,26,40.193910,74.166270,N,,8111
20191314C060-2019-00803A,MONMOUTH,FARMINGDALE BORO,06/17/2019,MO,0908,02,NEW JERSEY STATE POLICE,HAMILTON-SUB -,0,0,0,0,P,B,N,N,08,2,ASBURY AV,W,,,,,07,,01,04,02,01,01,01,05,01,,,E,MAIN STREET,,,,35,25,26,40.196750,74.168780,N,,7941
20191314C060-2019-00835A,MONMOUTH,FARMINGDALE BORO,06/20/2019,TH,1544,02,NEW JERSEY STATE POLICE,HAMILTON-SUB -,0,0,0,0,P,B,N,N,06,2,MAIN ST,N,,,,,07,,01,04,02,01,01,01,05,01,,,S,HALL STREET,,,,25,25,26,40.198110,74.169890,N,,8117
20191314C060-2019-00994A,MONMOUTH,FARMINGDALE BORO,07/17/2019,WE,1805,02,NEW JERSEY STATE POLICE,HAMILTON-SUB -,0,0,0,0,P,B,N,N,02,2,ROUTE 524,S,524,,00000524__,31.20,05,,01,04,02,01,01,01,04,01,,,,,,,,25,,26,40.194050,74.166190,N,,8014
20191314C060-2019-01118A,MONMOUTH,FARMINGDALE BORO,07/24/2019,WE,0825,02,NEW JERSEY STATE POLICE,HAMILTON-SUB -,0,1,0,0,I,B,N,N,14,1,ROUTE 547,W,547,,00000547__,17.60,05,,01,04,02,01,01,01,04,01,5,FE,W,ROUTE 524 / MAIN ST,,,,,25,21,40.196750,74.168780,N,,8247
20191314C060-2019-01178A,MONMOUTH,FARMINGDALE BORO,08/15/2019,TH,1634,02,NEW JERSEY STATE POLICE,HAMILTON-SUB -,0,0,0,0,P,I,N,N,03,2,ROUTE 524,W,524,,00000524__,30.79,05,,01,04,02,01,01,01,05,01,,AT,,ROUTE 547 / ASBURY AVE,,,,35,35,26,40.196500,74.168500,N,,8187
20191314C060-2019-01252A,MONMOUTH,FARMINGDALE BORO,08/31/2019,SA,1202,02,NEW JERSEY STATE POLICE,HAMILTON-SUB -,0,0,0,0,P,B,N,N,01,2,RAILROAD AVE,E,,,,,07,,01,04,02,01,01,01,05,01,25,FE,W,ROUTE 524,,,,25,25,26,40.193900,74.166270,N,,8252
20191314C060-2019-01258A,MONMOUTH,FARMINGDALE BORO,09/01/2019,SU,1146,02,NEW JERSEY STATE POLICE,HAMILTON-SUB -,0,0,0,0,P,B,N,N,03,2,ROUTE 524,S,524,,00000524__,30.78,05,,01,04,02,01,01,01,05,01,,,,ROUTE 547 / ASBURY AVE,,,,25,25,26,40.196540,74.168600,N,,7738
20191314C060-2019-01326A,MONMOUTH,FARMINGDALE BORO,09/12/2019,TH,1937,02,NEW JERSEY STATE POLICE,HAMILTON-SUB -,0,0,0,0,P,I,N,N,03,2,ROUTE 524,E,524,,00000524__,30.83,05,,01,04,02,02,06,02,05,01,,AT,,SOUTHARD AVE,,,,25,25,26,40.196350,74.168410,N,,7972
20191314C060-2019-01423A,MONMOUTH,FARMINGDALE BORO,10/01/2019,TU,0904,02,NEW JERSEY STATE POLICE,HAMILTON-SUB -,0,0,0,0,P,I,N,N,03,2,ROUTE 524,S,524,,00000524__,30.79,05,,01,04,02,01,01,01,05,01,,AT,,ROUTE 547 / ASBURY AVE,,,,25,25,26,40.196750,74.168780,N,,8206
20191314C060-2019-01427A,MONMOUTH,FARMINGDALE BORO,10/01/2019,TU,1730,02,NEW JERSEY STATE POLICE,HAMILTON-SUB -,0,0,0,0,P,B,N,N,06,2,ACADEMY ST **,S,,,13141001__,.10,07,,01,04,02,01,01,01,04,01,50,FE,N,RAILROAD AVE,,,,25,25,26,40.193320,74.166700,N,,8014
20191314C060-2019-01515A,MONMOUTH,FARMINGDALE BORO,10/15/2019,TU,1203,02,NEW JERSEY STATE POLICE,HAMILTON-SUB -,0,0,0,0,P,B,N,N,01,2,MAIN ST,S,,,,,07,,01,04,02,01,01,01,05,01,15,FE,N,BELMAR AVENUE,,,,25,25,60,40.191790,74.164020,N,Fence and Tree - 117 Main Street  Farmindale Twp.  Home Owner: 732-768-4719,8194
20191314C060-2019-01755A,MONMOUTH,FARMINGDALE BORO,11/15/2019,FR,1407,02,NEW JERSEY STATE POLICE,HAMILTON-SUB -,0,0,0,0,P,B,N,N,01,2,ACADEMY ST **,S,,,13141001__,.29,07,,01,04,02,01,01,01,05,01,,,,SOUTHARD AVE,,,,25,25,26,40.195620,74.169130,N,,8192
20191314C060-2019-01795A,MONMOUTH,FARMINGDALE BORO,11/18/2019,MO,1111,02,NEW JERSEY STATE POLICE,HAMILTON-SUB -,0,0,0,0,P,B,N,N,03,2,SOUTHARD AV,E,,,,,07,,01,04,02,01,01,05,05,01,,,,ACADEMY ST,,,,25,25,26,40.195980,74.168780,N,,8368
20191314C060-2019-01836A,MONMOUTH,FARMINGDALE BORO,11/29/2019,FR,2007,02,NEW JERSEY STATE POLICE,HAMILTON-SUB -,0,0,0,0,P,B,N,N,06,2,WALNUT ST **,N,,,13141024__,.00,07,,01,04,02,01,06,01,05,01,20,FE,E,WATER ST,,,,25,25,28,40.193850,74.168510,N,,8113
2019131519FB00025,MONMOUTH,FREEHOLD BORO,01/01/2019,TU,0337,01,FREEHOLD BORO PD,,0,0,0,0,P,B,N,N,02,2,AVENUE A **,W,,,13151048__,.26,07,,01,04,02,02,06,02,05,01,100,FE,W,HALEY ST,,,,25,25,26,,,N,,15107
2019131519FB00030,MONMOUTH,FREEHOLD BORO,01/01/2019,TU,0728,01,FREEHOLD BORO PD,19FB00030,0,1,0,0,I,B,N,N,11,2,US 9,N,9,,00000009__,113.60,02,,01,05,02,01,01,01,01,01,,,,,F,BARKALOW AVENUE,NB,50,,48,,,N,,15100
2019131519FB00186,MONMOUTH,FREEHOLD BORO,01/03/2019,TH,1808,01,FREEHOLD BORO PD,,0,1,0,0,I,I,N,N,03,2,ROUTE 537,W,537,,00000537__,52.38,07,,01,04,02,01,06,01,02,01,,AT,,NJ 79 / BROADWAY / CENTER ST / SPRI,,,,25,25,26,,,N,,15103
2019131519FB00424,MONMOUTH,FREEHOLD BORO,01/08/2019,TU,1431,01,FREEHOLD BORO PD,,0,1,0,0,I,I,N,N,01,2,NJ 79,S,79,,00000079__,1.59,02,,01,04,02,01,01,01,05,01,,AT,E,ROUTE 537 / CENTER ST / E MAIN ST /,,,,25,25,26,,,N,,15086
2019131519FB00477,MONMOUTH,FREEHOLD BORO,01/09/2019,WE,1050,01,FREEHOLD BORO PD,,0,0,0,0,P,I,N,N,03,2,ROUTE 537,W,537,,00000537__,52.10,07,,01,04,02,01,01,01,,,,AT,,ROUTE 522 / THROCKMORTON ST,,,,25,25,26,,,N,,15102
2019131519FB00498,MONMOUTH,FREEHOLD BORO,01/09/2019,WE,1735,01,FREEHOLD BORO PD,,0,0,0,0,P,B,N,N,01,2,ROUTE 537,E,537,,00000537__,52.06,07,,01,04,02,01,06,01,05,01,200,FE,W,ROUTE 522 / THROCKMORTON ST,,,,25,25,26,,,N,,15106
2019131519FB00519,MONMOUTH,FREEHOLD BORO,01/10/2019,TH,0653,01,FREEHOLD BORO PD,,0,0,0,0,P,B,N,N,02,2,ROUTE 537,E,537,,00000537__,51.33,07,,01,04,02,01,02,01,04,,50,FE,W,BARKALEW RD,,,,40,25,26,,,N,,15107
2019131519FB00577,MONMOUTH,FREEHOLD BORO,01/11/2019,FR,0806,01,FREEHOLD BORO PD,,0,0,0,0,P,B,N,N,03,2,BARKALOW ST **,N,,,13151001__,,07,,01,05,02,01,01,01,,,,,,,F,US 9,NB,25,,26,40.251530,74.287070,N,,15094
2019131519FB00590,MONMOUTH,FREEHOLD BORO,01/11/2019,FR,1215,01,FREEHOLD BORO PD,19FB00590,0,0,0,0,P,B,N,N,08,2,TRIANGLE PARKING LOT,,,,,,09,,01,04,02,01,01,01,,,200,FE,W,SOUTH STREET,,,,10,30,26,,,N,,15100
2019131519FB00617,MONMOUTH,FREEHOLD BORO,01/11/2019,FR,2122,01,FREEHOLD BORO PD,,0,0,0,0,P,I,N,N,11,1,US 9,,9,,00000009__,113.75,02,,01,04,02,01,06,01,05,01,,AT,,ROUTE 537 / WEST MAIN ST,,,,15,40,69,,,N,THE GUARD RAIL TO THE ROUTE 9 RAMP (SB) WAS BENT DUE TO THE IMPACT FROM V #1.,15098
2019131519FB00657,MONMOUTH,FREEHOLD BORO,01/12/2019,SA,1433,01,FREEHOLD BORO PD,19FB00657,0,0,0,0,P,B,N,N,02,2,ROUTE 537,,537,,00000537__,51.32,07,,01,04,02,01,01,01,04,,,,,,F,US 9,SB,35,,26,,,N,,15100
2019131519FB00671,MONMOUTH,FREEHOLD BORO,01/12/2019,SA,2230,01,FREEHOLD BORO PD,,0,1,0,0,I,B,Y,N,11,1,INSTITUTE ST **,W,,,13151076__,.08,07,,01,04,02,01,06,01,,01,10,FE,W,WASHINGTON ST,,,,25,25,69,,,N,17 INSTITUTE ST- RESIDENCE- FRONT PORCH  SUPPORT BEAMS  HOUSE STRUCTURE,15099
2019131519FB00692,MONMOUTH,FREEHOLD BORO,01/13/2019,SU,1500,01,FREEHOLD BORO PD,,0,0,0,0,P,B,N,N,11,1,ROUTE 522,E,522,,00000522__,19.23,07,,03,04,02,01,01,01,04,01,25,FE,W,BOWNE AVE,,,,25,25,56,,,N,TELEPHONE POLE ON EAST CORNER OF THROCKMORTON AND BOWNE AVE (NO POLE NUMBER),15107
2019131519FB00734,MONMOUTH,FREEHOLD BORO,01/14/2019,MO,0838,01,FREEHOLD BORO PD,,0,1,0,0,I,B,N,N,06,2,BARKALOW ST **,N,,,13151001__,.38,07,,01,04,02,00,06,00,04,,150,FE,S,MICHAEL LN,,,,25,25,28,,,N,,15101
2019131519FB00755,MONMOUTH,FREEHOLD BORO,01/14/2019,MO,1740,01,FREEHOLD BORO PD,,0,0,0,0,P,I,N,N,07,2,ROUTE 537,E,537,,00000537__,51.34,07,,01,04,02,01,06,01,04,,,AT,,BARKALEW RD,,,,40,25,26,,,N,,15107
2019131519FB00760,MONMOUTH,FREEHOLD BORO,01/14/2019,MO,1846,01,FREEHOLD BORO PD,,0,0,0,0,P,B,N,N,06,2,SCHIVEREA AVE **,S,,,13151041__,.00,07,,01,04,02,01,04,01,05,01,150,FE,S,ROBERTSVILLE RD,,,,25,,28,,,N,,15103
2019131519FB00806,MONMOUTH,FREEHOLD BORO,01/15/2019,TU,1433,01,FREEHOLD BORO PD,,0,0,0,0,P,B,N,N,11,2,ROUTE 522,W,522,,00000522__,,05,,01,04,02,02,01,02,,,,,,,,,,25,,50,,,N,STOP SIGN,15088
2019131519FB00972,MONMOUTH,FREEHOLD BORO,01/18/2019,FR,1810,01,FREEHOLD BORO PD,,0,0,0,0,P,I,N,N,01,2,NJ 79,N,79,,00000079__,,02,,01,04,02,02,06,05,04,,,AT,S,HELEN AVENUE,,,,35,,26,,,N,,15101
2019131519FB01019,MONMOUTH,FREEHOLD BORO,01/19/2019,SA,1732,01,FREEHOLD BORO PD,,0,0,0,0,P,I,N,N,14,1,ROUTE 522,E,522,,00000522__,19.23,07,,01,04,02,02,06,02,,01,,AT,,BOWNE AVE,,,,25,25,26,,,N,,15099
2019131519FB01039,MONMOUTH,FREEHOLD BORO,01/19/2019,SA,2206,01,FREEHOLD BORO PD,,0,0,0,0,P,B,N,N,02,2,NJ 33 BUSINESS,E,33,B,00000033B_,,02,,01,04,02,02,07,02,04,,,,,,,,,35,,26,,,N,,15101
2019131519FB01108,MONMOUTH,FREEHOLD BORO,01/21/2019,MO,2039,01,FREEHOLD BORO PD,,0,1,0,0,I,B,N,N,11,1,NJ 79,S,79,,00000079__,1.10,02,,01,04,02,01,06,01,05,01,250,FE,N,INSTITUTE ST / LINCOLN PL,,,,30,25,50,,,N,STREET SIGN BELONGING TO FREEHOLD BOROUGH,15106
2019131519FB01139,MONMOUTH,FREEHOLD BORO,01/22/2019,TU,0856,01,FREEHOLD BORO PD,,0,0,0,0,P,I,N,N,03,2,NJ 79,N,79,,00000079__,1.20,02,,01,04,02,01,01,01,,,,AT,,MARCY ST,,,,35,25,26,40.256770,74.273540,N,,15102
2019131519FB01142,MONMOUTH,FREEHOLD BORO,01/22/2019,TU,1034,01,FREEHOLD BORO PD,,0,0,0,0,P,B,N,N,11,1,NJ 79,W,79,,00000079__,.86,02,,01,05,02,01,01,01,,01,20,FE,E,BRINKERHOFF AVE,,,,,25,26,,,N,,15081
2019131519FB01161,MONMOUTH,FREEHOLD BORO,01/22/2019,TU,2136,01,FREEHOLD BORO PD,,0,0,0,0,P,B,Y,N,11,1,ROUTE 537,N,537,,00000537__,52.68,07,,02,05,02,,06,01,05,01,75,FE,W,JACKSON ST / JACKSON TER,,,,25,,,,,N,FENCE OF 99 E MAIN ST. STRUCK BY VEHICLE DURING PURSUIT WITH HOWELL PD,15084
2019131519FB01187,MONMOUTH,FREEHOLD BORO,01/23/2019,WE,0727,01,FREEHOLD BORO PD,,0,0,0,0,P,I,N,N,13,1,ROUTE 537,E,537,,00000537__,52.69,07,,01,04,02,01,01,05,04,,,AT,E,JACKSON ST / JACKSON TER,,,,25,25,,,,N,,15101
2019131519FB01221,MONMOUTH,FREEHOLD BORO,01/23/2019,WE,2201,01,FREEHOLD BORO PD,,0,1,0,0,I,B,N,N,02,2,ROUTE 537,W,537,,00000537__,52.20,07,,01,04,01,02,06,01,05,01,150,FE,E,NJ 79 / COURT ST / SOUTH ST,,,,25,30,,,,N,,15104
2019131519FB01277,MONMOUTH,FREEHOLD BORO,01/24/2019,TH,2031,01,FREEHOLD BORO PD,,0,0,0,0,P,I,N,N,01,2,ROUTE 537,E,537,,00000537__,52.20,07,,01,04,01,02,06,02,05,01,,AT,E,NJ 79 / COURT ST / SOUTH ST,,,,25,30,,,,N,,15104
2019131519FB01304,MONMOUTH,FREEHOLD BORO,01/25/2019,FR,1322,01,FREEHOLD BORO PD,,0,0,0,0,P,I,N,N,08,2,30 MECHANIC ST (PKG),N,,,,,09,,01,04,02,01,01,01,,,,AT,E,NJ 79 / SOUTH ST,,,,15,,26,,,N,,15101
2019131519FB01333,MONMOUTH,FREEHOLD BORO,01/25/2019,FR,2016,01,FREEHOLD BORO PD,,0,0,0,0,P,B,N,N,06,2,MARKET YARD PARKING LOT,S,,,,,09,,01,04,02,01,06,01,,,,,,,,,,10,,26,,,N,,15107
2019131519FB01380,MONMOUTH,FREEHOLD BORO,01/26/2019,SA,1759,01,FREEHOLD BORO PD,,0,0,0,0,P,B,N,N,01,2,NJ 79,S,79,,00000079__,2.07,02,,01,04,02,01,06,01,04,,100,FE,N,CR 46 / DUTCH LN,,,,30,30,26,,,N,,15107
2019131519FB01412,MONMOUTH,FREEHOLD BORO,01/27/2019,SU,1117,01,FREEHOLD BORO PD,,0,0,0,0,P,I,N,N,04,2,AVENUE C,,,,,,07,,01,04,02,01,01,01,05,,,AT,,COURT ST,,,,25,,26,,,N,,15088
2019131519FB01419,MONMOUTH,FREEHOLD BORO,01/27/2019,SU,1446,01,FREEHOLD BORO PD,,0,0,0,0,P,I,N,N,03,2,MONMOUTH COUNTY 24,E,24,,13000024__,.10,05,,01,04,02,01,01,01,04,,,AT,,BROAD ST,,,,35,25,26,,,N,,15107
2019131519FB01527,MONMOUTH,FREEHOLD BORO,01/29/2019,TU,1813,01,FREEHOLD BORO PD,,0,1,0,0,I,I,N,N,03,2,ROUTE 537,W,537,,00000537__,51.87,07,,01,04,02,02,06,02,04,01,,AT,,LINCOLN PL,,,,30,,26,,,N,,15090
2019131519FB01596,MONMOUTH,FREEHOLD BORO,01/31/2019,TH,0928,01,FREEHOLD BORO PD,,0,0,0,0,P,I,N,N,03,2,CRESTWOOD DR **,N,,,13151050__,.32,07,,01,04,02,01,01,01,,,,AT,,MONUMENT ST,,,,25,25,26,40.266460,74.278210,N,,15102
2019131519FB01640,MONMOUTH,FREEHOLD BORO,02/01/2019,FR,0805,01,FREEHOLD BORO PD,,0,0,0,0,P,B,N,N,03,2,NJ 79,E,79,,00000079__,1.53,02,,01,04,02,02,01,01,,01,300,FE,W,ROUTE 537 / CENTER ST / E MAIN ST /,,,,30,25,26,40.260900,74.272690,N,,15083
2019131519FB01644,MONMOUTH,FREEHOLD BORO,02/01/2019,FR,1105,01,FREEHOLD BORO PD,,0,0,0,0,P,B,N,N,02,2,US 9,N,9,,00000009__,113.74,02,,01,04,02,01,01,01,01,01,,,,ROUTE 537 / WEST MAIN ST,,,,50,,26,40.251510,74.287060,N,,15083
2019131519FB01662,MONMOUTH,FREEHOLD BORO,02/01/2019,FR,2203,01,FREEHOLD BORO PD,,0,0,0,0,P,I,N,N,01,3,NJ 79,W,79,,00000079__,1.52,02,,01,04,02,01,06,01,,,,AT,,SHERIFF ST,,,,25,,,40.260910,74.273050,N,,15094
2019131519FB01683,MONMOUTH,FREEHOLD BORO,02/02/2019,SA,0805,01,FREEHOLD BORO PD,,0,1,0,0,I,I,N,N,04,2,ROUTE 537,E,537,,00000537__,51.34,07,,01,04,02,01,01,01,,,,AT,,BARKALEW RD,,,,25,25,26,40.251240,74.286390,N,,15102
2019131519FB01687,MONMOUTH,FREEHOLD BORO,02/02/2019,SA,1010,01,FREEHOLD BORO PD,,0,0,0,0,P,B,N,N,02,2,MECHANIC ST **,W,,,13151054__,,07,,01,04,02,01,01,01,,,,,,,,,,25,,26,40.259730,74.272680,N,,15102
2019131519FB01690,MONMOUTH,FREEHOLD BORO,02/02/2019,SA,1451,01,FREEHOLD BORO PD,,0,0,0,0,P,I,N,N,01,2,US 9,N,9,,00000009__,113.60,02,,03,05,02,01,01,01,02,01,,AT,,,F,BARKALOW AVE,NB,25,,26,40.249460,74.285450,N,,15083