Year(4)-CountyCode(2)-MunicipalityCode(2)-CaseNumber(9),County Name,Municipality Name,Crash Date,Crash Day of Week,Crash Time,Police Department Code,Police Department,Police Station,Total Killed,Total Injured,Pedestrians Killed,Pedestrians Injured,Severity,Intersection,Alcohol Involved,Hazmat Involved,Crash Type,Total Vehicles,Location,Location Direction,Route,Route Suffix,Std Rte Identifier,MilePost,Road System,Road Character,Road Horizontal Alignment,Road Grade,Road Surface Type,Surface Condition,Light Condition,Environmental Condition,Road Divided By,Temporary Traffic Control Zone,Distance To Cross Street,Unit Of Measurement,Direction From Cross Street,Cross Street Name,Is Ramp,Ramp To/From Route Name,Ramp To/From Route Direction,Posted Speed,Posted Speed Cross Street,First Harmful Event,Latitude,Longitude,Cell Phone In Use Flag,Other Property Damage,Reporting Badge No.
2019131519FB08885,MONMOUTH,FREEHOLD BORO,05/27/2019,MO,0148,01,FREEHOLD BORO PD,,0,0,0,0,P,B,N,N,04,3,LENOIR AVE **,N,,,13151026__,,07,,02,04,02,01,07,01,05,01,15,FE,N,WARD PLACE,,,,25,25,26,,,N,,
2019131519FB08974,MONMOUTH,FREEHOLD BORO,05/28/2019,TU,1951,01,FREEHOLD BORO PD,,0,0,0,0,P,B,N,N,08,2,NJ 79,S,79,,00000079__,1.03,02,,01,04,02,02,03,01,04,01,100,FE,S,INSTITUTE ST / LINCOLN PL,,,,30,25,26,,,N,,15103
2019131519FB09025,MONMOUTH,FREEHOLD BORO,05/29/2019,WE,1906,01,FREEHOLD BORO PD,,0,0,0,0,P,B,N,N,08,2,MECHANIC ST **,W,,,13151054__,.11,07,,01,04,02,01,01,01,05,01,300,FE,S,EAST MAIN ST,,,,25,25,28,,,N,,15104
2019131519FB09185,MONMOUTH,FREEHOLD BORO,06/01/2019,SA,0912,01,FREEHOLD BORO PD,,0,0,0,0,P,B,N,N,06,2,ROUTE 522,W,522,,00000522__,19.32,05,,01,04,02,01,01,01,04,,50,FE,E,MONMOUTH AVE,,,,25,25,,,,N,,15107
2019131519FB09203,MONMOUTH,FREEHOLD BORO,06/01/2019,SA,1803,01,FREEHOLD BORO PD,,0,1,0,0,I,B,N,N,03,2,MECHANIC ST **,E,,,13151054__,.78,07,,01,04,02,01,01,01,05,,100,FE,E,NJ 79 / SOUTH ST,,,,25,35,26,,,N,,15101
2019131519FB09206,MONMOUTH,FREEHOLD BORO,06/01/2019,SA,2036,01,FREEHOLD BORO PD,,0,0,0,0,P,B,N,N,06,2,NJ 33 BUSINESS,S,33,B,00000033B_,,02,,01,04,02,01,06,01,,,,,,,,,,35,,28,,,N,,15101
2019131519FB09304,MONMOUTH,FREEHOLD BORO,06/03/2019,MO,1552,01,FREEHOLD BORO PD,,0,0,0,0,P,B,N,N,06,2,ROBERTSVILLE RD,N,,,13261114__,3.41,07,,01,04,02,01,01,01,05,01,250,FE,W,OAK ST,,,,25,25,28,,,N,,15106
2019131519FB09308,MONMOUTH,FREEHOLD BORO,06/03/2019,MO,1849,01,FREEHOLD BORO PD,,0,0,0,0,P,B,N,N,14,1,SPRING ST **,,,,13151035__,,07,,01,05,02,01,01,01,05,01,200,FE,W,NJ 79,,,,25,25,21,,,N,,15104
2019131519FB09311,MONMOUTH,FREEHOLD BORO,06/03/2019,MO,1712,01,FREEHOLD BORO PD,,0,0,0,0,P,B,N,N,01,2,NJ 79,S,79,,00000079__,.76,02,,01,05,02,01,01,01,05,01,100,FE,N,NJ 33 BUSINESS / PARK AVE,,,,30,40,,,,N,,15104
2019131519FB09399,MONMOUTH,FREEHOLD BORO,06/04/2019,TU,1723,01,FREEHOLD BORO PD,,0,1,0,0,I,B,N,N,14,1,NJ 79,,79,,00000079__,.77,02,,01,05,02,01,01,01,05,01,150,FE,N,NJ 33 BUSINESS / PARK AVE,,,,30,40,21,,,N,,15104
2019131519FB09486,MONMOUTH,FREEHOLD BORO,06/05/2019,WE,2326,01,FREEHOLD BORO PD,,0,0,0,0,P,I,N,N,03,2,ROUTE 537,W,537,,00000537__,52.10,07,,01,04,02,02,06,02,05,01,,AT,,ROUTE 522 / THROCKMORTON ST,,,,25,35,26,40.259120,74.275650,N,,#108
2019131519FB09518,MONMOUTH,FREEHOLD BORO,06/06/2019,TH,1333,01,FREEHOLD BORO PD,19FB09518,0,1,0,0,I,I,N,N,03,2,CENTER ST,,,,13161208__,1.20,07,,01,04,02,01,01,01,05,,,AT,,JACKSON ST,,,,25,25,26,,,N,,15100
2019131519FB09521,MONMOUTH,FREEHOLD BORO,06/07/2019,FR,0924,01,FREEHOLD BORO PD,19FB09521,0,1,0,0,I,B,N,N,01,2,BARKALOW AVENUE,,,,,,07,,03,04,02,01,01,01,02,,,,,,T,US 9,NB,25,,26,,,N,,15100
2019131519FB09615,MONMOUTH,FREEHOLD BORO,06/08/2019,SA,1022,01,FREEHOLD BORO PD,,0,0,0,0,P,B,N,N,12,1,NJ 33 BUSINESS,E,33,B,00000033B_,3.38,02,,01,04,02,01,01,01,05,01,40,FE,W,WAVERLY PL,,,,25,,24,40.250540,74.275640,N,,15086
2019131519FB09673,MONMOUTH,FREEHOLD BORO,06/09/2019,SU,1256,01,FREEHOLD BORO PD,,0,0,0,0,P,B,N,N,03,2,MONMOUTH AVE,S,,,,,07,,01,04,02,01,01,01,05,01,250,FE,N,STOKES STREET,,,,25,25,26,,,N,,15098
2019131519FB09676,MONMOUTH,FREEHOLD BORO,06/09/2019,SU,1523,01,FREEHOLD BORO PD,,0,0,0,0,P,B,N,N,01,2,US 9,N,9,,00000009__,,02,,03,05,02,01,01,01,02,,,,,,F,BARKALOW AVENUE,NB,50,,26,,,N,,15074
2019131519FB09734,MONMOUTH,FREEHOLD BORO,06/10/2019,MO,1323,01,FREEHOLD BORO PD,,0,1,0,0,I,B,N,N,14,1,FREEHOLD BORO HS LOT,,,,,,05,,01,06,02,02,01,02,04,01,,,,BROADWAY,,,,,30,21,,,N,,15090
2019131519FB09806,MONMOUTH,FREEHOLD BORO,06/11/2019,TU,0844,01,FREEHOLD BORO PD,,0,0,0,0,P,B,N,N,06,2,ROBERTSVILLE RD,N,,,13261114__,3.60,07,,01,04,02,02,01,02,04,01,100,FE,N,NJ 79 / BROADWAY,,,,25,30,26,,,N,,15090
2019131519FB09874,MONMOUTH,FREEHOLD BORO,06/12/2019,WE,0714,01,FREEHOLD BORO PD,,0,0,0,0,P,B,N,N,01,2,NJ 79,S,79,,00000079__,2.06,02,,01,04,02,01,01,01,,,50,FE,N,CR 46 / DUTCH LN,,,,25,35,26,40.267280,74.267330,N,,15102
2019131519FB09905,MONMOUTH,FREEHOLD BORO,01/17/2019,TH,1249,01,FREEHOLD BORO PD,,0,0,0,0,P,B,N,N,01,2,NJ 79,S,79,,00000079__,1.32,02,,01,04,02,01,01,01,04,01,100,FE,S,MECHANIC ST,,,,25,25,26,,,N,,15090
2019131519FB09958,MONMOUTH,FREEHOLD BORO,06/13/2019,TH,0949,01,FREEHOLD BORO PD,,0,1,0,0,I,I,N,N,01,2,NJ 79,,79,,00000079__,1.93,02,,01,04,02,02,01,02,05,01,,AT,,LOCKWOOD AVE,,,,25,25,26,,,N,,15088
2019131519FB09978,MONMOUTH,FREEHOLD BORO,06/13/2019,TH,2054,01,FREEHOLD BORO PD,,0,0,0,0,P,B,N,N,06,2,MARKET YARD PKG LOT,E,,,,,08,,01,04,02,02,06,02,,,,,,,,,,15,,28,,,N,,15101
2019131519FB10006,MONMOUTH,FREEHOLD BORO,06/14/2019,FR,1036,01,FREEHOLD BORO PD,,0,0,0,0,P,B,N,N,08,2,31 E MAIN ST,S,,,,,08,,01,04,02,01,01,01,,,,,,,,,,25,,26,40.260760,74.273310,N,,15102
2019131519FB10020,MONMOUTH,FREEHOLD BORO,06/14/2019,FR,1730,01,FREEHOLD BORO PD,,0,0,0,0,P,I,N,N,04,2,NJ 33 BUSINESS,W,33,B,00000033B_,2.92,02,,01,04,02,01,01,01,04,01,,AT,,ROUTE 537 / WEST MAIN ST,,,,40,25,26,,,N,,15099
2019131519FB10067,MONMOUTH,FREEHOLD BORO,06/15/2019,SA,1308,01,FREEHOLD BORO PD,,0,0,0,0,P,B,N,N,01,2,BARKALOW ST **,W,,,13151001__,,07,,03,04,02,01,01,01,05,01,,,,,T,US 9,NB,25,,26,40.251240,74.286390,N,,15106
2019131519FB10074,MONMOUTH,FREEHOLD BORO,06/15/2019,SA,1453,01,FREEHOLD BORO PD,,0,1,0,0,I,I,N,N,01,2,NJ 79,N,79,,00000079__,1.98,02,,01,04,02,01,01,01,05,01,,AT,E,ROBERTSVILLE RD,,,,30,25,,,,N,,15104
2019131519FB10088,MONMOUTH,FREEHOLD BORO,06/15/2019,SA,2000,01,FREEHOLD BORO PD,,0,0,0,0,P,B,N,N,01,2,BARKALOW ST **,N,,,13151001__,,07,,03,05,02,01,01,01,03,01,,,,,T,US 9,NB,25,,26,,,N,,15099
2019131519FB10097,MONMOUTH,FREEHOLD BORO,06/17/2019,MO,0356,01,FREEHOLD BORO PD,,0,2,0,0,I,B,N,N,03,2,ROUTE 537,E,537,,00000537__,51.32,07,,01,04,02,01,06,01,04,01,,,,,T,US 9,SB,30,,26,,,N,,15099
2019131519FB10142,MONMOUTH,FREEHOLD BORO,06/16/2019,SU,2321,01,FREEHOLD BORO PD,,0,1,0,0,I,I,N,N,05,2,HUDSON ST **,E,,,13151066__,.32,07,,01,04,02,02,07,01,05,01,,AT,,MECHANIC ST,,,,25,25,26,40.259060,74.271540,N,,108
2019131519FB10166,MONMOUTH,FREEHOLD BORO,06/17/2019,MO,0835,01,FREEHOLD BORO PD,,0,0,0,0,P,I,N,N,01,2,NJ 33 BUSINESS,E,33,B,00000033B_,3.16,02,,01,04,02,01,01,01,04,,,AT,E,KIAWAH AVE,,,,35,25,26,,,N,,15101
2019131519FB10222,MONMOUTH,FREEHOLD BORO,06/18/2019,TU,0707,01,FREEHOLD BORO PD,19FB10222,0,0,0,0,P,I,N,N,01,2,ROUTE 537,E,537,,00000537__,52.20,07,,01,04,02,02,01,02,04,01,,AT,,NJ 79 / COURT ST / SOUTH ST,,,,25,25,26,,,N,,15100
2019131519FB10275,MONMOUTH,FREEHOLD BORO,06/19/2019,WE,0956,01,FREEHOLD BORO PD,19FB10275,0,0,0,0,P,I,N,N,02,2,ROUTE 537,E,537,,00000537__,51.34,07,,01,04,02,01,01,01,04,01,,AT,,BARKALEW RD,,,,35,25,26,,,N,,15100
2019131519FB10276,MONMOUTH,FREEHOLD BORO,06/19/2019,WE,1149,01,FREEHOLD BORO PD,,0,0,0,0,P,B,N,N,06,2,FREEHOLD BORO HS LOT,,,,,,09,,02,06,02,01,01,05,,01,100,FE,W,BROADWAY,,,,,,26,,,N,,15090
2019131519FB10280,MONMOUTH,FREEHOLD BORO,06/19/2019,WE,1653,01,FREEHOLD BORO PD,,0,0,0,0,P,B,N,N,,2,BROAD ST PARKING LOT,,,,,,08,,01,04,02,01,01,05,05,01,100,FE,S,COURT ST,,,,,,26,,,N,,15090
2019131519FB10451,MONMOUTH,FREEHOLD BORO,06/22/2019,SA,2350,01,FREEHOLD BORO PD,,0,0,0,0,P,B,N,N,01,2,NJ 33 BUSINESS,E,33,B,00000033B_,3.46,02,,01,04,02,01,01,01,99,,75,FE,W,NJ 79 / SOUTH ST,,,,40,30,26,,,N,,15074
2019131519FB10610,MONMOUTH,FREEHOLD BORO,06/25/2019,TU,1307,01,FREEHOLD BORO PD,,0,0,0,0,P,I,N,N,01,2,US 9,N,9,,00000009__,,02,,03,07,02,01,01,01,,,,AT,,,F,BARKALOW AVE,NB,50,,26,40.251240,74.286390,N,,15102
2019131519FB10666,MONMOUTH,FREEHOLD BORO,06/26/2019,WE,1558,01,FREEHOLD BORO PD,,0,0,0,0,P,B,N,N,01,2,BARKALOW ST **,N,,,13151001__,,07,,03,04,02,01,01,01,02,,,,,,T,US 9,NB,25,,26,,,N,,15107
2019131519FB10675,MONMOUTH,FREEHOLD BORO,06/26/2019,WE,1911,01,FREEHOLD BORO PD,,0,0,0,0,P,B,N,N,11,1,ROUTE 537,E,537,,00000537__,51.63,07,,01,04,02,01,01,01,05,01,100,FE,W,YARD AVE,,,,25,,,,,N,,15084
2019131519FB10755,MONMOUTH,FREEHOLD BORO,06/28/2019,FR,1446,01,FREEHOLD BORO PD,,0,0,0,0,P,B,N,N,06,2,ROUTE 522,E,522,,00000522__,19.54,05,,01,04,02,01,01,01,05,01,100,FE,E,BROAD ST,,,,,,,,,N,,15084
2019131519FB10824,MONMOUTH,FREEHOLD BORO,06/29/2019,SA,1019,01,FREEHOLD BORO PD,,0,0,0,0,P,B,N,N,08,2,ANN ST **,,,,13151021__,.07,07,,01,04,02,01,01,01,05,01,300,FE,W,YARD AVE,,,,25,25,26,,,N,,15087
2019131519FB10925,MONMOUTH,FREEHOLD BORO,07/01/2019,MO,0815,01,FREEHOLD BORO PD,,0,0,0,0,P,I,N,N,01,2,US 9,N,9,,00000009__,,02,,03,07,02,01,01,01,,,,AT,,,F,BARKALOW AVE,NB,50,,26,,,N,,15102
2019131519FB10938,MONMOUTH,FREEHOLD BORO,07/01/2019,MO,1319,01,FREEHOLD BORO PD,,0,0,0,0,P,B,N,N,02,2,ROUTE 537,E,537,,00000537__,52.18,07,,01,04,02,01,01,01,04,,100,FE,W,NJ 79 / COURT ST / SOUTH ST,,,,25,25,26,40.259970,74.274390,N,,15102
2019131519FB10992,MONMOUTH,FREEHOLD BORO,07/02/2019,TU,0821,01,FREEHOLD BORO PD,,0,0,0,0,P,B,N,N,08,2,BORO PLAZA PARKING LOT,,,,,,08,,01,04,02,01,01,01,,01,500,FE,W,BROAD ST,,,,,,26,,,N,,15090
2019131519FB11010,MONMOUTH,FREEHOLD BORO,07/02/2019,TU,1816,01,FREEHOLD BORO PD,,0,0,0,0,P,B,N,N,02,2,ROUTE 537,W,537,,00000537__,51.55,07,,01,04,02,01,01,01,05,01,50,FE,W,NJ 33 BUS / PARK AVE,,,,40,40,26,40.251240,74.286390,N,,15106
2019131519FB11155,MONMOUTH,FREEHOLD BORO,07/05/2019,FR,1601,01,FREEHOLD BORO PD,,0,0,0,0,P,B,N,N,01,2,ROUTE 522,W,522,,00000522__,19.46,05,,01,04,02,01,01,01,04,01,300,FE,W,BROAD ST,,,,25,25,26,,,N,,15099
2019131519FB11312,MONMOUTH,FREEHOLD BORO,07/08/2019,MO,1810,01,FREEHOLD BORO PD,,0,2,0,0,I,B,N,N,01,2,BARKALOW ST **,N,,,13151001__,,07,,03,04,02,01,01,01,05,01,,,,,T,US 9,NB,25,,26,,,N,,15107
2019131519FB12107,MONMOUTH,FREEHOLD BORO,07/22/2019,MO,0647,01,FREEHOLD BORO PD,,0,0,0,0,P,I,N,N,01,2,ROUTE 537,W,537,,00000537__,51.56,07,,01,04,02,01,01,01,05,01,,AT,,NJ 33 BUS / PARK AVE,,,,40,40,26,40.253900,74.283350,N,,15106
2019131519FB12142,MONMOUTH,FREEHOLD BORO,07/22/2019,MO,1854,01,FREEHOLD BORO PD,,0,0,0,0,P,I,N,N,03,2,NJ 79,S,79,,00000079__,1.59,02,,01,04,02,02,03,02,04,,,AT,,ROUTE 537 / CENTER ST / E MAIN ST /,,,,25,25,26,,,N,,15107
2019131519FB12994,MONMOUTH,FREEHOLD BORO,08/06/2019,TU,1442,01,FREEHOLD BORO PD,,0,0,0,0,P,I,N,N,01,2,NJ 79,N,79,,00000079__,2.05,02,,01,04,02,02,01,01,05,01,,AT,,CR 46 / DUTCH LN,,,,,,,,,N,,15084
2019131519FB13032,MONMOUTH,FREEHOLD BORO,08/07/2019,WE,0720,01,FREEHOLD BORO PD,,0,0,0,0,P,I,N,N,01,2,BARKALOW ST **,,,,13151001__,,07,,01,04,02,01,01,01,05,01,,AT,,US 9,,,,15,50,26,,,N,,15098
2019131519FB13033,MONMOUTH,FREEHOLD BORO,08/07/2019,WE,0731,01,FREEHOLD BORO PD,,0,0,0,0,P,B,N,N,01,2,BARKALOW ST **,W,,,13151001__,,07,,03,05,01,01,01,01,02,01,,,,,T,US 9,NB,25,,26,,,N,,15090
2019131519FB13118,MONMOUTH,FREEHOLD BORO,08/09/2019,FR,0743,01,FREEHOLD BORO PD,,0,0,0,0,P,I,N,N,03,2,NJ 79,N,79,,00000079__,1.19,02,,02,04,02,01,01,01,04,01,,AT,,MCLEAN ST,,,,25,25,26,,,N,,15090
2019131519FB13123,MONMOUTH,FREEHOLD BORO,08/08/2019,TH,1522,01,FREEHOLD BORO PD,,0,0,0,0,P,B,N,N,08,2,MARKETYARD P-LOT,S,,,,,09,,01,04,02,01,01,01,05,01,100,FE,N,MECHANIC STREET,,,,25,25,26,,,N,,15105
2019131519FB13215,MONMOUTH,FREEHOLD BORO,08/09/2019,FR,2026,01,FREEHOLD BORO PD,,0,0,0,0,P,I,N,N,04,2,ROUTE 537,E,537,,00000537__,51.32,07,,01,04,02,01,06,01,04,,,AT,W,US 9,,,,35,25,26,,,N,,15101
2019131519FB13261,MONMOUTH,FREEHOLD BORO,08/10/2019,SA,1515,01,FREEHOLD BORO PD,,0,1,0,0,I,B,N,N,01,3,ROUTE 537,S,537,,00000537__,51.65,07,,01,04,02,01,01,01,05,01,10,FE,S,YARD AVE,,,,25,25,26,,,N,,15098
2019131519FB13305,MONMOUTH,FREEHOLD BORO,08/11/2019,SU,1330,01,FREEHOLD BORO PD,,0,0,0,0,P,I,N,N,07,2,NJ 79,N,79,,00000079__,.74,02,,01,04,02,01,01,01,04,01,,AT,,NJ 33 BUSINESS / PARK AVE,,,,30,40,26,,,N,STATE DOT TRAFFIC SIGNAL BASE DAMAGED.,15103
2019131519FB13311,MONMOUTH,FREEHOLD BORO,08/11/2019,SU,1821,01,FREEHOLD BORO PD,,0,0,0,0,P,I,N,N,02,2,US 9,S,9,,00000009__,113.75,02,,01,06,02,01,01,01,01,,,AT,S,ROUTE 537 / WEST MAIN ST,,,,50,35,26,,,N,,15101
2019131519FB13361,MONMOUTH,FREEHOLD BORO,08/12/2019,MO,1511,01,FREEHOLD BORO PD,,0,0,0,0,P,I,N,N,08,2,NJ 33 BUSINESS,W,33,B,00000033B_,2.92,02,,01,05,02,01,01,01,04,,,AT,E,ROUTE 537 / WEST MAIN ST,,,,,25,26,,,N,,15101
2019131519FB13408,MONMOUTH,FREEHOLD BORO,08/13/2019,TU,1315,01,FREEHOLD BORO PD,,0,1,0,0,I,I,N,N,01,2,ROUTE 537,E,537,,00000537__,51.32,07,,01,04,02,02,01,02,04,01,,AT,,US 9,,,,40,,26,,,N,,15103
2019131519FB13520,MONMOUTH,FREEHOLD BORO,08/16/2019,FR,0945,01,FREEHOLD BORO PD,19FB13520,0,0,0,0,P,I,N,N,01,2,NJ 79,,79,,00000079__,1.59,02,,01,04,02,01,01,01,04,,,AT,,ROUTE 537 / CENTER ST / E MAIN ST /,,,,25,25,26,,,N,,15100
2019131519FB13667,MONMOUTH,FREEHOLD BORO,08/18/2019,SU,1037,01,FREEHOLD BORO PD,,0,0,0,0,P,I,N,N,11,1,US 9,S,9,,00000009__,113.75,02,,03,06,02,01,01,01,02,,,AT,S,ROUTE 537 / WEST MAIN ST,,,,25,35,56,,,N,JCP&L LIGHT POLE AND DOT SIGN.,15101
2019131519FB13686,MONMOUTH,FREEHOLD BORO,08/18/2019,SU,1758,01,FREEHOLD BORO PD,,0,0,0,0,P,B,N,N,01,2,ROUTE 537,E,537,,00000537__,51.56,07,,01,04,02,01,01,01,04,01,20,FE,W,NJ 33 BUS / PARK AVE,,,,30,40,26,,,N,,15090
2019131519FB13725,MONMOUTH,FREEHOLD BORO,08/19/2019,MO,0908,01,FREEHOLD BORO PD,,0,1,0,0,I,I,N,N,01,2,BARKALOW AVE,,,,,,07,,01,04,02,01,01,01,05,01,,AT,,US 9,,,,15,,26,,,N,,15098
2019131519FB13731,MONMOUTH,FREEHOLD BORO,08/19/2019,MO,1221,01,FREEHOLD BORO PD,,0,1,0,0,I,I,N,N,03,2,MONMOUTH COUNTY 24,W,24,,13000024__,.37,05,,01,04,02,01,01,01,05,01,,AT,,BOWNE AVE,,,,25,25,26,,,N,,15098
2019131519FB13739,MONMOUTH,FREEHOLD BORO,08/19/2019,MO,1756,01,FREEHOLD BORO PD,,0,2,0,0,I,I,N,N,01,2,HUDSON ST **,N,,,13151066__,.54,07,,01,04,02,01,01,01,04,01,,AT,,BENNETT ST,,,,25,25,26,,,N,,15105
2019131519FB13859,MONMOUTH,FREEHOLD BORO,08/21/2019,WE,0942,01,FREEHOLD BORO PD,,0,0,0,0,P,B,N,N,01,2,ROUTE 537,N,537,,00000537__,51.39,07,,01,04,02,01,01,01,05,01,250,FE,N,BARKALEW RD,,,,25,25,26,,,N,,15098
2019131519FB13865,MONMOUTH,FREEHOLD BORO,08/21/2019,WE,1128,01,FREEHOLD BORO PD,,0,0,0,0,P,I,N,N,08,2,NJ 79,S,79,,00000079__,1.34,02,,01,04,02,01,01,01,05,,,AT,,MECHANIC ST,,,,25,,,,,N,,15084
2019131519FB13866,MONMOUTH,FREEHOLD BORO,08/21/2019,WE,1221,01,FREEHOLD BORO PD,,0,0,0,0,P,B,N,N,06,2,PARKER ST **,N,,,,,07,,01,04,02,01,00,01,05,01,500,FE,,MARCY ST,,,,25,25,28,,,N,,15098
2019131519FB13883,MONMOUTH,FREEHOLD BORO,08/21/2019,WE,1833,01,FREEHOLD BORO PD,,0,0,0,0,P,I,N,N,06,2,RAILROAD PLAZA,W,,,,,07,,01,05,02,01,01,05,05,,,AT,N,ROUTE 537,,,,25,25,28,,,N,,15101
2019131519FB13930,MONMOUTH,FREEHOLD BORO,08/22/2019,TH,1729,01,FREEHOLD BORO PD,,0,1,0,0,I,I,N,N,02,2,ROUTE 537,E,537,,00000537__,52.38,07,,01,04,02,01,01,01,04,01,,AT,,NJ 79 / BROADWAY / CENTER ST / SPRI,,,,25,25,26,,,N,,108
2019131519FB13965,MONMOUTH,FREEHOLD BORO,08/23/2019,FR,1019,01,FREEHOLD BORO PD,,0,0,0,0,P,B,N,N,08,2,22 COURT ST,N,,,,,08,,01,04,02,01,01,01,,,,,,,,,,25,,28,40.260280,74.275750,N,,15102
2019131519FB14016,MONMOUTH,FREEHOLD BORO,08/24/2019,SA,1258,01,FREEHOLD BORO PD,,0,0,0,0,P,I,N,N,01,3,ROUTE 537,W,537,,00000537__,51.32,07,,01,04,02,01,01,01,04,01,,AT,,US 9,,,,40,50,26,,,N,,
2019131519FB14075,MONMOUTH,FREEHOLD BORO,08/25/2019,SU,2217,01,FREEHOLD BORO PD,,0,3,0,0,I,I,N,N,07,2,ROUTE 537,W,537,,00000537__,51.32,07,,01,04,02,01,06,01,04,01,,AT,,,T,US 9,SB,40,,26,,,N,DAMAGE TO RT 9 SOUTH GUARDRAIL,15103
2019131519FB14096,MONMOUTH,FREEHOLD BORO,08/26/2019,MO,0612,01,FREEHOLD BORO PD,,0,0,0,0,P,B,N,N,06,2,STOKES ST **,S,,,13151025__,,07,,01,04,02,01,01,01,05,01,,,,,,,,25,,26,,,N,,15105
2019131519FB14119,MONMOUTH,FREEHOLD BORO,08/26/2019,MO,1504,01,FREEHOLD BORO PD,,0,0,0,0,P,B,N,N,01,2,US 9,N,9,,00000009__,,02,,03,05,01,01,01,01,05,01,100,FE,W,BARKALOW AVE.,,,,50,25,,,,N,,15104
2019131519FB14221,MONMOUTH,FREEHOLD BORO,08/28/2019,WE,1339,01,FREEHOLD BORO PD,19FB14221,0,0,0,0,P,B,N,N,08,2,CLINTON ST **,,,,13151072__,,07,,01,04,02,02,01,02,05,01,,,,,,,,25,,28,,,N,,15100
2019131519FB14236,MONMOUTH,FREEHOLD BORO,08/28/2019,WE,2022,01,FREEHOLD BORO PD,,0,0,0,0,P,I,N,N,06,2,NJ 79,S,79,,00000079__,.94,02,,01,04,02,02,06,02,,01,,AT,S,HULL AVE,,,,30,25,28,,,N,,15104
2019131519FB14287,MONMOUTH,FREEHOLD BORO,08/29/2019,TH,2114,01,FREEHOLD BORO PD,,0,1,0,0,I,I,N,N,04,2,ROUTE 537,E,537,,00000537__,51.32,07,,01,04,02,01,06,01,04,01,,AT,,US 9,,,,40,50,26,,,N,,15105
2019131519FB14312,MONMOUTH,FREEHOLD BORO,08/30/2019,FR,1228,01,FREEHOLD BORO PD,19FB14312,0,1,0,0,I,B,N,N,01,2,BARKALOW ST **,,,,13151001__,,07,,03,04,02,01,01,01,02,,,,,,T,US 9,NB,25,,26,,,N,,15100
2019131519FB14326,MONMOUTH,FREEHOLD BORO,08/30/2019,FR,1829,01,FREEHOLD BORO PD,,0,1,0,0,I,I,N,N,14,1,ROUTE 522,,522,,00000522__,19.64,05,,01,04,02,02,01,01,04,01,,AT,,ROUTE 537 / MAIN ST,,,,25,25,21,,,N,MONGOOSE BICYCLE - BENT CHAIN GUARD,15105
2019131519FB14338,MONMOUTH,FREEHOLD BORO,08/30/2019,FR,2212,01,FREEHOLD BORO PD,,0,0,0,0,P,B,N,N,06,2,ROUTE 537,E,537,,00000537__,,07,,01,04,02,01,06,01,01,01,,,,,,,,25,,26,,,N,,15103
2019131519FB14376,MONMOUTH,FREEHOLD BORO,09/01/2019,SU,0940,01,FREEHOLD BORO PD,,0,0,0,0,P,B,N,N,06,2,ORCHARD ST **,S,,,13151082__,.06,07,,01,04,02,01,01,01,05,01,1000,FE,S,PARKER ST,,,,25,25,26,,,N,,15109
2019131519FB14383,MONMOUTH,FREEHOLD BORO,08/31/2019,SA,2018,01,FREEHOLD BORO PD,,0,0,0,0,P,I,N,N,02,2,ROUTE 537,E,537,,00000537__,51.34,07,,01,04,02,01,07,01,,,,AT,,BARKALEW RD,,,,35,25,26,40.251240,74.286390,N,,15102
2019131519FB14402,MONMOUTH,FREEHOLD BORO,09/01/2019,SU,1515,01,FREEHOLD BORO PD,,0,1,0,0,I,I,N,N,01,2,ROUTE 537,W,537,,00000537__,51.34,07,,01,04,02,01,01,06,04,01,,AT,,BARKALEW RD,,,,40,25,26,,,N,,15103
2019131519FB14454,MONMOUTH,FREEHOLD BORO,09/02/2019,MO,1459,01,FREEHOLD BORO PD,19FB14454,0,0,0,0,P,I,N,N,02,2,ROUTE 537,W,537,,00000537__,51.32,07,,03,06,02,01,01,01,02,,,AT,,US 9,,,,35,25,26,40.251610,74.286940,N,,15101
2019131519FB14613,MONMOUTH,FREEHOLD BORO,09/05/2019,TH,1753,01,FREEHOLD BORO PD,,0,0,0,0,P,I,N,N,06,2,MARCY STREET,E,,,,,07,,01,04,02,01,01,05,05,01,,AT,,PARKER STREET,,,,25,,28,40.257120,74.270650,N,,15094
2019131519FB14696,MONMOUTH,FREEHOLD BORO,09/06/2019,FR,2315,01,FREEHOLD BORO PD,,0,0,0,0,P,B,N,N,08,2,AVENUE C,,,,,,07,,01,06,02,01,06,01,05,01,,,,,,,,25,,26,,,N,,15105
2019131519FB14898,MONMOUTH,FREEHOLD BORO,09/10/2019,TU,1339,01,FREEHOLD BORO PD,19FB14898,0,1,0,0,I,I,N,N,01,2,ROUTE 537,W,537,,00000537__,51.32,07,,01,04,02,01,01,01,04,,,AT,,,F,US 9,SB,40,,26,,,N,,15100
2019131519FB15061,MONMOUTH,FREEHOLD BORO,09/12/2019,TH,2017,01,FREEHOLD BORO PD,,0,0,0,0,P,B,N,N,01,2,ROUTE 537,E,537,,00000537__,52.05,07,,01,04,02,02,06,02,04,01,250,FE,W,ROUTE 522 / THROCKMORTON ST,,,,25,25,26,,,N,HITCH MOUNTED CARGO CARRIER ON VEHICLE 2,15105
2019131519FB15112,MONMOUTH,FREEHOLD BORO,09/13/2019,FR,1606,01,FREEHOLD BORO PD,,0,0,0,0,P,I,N,N,03,2,NJ 79,W,79,,00000079__,1.52,02,,01,04,02,01,01,01,05,01,,AT,,SHERIFF ST,,,,25,25,26,40.260280,74.273120,N,,15106