Year(4)-CountyCode(2)-MunicipalityCode(2)-CaseNumber(9),County Name,Municipality Name,Crash Date,Crash Day of Week,Crash Time,Police Department Code,Police Department,Police Station,Total Killed,Total Injured,Pedestrians Killed,Pedestrians Injured,Severity,Intersection,Alcohol Involved,Hazmat Involved,Crash Type,Total Vehicles,Location,Location Direction,Route,Route Suffix,Std Rte Identifier,MilePost,Road System,Road Character,Road Horizontal Alignment,Road Grade,Road Surface Type,Surface Condition,Light Condition,Environmental Condition,Road Divided By,Temporary Traffic Control Zone,Distance To Cross Street,Unit Of Measurement,Direction From Cross Street,Cross Street Name,Is Ramp,Ramp To/From Route Name,Ramp To/From Route Direction,Posted Speed,Posted Speed Cross Street,First Harmful Event,Latitude,Longitude,Cell Phone In Use Flag,Other Property Damage,Reporting Badge No.
2019131619FT01470,MONMOUTH,FREEHOLD TWP,01/16/2019,WE,1939,01,FREEHOLD TWP PD,,0,0,0,0,P,B,N,N,01,2,US 9,S,9,,00000009__,111.51,02,,01,04,02,01,06,01,03,01,25,FE,S,JACKSON MILL RD,,,,50,35,26,,,N,,16215
2019131619FT01480,MONMOUTH,FREEHOLD TWP,01/16/2019,WE,1927,01,FREEHOLD TWP PD,,0,0,0,0,P,B,N,N,12,1,MONMOUTH COUNTY 23,,23,,13000023__,2.30,05,,01,04,02,01,05,01,05,01,50,FE,S,RIVIERA RD,,,,45,25,24,,,N,,16230
2019131619FT01524,MONMOUTH,FREEHOLD TWP,01/17/2019,TH,0941,01,FREEHOLD TWP PD,,0,0,0,0,P,B,N,N,02,2,ROUTE 537,,537,,00000537__,48.43,05,,01,04,02,01,01,01,05,01,2640,FE,W,GRAVEL HILL RD,,,,50,35,26,,,N,,16255
2019131619FT01529,MONMOUTH,FREEHOLD TWP,01/17/2019,TH,1044,01,FREEHOLD TWP PD,,0,1,0,0,I,I,N,N,03,2,MONMOUTH COUNTY 23,,23,,13000023__,3.91,05,,01,04,02,02,01,01,05,01,,AT,,ROUTE 524 / ELTON-ADELPHIA RD,,,,45,45,26,,,N,,16255
2019131619FT01532,MONMOUTH,FREEHOLD TWP,01/17/2019,TH,1133,01,FREEHOLD TWP PD,,0,0,0,0,P,B,N,N,03,2,ROUTE 537,,537,,00000537__,50.00,05,,01,04,02,01,01,01,04,01,300,FE,W,REDWOOD LN,,,,45,25,26,,,N,,16252
2019131619FT01550,MONMOUTH,FREEHOLD TWP,01/17/2019,TH,1600,01,FREEHOLD TWP PD,,0,0,0,0,P,B,N,N,11,1,MONMOUTH COUNTY 55,,55,,13000055__,1.60,05,,01,04,02,01,01,01,03,01,2640,FE,N,CENTER ST / FRENEAU BLVD,,,,50,40,56,,,N,TREE ON 1000 KOZLOSKI ROAD PROPERTY,16258
2019131619FT01597,MONMOUTH,FREEHOLD TWP,01/18/2019,FR,0656,01,FREEHOLD TWP PD,,0,0,0,0,P,B,N,N,02,2,US 9,S,9,,00000009__,116.27,02,,01,04,02,02,02,05,01,01,25,FE,S,CRAIG RD / EAST FREEHOLD RD,,,,55,35,26,,,N,,16244
2019131619FT01600,MONMOUTH,FREEHOLD TWP,01/18/2019,FR,0742,01,FREEHOLD TWP PD,,0,0,0,0,P,I,N,N,11,1,GEORGIA RD **,,,,13161016__,1.06,07,,01,04,02,03,01,03,05,01,,AT,,STONEHILL RD,,,,35,25,60,,,N,,16246
2019131619FT01650,MONMOUTH,FREEHOLD TWP,01/18/2019,FR,1523,01,FREEHOLD TWP PD,,0,0,0,0,P,B,N,N,11,2,MONMOUTH COUNTY 23,,23,,13000023__,.91,05,,01,04,02,02,01,01,05,01,2640,FE,S,CR 53 / GEORGIA RD,,,,,40,59,,,N,CHAINLINK FENCE BELONGING TO 363 JACKSON MILLS ROAD,16220
2019131619FT01655,MONMOUTH,FREEHOLD TWP,01/18/2019,FR,1601,01,FREEHOLD TWP PD,,0,0,0,0,P,B,N,N,01,2,ROUTE 537,,537,,00000537__,51.07,05,,03,04,02,02,03,05,05,01,15,FE,,,F,TROTTERS WAY,WB,35,,26,,,N,,16269
2019131619FT01656,MONMOUTH,FREEHOLD TWP,01/18/2019,FR,1708,01,FREEHOLD TWP PD,,0,1,0,0,I,B,N,N,02,2,ROUTE 537,,537,,00000537__,50.25,05,,01,04,02,02,01,05,04,01,75,FE,W,STILLWELLS CORNER RD / WEMROCK RD,,,,45,35,26,,,N,,16266
2019131619FT01668,MONMOUTH,FREEHOLD TWP,01/18/2019,FR,1845,01,FREEHOLD TWP PD,,0,1,0,0,I,B,N,N,02,2,US 9,N,9,,00000009__,115.37,02,,01,04,02,01,06,01,02,01,15,FE,N,SCHIBANOFF LN,,,,55,25,26,,,N,,16258
2019131619FT01743,MONMOUTH,FREEHOLD TWP,01/19/2019,SA,1207,01,FREEHOLD TWP PD,,0,1,0,0,I,B,N,N,01,2,ROUTE 537,,537,,00000537__,51.28,05,,01,04,02,01,01,01,05,01,200,FE,W,US 9,,,,40,50,26,,,N,,16220
2019131619FT01807,MONMOUTH,FREEHOLD TWP,01/19/2019,SA,2032,01,FREEHOLD TWP PD,,0,0,0,0,P,B,Y,N,01,2,US 9,N,9,,00000009__,114.33,02,,01,04,02,02,06,02,01,01,10,FE,S,NJ 33 BUSINESS / PARK AVE,,,,50,45,26,,,N,,16261
2019131619FT01845,MONMOUTH,FREEHOLD TWP,01/20/2019,SU,1720,01,FREEHOLD TWP PD,,0,0,0,0,P,I,N,N,03,2,ROUTE 537,E,537,,00000537__,45.42,05,,01,04,02,01,07,01,05,01,,AT,,ELY HARMONY RD,,,,50,25,26,,,N,PSE&G GAS LINE WAS DAMAGED ON THE CORNER OF MONMOUTH AND ELY HARMONY.,261
2019131619FT01901,MONMOUTH,FREEHOLD TWP,01/21/2019,MO,1742,01,FREEHOLD TWP PD,,0,0,0,0,P,I,N,N,01,2,ROUTE 537,,537,,00000537__,53.44,05,,01,04,02,01,06,01,05,01,,AT,,HARDING RD,,,,45,25,26,,,N,,16261
2019131619FT01931,MONMOUTH,FREEHOLD TWP,01/22/2019,TU,0529,01,FREEHOLD TWP PD,,0,2,0,0,I,I,N,N,01,2,ROUTE 524,,524,,00000524__,25.52,05,,01,04,02,01,06,01,05,01,,AT,,HALLS MILL RD,,,,45,35,26,,,N,,219
2019131619FT01967,MONMOUTH,FREEHOLD TWP,01/22/2019,TU,1233,01,FREEHOLD TWP PD,,0,0,0,0,P,B,N,N,02,2,ROUTE 537,,537,,00000537__,53.92,05,,01,04,02,01,01,01,05,01,50,FE,W,CR 55 / KOZLOSKI RD,,,,45,50,26,,,N,,16229
2019131619FT01973,MONMOUTH,FREEHOLD TWP,01/22/2019,TU,1255,01,FREEHOLD TWP PD,,0,0,0,0,P,B,N,N,08,2,555 IRON BRIDGE RD,,,,,,09,,01,04,02,01,01,01,05,01,,,,PARKING LOT OF SUP?E #17,,,,,,26,,,N,,16238
2019131619FT01986,MONMOUTH,FREEHOLD TWP,01/22/2019,TU,1523,01,FREEHOLD TWP PD,,0,1,0,0,I,B,N,N,01,3,ROUTE 537,,537,,00000537__,48.92,05,,01,04,02,01,01,01,05,01,50,FE,W,GRAVEL HILL RD,,,,45,35,26,,,N,,
2019131619FT01987,MONMOUTH,FREEHOLD TWP,01/22/2019,TU,1526,01,FREEHOLD TWP PD,,0,2,0,0,I,B,N,N,01,4,ROUTE 524,,524,,00000524__,24.93,05,,01,04,02,01,01,01,05,01,600,FE,W,CR 23 / JACKSON MILL RD,,,,45,45,26,,,N,,
2019131619FT02023,MONMOUTH,FREEHOLD TWP,01/23/2019,WE,0755,01,FREEHOLD TWP PD,,0,2,0,0,I,B,N,N,01,3,US 9,S,9,,00000009__,115.47,02,,01,04,02,01,01,01,02,01,528,FE,N,SCHIBANOFF LN,,,,55,20,26,,,N,,
2019131619FT02077,MONMOUTH,FREEHOLD TWP,01/23/2019,WE,1727,01,FREEHOLD TWP PD,,0,0,0,0,P,I,N,N,02,2,US 9,N,9,,00000009__,112.75,02,,01,04,02,01,06,01,03,01,,AT,,NJ 79 / SCHANCK RD / SOUTH ST,,,,50,35,26,,,N,,16258
2019131619FT02131,MONMOUTH,FREEHOLD TWP,01/24/2019,TH,1100,01,FREEHOLD TWP PD,,0,0,0,0,P,I,N,N,02,2,ROUTE 537,,537,,00000537__,51.07,05,,01,04,02,02,01,02,05,01,,AT,,TROTTERS LN / TROTTERS WAY,,,,45,30,26,,,N,,16220
2019131619FT02138,MONMOUTH,FREEHOLD TWP,01/24/2019,TH,1300,01,FREEHOLD TWP PD,,0,0,0,0,P,B,N,N,01,2,ROUTE 537,,537,,00000537__,50.06,05,,03,04,02,02,01,02,05,01,,,,,F,VILLAGE CENTER DR,SB,40,,26,,,N,,16255
2019131619FT02145,MONMOUTH,FREEHOLD TWP,01/24/2019,TH,1441,01,FREEHOLD TWP PD,,0,0,0,0,P,B,N,N,99,2,NJ 33 BUSINESS,,33,B,00000033B_,1.01,02,,01,06,02,02,01,02,05,01,75,FE,W,WEMROCK RD,,,,45,50,26,,,N,,16220
2019131619FT02164,MONMOUTH,FREEHOLD TWP,01/24/2019,TH,1808,01,FREEHOLD TWP PD,,0,1,0,0,I,I,N,N,01,2,E FREEHOLD RD,,,,13161067__,.00,07,,01,04,02,01,06,01,05,01,,AT,,SILVERS RD / WATERWORKS RD,,,,35,25,26,,,N,,16231
2019131619FT02240,MONMOUTH,FREEHOLD TWP,01/25/2019,FR,1116,01,FREEHOLD TWP PD,,0,0,0,0,P,B,N,N,01,2,MONMOUTH COUNTY 23,,23,,13000023__,3.90,05,,01,04,02,01,01,01,05,01,50,FE,S,ROUTE 524 / ELTON-ADELPHIA RD,,,,45,40,26,,,N,,16220
2019131619FT02260,MONMOUTH,FREEHOLD TWP,01/25/2019,FR,1344,01,FREEHOLD TWP PD,,0,1,0,0,I,I,N,N,03,2,GEORGIA RD **,,,,13161016__,.67,07,,01,04,02,01,01,01,05,01,,AT,,VALLEY VIEW CIR / WHITE MOUNTAIN LN,,,,40,25,26,,,N,,16220
2019131619FT02285,MONMOUTH,FREEHOLD TWP,01/25/2019,FR,1722,01,FREEHOLD TWP PD,,0,0,0,0,P,B,N,N,15,1,MONMOUTH COUNTY 55,,55,,13000055__,.60,05,,01,07,02,01,01,01,05,01,3432,FE,N,THREE BROOKS ROAD,,,,50,35,39,,,N,,16261
2019131619FT02290,MONMOUTH,FREEHOLD TWP,01/25/2019,FR,1747,01,FREEHOLD TWP PD,,0,0,0,0,P,I,N,N,07,2,ROUTE 537,,537,,00000537__,54.24,05,,01,04,02,01,06,01,05,01,,AT,,TRANQUIL CT,,,,50,25,26,,,N,,16231
2019131619FT02294,MONMOUTH,FREEHOLD TWP,01/25/2019,FR,1753,01,FREEHOLD TWP PD,,0,0,0,0,P,B,N,N,01,2,ROUTE 537,,537,,00000537__,51.24,05,,01,04,02,01,06,01,05,01,900,FE,E,TROTTERS LN / TROTTERS WAY,,,,45,25,26,,,N,,16259
2019131619FT02307,MONMOUTH,FREEHOLD TWP,01/25/2019,FR,2043,01,FREEHOLD TWP PD,,0,0,0,0,P,B,N,N,08,2,CRAIG RD,,,,13161137__,.05,07,,01,04,02,01,06,01,05,01,5,FE,W,US 9,,,,35,55,26,,,N,,16261
2019131619FT02370,MONMOUTH,FREEHOLD TWP,01/26/2019,SA,1040,01,FREEHOLD TWP PD,,0,1,0,0,I,B,N,N,11,1,NJ 33,E,33,,00000033__,29.04,02,,03,04,02,01,01,01,02,01,,,,,T,HALLS MILL ROAD,SB,55,,54,,,N,,16220
2019131619FT02409,MONMOUTH,FREEHOLD TWP,01/26/2019,SA,1449,01,FREEHOLD TWP PD,,0,0,0,0,P,B,N,N,01,2,ROUTE 537,,537,,00000537__,51.07,05,,03,04,02,01,01,01,02,01,,,,,F,TROTTERS WAY,WB,40,,26,,,N,,16252
2019131619FT02410,MONMOUTH,FREEHOLD TWP,01/26/2019,SA,1447,01,FREEHOLD TWP PD,,0,0,0,0,P,B,N,N,01,2,ROUTE 537,,537,,00000537__,,05,,01,04,02,01,01,01,05,01,100,FE,W,ROUTE 527,,,,50,35,26,,,N,,16220
2019131619FT02521,MONMOUTH,FREEHOLD TWP,01/27/2019,SU,1745,01,FREEHOLD TWP PD,,0,2,0,0,I,B,N,N,01,2,US 9,S,9,,00000009__,114.08,02,,01,04,02,01,07,01,01,01,300,FE,S,RACEWAY MALL DR,,,,50,25,26,,,N,,16230
2019131619FT02524,MONMOUTH,FREEHOLD TWP,01/27/2019,SU,1810,01,FREEHOLD TWP PD,,0,0,0,0,P,B,N,N,01,2,WEMROCK RD,,,,13161020__,.00,07,,01,04,02,01,06,01,05,01,50,FE,S,OAKLEY DR / GULLY RD,,,,35,25,26,,,N,,16250
2019131619FT02622,MONMOUTH,FREEHOLD TWP,01/28/2019,MO,1325,01,FREEHOLD TWP PD,,1,0,0,0,F,B,N,N,11,1,US 9,S,9,,00000009__,115.57,02,,01,04,02,01,01,01,02,01,1056,FE,N,SCHIBANOFF LN,,,,55,20,54,,,N,,16220
2019131619FT02654,MONMOUTH,FREEHOLD TWP,01/28/2019,MO,1727,01,FREEHOLD TWP PD,,0,0,0,0,P,B,N,N,12,1,THREE BROOKS RD **,,,,13161106__,.65,07,,01,04,02,01,06,01,05,01,75,FE,E,ASSUNPINK TRAIL / IROQUOIS DR,,,,35,25,24,,,N,,16250
2019131619FT02665,MONMOUTH,FREEHOLD TWP,01/28/2019,MO,1847,01,FREEHOLD TWP PD,,0,0,0,0,P,B,N,N,01,2,US 9,N,9,,00000009__,116.18,02,,01,04,02,01,06,01,01,01,500,FE,S,CRAIG RD / EAST FREEHOLD RD,,,,55,35,26,,,N,,16250
2019131619FT02666,MONMOUTH,FREEHOLD TWP,01/28/2019,MO,1913,01,FREEHOLD TWP PD,,0,0,0,0,P,B,N,N,02,2,US 9,N,9,,00000009__,114.32,02,,01,04,02,01,06,01,01,01,50,FE,S,NJ 33 BUSINESS / PARK AVE,,,,55,40,26,,,N,,16265
2019131619FT02684,MONMOUTH,FREEHOLD TWP,01/29/2019,TU,0022,01,FREEHOLD TWP PD,,0,0,0,0,P,B,N,N,12,1,NJ 33,E,33,,00000033__,26.29,02,,01,04,02,01,04,01,03,01,1584,FE,W,ROUTE 537 / FREEHOLD-MOUNT HOLLY RD,,,,55,40,24,,,N,,16256
2019131619FT02731,MONMOUTH,FREEHOLD TWP,01/29/2019,TU,1543,01,FREEHOLD TWP PD,,0,1,0,0,I,B,N,N,01,2,US 9,S,9,,00000009__,116.02,02,,01,04,02,01,01,01,02,01,1320,FE,S,CRAIG RD / EAST FREEHOLD RD,,,,55,35,26,,,N,,16250
2019131619FT02738,MONMOUTH,FREEHOLD TWP,01/29/2019,TU,1703,01,FREEHOLD TWP PD,,0,0,0,0,P,B,N,N,12,1,MONMOUTH COUNTY 55,,55,,13000055__,2.38,05,,01,05,02,02,01,02,05,01,1584,FE,N,ROUTE 537 / COLTS NECK RD,,,,50,45,24,,,N,,16230
2019131619FT02739,MONMOUTH,FREEHOLD TWP,01/29/2019,TU,1802,01,FREEHOLD TWP PD,,0,1,0,0,I,B,N,N,01,2,NJ 79,,79,,00000079__,.48,02,,01,04,02,02,06,02,05,01,100,FE,N,IRWIN AVE,,,,35,25,26,,,N,,16250
2019131619FT02763,MONMOUTH,FREEHOLD TWP,01/30/2019,WE,0621,01,FREEHOLD TWP PD,,0,0,0,0,P,B,N,N,02,2,US 9,S,9,,00000009__,112.94,02,,01,04,02,04,01,01,01,,1000,FE,N,NJ 79 / SCHANCK RD / SOUTH ST,,,,50,35,,,,N,,16212
2019131619FT02812,MONMOUTH,FREEHOLD TWP,01/30/2019,WE,1707,01,FREEHOLD TWP PD,,0,1,0,0,I,B,N,N,01,4,MONMOUTH COUNTY 55,,55,,13000055__,1.19,05,,01,04,02,01,03,01,02,01,500,FE,N,CENTER ST / FRENEAU BLVD,,,,50,40,26,,,N,,
2019131619FT02842,MONMOUTH,FREEHOLD TWP,01/30/2019,WE,2354,01,FREEHOLD TWP PD,,0,0,0,0,P,B,N,N,12,1,ROUTE 522,E,522,,00000522__,17.92,05,,01,04,02,01,05,01,05,,100,FE,E,WEMROCK RD,,,,50,50,24,,,N,,16251
2019131619FT02865,MONMOUTH,FREEHOLD TWP,01/31/2019,TH,0842,01,FREEHOLD TWP PD,,0,0,0,0,P,B,N,N,01,2,US 9,N,9,,00000009__,111.34,02,,01,04,02,01,01,01,03,01,50,FE,S,ROUTE 524 / ELTON-ADELPHIA RD,,,,50,40,26,,,N,,16220
2019131619FT02908,MONMOUTH,FREEHOLD TWP,01/31/2019,TH,1415,01,FREEHOLD TWP PD,,0,0,0,0,P,I,N,N,11,1,SCHANCK RD,,,,13161329__,1.14,07,,01,04,02,01,01,01,05,01,,AT,,STILLWELLS CORNER RD,,,,35,35,,,,N,,16220
2019131619FT02920,MONMOUTH,FREEHOLD TWP,01/31/2019,TH,1543,01,FREEHOLD TWP PD,,0,0,0,0,P,B,N,N,01,2,US 9,N,9,,00000009__,112.75,02,,01,04,02,01,01,01,05,01,25,FE,N,NJ 79 / SCHANCK RD / SOUTH ST,,,,55,35,26,,,N,,16269
2019131619FT02955,MONMOUTH,FREEHOLD TWP,01/31/2019,TH,2314,01,FREEHOLD TWP PD,,0,0,0,0,P,I,N,N,12,1,ROUTE 537,,537,,00000537__,54.19,05,,01,04,02,01,06,01,05,01,,AT,,BENNINGTON RD,,,,50,25,,,,N,,219
2019131619FT03047,MONMOUTH,FREEHOLD TWP,02/01/2019,FR,1534,01,FREEHOLD TWP PD,,0,0,0,0,P,I,N,N,11,1,MONMOUTH COUNTY 46,,46,,13000046__,1.88,05,,01,04,02,01,01,05,05,01,,AT,,PALISADE DR,,,,45,25,56,,,N,,16262
2019131619FT03052,MONMOUTH,FREEHOLD TWP,02/01/2019,FR,1643,01,FREEHOLD TWP PD,,0,0,0,0,P,B,N,N,03,2,NJ 79,,79,,00000079__,.19,02,,01,04,02,01,01,01,05,01,300,FE,E,NJ 33,,,,35,50,26,,,N,,16259
2019131619FT03053,MONMOUTH,FREEHOLD TWP,02/01/2019,FR,1656,01,FREEHOLD TWP PD,,0,0,0,0,P,B,N,N,01,2,US 9,S,9,,00000009__,113.25,02,,01,04,02,01,03,01,05,01,2640,FE,N,NJ 79 / SCHANCK RD / SOUTH ST,,,,55,35,26,,,N,,16269
2019131619FT03057,MONMOUTH,FREEHOLD TWP,02/01/2019,FR,1754,01,FREEHOLD TWP PD,,0,0,0,0,P,B,N,N,01,2,ROUTE 537,W,537,,00000537__,50.48,05,,01,04,02,01,06,01,05,01,100,FE,W,CASTRONOVA WAY / FREEHOLD MARKETPLA,,,,35,25,26,,,N,,16269
2019131619FT03105,MONMOUTH,FREEHOLD TWP,02/02/2019,SA,0850,01,FREEHOLD TWP PD,,0,0,0,0,P,B,N,N,01,2,US 9,S,9,,00000009__,114.10,02,,01,04,02,01,01,01,01,01,10,FE,,,T,RACEWAY MALL DRIVE,WB,50,,26,,,N,,16220
2019131619FT03183,MONMOUTH,FREEHOLD TWP,02/02/2019,SA,2145,01,FREEHOLD TWP PD,,0,1,0,0,I,B,N,N,01,2,WEMROCK RD,,,,,,07,,01,04,02,01,06,01,05,01,25,FE,N,WEEPING WILLOW,,,,35,25,26,,,N,,16259
2019131619FT03206,MONMOUTH,FREEHOLD TWP,02/03/2019,SU,0051,01,FREEHOLD TWP PD,,0,0,0,0,P,B,N,N,11,1,US 9,S,9,,00000009__,114.20,02,,01,04,02,01,06,01,01,01,300,FE,N,RACEWAY MALL DR,,,,50,25,56,,,N,TRAFFIC WARNING SIGN SUPPORT-NJDOT NOTIFIED,219
2019131619FT03219,MONMOUTH,FREEHOLD TWP,02/03/2019,SU,0751,01,FREEHOLD TWP PD,,0,1,0,0,I,I,N,N,11,1,NJ 33,W,33,,00000033__,26.59,02,,01,04,02,01,02,01,03,01,,AT,,ROUTE 537 / FREEHOLD-MOUNT HOLLY RD,,,,55,40,60,,,N,,16239
2019131619FT03249,MONMOUTH,FREEHOLD TWP,02/03/2019,SU,1440,01,FREEHOLD TWP PD,,0,0,0,0,P,B,N,N,02,2,US 9,N,9,,00000009__,114.13,02,,01,04,02,01,01,01,01,01,50,FE,S,RACEWAY MALL DR,,,,50,25,26,,,N,,16263
2019131619FT03264,MONMOUTH,FREEHOLD TWP,02/03/2019,SU,2018,01,FREEHOLD TWP PD,,0,0,0,0,P,B,N,N,12,1,NJ 33,E,33,,00000033__,26.09,02,,01,04,02,01,06,01,01,01,2640,FE,W,ROUTE 537 / FREEHOLD-MOUNT HOLLY RD,,,,55,45,24,,,N,,16265
2019131619FT03285,MONMOUTH,FREEHOLD TWP,02/04/2019,MO,0550,01,FREEHOLD TWP PD,,0,1,0,0,I,I,N,N,03,2,US 9,N,9,,00000009__,112.75,02,,01,04,02,01,06,01,01,01,,AT,,NJ 79 / SCHANCK RD / SOUTH ST,,,,50,35,26,,,N,,16246
2019131619FT03336,MONMOUTH,FREEHOLD TWP,02/04/2019,MO,1405,01,FREEHOLD TWP PD,,0,2,0,0,I,I,N,N,03,2,MONMOUTH COUNTY 55,,55,,13000055__,1.10,05,,01,04,02,01,01,01,04,01,,AT,,CENTER ST / FRENEAU BLVD,,,,50,50,26,,,N,TRAFFIC LIGHT BROKEN,16245
2019131619FT03408,MONMOUTH,FREEHOLD TWP,02/05/2019,TU,1022,01,FREEHOLD TWP PD,,0,0,0,0,P,B,N,N,01,2,ROUTE 524,,524,,00000524__,25.21,05,,01,04,02,01,01,01,05,01,25,FE,W,US 9,,,,45,50,26,,,N,,16263
2019131619FT03438,MONMOUTH,FREEHOLD TWP,02/05/2019,TU,1505,01,FREEHOLD TWP PD,,0,0,0,0,P,B,N,N,03,2,ROUTE 524,,524,,00000524__,24.58,05,,01,04,02,01,01,01,05,01,50,FE,W,OLD POST RD,,,,45,35,26,,,N,,16263
2019131619FT03444,MONMOUTH,FREEHOLD TWP,02/05/2019,TU,1805,01,FREEHOLD TWP PD,,0,0,0,0,P,B,N,N,12,1,MONMOUTH COUNTY 53,,53,,13000053__,.48,05,,01,04,02,01,07,01,05,01,900,FE,W,BRANDON BLVD,,,,40,25,24,,,N,,16234
2019131619FT03468,MONMOUTH,FREEHOLD TWP,02/05/2019,TU,2241,01,FREEHOLD TWP PD,,0,0,0,0,P,I,N,N,14,1,WEMROCK RD,,,,,,05,,01,04,02,01,06,01,05,01,,AT,,MOUNTS CORNER DRIVE,,,,35,,26,,,N,,16260
2019131619FT03499,MONMOUTH,FREEHOLD TWP,02/06/2019,WE,1214,01,FREEHOLD TWP PD,,0,0,0,0,P,I,N,N,03,2,US 9,S,9,,00000009__,114.87,02,,01,04,02,01,01,01,05,01,,AT,,ROUTE 522 / ENGLISHTOWN RD / THROCK,,,,55,40,26,,,N,,16220
2019131619FT03535,MONMOUTH,FREEHOLD TWP,02/06/2019,WE,1955,01,FREEHOLD TWP PD,,0,4,0,0,I,B,N,N,04,3,ROUTE 537,,537,,00000537__,47.61,05,,01,04,02,02,06,02,05,01,15,FE,W,SHIRA LN,,,,50,25,26,,,N,,16250
2019131619FT03559,MONMOUTH,FREEHOLD TWP,02/07/2019,TH,0801,01,FREEHOLD TWP PD,,0,0,0,0,P,B,N,N,02,2,ROUTE 537,,537,,00000537__,50.06,05,,01,04,02,02,01,02,05,01,100,FE,E,VILLAGE CENTER DRIVE,,,,45,,26,,,N,,16220
2019131619FT03582,MONMOUTH,FREEHOLD TWP,02/07/2019,TH,1303,01,FREEHOLD TWP PD,,0,0,0,0,P,B,N,N,08,2,4011 US ROUTE 9,,,,,,09,,01,04,02,01,01,01,05,01,,,,MAVIS DISCOUNT TIRE,,,,,,26,,,N,,16220
2019131619FT03594,MONMOUTH,FREEHOLD TWP,02/07/2019,TH,1412,01,FREEHOLD TWP PD,,0,2,0,0,I,I,N,N,07,2,ROUTE 537,,537,,00000537__,50.02,05,,01,04,02,01,01,01,05,01,,AT,,VILLAGE CENTER DRIVE,,,,45,,26,,,N,,16220
2019131619FT03597,MONMOUTH,FREEHOLD TWP,02/07/2019,TH,1418,01,FREEHOLD TWP PD,,0,0,0,0,P,B,N,N,01,2,JACKSON MILLS RD **,,,,13161415__,.06,07,,01,04,02,01,01,01,05,01,300,FE,N,ROUTE 524 / ELTON ADELPHIA RD,,,,45,45,26,,,N,,16218
2019131619FT03602,MONMOUTH,FREEHOLD TWP,02/07/2019,TH,1458,01,FREEHOLD TWP PD,,0,0,0,0,P,B,N,N,01,2,ROUTE 524,,524,,00000524__,24.96,05,,01,04,02,01,01,01,05,01,528,FE,E,PATRIOT WAY,,,,35,25,26,,,N,,16220
2019131619FT03606,MONMOUTH,FREEHOLD TWP,02/07/2019,TH,1610,01,FREEHOLD TWP PD,,0,0,0,0,P,B,N,N,02,2,US 9,N,9,,00000009__,112.24,02,,01,04,02,01,01,01,02,01,15,FE,S,THREE BROOKS RD,,,,50,25,26,,,N,,16261
2019131619FT03731,MONMOUTH,FREEHOLD TWP,02/08/2019,FR,1452,01,FREEHOLD TWP PD,,0,0,0,0,P,B,N,N,06,2,NATHAN HALE DRIVE,,,,,,07,,01,04,02,01,01,01,05,01,50,FE,S,CONCORD DRIVE,,,,25,25,26,,,N,,16220
2019131619FT03822,MONMOUTH,FREEHOLD TWP,02/09/2019,SA,1407,01,FREEHOLD TWP PD,,0,0,0,0,P,B,N,N,01,2,NJ 33,W,33,,00000033__,26.60,02,,01,04,02,01,01,01,01,01,,,,,T,ROUTE 537,WB,55,,26,,,N,,16220
2019131619FT03830,MONMOUTH,FREEHOLD TWP,02/09/2019,SA,1513,01,FREEHOLD TWP PD,,0,0,0,0,P,I,N,N,03,2,ROUTE 524,,524,,00000524__,25.52,05,,01,04,02,01,01,01,05,01,,AT,,HALLS MILL RD,,,,40,35,26,,,N,,16220
2019131619FT03852,MONMOUTH,FREEHOLD TWP,02/09/2019,SA,1933,01,FREEHOLD TWP PD,,0,0,0,0,P,B,N,N,12,1,ROUTE 537,,537,,00000537__,55.05,05,,01,04,02,01,06,01,05,01,50,FE,W,HUNT DR / WALLING DR,,,,50,25,24,,,N,,16258
2019131619FT03855,MONMOUTH,FREEHOLD TWP,02/09/2019,SA,1946,01,FREEHOLD TWP PD,,0,1,0,0,I,B,N,N,01,2,CRAIG RD,,,,13161137__,.05,07,,01,04,02,01,06,01,05,03,20,FE,W,US 9,,,,40,55,26,,,N,,16231
2019131619FT03884,MONMOUTH,FREEHOLD TWP,02/10/2019,SU,0347,01,FREEHOLD TWP PD,,0,1,0,0,I,B,N,N,10,1,MONMOUTH COUNTY 23,,23,,13000023__,3.42,05,,01,04,02,01,05,01,05,01,400,FE,N,HIGH JUMP RD,,,,45,25,60,,,N,,16256
2019131619FT03915,MONMOUTH,FREEHOLD TWP,02/10/2019,SU,1448,01,FREEHOLD TWP PD,,0,0,0,0,P,B,N,N,01,2,US 9,S,9,,00000009__,112.75,02,,01,04,02,01,01,01,01,01,25,FE,N,NJ 79 / SCHANCK RD / SOUTH ST,,,,50,35,26,,,N,,16263
2019131619FT03939,MONMOUTH,FREEHOLD TWP,02/10/2019,SU,2310,01,FREEHOLD TWP PD,,0,0,0,0,P,B,N,N,11,1,HUNT RD **,,,,13161135__,.49,07,,01,04,02,01,06,01,05,01,25,FE,S,JOYSAN TER,,,,35,25,52,,,N,UTILITY POLE# JC2809FT  GRASS OF 1 JOYSAN TERRANCE,16250
2019131619FT03945,MONMOUTH,FREEHOLD TWP,02/11/2019,MO,0631,01,FREEHOLD TWP PD,,0,0,0,0,P,B,N,N,01,3,US 9,N,9,,00000009__,114.32,02,,01,04,02,05,01,03,01,01,50,FE,S,NJ 33 BUSINESS / PARK AVE,,,,50,35,26,,,N,,16212
2019131619FT04006,MONMOUTH,FREEHOLD TWP,02/11/2019,MO,1325,01,FREEHOLD TWP PD,,0,1,0,0,I,B,N,N,01,2,MONMOUTH COUNTY 55,,55,,13000055__,2.08,05,,01,04,02,01,01,01,05,01,25,FE,S,ROUTE 537 / COLTS NECK RD,,,,50,50,26,,,N,,247