Year(4)-CountyCode(2)-MunicipalityCode(2)-CaseNumber(9),County Name,Municipality Name,Crash Date,Crash Day of Week,Crash Time,Police Department Code,Police Department,Police Station,Total Killed,Total Injured,Pedestrians Killed,Pedestrians Injured,Severity,Intersection,Alcohol Involved,Hazmat Involved,Crash Type,Total Vehicles,Location,Location Direction,Route,Route Suffix,Std Rte Identifier,MilePost,Road System,Road Character,Road Horizontal Alignment,Road Grade,Road Surface Type,Surface Condition,Light Condition,Environmental Condition,Road Divided By,Temporary Traffic Control Zone,Distance To Cross Street,Unit Of Measurement,Direction From Cross Street,Cross Street Name,Is Ramp,Ramp To/From Route Name,Ramp To/From Route Direction,Posted Speed,Posted Speed Cross Street,First Harmful Event,Latitude,Longitude,Cell Phone In Use Flag,Other Property Damage,Reporting Badge No.
2019131619FT06935,MONMOUTH,FREEHOLD TWP,03/14/2019,TH,1824,01,FREEHOLD TWP PD,,0,0,0,0,P,B,N,N,01,2,US 9,N,9,,00000009__,115.36,02,,01,06,02,01,01,01,02,01,50,FE,S,SCHIBANOFF LN,,,,55,20,26,,,N,,16240
2019131619FT06957,MONMOUTH,FREEHOLD TWP,03/14/2019,TH,2121,01,FREEHOLD TWP PD,,0,1,0,0,I,B,N,N,04,2,ROUTE 524,,524,,00000524__,25.42,05,,01,04,02,01,06,01,05,01,528,FE,W,HALLS MILL RD,,,,45,35,26,,,N,,226
2019131619FT06958,MONMOUTH,FREEHOLD TWP,03/14/2019,TH,2131,01,FREEHOLD TWP PD,,0,0,0,0,P,B,N,N,02,2,NJ 79,,79,,00000079__,.00,02,,01,04,02,01,06,01,05,01,25,FE,E,US 9 / SCHANCK RD,,,,35,45,26,,,N,,16259
2019131619FT06961,MONMOUTH,FREEHOLD TWP,03/21/2019,TH,1516,01,FREEHOLD TWP PD,,0,0,0,0,P,B,N,N,10,1,ROUTE 537,,537,,00000537__,54.63,05,,01,04,02,01,06,01,05,01,53,FE,E,RANDOLPH RD / SHETLAND WAY,,,,50,25,,,,N,UTILITY POLE #BT85,16215
2019131619FT06976,MONMOUTH,FREEHOLD TWP,03/15/2019,FR,0625,01,FREEHOLD TWP PD,,0,0,0,0,P,I,N,N,01,2,ROUTE 524,,524,,00000524__,25.04,05,,01,04,02,01,02,01,05,01,,AT,,CR 23 / JACKSON MILL RD,,,,45,45,26,,,N,,16242
2019131619FT06978,MONMOUTH,FREEHOLD TWP,03/15/2019,FR,0655,01,FREEHOLD TWP PD,,0,2,0,0,I,I,N,N,03,2,US 9,S,9,,00000009__,114.10,02,,01,04,02,01,01,01,02,01,,AT,,FREEHOLD MALL,,,,50,,26,,,N,,16242
2019131619FT07019,MONMOUTH,FREEHOLD TWP,03/15/2019,FR,1342,01,FREEHOLD TWP PD,,0,0,0,0,P,B,N,N,01,2,NJ 79,S,79,,00000079__,.21,02,,01,04,02,01,01,01,04,01,100,FE,N,SHOPRITE ACCESS ROAD,,,,40,,26,,,N,,16257
2019131619FT07024,MONMOUTH,FREEHOLD TWP,03/15/2019,FR,1437,01,FREEHOLD TWP PD,,0,0,0,0,P,B,N,N,06,2,HAZEL DR,,,,,,09,,01,04,02,01,01,01,05,01,25,FE,W,FILBERT RUN,,,,25,25,26,,,N,,16255
2019131619FT07044,MONMOUTH,FREEHOLD TWP,03/15/2019,FR,1626,01,FREEHOLD TWP PD,,0,0,0,0,P,B,N,N,01,2,US 9,S,9,,00000009__,115.67,02,,01,06,02,01,01,01,05,01,1584,FE,N,SCHIBANOFF LN,,,,50,20,26,,,N,,16259
2019131619FT07053,MONMOUTH,FREEHOLD TWP,03/15/2019,FR,1744,01,FREEHOLD TWP PD,,0,0,0,0,P,B,N,N,02,2,US 9,S,9,,00000009__,112.74,02,,01,04,02,01,01,01,03,01,50,FE,S,NJ 79 / SCHANCK RD / SOUTH ST,,,,50,35,26,,,N,,16257
2019131619FT07154,MONMOUTH,FREEHOLD TWP,03/16/2019,SA,1421,01,FREEHOLD TWP PD,,0,0,0,0,P,B,N,N,01,2,ROUTE 537,,537,,00000537__,51.09,05,,01,04,02,01,01,01,05,01,100,FE,E,TROTTERS LN / TROTTERS WAY,,,,40,30,26,,,N,,16220
2019131619FT07159,MONMOUTH,FREEHOLD TWP,03/16/2019,SA,1526,01,FREEHOLD TWP PD,,0,0,0,0,P,I,N,N,02,2,SCHANCK RD,,,,13161329__,.07,07,,01,04,02,01,01,01,05,01,,AT,,STONEHURST AVE,,,,35,25,26,,,N,,16220
2019131619FT07184,MONMOUTH,FREEHOLD TWP,03/17/2019,SU,1431,01,FREEHOLD TWP PD,,0,0,0,0,P,I,N,N,11,1,JACKSON MILLS RD **,,,,13161415__,.12,07,,01,04,02,01,06,01,04,01,,AT,,US 9,,,,45,50,54,,,N,,16265
2019131619FT07252,MONMOUTH,FREEHOLD TWP,03/17/2019,SU,1820,01,FREEHOLD TWP PD,,0,0,0,0,P,I,N,N,02,2,US 9,S,9,,00000009__,112.75,02,,01,04,02,01,01,01,01,01,,AT,,NJ 79 / SCHANCK RD / SOUTH ST,,,,50,35,26,,,N,,16260
2019131619FT07297,MONMOUTH,FREEHOLD TWP,03/18/2019,MO,0627,01,FREEHOLD TWP PD,,0,0,0,0,P,B,N,N,12,1,NJ 33 BUSINESS,,33,B,00000033B_,2.11,02,,01,04,02,01,07,01,05,01,200,FE,W,BRADLEY DR,,,,45,25,24,,,N,,16256
2019131619FT07353,MONMOUTH,FREEHOLD TWP,03/18/2019,MO,1355,01,FREEHOLD TWP PD,,0,1,0,0,I,B,N,N,01,2,ROUTE 537,,537,,00000537__,50.06,05,,01,04,02,01,01,01,05,01,50,FE,E,VILLAGE CENTER DR,,,,40,25,26,,,N,,247
2019131619FT07365,MONMOUTH,FREEHOLD TWP,03/18/2019,MO,1603,01,FREEHOLD TWP PD,,0,0,0,0,P,B,N,N,01,2,US 9,S,9,,00000009__,116.28,02,,01,04,02,01,01,01,01,01,35,FE,N,CRAIG RD / EAST FREEHOLD RD,,,,55,35,26,,,N,,16230
2019131619FT07378,MONMOUTH,FREEHOLD TWP,03/18/2019,MO,1847,01,FREEHOLD TWP PD,,0,0,0,0,P,B,N,N,01,2,US 9,S,9,,00000009__,114.34,02,,01,04,02,01,01,01,01,01,30,FE,N,NJ 33 BUSINESS / PARK AVE,,,,55,45,26,,,N,,16230
2019131619FT07409,MONMOUTH,FREEHOLD TWP,03/19/2019,TU,0757,01,FREEHOLD TWP PD,,0,1,0,0,I,I,N,N,03,2,ROUTE 537,,537,,00000537__,48.16,05,,01,04,02,01,01,01,05,01,,AT,,THOMPSON GROVE RD,,,,50,35,26,,,N,,247
2019131619FT07410,MONMOUTH,FREEHOLD TWP,03/19/2019,TU,0809,01,FREEHOLD TWP PD,,0,0,0,0,P,B,N,N,01,2,NJ 33,E,33,,00000033__,26.60,02,,03,04,02,01,01,01,01,01,50,FE,,,T,ROUTE 537,WB,55,,26,,,N,,16229
2019131619FT07429,MONMOUTH,FREEHOLD TWP,03/19/2019,TU,1121,01,FREEHOLD TWP PD,,0,0,0,0,P,I,N,N,07,2,MONMOUTH COUNTY 23,,23,,13000023__,3.12,05,,01,04,02,01,01,01,05,01,,AT,,STRICKLAND RD,,,,45,35,26,,,N,,16238
2019131619FT07433,MONMOUTH,FREEHOLD TWP,03/19/2019,TU,1130,01,FREEHOLD TWP PD,,0,0,0,0,P,B,N,N,11,2,US 9,S,9,,00000009__,114.52,02,,01,04,02,01,01,01,01,01,1000,FE,N,NJ 33 BUSINESS / PARK AVE,,,,50,50,56,,,N,,247
2019131619FT07467,MONMOUTH,FREEHOLD TWP,03/19/2019,TU,1619,01,FREEHOLD TWP PD,,0,0,0,0,P,B,N,N,01,2,ROUTE 537,,537,,00000537__,54.87,05,,01,04,02,01,01,01,05,01,100,FE,E,BERNICE DR / OVER BROOK DR,,,,50,25,26,,,N,,16230
2019131619FT07468,MONMOUTH,FREEHOLD TWP,03/19/2019,TU,1637,01,FREEHOLD TWP PD,,0,0,0,0,P,B,N,N,01,2,US 9,S,9,,00000009__,114.10,02,,03,04,02,01,01,01,02,01,25,FE,,,T,RACEWAY MALL DRIVE,WB,50,,26,,,N,,16260
2019131619FT07472,MONMOUTH,FREEHOLD TWP,03/19/2019,TU,1710,01,FREEHOLD TWP PD,,0,1,0,0,I,B,N,N,01,2,US 9,N,9,,00000009__,111.30,02,,03,04,02,01,01,01,02,01,20,FE,,,F,ROUTE 524,EB,55,,26,,,N,,16230
2019131619FT07524,MONMOUTH,FREEHOLD TWP,03/20/2019,WE,1146,01,FREEHOLD TWP PD,,0,0,0,0,P,B,N,N,02,2,ROUTE 522,,522,,00000522__,18.53,05,,01,04,02,01,01,01,05,01,100,FE,E,US 9,,,,35,55,26,,,N,,16220
2019131619FT07551,MONMOUTH,FREEHOLD TWP,03/20/2019,WE,1641,01,FREEHOLD TWP PD,,0,0,0,0,P,B,N,N,01,2,ROUTE 537,,537,,00000537__,51.07,05,,03,04,02,01,01,01,05,01,10,FE,,,F,TROTTERS WAY,SB,40,,26,,,N,,16258
2019131619FT07619,MONMOUTH,FREEHOLD TWP,03/21/2019,TH,1604,01,FREEHOLD TWP PD,,0,1,0,0,I,B,N,N,11,1,NJ 18,S,18,,00000018__,22.80,02,,01,04,02,02,01,02,01,01,1056,FE,N,ROUTE 537,,,,55,45,46,,,N,,16259
2019131619FT07621,MONMOUTH,FREEHOLD TWP,03/21/2019,TH,1635,01,FREEHOLD TWP PD,,0,1,0,0,I,B,N,N,01,2,NJ 33,W,33,,00000033__,26.59,02,,03,06,02,02,01,02,01,01,10,FE,,,T,ROUTE 537,WB,55,,26,,,N,,16258
2019131619FT07632,MONMOUTH,FREEHOLD TWP,03/21/2019,TH,1911,01,FREEHOLD TWP PD,,0,0,0,0,P,B,N,N,01,2,US 9,N,9,,00000009__,116.25,02,,01,04,02,02,06,02,01,01,100,FE,S,CRAIG RD / EAST FREEHOLD RD,,,,55,35,26,,,N,,16231
2019131619FT07665,MONMOUTH,FREEHOLD TWP,03/22/2019,FR,1116,01,FREEHOLD TWP PD,,0,1,0,0,I,B,N,N,01,2,US 9,N,9,,00000009__,115.33,02,,01,04,02,02,01,02,03,01,200,FE,S,SCHIBANOFF LN,,,,50,20,26,,,N,,16220
2019131619FT07688,MONMOUTH,FREEHOLD TWP,03/22/2019,FR,1451,01,FREEHOLD TWP PD,,0,0,0,0,P,B,N,N,01,2,TROTTERS WAY,S,,,,,07,,01,04,02,01,01,05,04,01,1214,FE,N,ROUTE 537,,,,30,40,26,,,N,,16268
2019131619FT07699,MONMOUTH,FREEHOLD TWP,03/22/2019,FR,1621,01,FREEHOLD TWP PD,,0,0,0,0,P,B,N,N,02,2,ROUTE 537,,537,,00000537__,49.95,05,,01,04,02,01,01,01,05,01,600,FE,W,REDWOOD LN,,,,45,25,26,,,N,,16259
2019131619FT07718,MONMOUTH,FREEHOLD TWP,03/22/2019,FR,1930,01,FREEHOLD TWP PD,,0,0,0,0,P,B,N,N,01,2,GULLEY RD,,,,,,07,,01,04,02,02,06,05,05,01,100,FE,E,WEMROCK RD,,,,40,35,26,,,N,,16269
2019131619FT07862,MONMOUTH,FREEHOLD TWP,03/23/2019,SA,2203,01,FREEHOLD TWP PD,,0,1,0,0,I,B,N,N,01,2,ROUTE 537,W,537,,00000537__,51.07,05,,03,04,02,01,07,01,05,01,,,,,F,TROTTER'S WAY,WB,40,,26,,,N,,16243
2019131619FT07919,MONMOUTH,FREEHOLD TWP,03/24/2019,SU,1241,01,FREEHOLD TWP PD,,0,0,0,0,P,B,N,N,01,2,NJ 33,E,33,,00000033__,26.60,02,,03,04,02,01,01,01,03,01,,,,,F,ROUTE 537,EB,55,,26,,,N,,247
2019131619FT07923,MONMOUTH,FREEHOLD TWP,03/24/2019,SU,1312,01,FREEHOLD TWP PD,,0,0,0,0,P,B,N,N,02,2,US 9,S,9,,00000009__,114.37,02,,01,04,02,01,01,01,01,01,200,FE,N,NJ 33 BUSINESS / PARK AVE,,,,50,45,26,,,N,,16263
2019131619FT07936,MONMOUTH,FREEHOLD TWP,03/24/2019,SU,1453,01,FREEHOLD TWP PD,,0,1,0,0,I,B,N,N,02,2,US 9,S,9,,00000009__,115.77,02,,01,04,02,01,01,01,01,01,2640,FE,S,CRAIG RD / EAST FREEHOLD RD,,,,55,35,26,,,N,,16263
2019131619FT07987,MONMOUTH,FREEHOLD TWP,03/25/2019,MO,0436,01,FREEHOLD TWP PD,,0,2,0,0,I,B,Y,N,11,1,NJ 33,W,33,,00000033__,25.58,02,,01,04,02,01,05,01,01,01,528,FE,W,WEMROCK RD,,,,55,45,,,,N,,16246
2019131619FT08004,MONMOUTH,FREEHOLD TWP,03/25/2019,MO,1020,01,FREEHOLD TWP PD,,0,0,0,0,P,B,N,N,01,2,US 9,S,9,,00000009__,114.15,02,,01,04,02,01,01,01,01,01,50,FE,N,RACEWAY MALL DR,,,,55,25,26,,,N,,247
2019131619FT08049,MONMOUTH,FREEHOLD TWP,03/25/2019,MO,1936,01,FREEHOLD TWP PD,,0,1,0,0,I,B,N,N,12,1,NJ 33,W,33,,00000033__,25.78,02,,01,04,02,02,06,02,03,01,528,FE,E,WEMROCK RD,,,,55,40,24,,,N,,16260
2019131619FT08078,MONMOUTH,FREEHOLD TWP,03/26/2019,TU,0910,01,FREEHOLD TWP PD,,0,0,0,0,P,B,N,N,06,2,66 NOMOCO ROAD,,,,,,09,,01,04,03,01,01,01,05,01,,,,TURKEY SWAMP PARK,,,,,,28,,,N,,16263
2019131619FT08121,MONMOUTH,FREEHOLD TWP,03/26/2019,TU,1715,01,FREEHOLD TWP PD,,0,0,0,0,P,B,N,N,02,2,ROUTE 537,,537,,00000537__,51.07,05,,01,04,02,01,01,01,05,01,20,FE,W,TROTTERS LN / TROTTERS WAY,,,,50,25,26,,,N,,16215
2019131619FT08144,MONMOUTH,FREEHOLD TWP,03/26/2019,TU,2247,01,FREEHOLD TWP PD,,0,2,0,0,I,I,Y,N,03,2,US 9,N,9,,00000009__,114.33,02,,01,04,02,01,06,01,05,01,,AT,,NJ 33 BUSINESS / PARK AVE,,,,55,40,26,,,N,,226
2019131619FT08215,MONMOUTH,FREEHOLD TWP,03/27/2019,WE,1949,01,FREEHOLD TWP PD,,0,0,0,0,P,B,N,N,12,1,ROUTE 537,,537,,00000537__,48.82,05,,01,04,02,01,06,01,05,01,600,FE,W,GRAVEL HILL RD,,,,50,35,24,,,N,,16259
2019131619FT08289,MONMOUTH,FREEHOLD TWP,03/28/2019,TH,1544,01,FREEHOLD TWP PD,,0,0,0,0,P,B,N,N,02,2,US 9,S,9,,00000009__,112.55,02,,01,04,02,01,01,01,03,01,1056,FE,S,NJ 79 / SCHANCK RD / SOUTH ST,,,,50,35,26,,,N,,16220
2019131619FT08297,MONMOUTH,FREEHOLD TWP,03/28/2019,TH,1743,01,FREEHOLD TWP PD,,0,0,0,0,P,B,N,N,08,2,SYCAMORE AVE **,,,,13161068__,.12,07,,01,04,02,01,01,01,05,01,200,FE,E,SPRUCE ST,,,,25,25,26,,,N,,16215
2019131619FT08357,MONMOUTH,FREEHOLD TWP,03/29/2019,FR,1148,01,FREEHOLD TWP PD,,0,0,0,0,P,I,N,N,02,2,US 9,S,9,,00000009__,112.75,02,,01,04,02,01,01,01,02,01,,AT,,NJ 79 / SCHANCK RD / SOUTH ST,,,,50,35,26,,,N,,16220
2019131619FT08414,MONMOUTH,FREEHOLD TWP,03/29/2019,FR,1620,01,FREEHOLD TWP PD,,0,0,0,0,P,I,N,N,03,2,WEMROCK RD,,,,13161020__,,07,,01,04,02,01,01,01,05,01,,AT,,MOUNT CORNER DRIVE,,,,35,25,26,,,N,,16259
2019131619FT08424,MONMOUTH,FREEHOLD TWP,03/29/2019,FR,1755,01,FREEHOLD TWP PD,,0,0,0,0,P,B,N,N,12,1,ROUTE 524,,524,,00000524__,22.22,05,,01,04,02,01,01,01,04,01,100,FE,E,GRAVEL HILL RD,,,,50,35,24,,,N,,16265
2019131619FT08611,MONMOUTH,FREEHOLD TWP,03/31/2019,SU,0948,01,FREEHOLD TWP PD,,0,0,0,0,P,B,N,N,01,2,ROUTE 537,,537,,00000537__,51.08,05,,01,04,02,02,01,02,05,01,50,FE,E,TROTTERS LN / TROTTERS WAY,,,,40,30,26,,,N,,16239
2019131619FT08618,MONMOUTH,FREEHOLD TWP,03/31/2019,SU,1226,01,FREEHOLD TWP PD,,0,2,0,0,I,B,N,N,02,2,MONMOUTH COUNTY 55,S,55,,13000055__,.93,05,,01,04,02,02,01,02,05,01,100,FE,N,THOREAU DR,,,,50,25,26,,,N,,16267
2019131619FT08631,MONMOUTH,FREEHOLD TWP,03/31/2019,SU,1605,01,FREEHOLD TWP PD,,0,0,0,0,P,B,N,N,01,2,US 9,S,9,,00000009__,116.22,02,,01,04,02,01,01,01,01,01,264,FE,S,CRAIG RD / EAST FREEHOLD RD,,,,55,35,26,,,N,,226
2019131619FT08644,MONMOUTH,FREEHOLD TWP,03/31/2019,SU,2031,01,FREEHOLD TWP PD,,0,2,0,0,I,I,N,N,01,3,SCHANCK RD,,,,13161329__,1.14,07,,01,04,02,02,06,01,04,01,,AT,,STILLWELLS CORNER RD,,,,35,35,26,,,N,,
2019131619FT08702,MONMOUTH,FREEHOLD TWP,04/01/2019,MO,1351,01,FREEHOLD TWP PD,,0,0,0,0,P,B,N,N,02,2,US 9,S,9,,00000009__,112.71,02,,01,04,02,01,01,01,03,01,200,FE,S,NJ 79 / SCHANCK RD / SOUTH ST,,,,50,35,26,,,N,,16239
2019131619FT08722,MONMOUTH,FREEHOLD TWP,04/01/2019,MO,1623,01,FREEHOLD TWP PD,,0,1,0,0,I,B,N,N,01,5,ROUTE 537,,537,,00000537__,54.53,05,,01,04,02,01,01,01,05,01,75,FE,E,BERNICE DR,,,,50,25,26,,,N,,
2019131619FT08778,MONMOUTH,FREEHOLD TWP,04/02/2019,TU,0840,01,FREEHOLD TWP PD,,0,0,0,0,P,B,N,N,01,3,ROUTE 527,,527,,00000527__,21.23,05,,01,04,02,01,01,01,05,01,2429,FE,N,ELY HARMONY RD,,,,50,50,26,,,N,,
2019131619FT08781,MONMOUTH,FREEHOLD TWP,04/02/2019,TU,1006,01,FREEHOLD TWP PD,,0,2,0,0,I,B,N,N,01,2,US 9,N,9,,00000009__,113.24,02,,01,04,02,01,01,01,02,01,2587,FE,N,NJ 79 / SCHANCK RD / SOUTH ST,,,,50,35,26,,,N,,247
2019131619FT08827,MONMOUTH,FREEHOLD TWP,04/02/2019,TU,1555,01,FREEHOLD TWP PD,,0,0,0,0,P,I,N,N,02,2,ROUTE 537,,537,,00000537__,53.31,05,,01,04,02,01,01,01,05,01,,AT,,HARDING RD / WILSON AVE,,,,45,25,26,,,N,,16230
2019131619FT08941,MONMOUTH,FREEHOLD TWP,04/03/2019,WE,1352,01,FREEHOLD TWP PD,,0,0,0,0,P,B,N,N,01,2,US 9,S,9,,00000009__,111.35,02,,03,04,02,01,01,01,02,01,25,FE,,,T,ROUTE 524,EB,50,,26,,,N,,16252
2019131619FT08953,MONMOUTH,FREEHOLD TWP,04/03/2019,WE,1533,01,FREEHOLD TWP PD,,0,0,0,0,P,B,N,N,01,2,NJ 79,,79,,00000079__,3.39,02,,01,04,02,01,01,01,04,01,10,FE,S,E FREEHOLD RD / KOZLOSKI RD,,,,50,35,26,,,N,,16245
2019131619FT08956,MONMOUTH,FREEHOLD TWP,04/03/2019,WE,1549,01,FREEHOLD TWP PD,,0,0,0,0,P,I,N,N,09,2,ROUTE 524,,524,,00000524__,25.36,05,,01,04,02,01,01,01,05,01,,AT,,BAR HARBOUR RD,,,,40,25,26,,,N,,16250
2019131619FT08971,MONMOUTH,FREEHOLD TWP,04/03/2019,WE,1701,01,FREEHOLD TWP PD,,0,0,0,0,P,B,N,N,11,1,4189 ROUTE 9,,,,,,09,,01,04,02,01,01,01,05,01,,,,BROCK FARMS,,,,,,69,,,N,CABLE WIRES TORN FROM BUILDING,16231
2019131619FT09043,MONMOUTH,FREEHOLD TWP,04/04/2019,TH,0718,01,FREEHOLD TWP PD,,0,0,0,0,P,B,N,N,01,2,US 9,N,9,,00000009__,114.34,02,,01,04,02,01,01,01,05,01,50,FE,N,NJ 33 BUSINESS / PARK AVE,,,,50,40,26,,,N,,16202
2019131619FT09050,MONMOUTH,FREEHOLD TWP,04/04/2019,TH,0817,01,FREEHOLD TWP PD,,0,0,0,0,P,B,N,N,01,2,ROUTE 537,,537,,00000537__,53.92,05,,01,04,02,01,01,01,05,01,50,FE,W,CR 55 / KOZLOSKI RD,,,,50,50,26,,,N,,16220
2019131619FT09099,MONMOUTH,FREEHOLD TWP,04/04/2019,TH,1846,01,FREEHOLD TWP PD,,0,0,0,0,P,B,N,N,01,2,STONE HILL RD **,,,,13091132__,,07,,01,04,02,01,01,01,05,01,25,FE,E,GEORGIA RD,,,,35,35,26,,,N,,16259
2019131619FT09173,MONMOUTH,FREEHOLD TWP,04/05/2019,FR,1415,01,FREEHOLD TWP PD,,0,0,0,0,P,B,N,N,12,1,US 9,S,9,,00000009__,116.25,02,,01,04,02,02,01,02,01,01,100,FE,S,CRAIG RD / EAST FREEHOLD RD,,,,55,40,24,,,N,,16257
2019131619FT09174,MONMOUTH,FREEHOLD TWP,04/05/2019,FR,1416,01,FREEHOLD TWP PD,,0,0,0,0,P,B,N,N,10,1,ROUTE 527,,527,,00000527__,20.62,05,,01,04,02,02,01,02,05,01,792,FE,S,ELY HARMONY RD,,,,40,40,01,,,N,MAILBOX BELONGING TO 191 SILOAM ROAD,16220
2019131619FT09175,MONMOUTH,FREEHOLD TWP,04/05/2019,FR,1420,01,FREEHOLD TWP PD,,0,0,0,0,P,I,N,N,01,3,MONMOUTH COUNTY 55,,55,,13000055__,3.01,05,,01,04,02,02,01,02,05,01,,AT,,CR 46 / DUTCH LANE RD,,,,50,45,26,,,N,,
2019131619FT09176,MONMOUTH,FREEHOLD TWP,04/05/2019,FR,1428,01,FREEHOLD TWP PD,,0,0,0,0,P,I,N,N,02,2,E FREEHOLD RD,,,,13161067__,3.58,07,,01,04,02,01,01,01,05,01,,AT,,POND RD,,,,35,35,26,,,N,,16252
2019131619FT09248,MONMOUTH,FREEHOLD TWP,04/06/2019,SA,1114,01,FREEHOLD TWP PD,,0,0,0,0,P,B,N,N,01,2,ROUTE 537,,537,,00000537__,51.07,05,,01,04,02,01,01,01,05,01,,,,,F,TROTTERS WAY,SB,40,,26,,,N,,16255
2019131619FT09304,MONMOUTH,FREEHOLD TWP,04/06/2019,SA,1524,01,FREEHOLD TWP PD,,0,0,0,0,P,I,N,N,03,3,ELY HARMONY RD,,,,13321049__,.32,07,,01,04,02,01,01,01,05,01,,AT,,PITTENGER POND RD,,,,50,30,26,,,N,,
2019131619FT09474,MONMOUTH,FREEHOLD TWP,04/07/2019,SU,2229,01,FREEHOLD TWP PD,,0,0,0,0,P,B,N,N,01,2,US 9,S,9,,00000009__,110.90,02,,01,04,02,01,06,01,03,01,20,FE,N,EDINBURGH DR,,,,50,25,26,,,N,,16234
2019131619FT09476,MONMOUTH,FREEHOLD TWP,04/07/2019,SU,2341,01,FREEHOLD TWP PD,,0,0,0,0,P,B,N,N,01,2,US 9,S,9,,00000009__,115.36,02,,01,04,02,01,06,01,02,01,40,FE,S,SCHIBANOFF LN,,,,55,20,26,,,N,,16242
2019131619FT09485,MONMOUTH,FREEHOLD TWP,04/08/2019,MO,0759,01,FREEHOLD TWP PD,,0,0,0,0,P,B,N,N,01,3,US 9,N,9,,00000009__,110.91,02,,01,04,02,02,01,01,03,01,75,FE,N,EDINBURGH DR,,,,50,35,26,,,N,,
2019131619FT09538,MONMOUTH,FREEHOLD TWP,04/08/2019,MO,1611,01,FREEHOLD TWP PD,,0,2,0,0,I,B,N,N,01,3,ROUTE 537,,537,,00000537__,49.72,05,,01,04,02,01,01,01,05,01,400,FE,E,IRON BRIDGE RD,,,,45,35,26,,,N,,
2019131619FT09591,MONMOUTH,FREEHOLD TWP,04/09/2019,TU,0954,01,FREEHOLD TWP PD,,0,0,0,0,P,B,N,N,08,2,IVY RD **,,,,13161079__,.29,07,,01,04,02,01,01,01,05,01,50,FE,N,DOUBLE CREEK PKWY,,,,25,35,26,,,N,,247
2019131619FT09608,MONMOUTH,FREEHOLD TWP,04/09/2019,TU,1108,01,FREEHOLD TWP PD,,0,0,0,0,P,B,N,N,01,2,US 9,N,9,,00000009__,115.77,02,,01,04,02,01,01,01,02,02,2112,FE,N,SCHIBANOFF LN,,,,55,20,26,,,N,,16238
2019131619FT09634,MONMOUTH,FREEHOLD TWP,04/09/2019,TU,1352,01,FREEHOLD TWP PD,,0,0,0,0,P,B,N,N,01,2,POND ROAD,,,,,,07,,01,04,02,01,01,05,04,01,35,FE,N,EAST FREEHOLD ROAD,,,,35,50,26,,,N,,16244
2019131619FT09636,MONMOUTH,FREEHOLD TWP,04/09/2019,TU,1407,01,FREEHOLD TWP PD,,0,0,0,0,P,B,N,N,02,2,US 9,S,9,,00000009__,112.72,02,,01,04,02,01,01,01,03,01,150,FE,S,NJ 79 / SCHANCK RD / SOUTH ST,,,,50,35,26,,,N,,16239
2019131619FT09641,MONMOUTH,FREEHOLD TWP,04/09/2019,TU,1514,01,FREEHOLD TWP PD,,0,0,0,0,P,B,N,N,01,2,ROUTE 524,,524,,00000524__,22.82,05,,03,04,02,01,01,05,04,01,792,FE,E,IRON BRIDGE RD,,,,50,35,26,,,N,,16244
2019131619FT09642,MONMOUTH,FREEHOLD TWP,04/09/2019,TU,1519,01,FREEHOLD TWP PD,,0,1,0,0,I,I,N,N,04,2,ROUTE 524,,524,,00000524__,23.91,05,,01,04,02,01,01,01,05,01,,AT,,GEORGIA RD,,,,45,35,26,,,N,,16238
2019131619FT09646,MONMOUTH,FREEHOLD TWP,04/09/2019,TU,1649,01,FREEHOLD TWP PD,,0,0,0,0,P,B,N,N,01,2,ROUTE 537,,537,,00000537__,50.17,05,,01,04,02,01,01,01,05,01,450,FE,W,STILLWELLS CORNER RD / WEMROCK RD,,,,45,35,26,,,N,,16259
2019131619FT09650,MONMOUTH,FREEHOLD TWP,04/09/2019,TU,1730,01,FREEHOLD TWP PD,,0,0,0,0,P,B,N,N,12,1,MONMOUTH COUNTY 55,,55,,13000055__,3.52,07,,01,04,02,01,01,01,05,01,150,FE,E,EAST FREEHOLD RD,,,,50,40,24,,,N,,16230
2019131619FT09679,MONMOUTH,FREEHOLD TWP,04/10/2019,WE,0532,01,FREEHOLD TWP PD,,1,0,0,0,F,B,N,N,01,2,NJ 33 BUSINESS,,33,B,00000033B_,4.54,02,,01,04,02,01,05,01,05,01,2112,FE,W,CR 55 / HALLS MILL RD / KOZLOSKI RD,,,,50,50,26,,,N,,16220
2019131619FT09786,MONMOUTH,FREEHOLD TWP,04/11/2019,TH,0455,01,FREEHOLD TWP PD,,0,0,0,0,P,B,Y,N,01,2,US 9,N,9,,00000009__,110.90,02,,01,04,02,01,07,01,03,01,40,FE,S,EDINBURGH DR,,,,55,25,26,,,N,,16244
2019131619FT09793,MONMOUTH,FREEHOLD TWP,04/11/2019,TH,0734,01,FREEHOLD TWP PD,,0,0,0,0,P,B,N,N,01,2,US 9,S,9,,00000009__,115.37,02,,01,04,02,01,01,01,01,,25,FE,N,SCHIBANOFF LN,,,,50,25,26,,,N,,16212
2019131619FT09817,MONMOUTH,FREEHOLD TWP,04/11/2019,TH,1402,01,FREEHOLD TWP PD,,0,0,0,0,P,I,N,N,02,2,US 9,S,9,,00000009__,116.25,02,,01,04,02,01,01,01,04,01,,AT,,EAST FREEHOLD ROAD,,,,55,35,26,,,N,,16257
2019131619FT09820,MONMOUTH,FREEHOLD TWP,04/11/2019,TH,1517,01,FREEHOLD TWP PD,,0,0,0,0,P,I,N,N,11,1,US 9,N,9,,00000009__,111.35,02,,01,04,02,01,01,01,03,01,,AT,,ROUTE 524 / ELTON-ADELPHIA RD,,,,50,45,,,,N,KEEP RIGHT SIGN KNOCKED DOWN,16255
2019131619FT09839,MONMOUTH,FREEHOLD TWP,04/11/2019,TH,1834,01,FREEHOLD TWP PD,,0,0,0,0,P,B,N,N,02,2,US 9,S,9,,00000009__,112.77,02,,01,04,02,01,01,05,03,01,100,FE,N,NJ 79 / SCHANCK RD / SOUTH ST,,,,50,35,26,,,N,,16251