Year(4)-CountyCode(2)-MunicipalityCode(2)-CaseNumber(9),County Name,Municipality Name,Crash Date,Crash Day of Week,Crash Time,Police Department Code,Police Department,Police Station,Total Killed,Total Injured,Pedestrians Killed,Pedestrians Injured,Severity,Intersection,Alcohol Involved,Hazmat Involved,Crash Type,Total Vehicles,Location,Location Direction,Route,Route Suffix,Std Rte Identifier,MilePost,Road System,Road Character,Road Horizontal Alignment,Road Grade,Road Surface Type,Surface Condition,Light Condition,Environmental Condition,Road Divided By,Temporary Traffic Control Zone,Distance To Cross Street,Unit Of Measurement,Direction From Cross Street,Cross Street Name,Is Ramp,Ramp To/From Route Name,Ramp To/From Route Direction,Posted Speed,Posted Speed Cross Street,First Harmful Event,Latitude,Longitude,Cell Phone In Use Flag,Other Property Damage,Reporting Badge No.
2019131619FT09841,MONMOUTH,FREEHOLD TWP,04/11/2019,TH,1831,01,FREEHOLD TWP PD,,0,0,0,0,P,B,N,N,06,2,ROUTE 524,,524,,00000524__,25.51,05,,01,04,02,01,01,01,05,05,30,FE,W,HALLS MILL RD,,,,40,35,26,,,N,,16244
2019131619FT09850,MONMOUTH,FREEHOLD TWP,04/13/2019,SA,1900,01,FREEHOLD TWP PD,,0,0,0,0,P,B,N,N,02,2,US 9,S,9,,00000009__,112.73,02,,01,04,02,01,06,01,05,01,100,FE,S,NJ 79 / SCHANCK RD / SOUTH ST,,,,50,35,26,,,N,,16269
2019131619FT09906,MONMOUTH,FREEHOLD TWP,04/12/2019,FR,1119,01,FREEHOLD TWP PD,,0,0,0,0,P,B,N,N,11,1,116 JACKSON MILLS ROAD,,,,,,08,,01,04,02,01,01,01,05,01,,,,FREEHOLD TOWNSHIP SENIOR CENTER,,,,,,54,,,N,,16220
2019131619FT09917,MONMOUTH,FREEHOLD TWP,04/12/2019,FR,1153,01,FREEHOLD TWP PD,,0,0,0,0,P,B,N,N,02,2,MONMOUTH COUNTY 55,,55,,13000055__,2.10,05,,01,04,02,01,01,01,05,01,100,FE,N,ROUTE 537 / COLTS NECK RD,,,,50,50,26,,,N,,16220
2019131619FT09947,MONMOUTH,FREEHOLD TWP,04/12/2019,FR,1620,01,FREEHOLD TWP PD,,0,0,0,0,P,I,N,N,03,2,ROUTE 524,,524,,00000524__,22.20,05,,01,04,02,01,01,01,05,01,,AT,,GRAVEL HILL RD,,,,50,35,26,,,N,,16266
2019131619FT09984,MONMOUTH,FREEHOLD TWP,04/12/2019,FR,2250,01,FREEHOLD TWP PD,,0,0,0,0,P,I,N,N,99,1,MONMOUTH COUNTY 23,,23,,13000023__,3.34,05,,01,04,02,02,05,02,05,01,,AT,,HIGH JUMP RD,,,,45,25,99,,,N,,16243
2019131619FT10005,MONMOUTH,FREEHOLD TWP,04/13/2019,SA,1107,01,FREEHOLD TWP PD,,0,0,0,0,P,B,N,N,03,2,REDWOOD LN **,,,,13161069__,.36,07,,01,04,02,02,01,01,05,01,75,FE,S,ROUTE 537 / W MAIN ST,,,,25,40,26,,,N,,16220
2019131619FT10147,MONMOUTH,FREEHOLD TWP,04/14/2019,SU,1020,01,FREEHOLD TWP PD,,0,0,0,0,P,I,N,N,03,2,ROUTE 537,,537,,00000537__,51.07,05,,01,04,02,01,01,05,05,01,,AT,,TROTTERS LN / TROTTERS WAY,,,,45,30,26,,,N,,16268
2019131619FT10187,MONMOUTH,FREEHOLD TWP,04/14/2019,SU,1757,01,FREEHOLD TWP PD,,0,0,0,0,P,B,N,N,01,2,US 9,S,9,,00000009__,110.91,02,,01,04,02,01,01,01,03,01,30,FE,N,EDINBURGH DR,,,,50,25,26,,,N,,16234
2019131619FT10198,MONMOUTH,FREEHOLD TWP,04/14/2019,SU,2015,01,FREEHOLD TWP PD,,0,3,0,0,I,I,N,N,04,2,ROUTE 537,,537,,00000537__,49.64,05,,01,04,02,01,06,01,05,01,,AT,,IRON BRIDGE RD,,,,45,35,26,,,N,,16250
2019131619FT10226,MONMOUTH,FREEHOLD TWP,04/15/2019,MO,0844,01,FREEHOLD TWP PD,,0,0,0,0,P,B,N,N,11,1,NJ 33,W,33,,00000033__,29.04,02,,01,04,02,02,01,01,03,01,,,,,F,HALLS MILL ROAD,SB,55,,47,,,N,DAMAGE TO RIGHT GUARDRAIL ON RAMP AND LANDSCAPING.,16263
2019131619FT10227,MONMOUTH,FREEHOLD TWP,04/15/2019,MO,0845,01,FREEHOLD TWP PD,,0,0,0,0,P,B,N,N,11,1,MONMOUTH COUNTY 55,,55,,13000055__,2.33,05,,03,06,02,02,01,01,05,01,1320,FE,N,ROUTE 537 / COLTS NECK RD,,,,50,50,,,,N,CURB ON NORTH SIDE OF BRIDGE OF KOZLOSKI RD,247
2019131619FT10237,MONMOUTH,FREEHOLD TWP,04/15/2019,MO,1109,01,FREEHOLD TWP PD,,0,0,0,0,P,B,N,N,15,1,ROUTE 527,,527,,00000527__,21.02,05,,01,04,02,02,01,02,05,01,1320,FE,N,ELY HARMONY RD,,,,50,50,39,,,N,FCI GARBAGE CAN WITH SERIAL #921478 STRUCK  BELONGING TO 143 SILOAM ROAD,247
2019131619FT10248,MONMOUTH,FREEHOLD TWP,04/15/2019,MO,1240,01,FREEHOLD TWP PD,,0,1,0,0,I,I,N,N,03,2,ROUTE 524,,524,,00000524__,25.36,05,,01,04,02,01,01,05,04,01,,AT,,BAR HARBOUR RD,,,,35,35,26,,,N,JCP&L POLE # JC645FT WAS STRUCK. MINOR LAWN DAMAGE TO 12 BAR HARBOR RD.,247
2019131619FT10258,MONMOUTH,FREEHOLD TWP,04/15/2019,MO,1428,01,FREEHOLD TWP PD,,0,3,0,0,I,I,N,N,03,3,E FREEHOLD RD,,,,13161067__,3.58,07,,01,05,02,01,01,01,05,01,,AT,,POND RD,,,,35,35,26,,,N,,
2019131619FT10259,MONMOUTH,FREEHOLD TWP,04/15/2019,MO,1434,01,FREEHOLD TWP PD,,0,0,0,0,P,B,N,N,02,2,NJ 33,E,33,,00000033__,26.80,02,,01,04,02,01,01,01,03,01,1056,FE,E,W MAIN ST,,,,55,40,26,,,N,,16262
2019131619FT10267,MONMOUTH,FREEHOLD TWP,04/15/2019,MO,1615,01,FREEHOLD TWP PD,,0,0,0,0,P,B,N,N,02,2,WEMROCK RD,,,,13161020__,.44,07,,01,04,02,01,01,01,05,01,1320,FE,S,NJ 33 BUSINESS,,,,50,50,26,,,N,,16250
2019131619FT10292,MONMOUTH,FREEHOLD TWP,04/15/2019,MO,2227,01,FREEHOLD TWP PD,,0,1,0,0,I,B,Y,N,11,1,FRANCIS MILL RD **,,,,13161001__,.00,07,,01,04,02,01,06,01,04,01,2640,FE,S,ROUTE 537 / MONMOUTH RD,,,,25,50,60,,,N,DAMAGED TREE ON THE PROPERTY OF 2 FRANCIS MILLS ROAD,16265
2019131619FT10299,MONMOUTH,FREEHOLD TWP,04/16/2019,TU,0835,01,FREEHOLD TWP PD,,0,0,0,0,P,B,N,N,02,2,MONMOUTH COUNTY 55,,55,,13000055__,1.81,05,,01,04,02,01,01,01,05,01,200,FE,N,TUSCAN DR,,,,50,25,26,,,N,,247
2019131619FT10367,MONMOUTH,FREEHOLD TWP,04/16/2019,TU,1943,01,FREEHOLD TWP PD,,0,0,0,0,P,B,N,N,01,2,WEMROCK RD,,,,13161020__,.00,07,,01,04,02,01,03,01,05,01,50,FE,S,OAKLEY DR / GULLY RD,,,,35,25,26,,,N,,16250
2019131619FT10396,MONMOUTH,FREEHOLD TWP,04/17/2019,WE,1100,01,FREEHOLD TWP PD,,0,0,0,0,P,B,N,N,08,2,ENGLISH PATH **,,,,13161395__,.24,07,,02,04,02,01,01,01,05,01,100,FE,S,PIN OAK RD,,,,25,25,28,,,N,,16189
2019131619FT10446,MONMOUTH,FREEHOLD TWP,04/17/2019,WE,2015,01,FREEHOLD TWP PD,,0,0,0,0,P,B,N,N,05,2,HALLS MILL RD,,,,13161330__,.00,07,,01,04,02,01,05,01,05,01,528,FE,S,ROUTE 524 / ELTON ADELPHIA RD,,,,35,40,26,,,N,,16231
2019131619FT10450,MONMOUTH,FREEHOLD TWP,04/17/2019,WE,2114,01,FREEHOLD TWP PD,,0,0,0,0,P,B,N,N,11,1,RANDOLPH RD **,,,,13161160__,.79,07,,01,04,02,01,00,01,05,01,25,FE,N,GLENBROOK RD,,,,25,25,56,,,N,FREEHOLD TOWNSHIP FIRE HYDRANT AND CONCRETE PYLON,16250
2019131619FT10470,MONMOUTH,FREEHOLD TWP,04/18/2019,TH,0754,01,FREEHOLD TWP PD,,0,1,0,0,I,B,N,N,01,2,ROUTE 524,,524,,00000524__,20.01,05,,01,04,02,01,01,05,05,01,75,FE,E,ROUTE 537 / MONMOUTH RD,,,,50,50,26,,,N,,16268
2019131619FT10523,MONMOUTH,FREEHOLD TWP,04/18/2019,TH,1615,01,FREEHOLD TWP PD,,0,3,0,0,I,I,N,N,04,2,SCHANCK RD,,,,13161329__,1.14,07,,01,04,02,01,01,01,05,01,,AT,,STILLWELLS CORNER RD,,,,35,35,26,,,N,,16258
2019131619FT10569,MONMOUTH,FREEHOLD TWP,04/19/2019,FR,0545,01,FREEHOLD TWP PD,,0,0,0,0,P,B,N,N,12,1,FRANCIS MILL RD **,N,,,13161001__,.00,07,,01,04,02,01,03,01,05,,150,FE,S,ROUTE 537 / MONMOUTH RD,,,,25,50,26,,,N,,16212
2019131619FT10573,MONMOUTH,FREEHOLD TWP,04/19/2019,FR,0744,01,FREEHOLD TWP PD,,0,0,0,0,P,B,Y,N,01,2,ROUTE 527,,527,,00000527__,22.40,05,,01,04,02,01,01,01,05,01,200,FE,S,ROUTE 524 / ROUTE 547,,,,50,50,26,,,N,,16256
2019131619FT10583,MONMOUTH,FREEHOLD TWP,04/19/2019,FR,0952,01,FREEHOLD TWP PD,,0,0,0,0,P,B,N,N,01,2,ROUTE 537,,537,,00000537__,49.64,05,,01,04,02,01,01,01,05,01,20,FE,E,IRON BRIDGE RD,,,,45,35,26,,,N,,16252
2019131619FT10610,MONMOUTH,FREEHOLD TWP,04/19/2019,FR,1313,01,FREEHOLD TWP PD,,0,0,0,0,P,B,N,N,01,2,NJ 33,E,33,,00000033__,26.60,02,,01,04,02,01,01,01,03,01,25,FE,,,T,ROUTE 537,WB,55,,26,,,N,,16262
2019131619FT10612,MONMOUTH,FREEHOLD TWP,04/19/2019,FR,1347,01,FREEHOLD TWP PD,,0,2,0,0,I,I,N,N,03,2,ROUTE 524,,524,,00000524__,22.67,05,,01,04,02,01,01,05,05,01,,AT,,IRON BRIDGE RD,,,,45,35,26,,,N,,16229
2019131619FT10656,MONMOUTH,FREEHOLD TWP,04/19/2019,FR,1911,01,FREEHOLD TWP PD,,0,0,0,0,P,I,N,N,02,2,ROUTE 537,,537,,00000537__,51.07,05,,03,04,02,01,01,01,05,01,,AT,,TROTTERS LN / TROTTERS WAY,,,,35,25,26,,,N,,16269
2019131619FT10695,MONMOUTH,FREEHOLD TWP,04/20/2019,SA,1400,01,FREEHOLD TWP PD,,0,1,0,0,I,B,N,N,01,2,ROUTE 537,E,537,,00000537__,49.64,05,,01,04,02,01,01,01,05,01,25,FE,W,IRON BRIDGE RD,,,,45,35,26,,,N,,16263
2019131619FT10704,MONMOUTH,FREEHOLD TWP,04/20/2019,SA,1517,01,FREEHOLD TWP PD,,0,0,0,0,P,B,N,N,02,2,ROUTE 537,W,537,,00000537__,50.49,05,,01,04,02,01,01,01,05,01,30,FE,W,CASTRONOVA WAY / FREEHOLD MARKETPLA,,,,40,25,26,,,N,,16267
2019131619FT10761,MONMOUTH,FREEHOLD TWP,04/21/2019,SU,0600,01,FREEHOLD TWP PD,,0,0,0,0,P,B,N,N,01,2,US 9,N,9,,00000009__,111.26,02,,01,04,02,01,03,01,02,01,500,FE,S,ROUTE 524 / ELTON-ADELPHIA RD,,,,50,45,26,,,N,,219
2019131619FT10768,MONMOUTH,FREEHOLD TWP,04/21/2019,SU,1129,01,FREEHOLD TWP PD,,0,0,0,0,P,B,N,N,01,2,NJ 33 BUSINESS,W,33,B,00000033B_,1.01,02,,01,04,02,01,01,01,05,01,35,FE,W,WEMROCK RD,,,,45,50,26,,,N,,262
2019131619FT10828,MONMOUTH,FREEHOLD TWP,04/22/2019,MO,1632,01,FREEHOLD TWP PD,,0,0,0,0,P,B,N,N,01,2,NJ 79,W,79,,00000079__,.28,02,,01,04,02,02,01,02,05,01,350,FE,W,MOREAU AVE,,,,40,25,26,,,N,,16260
2019131619FT10908,MONMOUTH,FREEHOLD TWP,04/23/2019,TU,1610,01,FREEHOLD TWP PD,,0,1,0,0,I,B,N,N,02,3,US 9,S,9,,00000009__,111.76,02,,01,04,02,01,01,01,03,01,1320,FE,N,JACKSON MILL RD,,,,50,35,26,,,N,BUULDING DAMAGE TO 3430 RT 9 SOUTH AND UTILITY POLE# BT88FT,
2019131619FT10922,MONMOUTH,FREEHOLD TWP,04/23/2019,TU,2144,01,FREEHOLD TWP PD,,0,0,0,0,P,I,N,N,02,2,NJ 33 BUSINESS,E,33,B,00000033B_,2.35,02,,01,04,02,01,06,01,02,01,,AT,E,US 9,,,,40,50,26,,,N,,16260
2019131619FT10958,MONMOUTH,FREEHOLD TWP,04/24/2019,WE,1026,01,FREEHOLD TWP PD,,0,0,0,0,P,B,N,N,01,2,THREE BROOKS RD **,,,,13161106__,.01,07,,01,04,02,01,01,01,05,01,50,FE,E,US 9,,,,25,50,26,,,N,,16220
2019131619FT10963,MONMOUTH,FREEHOLD TWP,04/24/2019,WE,1154,01,FREEHOLD TWP PD,,0,1,0,0,I,B,N,N,01,2,ROUTE 537,,537,,00000537__,48.91,05,,01,04,02,01,01,01,05,01,100,FE,W,GRAVEL HILL RD,,,,50,35,26,,,N,,16220
2019131619FT10975,MONMOUTH,FREEHOLD TWP,04/24/2019,WE,1339,01,FREEHOLD TWP PD,,0,0,0,0,P,B,N,N,02,2,NJ 33 BUSINESS,W,33,B,00000033B_,1.02,02,,01,04,02,01,01,01,04,01,528,FE,W,WEMROCK RD,,,,45,35,26,,,N,,16245
2019131619FT10988,MONMOUTH,FREEHOLD TWP,04/24/2019,WE,1741,01,FREEHOLD TWP PD,,0,0,0,0,P,B,N,N,11,1,E FREEHOLD RD,,,,13161316__,.35,07,,01,04,02,01,01,01,05,01,50,FE,E,LIGHTHOUSE DR,,,,35,25,56,,,N,35 MPH SIGN POST,226
2019131619FT11013,MONMOUTH,FREEHOLD TWP,04/25/2019,TH,0152,01,FREEHOLD TWP PD,,0,0,0,0,P,B,N,N,12,1,ROUTE 524,,524,,00000524__,23.27,05,,01,04,02,01,06,01,05,01,100,FE,W,ORISKANY DR,,,,45,25,24,,,N,,16256
2019131619FT11039,MONMOUTH,FREEHOLD TWP,04/25/2019,TH,1136,01,FREEHOLD TWP PD,,0,0,0,0,P,B,N,N,01,2,MONMOUTH COUNTY 55,,55,,13000055__,1.68,05,,01,04,02,01,01,01,03,01,50,FE,N,BURLINGTON RD,,,,50,35,26,,,N,,16220
2019131619FT11065,MONMOUTH,FREEHOLD TWP,04/25/2019,TH,1959,01,FREEHOLD TWP PD,,0,0,0,0,P,B,N,N,12,1,MONMOUTH COUNTY 23,,23,,13000023__,3.36,05,,01,04,02,01,06,01,05,01,100,FE,N,HIGH JUMP RD,,,,45,25,,,,N,,16215
2019131619FT11071,MONMOUTH,FREEHOLD TWP,04/25/2019,TH,2137,01,FREEHOLD TWP PD,,0,0,0,0,P,B,N,N,11,1,STILLWELLS CORNER RD,,,,13161328__,.90,07,,02,04,02,01,06,01,05,01,100,FE,N,DOUBLE CREEK PKWY,,,,35,35,50,,,N,STREET SIGN (ARROW SIGN),16234
2019131619FT11086,MONMOUTH,FREEHOLD TWP,04/26/2019,FR,0656,01,FREEHOLD TWP PD,,0,2,0,0,I,I,N,N,01,2,ROUTE 537,,537,,00000537__,50.26,05,,01,04,02,02,01,02,05,01,,AT,,STILLWELLS CORNER RD / WEMROCK RD,,,,40,35,26,,,N,,16253
2019131619FT11121,MONMOUTH,FREEHOLD TWP,04/26/2019,FR,1446,01,FREEHOLD TWP PD,,0,0,0,0,P,I,N,N,03,2,NJ 33 BUSINESS,W,33,B,00000033B_,5.02,02,,01,04,02,02,01,05,05,01,,AT,,ASBURY AVE,,,,50,35,26,,,N,,16262
2019131619FT11125,MONMOUTH,FREEHOLD TWP,04/26/2019,FR,1716,01,FREEHOLD TWP PD,,0,0,0,0,P,B,N,N,02,2,US 9,S,9,,00000009__,114.14,02,,01,04,02,02,01,02,01,01,25,FE,N,RACEWAY MALL DR,,,,50,35,26,,,N,,16266
2019131619FT11138,MONMOUTH,FREEHOLD TWP,04/26/2019,FR,1936,01,FREEHOLD TWP PD,,0,0,0,0,P,B,N,N,01,2,US 9,N,9,,00000009__,114.33,02,,01,04,02,02,03,02,01,01,15,FE,S,NJ 33 BUSINESS / PARK AVE,,,,50,40,26,,,N,,260
2019131619FT11252,MONMOUTH,FREEHOLD TWP,04/27/2019,SA,1913,01,FREEHOLD TWP PD,,0,0,0,0,P,B,N,N,01,2,ROUTE 537,,537,,00000537__,51.07,05,,03,04,02,01,01,01,02,01,50,FE,W,,F,TROTTERS WAY,SB,40,,26,,,N,,16260
2019131619FT11253,MONMOUTH,FREEHOLD TWP,04/27/2019,SA,1919,01,FREEHOLD TWP PD,,0,0,0,0,P,B,N,N,02,2,ROUTE 537,E,537,,00000537__,50.09,05,,01,04,02,01,03,01,05,01,150,FE,E,REDWOOD LN,,,,45,25,26,,,N,,261
2019131619FT11306,MONMOUTH,FREEHOLD TWP,04/28/2019,SU,1145,01,FREEHOLD TWP PD,,0,0,0,0,P,B,N,N,01,2,WEMROCK RD,,,,,,07,,01,04,02,02,01,02,05,01,50,FE,N,ROUTE 537,,,,35,40,26,,,N,,16262
2019131619FT11315,MONMOUTH,FREEHOLD TWP,04/28/2019,SU,1432,01,FREEHOLD TWP PD,,0,0,0,0,P,B,N,N,02,2,US 9,S,9,,00000009__,112.81,02,,01,04,02,01,01,01,02,01,300,FE,N,NJ 79 / SCHANCK RD / SOUTH ST,,,,50,35,26,,,N,,247
2019131619FT11347,MONMOUTH,FREEHOLD TWP,04/28/2019,SU,2140,01,FREEHOLD TWP PD,,0,1,0,0,I,B,N,N,01,3,US 9,N,9,,00000009__,114.29,02,,01,04,02,01,06,01,01,01,200,FE,S,NJ 33 BUSINESS / PARK AVE,,,,50,35,26,,,N,,
2019131619FT11366,MONMOUTH,FREEHOLD TWP,04/29/2019,MO,0701,01,FREEHOLD TWP PD,,0,0,0,0,P,B,N,N,02,2,ROUTE 524,,524,,00000524__,24.99,05,,01,04,02,01,01,01,04,01,264,FE,W,CR 23 / JACKSON MILL RD,,,,45,45,26,,,N,,16244
2019131619FT11386,MONMOUTH,FREEHOLD TWP,04/29/2019,MO,1152,01,FREEHOLD TWP PD,,0,0,0,0,P,I,N,N,01,2,ROUTE 537,,537,,00000537__,50.06,05,,03,04,02,01,01,01,05,01,,AT,,,F,VILLAGE CENTER DR,SB,45,,26,,,N,,16239
2019131619FT11394,MONMOUTH,FREEHOLD TWP,04/29/2019,MO,1310,01,FREEHOLD TWP PD,,0,0,0,0,P,B,N,N,08,2,251 POND RD,,,,,,08,,01,06,03,01,01,01,05,01,,,,LAKE TOPANEMUS PARKING LOT,,,,,,26,,,N,,247
2019131619FT11407,MONMOUTH,FREEHOLD TWP,04/29/2019,MO,1526,01,FREEHOLD TWP PD,,0,0,0,0,P,B,N,N,01,2,HALLS MILL RD,,,,13161330__,.01,07,,01,04,02,01,01,01,05,01,50,FE,N,ROUTE 524 / ELTON ADELPHIA RD,,,,35,40,26,,,N,,16250
2019131619FT11409,MONMOUTH,FREEHOLD TWP,04/29/2019,MO,1556,01,FREEHOLD TWP PD,,0,0,0,0,P,B,N,N,02,2,US 9,N,9,,00000009__,115.77,02,,01,04,02,01,01,01,02,01,2640,FE,S,CRAIG RD / EAST FREEHOLD RD,,,,55,35,26,,,N,,265
2019131619FT11419,MONMOUTH,FREEHOLD TWP,04/29/2019,MO,1826,01,FREEHOLD TWP PD,,0,0,0,0,P,B,N,N,02,2,ROUTE 537,,537,,00000537__,53.91,05,,01,04,02,01,01,01,04,01,100,FE,W,CR 55 / KOZLOSKI RD,,,,45,50,26,,,N,,16266
2019131619FT1143,MONMOUTH,FREEHOLD TWP,04/30/2019,TU,2259,01,FREEHOLD TWP PD,,0,0,0,0,P,B,Y,N,11,1,HALLS MILL RD,,,,13161330__,.23,07,,03,04,02,02,05,02,05,01,1200,FE,N,ROUTE 524 / ELTON ADELPHIA RD,,,,35,40,46,,,N,MINOR DAMAGE TO THE GUARD RAIL AS ALL WAS STRUCTURALLY SOUND.,16234
2019131619FT11585,MONMOUTH,FREEHOLD TWP,05/01/2019,WE,1608,01,FREEHOLD TWP PD,,0,1,0,0,I,B,N,N,01,2,US 9,S,9,,00000009__,114.10,02,,02,04,02,01,01,01,05,01,25,FE,N,,T,RACEWAY MALL DRIVE,,50,,26,,,N,,16259
2019131619FT11587,MONMOUTH,FREEHOLD TWP,05/01/2019,WE,1711,01,FREEHOLD TWP PD,,0,0,0,0,P,B,N,N,01,2,US 9,N,9,,00000009__,115.28,02,,01,04,02,01,01,01,02,01,450,FE,S,SCHIBANOFF LN,,,,55,20,26,,,N,,16230
2019131619FT11595,MONMOUTH,FREEHOLD TWP,05/01/2019,WE,1907,01,FREEHOLD TWP PD,,0,0,0,0,P,B,N,N,01,2,ROUTE 537,,537,,00000537__,51.07,05,,02,04,02,02,03,05,05,01,25,FE,E,,F,TROTTERS WAY,,45,,26,,,N,,16259
2019131619FT11618,MONMOUTH,FREEHOLD TWP,05/02/2019,TH,0848,01,FREEHOLD TWP PD,,0,1,0,0,I,B,N,N,01,2,US 9,N,9,,00000009__,111.25,02,,01,04,02,01,01,01,05,01,528,FE,S,ROUTE 524 / ELTON-ADELPHIA RD,,,,50,40,26,,,N,,16220
2019131619FT11625,MONMOUTH,FREEHOLD TWP,05/02/2019,TH,1046,01,FREEHOLD TWP PD,,0,1,0,0,I,B,N,N,01,2,SCHANCK RD,,,,13161329__,.00,07,,01,04,02,01,01,01,02,01,50,FE,W,US 9 / NJ 79,,,,35,50,26,,,N,,16220
2019131619FT11635,MONMOUTH,FREEHOLD TWP,05/02/2019,TH,1204,01,FREEHOLD TWP PD,,0,0,0,0,P,B,N,N,06,2,3434 US ROUTE 9,,,,,,09,,01,04,03,01,01,01,05,01,,,,AWG APPLIANCE PARKING LOT,,,,,,26,,,N,,16220
2019131619FT11644,MONMOUTH,FREEHOLD TWP,05/02/2019,TH,1359,01,FREEHOLD TWP PD,,0,0,0,0,P,I,N,N,04,2,WEMROCK RD,,,,,,07,,01,04,02,01,01,01,05,01,,AT,,WEEPING WILLOW LANE,,,,45,25,26,,,N,,16220
2019131619FT11679,MONMOUTH,FREEHOLD TWP,05/02/2019,TH,1953,01,FREEHOLD TWP PD,,0,0,0,0,P,B,N,N,01,2,STONEHURST BLVD **,,,,13161041__,1.77,07,,01,04,02,01,03,01,05,01,15,FE,S,SCHANCK RD,,,,25,35,26,,,N,,16269
2019131619FT11750,MONMOUTH,FREEHOLD TWP,05/03/2019,FR,1221,01,FREEHOLD TWP PD,,0,0,0,0,P,I,N,N,03,2,POND RD,,,,,,07,,01,04,02,01,01,01,05,01,,AT,,WATERWORKS ROAD,,,,25,40,26,,,N,,16220
2019131619FT11767,MONMOUTH,FREEHOLD TWP,05/03/2019,FR,1514,01,FREEHOLD TWP PD,,0,0,0,0,P,B,N,N,01,2,NJ 33 BUSINESS,,33,B,00000033B_,1.03,02,,01,04,02,01,01,01,05,01,50,FE,E,WEMROCK RD,,,,45,50,26,,,N,,16220
2019131619FT11776,MONMOUTH,FREEHOLD TWP,05/03/2019,FR,1644,01,FREEHOLD TWP PD,,0,0,0,0,P,B,N,N,11,1,US 9,S,9,,00000009__,112.20,02,,01,04,02,01,01,01,03,01,5,FE,W,,T,US 9,NB,50,,51,,,N,TRAFFIC SIGNAL AND POST DESTROYED,16258
2019131619FT11792,MONMOUTH,FREEHOLD TWP,05/03/2019,FR,2333,01,FREEHOLD TWP PD,,0,0,0,0,P,B,Y,N,11,1,ROUTE 537,,537,,00000537__,45.02,05,,01,04,02,01,01,01,05,01,2640,FE,E,FRANCIS MILL RD,,,,50,25,60,,,N,,16265
2019131619FT11809,MONMOUTH,FREEHOLD TWP,05/03/2019,FR,2250,01,FREEHOLD TWP PD,,0,1,0,0,I,B,N,N,01,2,ROUTE 537,,537,,00000537__,50.50,05,,01,04,02,01,06,01,05,01,15,FE,E,CASTRONOVA WAY / FREEHOLD MARKETPLA,,,,40,25,26,,,N,,16269
2019131619FT11877,MONMOUTH,FREEHOLD TWP,05/04/2019,SA,1421,01,FREEHOLD TWP PD,,0,0,0,0,P,B,N,N,02,2,ROUTE 537,,537,,00000537__,51.07,05,,03,04,02,01,01,01,05,01,100,FE,,,T,TROTTERS WAY,NB,45,,26,,,N,,16268
2019131619FT11886,MONMOUTH,FREEHOLD TWP,05/04/2019,SA,1710,01,FREEHOLD TWP PD,,0,0,0,0,P,I,N,N,04,2,E FREEHOLD RD,,,,13161067__,3.58,07,,01,04,02,01,01,01,05,01,,AT,,POND RD,,,,40,35,26,,,N,,16261
2019131619FT12034,MONMOUTH,FREEHOLD TWP,05/06/2019,MO,1424,01,FREEHOLD TWP PD,,0,1,0,0,I,B,N,N,01,3,MONMOUTH COUNTY 55,,55,,13000055__,.91,05,,01,04,02,01,01,01,05,01,15,FE,N,THOREAU DR,,,,50,25,26,,,N,,
2019131619FT12037,MONMOUTH,FREEHOLD TWP,05/06/2019,MO,1437,01,FREEHOLD TWP PD,,0,0,0,0,P,B,N,N,11,2,JACKSON MILLS RD **,,,,13161415__,.08,07,,01,04,02,01,01,01,05,01,225,FE,W,US 9,,,,45,50,56,,,N,,16262
2019131619FT12043,MONMOUTH,FREEHOLD TWP,05/06/2019,MO,1536,01,FREEHOLD TWP PD,,0,0,0,0,P,I,N,N,05,2,DUCHESS CT **,,,,13161166__,.47,07,,01,04,02,01,01,05,05,01,,AT,,DUCHESS CT,,,,25,25,26,,,N,,16268
2019131619FT12088,MONMOUTH,FREEHOLD TWP,05/07/2019,TU,0113,01,FREEHOLD TWP PD,,0,0,0,0,P,B,N,N,12,2,US 9,N,9,,00000009__,115.17,02,,01,05,02,01,07,01,02,01,1056,FE,S,SCHIBANOFF LN,,,,55,20,24,,,N,,16244
2019131619FT12094,MONMOUTH,FREEHOLD TWP,05/07/2019,TU,0522,01,FREEHOLD TWP PD,,0,1,0,0,I,B,N,N,12,1,ROUTE 537,,537,,00000537__,47.60,05,,01,06,02,01,02,01,05,01,300,FE,E,ROUTE 524 / ELTON RD,,,,50,50,24,,,N,,16256
2019131619FT12098,MONMOUTH,FREEHOLD TWP,05/07/2019,TU,0705,01,FREEHOLD TWP PD,,0,0,0,0,P,B,N,N,06,3,HUTCHINSON DR **,,,,13161377__,.07,07,,01,04,02,01,06,01,05,01,100,FE,E,HARTSHORNE CT,,,,25,25,28,,,N,,
2019131619FT12099,MONMOUTH,FREEHOLD TWP,05/07/2019,TU,0838,01,FREEHOLD TWP PD,,0,0,0,0,P,B,N,N,11,2,MONMOUTH COUNTY 55,,55,,13000055__,3.52,07,,01,04,02,01,01,01,05,01,528,FE,E,NJ 79,,,,50,50,,,,N,VARIABLE MESSAGE BOARD  MONMOUTH COUNTY ROAD SIGN #020616  TRAFFIC BARREL,16229
2019131619FT12127,MONMOUTH,FREEHOLD TWP,05/07/2019,TU,1401,01,FREEHOLD TWP PD,,0,0,0,0,P,B,N,N,11,1,US 9,S,9,,00000009__,112.20,02,,01,04,02,01,01,01,02,02,,,,,T,US 9,NB,50,,54,,,N,BOX HOLDING UP TRAFFIC SIGNAL CRACKED.,16263
2019131619FT12133,MONMOUTH,FREEHOLD TWP,05/07/2019,TU,1454,01,FREEHOLD TWP PD,,0,1,0,0,I,B,N,N,01,2,MONMOUTH COUNTY 55,,55,,13000055__,1.14,05,,01,04,02,01,01,01,05,01,200,FE,N,CENTER ST / FRENEAU BLVD,,,,50,50,26,,,N,,247