Year(4)-CountyCode(2)-MunicipalityCode(2)-CaseNumber(9),County Name,Municipality Name,Crash Date,Crash Day of Week,Crash Time,Police Department Code,Police Department,Police Station,Total Killed,Total Injured,Pedestrians Killed,Pedestrians Injured,Severity,Intersection,Alcohol Involved,Hazmat Involved,Crash Type,Total Vehicles,Location,Location Direction,Route,Route Suffix,Std Rte Identifier,MilePost,Road System,Road Character,Road Horizontal Alignment,Road Grade,Road Surface Type,Surface Condition,Light Condition,Environmental Condition,Road Divided By,Temporary Traffic Control Zone,Distance To Cross Street,Unit Of Measurement,Direction From Cross Street,Cross Street Name,Is Ramp,Ramp To/From Route Name,Ramp To/From Route Direction,Posted Speed,Posted Speed Cross Street,First Harmful Event,Latitude,Longitude,Cell Phone In Use Flag,Other Property Damage,Reporting Badge No.
2019131619FT14947,MONMOUTH,FREEHOLD TWP,06/05/2019,WE,2211,01,FREEHOLD TWP PD,,0,0,0,0,P,B,N,N,01,2,US 9,S,9,,00000009__,112.77,02,,01,04,02,02,06,01,02,01,100,FE,N,NJ 79 / SCHANCK RD / SOUTH ST,,,,50,35,26,,,N,,16234
2019131619FT14963,MONMOUTH,FREEHOLD TWP,06/06/2019,TH,0756,01,FREEHOLD TWP PD,,0,0,0,0,P,B,N,N,11,1,GEORGIA RD,E,,,13161011__,,07,,01,04,02,01,01,01,04,01,500,FE,W,LOVE LANE,,,,45,25,,,,N,JCP&L POLE # JC317FRT,16257
2019131619FT14965,MONMOUTH,FREEHOLD TWP,06/06/2019,TH,0919,01,FREEHOLD TWP PD,,0,1,0,0,I,B,N,N,04,2,ROUTE 524,,524,,00000524__,21.51,05,,01,07,02,01,01,01,05,01,350,FE,W,WILDWOOD WAY,,,,50,25,26,,,N,,16189
2019131619FT15003,MONMOUTH,FREEHOLD TWP,06/06/2019,TH,1700,01,FREEHOLD TWP PD,,0,0,0,0,P,B,N,N,02,2,US 9,S,9,,00000009__,112.84,02,,01,04,02,01,01,01,05,01,500,FE,N,NJ 79 / SCHANCK RD / SOUTH ST,,,,50,35,26,,,N,,16250
2019131619FT15010,MONMOUTH,FREEHOLD TWP,06/06/2019,TH,1813,01,FREEHOLD TWP PD,,0,1,0,0,I,B,N,N,01,2,MONMOUTH COUNTY 55,,55,,13000055__,.02,05,,01,04,02,01,01,01,05,01,100,FE,N,WILLOWBROOK RD,,,,50,45,26,,,N,,16259
2019131619FT15040,MONMOUTH,FREEHOLD TWP,06/07/2019,FR,0854,01,FREEHOLD TWP PD,,0,0,0,0,P,B,N,N,01,2,ROUTE 537,,537,,00000537__,49.63,05,,01,04,02,01,01,05,05,01,50,FE,W,IRON BRIDGE RD,,,,40,35,26,,,N,,16262
2019131619FT15066,MONMOUTH,FREEHOLD TWP,06/07/2019,FR,1515,01,FREEHOLD TWP PD,,0,0,0,0,P,B,N,N,02,2,US 9,S,9,,00000009__,113.40,02,,01,04,02,01,01,01,02,01,100,FE,S,ROUTE 537,,,,50,40,26,,,N,,16262
2019131619FT15067,MONMOUTH,FREEHOLD TWP,06/07/2019,FR,1701,01,FREEHOLD TWP PD,,0,2,0,0,I,I,N,N,03,2,ROUTE 537,,537,,00000537__,50.26,05,,01,04,02,01,01,01,05,01,,AT,,STILLWELLS CORNER RD / WEMROCK RD,,,,40,35,26,,,N,,16265
2019131619FT15101,MONMOUTH,FREEHOLD TWP,06/07/2019,FR,2137,01,FREEHOLD TWP PD,,0,0,0,0,P,B,N,N,06,2,SPRUCE ST **,,,,13161071__,.32,07,,01,04,02,01,07,01,05,01,20,FE,N,IVY RD,,,,25,25,26,,,N,,16258
2019131619FT15110,MONMOUTH,FREEHOLD TWP,06/07/2019,FR,2345,01,FREEHOLD TWP PD,,0,2,0,0,I,I,Y,N,03,2,ROUTE 537,,537,,00000537__,50.26,05,,01,04,02,01,06,01,05,01,,AT,,STILLWELLS CORNER RD / WEMROCK RD,,,,40,35,26,,,N,,16253
2019131619FT15132,MONMOUTH,FREEHOLD TWP,06/08/2019,SA,1203,01,FREEHOLD TWP PD,,0,0,0,0,P,B,N,N,02,2,POND RD,,,,,,07,,01,04,02,01,01,01,05,01,50,FE,N,E FREEHOLD RD,,,,40,35,26,,,N,,16255
2019131619FT15275,MONMOUTH,FREEHOLD TWP,06/10/2019,MO,0852,01,FREEHOLD TWP PD,,0,0,0,0,P,B,N,N,01,2,NJ 33,W,33,,00000033__,26.60,02,,01,04,02,02,01,02,05,01,,,,,T,ROUTE 537,WB,55,,26,,,N,,16268
2019131619FT15281,MONMOUTH,FREEHOLD TWP,06/10/2019,MO,1008,01,FREEHOLD TWP PD,,0,0,0,0,P,B,N,N,01,3,US 9,S,9,,00000009__,114.35,02,,01,05,02,02,01,02,01,01,100,FE,N,NJ 33 BUSINESS / PARK AVE,,,,50,40,26,,,N,,?
2019131619FT15286,MONMOUTH,FREEHOLD TWP,06/10/2019,MO,1118,01,FREEHOLD TWP PD,,0,0,0,0,P,B,N,N,02,2,US 9,S,9,,00000009__,114.30,02,,01,04,02,02,01,02,,01,,,,,T,NJ 33 BUSINESS,EB,55,,26,,,N,,16268
2019131619FT15299,MONMOUTH,FREEHOLD TWP,06/10/2019,MO,1419,01,FREEHOLD TWP PD,,0,0,0,0,P,B,N,N,01,2,NJ 79,,79,,00000079__,2.72,02,,01,04,02,02,01,01,05,01,100,FE,N,BEECHWOOD AVE,,,,50,25,26,,,N,,16245
2019131619FT15305,MONMOUTH,FREEHOLD TWP,06/10/2019,MO,1519,01,FREEHOLD TWP PD,,0,0,0,0,P,B,N,N,02,2,US 9,S,9,,00000009__,112.81,02,,01,04,02,02,01,05,02,01,300,FE,N,NJ 79 / SCHANCK RD / SOUTH ST,,,,50,35,26,,,N,,16263
2019131619FT15356,MONMOUTH,FREEHOLD TWP,06/11/2019,TU,0810,01,FREEHOLD TWP PD,,0,0,0,0,P,B,N,N,02,2,SCHANCK RD,,,,13161329__,1.14,07,,01,04,02,02,01,01,05,01,50,FE,E,STILLWELLS CORNER RD,,,,35,35,26,,,N,,16263
2019131619FT15376,MONMOUTH,FREEHOLD TWP,06/11/2019,TU,1215,01,FREEHOLD TWP PD,,0,0,0,0,P,B,N,N,01,2,US 9,S,9,,00000009__,113.25,02,,02,04,02,01,01,01,02,01,20,FE,W,,T,US 9,NB,50,,26,,,N,,247
2019131619FT15390,MONMOUTH,FREEHOLD TWP,06/11/2019,TU,1538,01,FREEHOLD TWP PD,,0,0,0,0,P,B,N,N,01,2,ROUTE 524,,524,,00000524__,24.15,05,,01,04,02,01,01,01,05,01,50,FE,E,CONVENTRY DR,,,,45,25,26,,,N,,16218
2019131619FT15391,MONMOUTH,FREEHOLD TWP,06/11/2019,TU,1543,01,FREEHOLD TWP PD,,0,3,0,0,I,B,N,N,01,3,ROUTE 524,,524,,00000524__,24.15,05,,01,04,02,01,01,01,05,01,50,FE,E,CONVENTRY DR,,,,45,25,26,,,N,,
2019131619FT15393,MONMOUTH,FREEHOLD TWP,06/11/2019,TU,1608,01,FREEHOLD TWP PD,,0,0,0,0,P,I,N,N,02,2,ROUTE 537,,537,,00000537__,51.07,05,,01,04,02,01,01,01,05,01,,AT,,TROTTERS LN / TROTTERS WAY,,,,40,30,26,,,N,,16234
2019131619FT15435,MONMOUTH,FREEHOLD TWP,06/11/2019,TU,2258,01,FREEHOLD TWP PD,,0,0,0,0,P,B,N,N,01,2,US 9,N,9,,00000009__,114.33,02,,01,04,02,01,06,01,01,01,10,FE,S,NJ 33 BUSINESS / PARK AVE,,,,50,50,26,,,N,,16246
2019131619FT15451,MONMOUTH,FREEHOLD TWP,06/12/2019,WE,0908,01,FREEHOLD TWP PD,,0,1,0,0,I,B,N,N,11,1,GEORGIA RD,,,,,,07,,01,04,02,01,01,01,05,01,1320,FE,W,LOVE LN,,,,40,25,,,,N,HEAVY DAMAGE TO UTILITY POLE #JC317FRT,16255
2019131619FT15455,MONMOUTH,FREEHOLD TWP,06/12/2019,WE,1107,01,FREEHOLD TWP PD,,0,0,0,0,P,B,N,N,01,2,US 9,S,9,,00000009__,115.38,02,,01,04,02,01,01,01,02,01,50,FE,N,SCHIBANOFF LN,,,,55,25,26,,,N,,16218
2019131619FT15510,MONMOUTH,FREEHOLD TWP,06/13/2019,TH,0049,01,FREEHOLD TWP PD,,0,0,0,0,P,B,N,N,11,1,HALLS MILL RD,,,,13161330__,1.61,05,,01,04,02,01,06,01,05,01,100,FE,S,WILLOWBROOK RD,,,,50,45,57,,,N,,16234
2019131619FT15521,MONMOUTH,FREEHOLD TWP,06/13/2019,TH,0758,01,FREEHOLD TWP PD,,0,0,0,0,P,B,N,N,02,2,ROUTE 537,,537,,00000537__,53.94,05,,01,04,02,02,02,02,05,01,60,FE,E,CR 55 / KOZLOSKI RD,,,,50,50,26,,,N,,16218
2019131619FT15525,MONMOUTH,FREEHOLD TWP,06/13/2019,TH,0959,01,FREEHOLD TWP PD,,0,0,0,0,P,B,N,N,01,2,US 9,N,9,,00000009__,114.31,02,,01,04,02,02,01,02,01,01,100,FE,S,NJ 33 BUSINESS / PARK AVE,,,,55,45,26,,,N,,16255
2019131619FT15540,MONMOUTH,FREEHOLD TWP,06/13/2019,TH,1427,01,FREEHOLD TWP PD,,0,0,0,0,P,B,N,N,01,2,ROUTE 537,,537,,00000537__,49.65,05,,01,04,02,01,01,01,04,01,30,FE,E,IRON BRIDGE RD,,,,45,35,26,,,N,,16189
2019131619FT15550,MONMOUTH,FREEHOLD TWP,06/13/2019,TH,1609,01,FREEHOLD TWP PD,,0,1,0,0,I,B,N,N,01,3,MONMOUTH COUNTY 55,,55,,13000055__,.30,05,,01,04,02,01,01,01,05,01,20,FE,S,THREE BROOKS ROAD,,,,35,25,26,,,N,,
2019131619FT15584,MONMOUTH,FREEHOLD TWP,06/14/2019,FR,0629,01,FREEHOLD TWP PD,,0,0,0,0,P,I,N,N,03,2,MONMOUTH COUNTY 55,,55,,13000055__,2.10,05,,01,,02,01,01,01,05,01,,AT,,COLTS NECK ROAD,,,,50,45,26,,,N,,16202
2019131619FT15592,MONMOUTH,FREEHOLD TWP,06/14/2019,FR,0753,01,FREEHOLD TWP PD,,0,0,0,0,P,I,N,N,03,2,MONMOUTH COUNTY 23,,23,,13000023__,3.12,05,,01,04,02,01,01,01,05,01,,AT,,STRICKLAND RD,,,,45,35,26,,,N,,16267
2019131619FT15624,MONMOUTH,FREEHOLD TWP,06/14/2019,FR,1140,01,FREEHOLD TWP PD,,0,1,0,0,I,B,N,N,01,2,NJ 33,W,33,,00000033__,26.60,02,,01,04,02,01,01,05,05,01,,,,,T,ROUTE 537,WB,55,,26,,,N,,16268
2019131619FT15640,MONMOUTH,FREEHOLD TWP,06/14/2019,FR,1510,01,FREEHOLD TWP PD,,0,0,0,0,P,I,N,N,03,2,MONMOUTH COUNTY 23,,23,,13000023__,2.69,05,,01,04,02,01,01,01,05,01,,AT,,STONE HILL RD / BERGERVILLE RD,,,,45,35,26,,,N,,16267
2019131619FT15649,MONMOUTH,FREEHOLD TWP,06/14/2019,FR,1707,01,FREEHOLD TWP PD,,0,0,0,0,P,B,N,N,02,2,US 9,S,9,,00000009__,112.76,02,,01,04,02,01,01,01,03,01,50,FE,N,NJ 79 / SCHANCK RD / SOUTH ST,,,,50,35,26,,,N,,16258
2019131619FT15650,MONMOUTH,FREEHOLD TWP,06/14/2019,FR,1826,01,FREEHOLD TWP PD,,0,1,0,0,I,B,N,N,04,2,SCHANCK RD,,,,13161329__,1.14,07,,01,04,02,01,01,01,05,01,100,FE,E,STILLWELLS CORNER RD,,,,35,35,26,,,N,,265
2019131619FT15657,MONMOUTH,FREEHOLD TWP,06/14/2019,FR,2054,01,FREEHOLD TWP PD,,0,1,0,0,I,B,N,N,01,2,US 9,S,9,,00000009__,115.97,02,,01,04,02,01,01,01,01,01,1584,FE,S,CRAIG RD / EAST FREEHOLD RD,,,,55,35,26,,,N,,265
2019131619FT15658,MONMOUTH,FREEHOLD TWP,06/14/2019,FR,1804,01,FREEHOLD TWP PD,,0,0,0,0,P,B,N,N,01,2,US 9,S,9,,00000009__,111.35,02,,01,04,02,01,01,01,02,01,15,FE,N,ROUTE 524 / ELTON-ADELPHIA RD,,,,50,40,26,,,N,,16261
2019131619FT15726,MONMOUTH,FREEHOLD TWP,06/15/2019,SA,1224,01,FREEHOLD TWP PD,,0,2,0,0,I,B,N,N,01,2,ROUTE 524,E,524,,00000524__,24.98,05,,01,04,02,01,01,01,04,01,300,FE,W,CR 23 / JACKSON MILL RD,,,,45,45,26,,,N,,16263
2019131619FT15756,MONMOUTH,FREEHOLD TWP,06/15/2019,SA,1725,01,FREEHOLD TWP PD,19FT15756,0,0,0,0,P,I,N,N,02,2,ROUTE 537,,537,,00000537__,51.07,05,,01,04,02,01,01,01,05,01,,AT,,TROTTERS LN / TROTTERS WAY,,,,40,30,26,,,N,,265
2019131619FT15777,MONMOUTH,FREEHOLD TWP,06/15/2019,SA,1840,01,FREEHOLD TWP PD,,0,0,0,0,P,B,N,N,11,1,GRAVEL HILL RD **,,,,13161177__,.80,07,,01,04,02,01,01,01,05,01,25,FE,N,ROUTE 537 / MONMOUTH RD,,,,35,50,56,,,N,MAILBOX AND GRASS TO 100 MONMOUTH ROAD,16250
2019131619FT15840,MONMOUTH,FREEHOLD TWP,06/16/2019,SU,1936,01,FREEHOLD TWP PD,,0,2,0,0,I,B,N,N,01,2,US 9,N,9,,00000009__,111.35,02,,01,04,02,02,01,02,03,01,15,FE,S,ROUTE 524 / ELTON-ADELPHIA RD,,,,50,45,26,,,N,,266
2019131619FT15863,MONMOUTH,FREEHOLD TWP,06/17/2019,MO,0121,01,FREEHOLD TWP PD,,0,0,0,0,P,B,N,N,12,1,ROUTE 537,,537,,00000537__,45.27,05,,01,04,02,02,07,04,05,01,200,FE,W,CANDLELIGHT DR / MINERAL SPRINGS RD,,,,50,25,24,,,N,,244
2019131619FT15867,MONMOUTH,FREEHOLD TWP,06/17/2019,MO,0618,01,FREEHOLD TWP PD,,0,1,0,0,I,B,Y,N,11,1,ROUTE 524,,524,,00000524__,24.50,05,,01,06,02,02,01,01,05,01,500,FE,W,OLD POST RD,,,,45,25,56,,,N,UTILITY POLE # BT90033FRT (JCP&L AND VERIZON RESPONDED),16244
2019131619FT15902,MONMOUTH,FREEHOLD TWP,06/17/2019,MO,1421,01,FREEHOLD TWP PD,,0,0,0,0,P,B,N,N,11,1,MONMOUTH COUNTY 53,,53,,13000053__,.19,05,,01,04,02,01,01,01,05,01,250,FE,N,NOMOCO RD,,,,40,40,52,,,Y,JCPL UTILITY POLE #JC1904FRT,267
2019131619FT15904,MONMOUTH,FREEHOLD TWP,06/17/2019,MO,1435,01,FREEHOLD TWP PD,,0,0,0,0,P,B,N,N,01,2,US 9,S,9,,00000009__,112.76,02,,01,04,02,01,01,01,03,01,50,FE,N,NJ 79 / SCHANCK RD / SOUTH ST,,,,50,35,26,,,N,,239
2019131619FT15926,MONMOUTH,FREEHOLD TWP,06/17/2019,MO,1907,01,FREEHOLD TWP PD,,0,0,0,0,P,B,N,N,01,2,US 9,N,9,,00000009__,116.23,02,,01,04,02,02,01,02,01,01,200,FE,S,CRAIG RD / EAST FREEHOLD RD,,,,55,35,26,,,N,,261
2019131619FT16001,MONMOUTH,FREEHOLD TWP,06/18/2019,TU,1714,01,FREEHOLD TWP PD,,0,3,0,0,I,B,N,N,02,2,US 9,N,9,,00000009__,116.27,02,,01,04,02,02,01,02,01,01,25,FE,N,CRAIG RD / EAST FREEHOLD RD,,,,55,35,26,,,N,,226
2019131619FT16035,MONMOUTH,FREEHOLD TWP,06/19/2019,WE,0605,01,FREEHOLD TWP PD,,0,0,0,0,P,B,N,N,11,1,ROUTE 537,,537,,00000537__,51.15,05,,01,04,02,01,01,01,05,01,400,FE,E,TROTTERS LN / TROTTERS WAY,,,,40,30,56,,,N,40 MPH SPEED LIMIT SIGN,16242
2019131619FT16089,MONMOUTH,FREEHOLD TWP,06/19/2019,WE,1531,01,FREEHOLD TWP PD,,0,0,0,0,P,B,N,N,02,2,CASTRONOVA WAY,,,,,,07,,01,04,02,01,01,01,05,01,75,FE,N,ROUTE 537,,,,30,40,26,,,N,,16189
2019131619FT16091,MONMOUTH,FREEHOLD TWP,06/19/2019,WE,1536,01,FREEHOLD TWP PD,,0,0,0,0,P,I,N,N,02,2,NJ 33 BUSINESS,E,33,B,00000033B_,5.02,02,,01,04,02,01,01,01,05,01,,AT,,ASBURY AVE,,,,40,35,26,,,N,,226
2019131619FT16094,MONMOUTH,FREEHOLD TWP,06/19/2019,WE,1619,01,FREEHOLD TWP PD,,0,1,0,0,I,B,N,N,01,3,NJ 33 BUSINESS,,33,B,00000033B_,1.70,02,,01,04,02,02,01,02,05,01,200,FE,W,CARDIGAN BAY RD,,,,45,25,26,,,N,,
2019131619FT16174,MONMOUTH,FREEHOLD TWP,06/20/2019,TH,1606,01,FREEHOLD TWP PD,,0,0,0,0,P,B,N,N,01,2,SCHANCK RD,,,,13161329__,.07,07,,01,04,02,02,01,02,01,01,20,FE,E,STONEHURST AVE,,,,35,25,26,,,N,,16258
2019131619FT16188,MONMOUTH,FREEHOLD TWP,06/20/2019,TH,1929,01,FREEHOLD TWP PD,,0,0,0,0,P,I,N,N,01,2,WEMROCK RD,,,,13161020__,,07,,01,04,02,01,01,01,05,01,,AT,,WEST MAIN ST,,,,35,45,26,,,N,,16269
2019131619FT16195,MONMOUTH,FREEHOLD TWP,06/20/2019,TH,2113,01,FREEHOLD TWP PD,,0,0,0,0,P,B,N,N,01,2,ROUTE 537,,537,,00000537__,51.07,05,,01,04,02,02,06,02,05,01,10,FE,,,F,TROTTERS WAY,SB,40,,26,,,N,,16258
2019131619FT16196,MONMOUTH,FREEHOLD TWP,06/20/2019,TH,2125,01,FREEHOLD TWP PD,,0,2,0,0,I,I,N,N,03,2,WINNERS CIRCLE,,,,,,07,,01,04,02,02,01,05,05,01,,AT,,TROTTERS WAY,,,,25,30,26,,,N,,16269
2019131619FT16227,MONMOUTH,FREEHOLD TWP,06/21/2019,FR,1216,01,FREEHOLD TWP PD,,0,0,0,0,P,B,N,N,11,1,ROUTE 524,,524,,00000524__,23.09,05,,01,04,02,02,01,02,05,01,250,FE,W,WELESLEY WAY,,,,45,25,52,,,N,CRACKED JCP&L UTILITY POLE #JC1662FRT,16267
2019131619FT16235,MONMOUTH,FREEHOLD TWP,06/21/2019,FR,1444,01,FREEHOLD TWP PD,,0,0,0,0,P,B,N,N,11,1,US 9,N,9,,00000009__,114.15,02,,01,04,02,02,01,01,01,01,75,FE,N,RACEWAY MALL DR,,,,50,25,,,,N,,16257
2019131619FT16243,MONMOUTH,FREEHOLD TWP,06/21/2019,FR,1609,01,FREEHOLD TWP PD,,0,1,0,0,I,I,N,N,01,2,ROUTE 537,,537,,00000537__,48.16,05,,01,04,02,01,01,01,05,01,,AT,,THOMPSON GROVE RD,,,,50,45,26,,,Y,,16269
2019131619FT16346,MONMOUTH,FREEHOLD TWP,06/22/2019,SA,1215,01,FREEHOLD TWP PD,,0,0,0,0,P,B,N,N,02,2,NJ 33,W,33,,00000033__,25.70,02,,01,04,02,01,01,01,04,01,100,FE,E,WEMROCK RD,,,,40,50,26,,,N,,16257
2019131619FT16356,MONMOUTH,FREEHOLD TWP,06/22/2019,SA,1323,01,FREEHOLD TWP PD,,0,0,0,0,P,B,N,N,06,2,KOENIG LN **,,,,13161110__,.53,07,,01,04,02,01,01,01,05,01,700,FE,W,WYNNEWOOD DR,,,,25,25,26,,,N,,16262
2019131619FT16384,MONMOUTH,FREEHOLD TWP,06/22/2019,SA,1845,01,FREEHOLD TWP PD,,0,0,0,0,P,B,N,N,01,2,ROUTE 537,,537,,00000537__,51.07,05,,01,04,02,01,01,01,05,01,10,FE,,,F,TROTTERS WAY,SB,40,,26,,,N,,16265
2019131619FT16474,MONMOUTH,FREEHOLD TWP,06/23/2019,SU,2030,01,FREEHOLD TWP PD,,0,0,0,0,P,B,N,N,01,2,WEMROCK RD,,,,13161020__,,07,,01,04,02,01,03,01,05,01,15,FE,S,HUTCHINSON DRIVE,,,,35,25,26,,,N,,16261
2019131619FT16510,MONMOUTH,FREEHOLD TWP,06/24/2019,MO,0921,01,FREEHOLD TWP PD,,0,1,0,1,I,I,N,N,13,1,NJ 79,,79,,00000079__,.20,02,,01,04,02,01,01,01,05,01,,AT,,SHOPRITE ENTRANCE,,,,35,,22,,,N,,16263
2019131619FT16511,MONMOUTH,FREEHOLD TWP,06/24/2019,MO,0948,01,FREEHOLD TWP PD,,0,0,0,0,P,B,N,N,08,2,200 VILLAGE CENTER DR,,,,,,10,,01,04,02,01,01,01,05,01,,,,,,USPS PARKING LOT,,,,28,,,N,,16245
2019131619FT16522,MONMOUTH,FREEHOLD TWP,06/24/2019,MO,1333,01,FREEHOLD TWP PD,01,0,0,0,0,P,B,N,N,02,2,US 9,S,9,,00000009__,116.26,02,,01,04,02,01,01,01,01,01,50,FE,S,CRAIG RD / EAST FREEHOLD RD,,,,55,35,26,,,N,,16245
2019131619FT16541,MONMOUTH,FREEHOLD TWP,06/24/2019,MO,1803,01,FREEHOLD TWP PD,,0,1,0,0,I,B,N,N,01,2,US 9,S,9,,00000009__,116.26,02,,01,04,02,01,01,01,02,01,50,FE,S,CRAIG RD / EAST FREEHOLD RD,,,,55,35,26,,,N,,16250
2019131619FT16579,MONMOUTH,FREEHOLD TWP,06/25/2019,TU,0752,01,FREEHOLD TWP PD,,0,1,0,0,I,B,N,N,11,1,MONMOUTH COUNTY 53,,53,,13000053__,.55,05,,01,04,02,02,01,05,05,01,528,FE,W,BRANDON BLVD,,,,40,25,60,,,N,,16238
2019131619FT16588,MONMOUTH,FREEHOLD TWP,06/25/2019,TU,0950,01,FREEHOLD TWP PD,,0,0,0,0,P,I,N,N,03,2,WILLOWBROOK RD **,,,,13161107__,.00,07,,01,04,02,02,01,05,05,01,,AT,,OAKERSON RD,,,,50,45,26,,,N,,16238
2019131619FT16598,MONMOUTH,FREEHOLD TWP,06/25/2019,TU,1225,01,FREEHOLD TWP PD,,0,1,0,0,I,B,N,N,03,2,ROUTE 522,,522,,00000522__,18.43,05,,01,04,02,01,01,01,05,01,400,FE,W,US 9,,,,40,55,26,,,N,MONMOUTH COUNTY ROAD SIGN (DIVIDED HIGHWAY),16238
2019131619FT16610,MONMOUTH,FREEHOLD TWP,06/25/2019,TU,1556,01,FREEHOLD TWP PD,,0,0,0,0,P,B,N,N,02,2,WINNERS CIRCLE,,,,,,09,,01,04,02,01,01,01,05,01,300,FE,W,CARDIGAN BAY LANE,,,,25,25,26,,,N,,226
2019131619FT16662,MONMOUTH,FREEHOLD TWP,06/26/2019,WE,0827,01,FREEHOLD TWP PD,,0,1,0,0,I,B,N,N,07,2,ROUTE 527,,527,,00000527__,20.77,05,,01,04,02,01,01,01,05,01,20,FE,S,ELY HARMONY RD,,,,50,35,26,,,N,FENCE AND PROPERTY OF 350 ELY HARMONY RD,16245
2019131619FT16697,MONMOUTH,FREEHOLD TWP,06/26/2019,WE,1551,01,FREEHOLD TWP PD,,0,0,0,0,P,B,N,N,07,2,NJ 79,,79,,00000079__,.33,02,,01,04,02,01,01,01,05,01,100,FE,S,MOREAU AVE,,,,40,25,26,,,N,,16231
2019131619FT16705,MONMOUTH,FREEHOLD TWP,06/26/2019,WE,1807,01,FREEHOLD TWP PD,,0,1,0,0,I,I,N,N,04,2,ROUTE 524,,524,,00000524__,25.36,05,,01,04,02,01,01,01,05,01,,AT,,BAR HARBOUR RD,,,,40,35,26,,,N,,16250
2019131619FT16711,MONMOUTH,FREEHOLD TWP,06/26/2019,WE,2045,01,FREEHOLD TWP PD,,0,0,0,0,P,I,N,N,07,2,NJ 79,,79,,00000079__,.07,02,,01,04,02,01,01,01,05,01,,AT,,WILLOWBROOK RD,,,,35,25,26,,,N,,16213
2019131619FT16734,MONMOUTH,FREEHOLD TWP,06/27/2019,TH,0656,01,FREEHOLD TWP PD,,0,0,0,0,P,B,N,N,02,2,WEMROCK RD,,,,13161020__,,07,,01,04,02,01,01,01,05,,5,FE,N,MOUNTS CORNER DRIVE,,,,40,,26,,,N,,219
2019131619FT16774,MONMOUTH,FREEHOLD TWP,06/27/2019,TH,1432,01,FREEHOLD TWP PD,,0,0,0,0,P,B,N,N,02,2,ROUTE 537,,537,,00000537__,51.10,05,,01,04,02,01,01,01,05,01,160,FE,E,TROTTERS LN / TROTTERS WAY,,,,40,30,26,,,N,,16218
2019131619FT16791,MONMOUTH,FREEHOLD TWP,06/27/2019,TH,1754,01,FREEHOLD TWP PD,,0,0,0,0,P,B,N,N,01,2,US 9,S,9,,00000009__,112.76,02,,01,04,02,01,01,01,03,01,50,FE,N,NJ 79 / SCHANCK RD / SOUTH ST,,,,50,35,26,,,N,,16266
2019131619FT16793,MONMOUTH,FREEHOLD TWP,06/27/2019,TH,1712,01,FREEHOLD TWP PD,,0,0,0,0,P,B,N,N,02,2,US 9,S,9,,00000009__,114.78,02,,01,05,02,01,01,01,01,01,500,FE,S,ROUTE 522 / ENGLISHTOWN RD / THROCK,,,,50,35,26,,,N,,16259
2019131619FT16810,MONMOUTH,FREEHOLD TWP,06/27/2019,TH,2132,01,FREEHOLD TWP PD,,0,0,0,0,P,B,N,N,02,2,US 9,S,9,,00000009__,111.35,02,,01,04,02,01,06,01,02,01,20,FE,N,ROUTE 524 / ELTON-ADELPHIA RD,,,,50,35,26,,,N,,16258
2019131619FT16856,MONMOUTH,FREEHOLD TWP,06/28/2019,FR,1242,01,FREEHOLD TWP PD,,0,1,0,0,I,B,N,N,03,2,ROUTE 537,E,537,,00000537__,51.07,05,,01,04,02,01,01,01,05,01,,,,,T,TROTTERS WAY,NB,45,,26,,,N,COUNTY ROAD SIGN,16268
2019131619FT16890,MONMOUTH,FREEHOLD TWP,06/28/2019,FR,1832,01,FREEHOLD TWP PD,,0,0,0,0,P,B,N,N,12,1,NJ 33,E,33,,00000033__,27.52,02,,01,04,02,01,01,01,01,01,100,FE,W,US 9,,,,55,50,26,,,N,,16261
2019131619FT16899,MONMOUTH,FREEHOLD TWP,06/28/2019,FR,2131,01,FREEHOLD TWP PD,,0,0,0,0,P,B,N,N,12,1,EDWARDS DR **,,,,13161175__,1.02,07,,01,04,02,01,06,01,05,01,75,FE,E,POND RD,,,,25,40,24,40.281490,74.289090,N,,16215
2019131619FT16928,MONMOUTH,FREEHOLD TWP,06/29/2019,SA,0501,01,FREEHOLD TWP PD,,0,1,0,0,I,B,N,N,11,1,CENTER ST,,,,13161208__,.10,07,,03,04,02,01,01,01,05,01,528,FE,E,CR 55 / KOSLOSKI DR,,,,50,50,,,,N,VERIZON POLE,16246
2019131619FT16931,MONMOUTH,FREEHOLD TWP,06/29/2019,SA,0734,01,FREEHOLD TWP PD,,0,0,0,0,P,B,N,N,06,2,843 SR 33 E,,,,,,09,,01,04,02,01,01,01,05,01,,,,COUSINS PLAZA PARKING LOT,,,,,,26,,,N,,16244
2019131619FT16987,MONMOUTH,FREEHOLD TWP,06/29/2019,SA,1535,01,FREEHOLD TWP PD,,0,1,0,0,I,B,N,N,01,3,MONMOUTH COUNTY 23,,23,,13000023__,3.12,05,,01,04,02,01,01,01,05,01,20,FE,N,STRICKLAND RD,,,,45,35,26,,,N,,
2019131619FT17014,MONMOUTH,FREEHOLD TWP,06/29/2019,SA,2140,01,FREEHOLD TWP PD,,0,1,0,0,I,I,N,N,02,2,NJ 33 BUSINESS,,33,B,00000033B_,1.02,02,,01,04,02,01,06,01,05,01,,AT,,WEMROCK RD,,,,45,50,26,,,N,,265
2019131619FT17016,MONMOUTH,FREEHOLD TWP,06/29/2019,SA,2215,01,FREEHOLD TWP PD,,0,0,0,0,P,B,N,N,02,2,ROUTE 524,W,524,,00000524__,20.40,05,,01,04,02,01,06,01,05,01,35,FE,W,ROUTE 527 / SILOAM RD / WOODVILLE R,,,,50,35,26,,,N,,16261
2019131619FT17019,MONMOUTH,FREEHOLD TWP,06/29/2019,SA,2203,01,FREEHOLD TWP PD,,0,0,0,0,P,B,N,N,12,1,ROUTE 524,,524,,00000524__,21.90,05,,01,04,02,01,05,01,05,01,50,FE,E,BURKE RD,,,,50,25,24,,,N,,16231