Year(4)-CountyCode(2)-MunicipalityCode(2)-CaseNumber(9),County Name,Municipality Name,Crash Date,Crash Day of Week,Crash Time,Police Department Code,Police Department,Police Station,Total Killed,Total Injured,Pedestrians Killed,Pedestrians Injured,Severity,Intersection,Alcohol Involved,Hazmat Involved,Crash Type,Total Vehicles,Location,Location Direction,Route,Route Suffix,Std Rte Identifier,MilePost,Road System,Road Character,Road Horizontal Alignment,Road Grade,Road Surface Type,Surface Condition,Light Condition,Environmental Condition,Road Divided By,Temporary Traffic Control Zone,Distance To Cross Street,Unit Of Measurement,Direction From Cross Street,Cross Street Name,Is Ramp,Ramp To/From Route Name,Ramp To/From Route Direction,Posted Speed,Posted Speed Cross Street,First Harmful Event,Latitude,Longitude,Cell Phone In Use Flag,Other Property Damage,Reporting Badge No.
2019131619FT17106,MONMOUTH,FREEHOLD TWP,07/01/2019,MO,0739,01,FREEHOLD TWP PD,,0,0,0,0,P,B,N,N,01,2,MONMOUTH COUNTY 23,,23,,13000023__,3.91,05,,01,04,02,01,01,01,05,01,20,FE,S,ROUTE 524 / ELTON-ADELPHIA RD,,,,45,45,26,,,N,,16253
2019131619FT17130,MONMOUTH,FREEHOLD TWP,07/01/2019,MO,1314,01,FREEHOLD TWP PD,,0,0,0,0,P,B,N,N,01,2,US 9,,9,,00000009__,114.14,02,,03,06,02,01,01,01,01,01,,,,,T,RACEWAY MALL DRIVE,,50,,26,,,N,,16229
2019131619FT17148,MONMOUTH,FREEHOLD TWP,07/01/2019,MO,1603,01,FREEHOLD TWP PD,,0,0,0,0,P,I,N,N,01,2,E FREEHOLD RD,W,,,13161067__,2.32,07,,01,04,02,01,01,01,05,01,,AT,,ROBERTSVILLE RD,,,,35,35,26,,,N,,16260
2019131619FT17215,MONMOUTH,FREEHOLD TWP,07/02/2019,TU,1305,01,FREEHOLD TWP PD,,0,0,0,0,P,B,N,N,01,2,US 9,S,9,,00000009__,111.37,02,,01,04,02,01,01,01,02,01,100,FE,N,ROUTE 524 / ELTON-ADELPHIA RD,,,,50,45,26,,,N,,16252
2019131619FT17240,MONMOUTH,FREEHOLD TWP,07/02/2019,TU,1929,01,FREEHOLD TWP PD,,0,1,0,0,I,B,N,N,11,1,ROUTE 524,,524,,00000524__,24.34,05,,01,04,02,01,01,01,05,01,35,FE,W,WOODSTOCK PL,,,,40,25,52,,,N,SPLIT UTILTY POLE# BT2775FT.,16250
2019131619FT17268,MONMOUTH,FREEHOLD TWP,07/03/2019,WE,1112,01,FREEHOLD TWP PD,,0,0,0,0,P,B,N,N,08,2,US 9,S,9,,00000009__,112.20,02,,02,04,02,01,01,01,02,01,75,FE,W,,T,US 9,NB,55,,26,,,N,,247
2019131619FT17271,MONMOUTH,FREEHOLD TWP,07/03/2019,WE,1259,01,FREEHOLD TWP PD,,0,0,0,0,P,B,N,N,01,2,MONMOUTH COUNTY 55,,55,,13000055__,1.55,05,,01,04,02,01,01,01,05,01,50,FE,N,FRENEAU BLVD,,,,55,25,26,,,N,,226
2019131619FT17280,MONMOUTH,FREEHOLD TWP,07/03/2019,WE,1449,01,FREEHOLD TWP PD,,0,0,0,0,P,B,N,N,02,2,MONMOUTH COUNTY 55,N,55,,13000055__,1.59,05,,01,04,02,01,01,01,02,01,264,FE,N,FRENEAU BLVD,,,,50,25,26,,,N,,226
2019131619FT17294,MONMOUTH,FREEHOLD TWP,07/03/2019,WE,1634,01,FREEHOLD TWP PD,,0,0,0,0,P,B,N,N,01,2,US 9,S,9,,00000009__,114.53,02,,01,04,02,01,01,01,01,01,1056,FE,N,NJ 33 BUSINESS / PARK AVE,,,,55,45,26,,,N,,16230
2019131619FT17301,MONMOUTH,FREEHOLD TWP,07/03/2019,WE,1802,01,FREEHOLD TWP PD,,0,0,0,0,P,I,N,N,03,2,HALLS MILL RD,,,,13161330__,.94,07,,01,04,02,01,01,01,05,01,,AT,,THREE BROOKS RD,,,,45,25,26,,,N,,226
2019131619FT17318,MONMOUTH,FREEHOLD TWP,07/03/2019,WE,2145,01,FREEHOLD TWP PD,,0,2,0,0,I,B,N,N,01,2,NJ 79,,79,,00000079__,.26,02,,01,04,02,01,07,01,05,01,450,FE,S,MOREAU AVE,,,,40,25,26,,,N,,16250
2019131619FT17352,MONMOUTH,FREEHOLD TWP,07/04/2019,TH,1353,01,FREEHOLD TWP PD,,0,0,0,0,P,B,N,N,01,2,HALLS MILL RD,,,,13161330__,1.57,05,,01,04,02,01,01,01,05,01,300,FE,S,WILLOWBROOK RD,,,,45,45,26,,,N,,16252
2019131619FT17363,MONMOUTH,FREEHOLD TWP,07/04/2019,TH,1542,01,FREEHOLD TWP PD,,0,0,0,0,P,B,N,N,01,2,US 9,N,9,,00000009__,116.25,02,,01,04,02,01,01,01,05,01,100,FE,S,CRAIG RD / EAST FREEHOLD RD,,,,50,35,26,,,N,,16259
2019131619FT17383,MONMOUTH,FREEHOLD TWP,07/04/2019,TH,1955,01,FREEHOLD TWP PD,,0,0,0,0,P,B,N,N,02,2,ROUTE 537,,537,,00000537__,46.22,05,,01,04,02,01,01,01,05,01,500,FE,W,ROUTE 524 / STAGE COACH RD,,,,45,25,26,,,N,,16259
2019131619FT17404,MONMOUTH,FREEHOLD TWP,07/04/2019,TH,2246,01,FREEHOLD TWP PD,,0,0,0,0,P,B,N,N,06,3,TRI CENTENNIAL DR **,,,,13161293__,,07,,01,04,02,01,00,01,05,01,,,,,,,,25,,28,,,N,,
2019131619FT17436,MONMOUTH,FREEHOLD TWP,07/05/2019,FR,0906,01,FREEHOLD TWP PD,,0,0,0,0,P,B,N,N,01,2,ROUTE 537,,537,,00000537__,,05,,01,04,02,01,01,01,05,01,,,,,F,RONARDI DRIVE,WB,40,,26,,,N,,16267
2019131619FT17460,MONMOUTH,FREEHOLD TWP,07/03/2019,WE,2150,01,FREEHOLD TWP PD,,0,0,0,0,P,B,N,N,02,2,US 9,N,9,,00000009__,116.18,02,,01,04,02,01,06,01,01,01,500,FE,S,CRAIG RD / EAST FREEHOLD RD,,,,55,35,26,,,N,,16252
2019131619FT17466,MONMOUTH,FREEHOLD TWP,07/05/2019,FR,1143,01,FREEHOLD TWP PD,,0,0,0,0,P,B,N,N,01,2,ROUTE 537,W,537,,00000537__,49.17,05,,01,04,02,01,01,05,03,01,36,FE,W,PROFESSIONAL VIEW DR,,,,50,25,26,,,N,,16268
2019131619FT17511,MONMOUTH,FREEHOLD TWP,07/05/2019,FR,1848,01,FREEHOLD TWP PD,,0,0,0,0,P,B,N,N,02,2,US 9,N,9,,00000009__,112.79,02,,01,04,02,02,01,05,02,01,200,FE,N,NJ 79 / SCHANCK RD / SOUTH ST,,,,50,35,26,,,N,,16231
2019131619FT17585,MONMOUTH,FREEHOLD TWP,07/06/2019,SA,1222,01,FREEHOLD TWP PD,,0,0,0,0,P,B,N,N,01,2,US 9,N,9,,00000009__,111.35,02,,01,04,02,01,01,01,05,01,,,,,T,ROUTE 524,WB,50,,26,,,N,,16263
2019131619FT17593,MONMOUTH,FREEHOLD TWP,07/06/2019,SA,1324,01,FREEHOLD TWP PD,,0,0,0,0,P,B,N,N,01,2,ROUTE 537,,537,,00000537__,53.93,05,,01,04,02,01,01,01,05,01,25,FE,W,CR 55 / KOZLOSKI RD,,,,45,50,26,,,N,,263
2019131619FT17596,MONMOUTH,FREEHOLD TWP,07/06/2019,SA,1339,01,FREEHOLD TWP PD,,0,2,0,0,I,B,N,N,01,2,NJ 79,,79,,00000079__,3.82,02,,01,05,02,01,01,01,05,01,50,FE,S,KIRWAN CT,,,,50,25,26,,,N,,16262
2019131619FT17699,MONMOUTH,FREEHOLD TWP,07/07/2019,SU,1510,01,FREEHOLD TWP PD,,0,0,0,0,P,I,N,N,03,2,NJ 79,,79,,00000079__,.57,02,,01,04,02,01,01,01,05,01,,AT,,HELEN AVE,,,,35,25,26,,,N,,16239
2019131619FT17700,MONMOUTH,FREEHOLD TWP,07/07/2019,SU,1521,01,FREEHOLD TWP PD,,0,0,0,0,P,B,N,N,02,2,US 9,N,9,,00000009__,114.54,02,,01,04,02,01,01,01,01,01,100,FE,N,KINGSLEY WAY,,,,50,25,26,,,N,,16263
2019131619FT17749,MONMOUTH,FREEHOLD TWP,07/08/2019,MO,1002,01,FREEHOLD TWP PD,,0,0,0,0,P,B,N,N,02,2,US 9,N,9,,00000009__,112.96,02,,01,04,02,02,01,02,03,01,1109,FE,N,NJ 79 / SCHANCK RD / SOUTH ST,,,,50,40,26,,,N,,16268
2019131619FT17760,MONMOUTH,FREEHOLD TWP,07/08/2019,MO,1138,01,FREEHOLD TWP PD,,0,2,0,0,I,B,N,N,01,2,ROUTE 537,E,537,,00000537__,50.98,05,,01,04,02,02,01,02,,01,480,FE,W,TROTTERS LN / TROTTERS WAY,,,,40,30,26,,,N,,16268
2019131619FT17787,MONMOUTH,FREEHOLD TWP,07/08/2019,MO,1523,01,FREEHOLD TWP PD,,0,0,0,0,P,B,N,N,11,1,GEORGIA RD **,,,,13161016__,,07,,03,04,02,01,01,01,05,01,250,FE,N,LOVE LANE,,,,35,25,52,,,N,JCPL POLE # JC323FRT,16239
2019131619FT17802,MONMOUTH,FREEHOLD TWP,07/08/2019,MO,1759,01,FREEHOLD TWP PD,,0,0,0,0,P,I,N,N,01,2,ROUTE 537,,537,,00000537__,50.82,05,,01,04,02,01,01,01,05,01,,AT,,NJ 33,,,,40,55,26,,,N,,16230
2019131619FT17903,MONMOUTH,FREEHOLD TWP,07/09/2019,TU,1845,01,FREEHOLD TWP PD,,0,0,0,0,P,B,N,N,02,2,ROUTE 524,,524,,00000524__,21.49,05,,01,04,02,01,01,01,05,01,489,FE,W,WILDWOOD WAY,,,,50,25,26,,,N,,16234
2019131619FT17990,MONMOUTH,FREEHOLD TWP,07/10/2019,WE,1451,01,FREEHOLD TWP PD,,0,0,0,0,P,B,N,N,01,2,MONMOUTH COUNTY 23,,23,,13000023__,3.89,05,,01,04,02,01,01,01,05,01,100,FE,S,ROUTE 524 / ELTON-ADELPHIA RD,,,,45,45,26,,,N,,16220
2019131619FT17998,MONMOUTH,FREEHOLD TWP,07/10/2019,WE,1726,01,FREEHOLD TWP PD,,0,2,0,0,I,B,N,N,01,3,MONMOUTH COUNTY 46,,46,,13000046__,1.58,05,,01,04,02,01,01,01,05,01,20,FE,S,PALISADE DR,,,,45,25,26,,,N,,
2019131619FT18014,MONMOUTH,FREEHOLD TWP,07/10/2019,WE,2056,01,FREEHOLD TWP PD,,0,0,0,0,P,B,N,N,02,2,US 9,N,9,,00000009__,112.75,02,,01,04,02,01,06,01,03,01,20,FE,N,NJ 79 / SCHANCK RD / SOUTH ST,,,,50,35,26,,,N,,16258
2019131619FT18032,MONMOUTH,FREEHOLD TWP,07/11/2019,TH,0117,01,FREEHOLD TWP PD,,0,0,0,0,P,B,N,N,06,2,NJ 33,E,33,,00000033__,27.55,02,,01,06,02,01,06,01,01,02,50,FE,W,,T,US 9,SB,55,,28,,,N,,16246
2019131619FT18035,MONMOUTH,FREEHOLD TWP,07/11/2019,TH,0548,01,FREEHOLD TWP PD,,0,0,0,0,P,I,N,N,03,2,ROUTE 537,,537,,00000537__,50.50,05,,01,04,02,01,01,01,05,01,,AT,,CASTRONOVA WAY / FREEHOLD MARKETPLA,,,,40,25,26,,,N,,16256
2019131619FT18097,MONMOUTH,FREEHOLD TWP,07/11/2019,TH,1617,01,FREEHOLD TWP PD,,0,0,0,0,P,B,N,N,11,1,STILLWELLS CORNER RD,,,,13161328__,1.09,07,,03,04,02,01,01,05,05,01,,,,,T,SCHANCK ROAD,EB,35,,,,,N,YIELD SIGN BELONGING TO THE TOWNSHIP OF FREEHOLD.,16229
2019131619FT18107,MONMOUTH,FREEHOLD TWP,07/11/2019,TH,2128,01,FREEHOLD TWP PD,,0,0,0,0,P,B,N,N,01,2,US 9,,9,,00000009__,114.33,02,,01,04,02,02,05,02,01,,25,FE,N,NJ 33 BUSINESS / PARK AVE,,,,50,45,26,,,N,,16212
2019131619FT18135,MONMOUTH,FREEHOLD TWP,07/12/2019,FR,1056,01,FREEHOLD TWP PD,,0,2,0,0,I,I,N,N,03,2,ROUTE 524,E,524,,00000524__,25.36,05,,01,04,02,01,01,01,04,01,,AT,,ADELPHIA PLAZA PARKING LOT,,,,45,,26,,,N,,16257
2019131619FT18144,MONMOUTH,FREEHOLD TWP,07/12/2019,FR,1208,01,FREEHOLD TWP PD,,0,0,0,0,P,B,N,N,02,2,US 9,N,9,,00000009__,111.43,02,,01,04,02,01,01,01,03,01,400,FE,N,ROUTE 524 / ELTON-ADELPHIA RD,,,,50,45,26,,,N,,16257
2019131619FT18156,MONMOUTH,FREEHOLD TWP,07/12/2019,FR,1326,01,FREEHOLD TWP PD,,0,1,0,0,I,B,N,N,02,2,MONMOUTH COUNTY 23,,23,,13000023__,3.43,05,,01,04,02,01,01,01,05,01,450,FE,N,HIGH JUMP RD,,,,45,25,26,,,N,,16262
2019131619FT18176,MONMOUTH,FREEHOLD TWP,07/12/2019,FR,1731,01,FREEHOLD TWP PD,,0,1,0,0,I,I,N,N,03,2,ROUTE 537,,537,,00000537__,55.06,05,,01,04,02,01,01,01,05,01,,AT,,HUNT DR / WALLING DR,,,,50,25,26,,,N,,16261
2019131619FT18193,MONMOUTH,FREEHOLD TWP,07/12/2019,FR,2218,01,FREEHOLD TWP PD,,0,0,0,0,P,B,N,N,12,1,US 9,N,9,,00000009__,115.77,02,,01,04,02,01,06,01,01,01,2640,FE,S,CRAIG RD / EAST FREEHOLD RD,,,,55,35,24,,,N,,16258
2019131619FT18283,MONMOUTH,FREEHOLD TWP,07/13/2019,SA,1325,01,FREEHOLD TWP PD,,0,0,0,0,P,B,N,N,02,2,MONMOUTH COUNTY 55,,55,,13000055__,2.10,05,,01,05,02,01,01,01,05,01,100,FE,N,ROUTE 537 / COLTS NECK RD,,,,55,50,26,,,N,,16255
2019131619FT18289,MONMOUTH,FREEHOLD TWP,07/13/2019,SA,1429,01,FREEHOLD TWP PD,,0,0,0,0,P,B,N,N,01,2,HALLS MILL RD,,,,13161330__,1.62,05,,01,04,02,01,01,01,05,01,45,FE,S,WILLOWBROOK RD,,,,50,45,26,,,N,,16255
2019131619FT18293,MONMOUTH,FREEHOLD TWP,07/13/2019,SA,1442,01,FREEHOLD TWP PD,,0,0,0,0,P,B,N,N,11,1,MONMOUTH COUNTY 53,E,53,,13000053__,.74,05,,03,04,02,01,01,01,05,01,450,FE,E,BRANDON BLVD,,,,40,25,60,,,N,,16263
2019131619FT18317,MONMOUTH,FREEHOLD TWP,07/13/2019,SA,1950,01,FREEHOLD TWP PD,,0,1,0,0,I,B,N,N,12,1,NOMOCO RD **,,,,13161006__,1.30,07,,02,04,02,01,02,01,05,01,500,FE,S,PITTENGER POND RD,,,,35,35,24,,,N,,16269
2019131619FT18350,MONMOUTH,FREEHOLD TWP,07/14/2019,SU,0711,01,FREEHOLD TWP PD,,0,0,0,0,P,I,N,N,06,2,PRINCETON OVAL **,,,,13161358__,.55,07,,01,04,02,01,07,01,05,01,,AT,,BRANDEIS PL,,,,20,20,26,,,N,,16242
2019131619FT18355,MONMOUTH,FREEHOLD TWP,07/14/2019,SU,0855,01,FREEHOLD TWP PD,,0,0,0,0,P,I,N,N,11,1,MONMOUTH COUNTY 23,N,23,,13000023__,1.41,05,,01,04,02,01,01,01,05,01,,AT,,CR 53 / GEORGIA RD,,,,45,40,51,,,N,MONMOUTH COUNTY TRAFFIC SIGNAL KNOCKED DOWN.,16263
2019131619FT18420,MONMOUTH,FREEHOLD TWP,07/15/2019,MO,0731,01,FREEHOLD TWP PD,,0,0,0,0,P,B,N,N,02,2,ROUTE 524,,524,,00000524__,20.39,05,,01,04,02,01,01,01,05,01,100,FE,W,ROUTE 527 / SILOAM RD / WOODVILLE R,,,,50,45,26,,,N,,16242
2019131619FT18504,MONMOUTH,FREEHOLD TWP,07/15/2019,MO,1747,01,FREEHOLD TWP PD,,0,2,0,0,I,B,N,N,11,1,DERBY DR **,,,,13161023__,.00,07,,01,04,02,01,01,01,05,01,25,FE,N,STONEHURST BLVD,,,,25,35,52,,,N,TELEPHONE POLE #JC2709,265
2019131619FT18505,MONMOUTH,FREEHOLD TWP,07/15/2019,MO,1906,01,FREEHOLD TWP PD,,0,0,0,0,P,I,N,N,03,2,ROUTE 537,,537,,00000537__,50.50,05,,01,04,02,01,01,01,04,01,,AT,,CASTRONOVA WAY / FREEHOLD MARKETPLA,,,,45,35,26,,,N,,265
2019131619FT18508,MONMOUTH,FREEHOLD TWP,07/15/2019,MO,1841,01,FREEHOLD TWP PD,,0,0,0,0,P,B,N,N,01,2,US 9,S,9,,00000009__,111.30,02,,03,04,02,01,01,01,05,01,20,FE,,,T,ROUTE 524,EB,55,,26,,,N,,16230
2019131619FT18608,MONMOUTH,FREEHOLD TWP,07/17/2019,WE,0515,01,FREEHOLD TWP PD,,0,0,0,0,P,I,N,N,12,1,HUNT RD **,,,,13161135__,.67,07,,02,05,02,01,01,01,05,01,,AT,,COLTS NECK BLVD,,,,35,25,24,,,N,UTILITY POLE #JC12801CN,16256
2019131619FT18610,MONMOUTH,FREEHOLD TWP,07/17/2019,WE,0624,01,FREEHOLD TWP PD,,0,0,0,0,P,I,N,N,01,2,MONMOUTH COUNTY 23,S,23,,13000023__,.16,05,,01,04,02,01,01,01,05,01,,AT,,WINDING WOODS WAY,,,,45,25,26,,,N,,16251
2019131619FT18645,MONMOUTH,FREEHOLD TWP,07/17/2019,WE,1239,01,FREEHOLD TWP PD,,0,1,0,0,I,B,N,N,10,1,ROUTE 537,,537,,00000537__,44.48,05,,01,04,02,01,01,01,05,01,200,FE,W,FRANCIS MILL RD,,,,50,35,01,,,N,BT1766FT & THE PROPERTY OF 12 FRANCIS MILLS ROAD,16220
2019131619FT18665,MONMOUTH,FREEHOLD TWP,07/17/2019,WE,1621,01,FREEHOLD TWP PD,,0,0,0,0,P,B,N,N,01,2,US 9,N,9,,00000009__,112.50,02,,01,04,02,01,01,01,03,01,1320,FE,S,NJ 79 / SCHANCK RD / SOUTH ST,,,,50,35,26,,,N,,16258
2019131619FT18668,MONMOUTH,FREEHOLD TWP,07/17/2019,WE,1707,01,FREEHOLD TWP PD,,0,0,0,0,P,B,N,N,01,2,NJ 33 BUSINESS,,33,B,00000033B_,1.02,02,,01,04,02,01,01,01,05,01,25,FE,E,WEMROCK RD,,,,40,35,26,,,N,,16259
2019131619FT18669,MONMOUTH,FREEHOLD TWP,07/17/2019,WE,1724,01,FREEHOLD TWP PD,,0,0,0,0,P,B,N,N,01,2,ROUTE 537,,537,,00000537__,51.07,05,,01,04,02,01,01,01,05,01,10,FE,E,TROTTERS LN / TROTTERS WAY,,,,35,30,26,,,N,,16258
2019131619FT18730,MONMOUTH,FREEHOLD TWP,07/18/2019,TH,1000,01,FREEHOLD TWP PD,,0,1,0,0,I,B,N,N,01,2,ROUTE 537,,537,,00000537__,50.27,05,,01,04,02,01,01,01,05,01,75,FE,E,STILLWELLS CORNER RD / WEMROCK RD,,,,40,45,26,,,N,,16220
2019131619FT18757,MONMOUTH,FREEHOLD TWP,07/18/2019,TH,1406,01,FREEHOLD TWP PD,,0,0,0,0,P,B,N,N,02,2,US 9,S,9,,00000009__,114.35,02,,01,04,02,01,01,01,01,01,100,FE,N,NJ 33 BUSINESS / PARK AVE,,,,50,45,26,,,N,,16259
2019131619FT18776,MONMOUTH,FREEHOLD TWP,07/18/2019,TH,1934,01,FREEHOLD TWP PD,,0,0,0,0,P,I,N,N,11,1,MONMOUTH COUNTY 46,,46,,13000046__,2.02,05,,01,04,02,02,01,01,05,01,,AT,,RANDOLPH RD,,,,40,35,62,,,N,STRUCK TWO FIRE HYDRANTS. RIPPED ONE OUT OF THE GROUND AND BENT THE OTHER.,16253
2019131619FT18848,MONMOUTH,FREEHOLD TWP,07/19/2019,FR,1411,01,FREEHOLD TWP PD,,0,0,0,0,P,B,N,N,01,2,ROUTE 524,,524,,00000524__,25.23,05,,01,04,02,01,01,01,05,01,100,FE,E,US 9,,,,45,50,26,,,N,,16220
2019131619FT18850,MONMOUTH,FREEHOLD TWP,07/19/2019,FR,1425,01,FREEHOLD TWP PD,,0,0,0,0,P,B,N,N,01,2,ROUTE 537,,537,,00000537__,51.14,05,,01,04,02,01,01,01,05,01,350,FE,E,TROTTERS LN / TROTTERS WAY,,,,40,30,26,,,N,,16268
2019131619FT18866,MONMOUTH,FREEHOLD TWP,07/19/2019,FR,1706,01,FREEHOLD TWP PD,,0,0,0,0,P,B,N,N,12,1,MONMOUTH COUNTY 55,,55,,13000055__,3.51,07,,01,04,02,01,01,01,05,01,500,FE,S,BROADWAY,,,,50,45,24,,,N,,16259
2019131619FT18894,MONMOUTH,FREEHOLD TWP,07/19/2019,FR,2140,01,FREEHOLD TWP PD,,0,1,0,0,I,I,N,N,03,2,POND ROAD,,,,,,07,,01,04,02,01,07,01,05,01,,AT,,WATERWORKS ROAD,,,,35,25,26,,,N,,16258
2019131619FT19098,MONMOUTH,FREEHOLD TWP,07/21/2019,SU,1448,01,FREEHOLD TWP PD,,0,0,0,0,P,B,N,N,02,2,US 9,S,9,,00000009__,113.56,02,,01,04,02,01,01,01,02,01,1056,FE,S,ROUTE 537,,,,50,40,26,,,N,,16263
2019131619FT19120,MONMOUTH,FREEHOLD TWP,07/21/2019,SU,1940,01,FREEHOLD TWP PD,,0,0,0,0,P,I,N,N,03,2,MONMOUTH COUNTY 55,,55,,13000055__,1.10,05,,01,04,02,02,01,01,05,01,,AT,,CENTER ST / FRENEAU BLVD,,,,50,35,26,,,N,,16260
2019131619FT19169,MONMOUTH,FREEHOLD TWP,07/22/2019,MO,1137,01,FREEHOLD TWP PD,,0,0,0,0,P,B,N,N,01,2,US 9,N,9,,00000009__,114.27,02,,01,04,02,01,01,01,01,01,300,FE,S,NJ 33 BUSINESS / PARK AVE,,,,55,45,26,,,N,,247
2019131619FT19320,MONMOUTH,FREEHOLD TWP,07/23/2019,TU,0833,01,FREEHOLD TWP PD,,0,0,0,0,P,B,N,N,01,2,US 9,N,9,,00000009__,114.13,02,,01,04,02,02,01,05,01,01,50,FE,S,RACEWAY MALL DR,,,,55,25,26,,,N,,16229
2019131619FT19327,MONMOUTH,FREEHOLD TWP,07/23/2019,TU,1110,01,FREEHOLD TWP PD,,0,1,0,0,I,B,N,N,01,2,ROUTE 537,E,537,,00000537__,50.24,05,,01,04,02,02,01,02,05,01,100,FE,W,STILLWELLS CORNER RD / WEMROCK RD,,,,45,35,26,,,N,,16263
2019131619FT19354,MONMOUTH,FREEHOLD TWP,07/23/2019,TU,2034,01,FREEHOLD TWP PD,,0,0,0,0,P,B,N,N,02,2,TROTTERS WAY,,,,,,07,,01,04,02,02,01,02,05,01,200,FE,S,ENTRANCE TO AMC THEATRES,,,,25,,26,,,N,,16215
2019131619FT19372,MONMOUTH,FREEHOLD TWP,07/23/2019,TU,2030,01,FREEHOLD TWP PD,,0,0,0,0,P,B,N,N,11,1,106 DUTCHESS CT,,,,,,09,,01,04,02,01,01,01,05,01,,,,,,,,25,,61,,,N,MAILBOX LOCATED AT 106 DUTCHESS CT. WAS STRUCK AND DAMAGED.,16213
2019131619FT19403,MONMOUTH,FREEHOLD TWP,07/24/2019,WE,1015,01,FREEHOLD TWP PD,,0,2,0,0,I,I,N,N,03,2,US 9,S,9,,00000009__,112.75,02,,01,04,02,01,01,01,01,01,,AT,,NJ 79 / SCHANCK RD / SOUTH ST,,,,50,35,26,,,N,,16220
2019131619FT19404,MONMOUTH,FREEHOLD TWP,07/24/2019,WE,1036,01,FREEHOLD TWP PD,,0,1,0,0,I,B,N,N,03,2,SCHANCK RD,,,,13161329__,.00,07,,01,04,02,01,01,01,05,01,1056,FE,W,US 9 / NJ 79,,,,35,50,26,,,N,,16220
2019131619FT19528,MONMOUTH,FREEHOLD TWP,07/25/2019,TH,1602,01,FREEHOLD TWP PD,,0,0,0,0,P,B,N,N,02,2,NJ 79,S,79,,00000079__,.00,02,,01,04,02,01,01,01,02,01,25,FE,E,US 9 / SCHANCK RD,,,,35,50,26,,,N,,16261
2019131619FT19584,MONMOUTH,FREEHOLD TWP,07/26/2019,FR,1104,01,FREEHOLD TWP PD,,0,0,0,0,P,B,N,N,08,2,OVERBROOK DR **,,,,13161142__,.00,07,,01,04,02,01,01,01,05,01,25,FE,N,ROUTE 537 / COLTS NECK RD,,,,25,45,26,,,N,,16220
2019131619FT19590,MONMOUTH,FREEHOLD TWP,07/26/2019,FR,1139,01,FREEHOLD TWP PD,,0,0,0,0,P,B,N,N,01,2,NJ 33 BUSINESS,,33,B,00000033B_,.97,02,,01,04,02,01,01,01,05,01,264,FE,W,WEMROCK RD,,,,50,50,26,,,N,,16220
2019131619FT19593,MONMOUTH,FREEHOLD TWP,07/26/2019,FR,1200,01,FREEHOLD TWP PD,,0,0,0,0,P,B,N,N,08,2,4244 RT 9 S,,,,,,09,,01,04,02,01,01,01,05,01,,,,DAVID MICHAEL HONDA LOT,,,,,,26,,,N,,16252
2019131619FT19620,MONMOUTH,FREEHOLD TWP,07/26/2019,FR,1706,01,FREEHOLD TWP PD,,0,0,0,0,P,B,N,N,01,2,ROUTE 537,W,537,,00000537__,50.44,05,,01,04,02,01,01,01,05,01,300,FE,W,CASTRONOVA WAY / FREEHOLD MARKETPLA,,,,40,25,26,,,N,,16266
2019131619FT19704,MONMOUTH,FREEHOLD TWP,07/27/2019,SA,0917,01,FREEHOLD TWP PD,,0,1,0,0,I,I,N,N,03,2,US 9,N,9,,00000009__,112.75,02,,01,04,02,01,01,01,01,01,,AT,,NJ 79 / SCHANCK RD / SOUTH ST,,,,50,40,26,,,N,,16220
2019131619FT19734,MONMOUTH,FREEHOLD TWP,07/27/2019,SA,1339,01,FREEHOLD TWP PD,,0,0,0,0,P,B,N,N,01,2,US 9,S,9,,00000009__,111.39,02,,01,04,02,01,01,01,03,01,200,FE,N,ROUTE 524 / ELTON-ADELPHIA RD,,,,50,45,26,,,N,,16220
2019131619FT19735,MONMOUTH,FREEHOLD TWP,07/27/2019,SA,1348,01,FREEHOLD TWP PD,,0,0,0,0,P,B,N,N,08,2,CORNELL CT **,,,,13161366__,.06,07,,00,04,02,01,01,01,05,01,300,FE,E,RUTGERS WAY,,,,25,25,26,,,N,,16255
2019131619FT19813,MONMOUTH,FREEHOLD TWP,07/28/2019,SU,1304,01,FREEHOLD TWP PD,,0,1,0,0,I,I,N,N,02,2,ROUTE 524,,524,,00000524__,22.67,05,,01,04,02,01,01,01,04,01,,AT,,IRON BRIDGE RD,,,,50,35,26,,,N,,16257
2019131619FT19862,MONMOUTH,FREEHOLD TWP,07/29/2019,MO,0710,01,FREEHOLD TWP PD,,0,0,0,0,P,B,N,N,01,2,ROUTE 524,,524,,00000524__,20.41,05,,01,04,02,01,01,01,05,01,25,FE,E,ROUTE 527 / SILOAM RD / WOODVILLE R,,,,50,50,26,,,N,,16246
2019131619FT19995,MONMOUTH,FREEHOLD TWP,07/30/2019,TU,1627,01,FREEHOLD TWP PD,,0,0,0,0,P,B,N,N,01,2,ROUTE 537,,537,,00000537__,49.62,05,,01,04,02,01,01,01,05,01,106,FE,W,IRON BRIDGE RD,,,,45,35,26,,,N,,226
2019131619FT20083,MONMOUTH,FREEHOLD TWP,07/31/2019,WE,1422,01,FREEHOLD TWP PD,,0,0,0,0,P,B,N,N,02,2,US 9,S,9,,00000009__,114.83,02,,01,05,02,01,01,01,01,01,2640,FE,N,NJ 33 BUSINESS / PARK AVE,,,,55,45,26,,,N,,247
2019131619FT20086,MONMOUTH,FREEHOLD TWP,07/31/2019,WE,1506,01,FREEHOLD TWP PD,,0,0,0,0,P,B,N,N,02,2,ROUTE 537,,537,,00000537__,55.08,05,,01,04,02,02,01,02,05,01,100,FE,E,HUNT DR / WALLING DR,,,,50,25,26,,,N,,16220
2019131619FT20097,MONMOUTH,FREEHOLD TWP,07/31/2019,WE,1652,01,FREEHOLD TWP PD,,0,0,0,0,P,B,N,N,01,3,ROUTE 537,,537,,00000537__,50.79,05,,01,04,02,01,01,01,05,01,750,FE,E,GIBSON RD,,,,40,25,26,,,N,,