Year(4)-CountyCode(2)-MunicipalityCode(2)-CaseNumber(9),County Name,Municipality Name,Crash Date,Crash Day of Week,Crash Time,Police Department Code,Police Department,Police Station,Total Killed,Total Injured,Pedestrians Killed,Pedestrians Injured,Severity,Intersection,Alcohol Involved,Hazmat Involved,Crash Type,Total Vehicles,Location,Location Direction,Route,Route Suffix,Std Rte Identifier,MilePost,Road System,Road Character,Road Horizontal Alignment,Road Grade,Road Surface Type,Surface Condition,Light Condition,Environmental Condition,Road Divided By,Temporary Traffic Control Zone,Distance To Cross Street,Unit Of Measurement,Direction From Cross Street,Cross Street Name,Is Ramp,Ramp To/From Route Name,Ramp To/From Route Direction,Posted Speed,Posted Speed Cross Street,First Harmful Event,Latitude,Longitude,Cell Phone In Use Flag,Other Property Damage,Reporting Badge No.
2019131619FT23481,MONMOUTH,FREEHOLD TWP,09/04/2019,WE,1223,01,FREEHOLD TWP PD,,0,0,0,0,P,B,N,N,99,2,SCHIBANOFF RD **,,,,13161180__,.40,07,,01,04,02,01,01,01,05,01,25,FE,E,US 9,,,,20,55,26,,,N,,16220
2019131619FT23517,MONMOUTH,FREEHOLD TWP,09/04/2019,WE,2112,01,FREEHOLD TWP PD,,0,0,0,0,P,B,N,N,06,3,4268 US HWY 9 SOUTH,,,,,,09,,01,04,02,01,06,01,04,01,,,,DCH FREEHOLD TOYOTA,,,,,,28,,,N,,
2019131619FT23625,MONMOUTH,FREEHOLD TWP,09/05/2019,TH,1633,01,FREEHOLD TWP PD,,0,2,0,0,I,I,N,N,03,2,ROUTE 537,,537,,00000537__,49.18,05,,01,04,02,01,01,01,02,01,,AT,,PROFESSIONAL VIEW DR,,,,50,,26,,,N,,16240
2019131619FT23657,MONMOUTH,FREEHOLD TWP,09/06/2019,FR,0812,01,FREEHOLD TWP PD,,0,0,0,0,P,B,N,N,06,2,281 ELTON ADELPHIA ROAD,,,,,,09,,01,04,02,01,01,01,05,01,,,,FREEHOLD TOWNSHIP HIGH SCHOOL,,,,,,26,,,N,,16220
2019131619FT23687,MONMOUTH,FREEHOLD TWP,09/06/2019,FR,1245,01,FREEHOLD TWP PD,,0,0,0,0,P,B,N,N,01,2,US 9,,9,,00000009__,115.27,02,,01,04,02,02,01,02,02,01,528,FE,S,SCHIBANOFF LN,,,,55,20,26,,,N,,16229
2019131619FT23689,MONMOUTH,FREEHOLD TWP,09/06/2019,FR,1249,01,FREEHOLD TWP PD,,0,0,0,0,P,B,N,N,01,2,US 9,N,9,,00000009__,115.17,02,,01,04,02,02,01,02,03,,1056,FE,S,SCHIBANOFF LN,,,,55,20,26,,,N,,16268
2019131619FT23767,MONMOUTH,FREEHOLD TWP,09/07/2019,SA,0015,01,FREEHOLD TWP PD,,0,0,0,0,P,B,Y,N,11,1,ROUTE 527,W,527,,00000527__,21.59,05,,01,04,02,02,06,02,04,01,20,FE,W,TURKEY SWAMP RD,,,,50,25,,,,N,UTILITY POLE #JC1786FR,16266
2019131619FT23783,MONMOUTH,FREEHOLD TWP,09/07/2019,SA,0639,01,FREEHOLD TWP PD,,0,0,0,0,P,B,N,N,12,1,ROUTE 537,,537,,00000537__,48.80,05,,01,04,02,01,01,01,05,01,700,FE,W,GRAVEL HILL RD,,,,50,35,24,,,N,,16252
2019131619FT23833,MONMOUTH,FREEHOLD TWP,09/07/2019,SA,1428,01,FREEHOLD TWP PD,,0,0,0,0,P,B,N,N,01,2,ROUTE 537,,537,,00000537__,47.69,05,,01,04,02,01,01,01,05,01,400,FE,E,SHIRA LN,,,,50,25,26,,,N,,16262
2019131619FT23842,MONMOUTH,FREEHOLD TWP,09/07/2019,SA,1633,01,FREEHOLD TWP PD,,0,0,0,0,P,I,N,N,02,2,MONMOUTH COUNTY 23,S,23,,13000023__,.16,05,,01,04,02,01,01,01,05,01,,AT,,WINDING WOODS WAY,,,,45,25,26,,,N,,261
2019131619FT23877,MONMOUTH,FREEHOLD TWP,09/07/2019,SA,2310,01,FREEHOLD TWP PD,,0,0,0,0,P,B,N,N,12,1,MONMOUTH COUNTY 46,,46,,13000046__,.74,05,,01,04,02,01,06,01,05,01,40,FE,W,COUNTRY VIEW DR,,,,45,25,24,,,N,,16265
2019131619FT23881,MONMOUTH,FREEHOLD TWP,09/07/2019,SA,2349,01,FREEHOLD TWP PD,,0,0,0,0,P,B,N,N,12,1,NJ 33,W,33,,00000033__,26.65,02,,01,04,02,01,05,01,03,,300,FE,E,ROUTE 537 / FREEHOLD-MOUNT HOLLY RD,,,,55,40,24,,,N,,16212
2019131619FT23910,MONMOUTH,FREEHOLD TWP,09/08/2019,SU,1223,01,FREEHOLD TWP PD,,0,1,0,0,I,B,N,N,01,2,HALLS MILL RD,,,,13161330__,.93,07,,01,04,02,01,01,01,05,01,75,FE,S,THREE BROOKS RD,,,,50,35,26,,,N,,247
2019131619FT23920,MONMOUTH,FREEHOLD TWP,09/08/2019,SU,1627,01,FREEHOLD TWP PD,,0,0,0,0,P,B,N,N,01,2,US 9,S,9,,00000009__,112.15,02,,01,04,02,01,01,01,05,01,3168,FE,S,NJ 79 / SCHANCK RD / SOUTH ST,,,,50,35,26,,,N,,226
2019131619FT23962,MONMOUTH,FREEHOLD TWP,09/09/2019,MO,0535,01,FREEHOLD TWP PD,,0,0,0,0,P,B,N,N,12,1,MONMOUTH COUNTY 55,,55,,13000055__,1.66,05,,01,04,02,01,06,01,03,01,50,FE,S,BURLINGTON RD,,,,50,35,24,,,N,,16256
2019131619FT24027,MONMOUTH,FREEHOLD TWP,09/09/2019,MO,1154,01,FREEHOLD TWP PD,,0,0,0,0,P,B,N,N,15,1,ROUTE 537,E,537,,00000537__,51.13,05,,01,04,02,01,01,01,05,01,1000,FE,W,US 9,,,,45,55,30,,,N,,247
2019131619FT24049,MONMOUTH,FREEHOLD TWP,09/09/2019,MO,1617,01,FREEHOLD TWP PD,,0,1,0,0,I,B,N,N,01,2,RACEWAY MALL DRIVE,,,,,,07,,01,04,02,01,01,01,02,01,5,FE,W,US 9,,,,25,50,26,,,N,,16261
2019131619FT24053,MONMOUTH,FREEHOLD TWP,09/09/2019,MO,1722,01,FREEHOLD TWP PD,,0,1,0,0,I,I,N,N,01,3,ROUTE 537,W,537,,00000537__,50.50,05,,01,04,02,02,01,02,05,01,,AT,,CASTRONOVA WAY / FREEHOLD MARKETPLA,,,,40,35,26,,,N,,16260
2019131619FT24086,MONMOUTH,FREEHOLD TWP,09/10/2019,TU,0740,01,FREEHOLD TWP PD,,0,0,0,0,P,B,N,N,01,2,US 9,N,9,,00000009__,112.75,02,,01,04,02,01,01,01,02,01,5,FE,S,NJ 79 / SCHANCK RD / SOUTH ST,,,,50,35,26,,,N,,16244
2019131619FT24154,MONMOUTH,FREEHOLD TWP,09/10/2019,TU,1655,01,FREEHOLD TWP PD,,0,1,0,0,I,B,N,N,01,2,ROUTE 537,,537,,00000537__,54.62,05,,01,04,02,01,01,01,05,01,20,FE,E,RANDOLPH RD / SHETLAND WAY,,,,50,25,26,,,N,,16230
2019131619FT24180,MONMOUTH,FREEHOLD TWP,09/11/2019,WE,0423,01,FREEHOLD TWP PD,,0,1,0,0,I,B,N,N,12,1,MONMOUTH COUNTY 23,,23,,13000023__,3.54,05,,01,04,02,01,07,01,05,01,150,FE,N,POLO CLUB DR,,,,45,25,24,,,N,,16242
2019131619FT24181,MONMOUTH,FREEHOLD TWP,09/11/2019,WE,0646,01,FREEHOLD TWP PD,,0,0,0,0,P,B,N,N,12,1,ROUTE 537,,537,,00000537__,48.18,05,,01,04,02,01,01,01,05,01,100,FE,E,THOMPSON GROVE RD,,,,50,25,24,,,N,,16213
2019131619FT24195,MONMOUTH,FREEHOLD TWP,09/11/2019,WE,1005,01,FREEHOLD TWP PD,,0,0,0,0,P,B,N,N,01,2,CRAIG RD,,,,13161137__,.05,07,,01,04,02,01,01,01,05,01,25,FE,W,US 9,,,,45,55,26,,,N,,16220
2019131619FT24220,MONMOUTH,FREEHOLD TWP,09/11/2019,WE,1503,01,FREEHOLD TWP PD,,0,0,0,0,P,B,N,N,02,2,WEMROCK RD,,,,13161020__,.26,07,,01,04,02,01,01,01,05,01,200,FE,N,NJ 33,,,,45,55,26,,,N,,16220
2019131619FT24269,MONMOUTH,FREEHOLD TWP,09/12/2019,TH,0831,01,FREEHOLD TWP PD,,0,0,0,0,P,B,N,N,06,2,281 ELTON ADELPHIA ROAD,,,,,,08,,01,04,02,01,01,01,04,01,,,,FREEHOLD TOWNSHIP HIGH SCHOOL,,,,,,26,,,N,,16220
2019131619FT24276,MONMOUTH,FREEHOLD TWP,09/12/2019,TH,0909,01,FREEHOLD TWP PD,,0,0,0,0,P,B,N,N,02,2,US 9,S,9,,00000009__,114.37,02,,01,04,02,01,01,01,01,01,200,FE,N,NJ 33 BUSINESS / PARK AVE,,,,55,45,26,,,N,,16252
2019131619FT24297,MONMOUTH,FREEHOLD TWP,09/12/2019,TH,1200,01,FREEHOLD TWP PD,,0,0,0,0,P,B,N,N,01,2,US 9,N,9,,00000009__,114.18,02,,01,04,02,01,01,01,01,01,200,FE,N,RACEWAY MALL DR,,,,50,25,26,,,N,,16220
2019131619FT24326,MONMOUTH,FREEHOLD TWP,09/12/2019,TH,1619,01,FREEHOLD TWP PD,,0,0,0,0,P,B,N,N,01,2,US 9,S,9,,00000009__,111.30,02,,01,04,02,01,01,01,03,01,5,FE,,,T,ROUTE 524,EB,50,,26,,,N,,16232
2019131619FT24336,MONMOUTH,FREEHOLD TWP,09/12/2019,TH,1833,01,FREEHOLD TWP PD,,0,1,0,0,I,I,N,N,11,1,NJ 33 BUSINESS,,33,B,00000033B_,1.02,02,,01,04,02,02,06,01,05,01,,AT,,WEMROCK RD,,,,45,35,56,,,N,,16258
2019131619FT24354,MONMOUTH,FREEHOLD TWP,09/13/2019,FR,0125,01,FREEHOLD TWP PD,,0,0,0,0,P,B,N,N,12,1,ROUTE 524,,524,,00000524__,23.46,05,,01,04,02,01,07,01,05,01,40,FE,E,COLORADO PL,,,,45,25,24,,,N,,16242
2019131619FT24407,MONMOUTH,FREEHOLD TWP,09/13/2019,FR,1514,01,FREEHOLD TWP PD,,0,0,0,0,P,B,N,N,01,2,E FREEHOLD RD,,,,13161067__,3.58,07,,01,04,02,01,01,01,05,01,20,FE,E,POND RD,,,,35,40,26,,,N,,16255
2019131619FT24522,MONMOUTH,FREEHOLD TWP,09/14/2019,SA,1359,01,FREEHOLD TWP PD,,0,0,0,0,P,B,N,N,02,2,US 9,N,9,,00000009__,115.47,02,,01,04,02,01,01,01,01,01,528,FE,N,SCHIBANOFF LN,,,,55,20,26,,,N,,16220
2019131619FT24543,MONMOUTH,FREEHOLD TWP,09/14/2019,SA,1901,01,FREEHOLD TWP PD,,0,0,0,0,P,B,N,N,01,2,US 9,S,9,,00000009__,112.24,02,,01,04,02,01,03,01,03,01,15,FE,S,THREE BROOKS RD,,,,50,25,26,,,N,,16258
2019131619FT24558,MONMOUTH,FREEHOLD TWP,09/14/2019,SA,2226,01,FREEHOLD TWP PD,,0,0,0,0,P,B,N,N,08,2,SCHANCK RD,,,,13161329__,.07,07,,01,04,02,01,06,01,05,01,20,FE,W,STONEHURST AVE,,,,35,35,26,,,N,,16265
2019131619FT24576,MONMOUTH,FREEHOLD TWP,09/15/2019,SU,0640,01,FREEHOLD TWP PD,,0,1,0,0,I,B,Y,N,11,1,NJ 33,W,33,,00000033__,27.70,02,,01,06,02,02,06,02,03,01,40,FE,E,NJ 79 / SOUTH ST,,,,55,40,50,,,N,FOUR DOT ROAD SIGNS  ONE DOT LIGHT POLE,16256
2019131619FT24599,MONMOUTH,FREEHOLD TWP,09/15/2019,SU,1136,01,FREEHOLD TWP PD,,0,0,0,0,P,B,N,N,02,2,NJ 79,N,79,,00000079__,.13,02,,01,04,02,01,01,01,04,01,10,FE,N,,F,NJ 33,WB,40,,26,,,N,,16238
2019131619FT24615,MONMOUTH,FREEHOLD TWP,09/15/2019,SU,1437,01,FREEHOLD TWP PD,,0,3,0,0,I,I,N,N,04,2,NJ 33 BUSINESS,,33,B,00000033B_,1.74,02,,01,04,02,01,01,01,05,01,,AT,,CARDIGAN BAY RD,,,,45,25,26,,,N,,16238
2019131619FT24624,MONMOUTH,FREEHOLD TWP,09/15/2019,SU,1656,01,FREEHOLD TWP PD,,0,0,0,0,P,B,N,N,01,2,US 9,N,9,,00000009__,116.26,02,,01,04,02,01,01,01,01,01,50,FE,S,CRAIG RD / EAST FREEHOLD RD,,,,55,35,26,,,N,,16261
2019131619FT24685,MONMOUTH,FREEHOLD TWP,09/16/2019,MO,1313,01,FREEHOLD TWP PD,,0,0,0,0,P,B,N,N,01,2,WEMROCK RD,,,,13161020__,.00,07,,01,04,02,01,01,01,05,01,30,FE,S,OAKLEY DR / GULLY RD,,,,35,50,26,,,N,,16238
2019131619FT24688,MONMOUTH,FREEHOLD TWP,09/16/2019,MO,1347,01,FREEHOLD TWP PD,,0,1,0,0,I,B,N,N,01,2,NJ 79,,79,,00000079__,2.97,02,,01,04,02,01,01,01,04,01,528,FE,E,RAMON BLVD,,,,50,25,26,,,N,,16245
2019131619FT24749,MONMOUTH,FREEHOLD TWP,09/17/2019,TU,0716,01,FREEHOLD TWP PD,,0,1,0,0,I,B,N,N,01,3,US 9,N,9,,00000009__,116.25,02,,01,04,02,01,01,01,01,01,100,FE,S,CRAIG RD / EAST FREEHOLD RD,,,,55,35,26,,,N,,
2019131619FT24792,MONMOUTH,FREEHOLD TWP,09/17/2019,TU,1237,01,FREEHOLD TWP PD,,0,0,0,0,P,B,N,N,11,1,US 9,N,9,,00000009__,115.47,02,,01,04,02,01,01,01,02,01,528,FE,N,SCHIBANOFF LN,,,,55,20,56,,,N,,16220
2019131619FT24817,MONMOUTH,FREEHOLD TWP,09/17/2019,TU,1538,01,FREEHOLD TWP PD,,0,0,0,0,P,B,N,N,02,2,RAINTREE SHOPPING CTR,,,,,,09,,01,04,02,01,01,01,05,01,,,,,,,,,,26,,,N,,16220
2019131619FT24855,MONMOUTH,FREEHOLD TWP,09/18/2019,WE,2325,01,FREEHOLD TWP PD,,0,0,0,0,P,B,N,N,12,1,ROUTE 537,,537,,00000537__,54.89,05,,01,04,02,01,06,01,05,01,210,FE,E,BERNICE DR / OVER BROOK DR,,,,50,25,24,,,N,,16253
2019131619FT24882,MONMOUTH,FREEHOLD TWP,09/18/2019,WE,1145,01,FREEHOLD TWP PD,,0,0,0,0,P,B,N,N,01,2,US 9,N,9,,00000009__,111.29,02,,01,04,02,01,01,01,03,01,300,FE,S,ROUTE 524 / ELTON-ADELPHIA RD,,,,50,45,26,,,N,,16220
2019131619FT24907,MONMOUTH,FREEHOLD TWP,09/18/2019,WE,1608,01,FREEHOLD TWP PD,,0,0,0,0,P,B,N,N,01,2,CASTRONOVA WAY,S,,,,,07,,01,04,02,01,01,01,05,01,50,FE,N,ROUTE 537,,,,25,45,26,,,N,,16259
2019131619FT25010,MONMOUTH,FREEHOLD TWP,09/19/2019,TH,1618,01,FREEHOLD TWP PD,,0,0,0,0,P,B,N,N,06,2,65 GEORGIA RD,,,,,,08,,01,04,02,01,01,01,05,01,,,,MICHAEL J TIGHE PARK PARKING LOT,,,,,,26,,,Y,,16269
2019131619FT25074,MONMOUTH,FREEHOLD TWP,09/20/2019,FR,1001,01,FREEHOLD TWP PD,,0,0,0,0,P,I,N,N,02,2,ROUTE 537,,537,,00000537__,54.62,05,,01,04,02,01,01,01,05,01,,AT,,RANDOLPH RD / SHETLAND WAY,,,,50,25,26,,,N,,16255
2019131619FT25097,MONMOUTH,FREEHOLD TWP,09/20/2019,FR,1219,01,FREEHOLD TWP PD,,0,1,0,0,I,B,N,N,01,2,US 9,N,9,,00000009__,112.05,02,,01,04,02,01,01,01,03,01,1000,FE,S,THREE BROOKS RD,,,,50,35,26,,,N,,16259
2019131619FT25123,MONMOUTH,FREEHOLD TWP,09/20/2019,FR,1543,01,FREEHOLD TWP PD,,0,0,0,0,P,B,N,N,01,3,ROUTE 537,,537,,00000537__,50.46,05,,01,04,02,01,01,01,05,01,200,FE,W,CASTRONOVA WAY / FREEHOLD MARKETPLA,,,,40,25,26,,,N,,16261
2019131619FT25188,MONMOUTH,FREEHOLD TWP,09/21/2019,SA,0733,01,FREEHOLD TWP PD,,0,0,0,0,P,I,N,N,11,1,GEORGIA RD **,,,,13161016__,1.87,07,,01,04,02,01,01,02,05,,,AT,,ROUTE 524 / ELTON-ADELPHIA RD,,,,35,40,51,,,N,TRAFFIC LIGHT POST ON GEORGIA RD/RT.524,16212
2019131619FT25197,MONMOUTH,FREEHOLD TWP,09/21/2019,SA,0921,01,FREEHOLD TWP PD,,0,0,0,0,P,B,N,N,06,2,1 WATERWORKS RD,,,,,,06,,01,04,02,01,01,01,05,01,,,,PARKING LOT,,,,,,26,,,N,,16251
2019131619FT25201,MONMOUTH,FREEHOLD TWP,09/21/2019,SA,1036,01,FREEHOLD TWP PD,,0,0,0,0,P,B,N,N,01,2,ROUTE 524,,524,,00000524__,25.52,05,,01,04,02,01,01,01,05,01,25,FE,W,HALLS MILL RD,,,,45,50,26,,,N,,16262
2019131619FT25214,MONMOUTH,FREEHOLD TWP,09/21/2019,SA,1334,01,FREEHOLD TWP PD,,0,0,0,0,P,B,N,N,02,2,ROUTE 524,,524,,00000524__,20.51,05,,01,05,02,01,01,01,05,01,528,FE,E,ROUTE 527 / SILOAM RD / WOODVILLE R,,,,50,45,26,,,N,,16255
2019131619FT25221,MONMOUTH,FREEHOLD TWP,09/21/2019,SA,1532,01,FREEHOLD TWP PD,,0,0,0,0,P,I,N,N,04,2,WEMROCK RD,,,,13161020__,1.79,07,,01,04,02,01,01,01,05,01,,AT,,ROUTE 522 / FREEHOLD-ENGLISHTOWN RD,,,,50,45,26,,,N,,16263
2019131619FT25227,MONMOUTH,FREEHOLD TWP,09/21/2019,SA,1638,01,FREEHOLD TWP PD,,0,0,0,0,P,B,N,N,02,2,ROUTE 537,,537,,00000537__,51.07,05,,03,04,02,01,01,01,05,01,20,FE,,,T,TROTTERS WAY,NB,40,,26,,,N,,265
2019131619FT25265,MONMOUTH,FREEHOLD TWP,09/22/2019,SU,0144,01,FREEHOLD TWP PD,,0,0,0,0,P,B,N,N,11,1,US 9,N,9,,00000009__,112.79,02,,01,04,02,01,06,01,03,01,200,FE,N,NJ 79 / SCHANCK RD / SOUTH ST,,,,50,35,56,,,N,NJDOT RIGHT LANE ENDS SIGN; FENCE (NJ DOT NOTIFIED),16246
2019131619FT25270,MONMOUTH,FREEHOLD TWP,09/22/2019,SU,0739,01,FREEHOLD TWP PD,,0,0,0,0,P,B,N,N,02,2,US 9,N,9,,00000009__,111.35,02,,01,04,02,01,01,01,03,,25,FE,S,ROUTE 524 / ELTON-ADELPHIA RD,,,,50,40,26,,,N,,16212
2019131619FT25272,MONMOUTH,FREEHOLD TWP,09/22/2019,SU,0839,01,FREEHOLD TWP PD,,0,0,0,0,P,B,N,N,12,1,MONMOUTH COUNTY 55,,55,,13000055__,2.98,05,,01,05,02,01,01,01,05,01,158,FE,S,CR 46 / DUTCH LANE RD,,,,50,45,24,,,N,,16238
2019131619FT25276,MONMOUTH,FREEHOLD TWP,09/22/2019,SU,0959,01,FREEHOLD TWP PD,,0,4,0,0,I,B,N,N,05,3,NJ 79,,79,,00000079__,3.85,02,,01,05,02,01,01,01,05,01,100,FE,N,KIRWAN CT,,,,50,25,26,,,N,,
2019131619FT25288,MONMOUTH,FREEHOLD TWP,09/22/2019,SU,1218,01,FREEHOLD TWP PD,,0,0,0,0,P,B,N,N,01,2,ROUTE 537,,537,,00000537__,51.06,05,,01,04,02,01,01,01,05,01,50,FE,W,TROTTERS LN / TROTTERS WAY,,,,40,30,26,,,N,,16262
2019131619FT25290,MONMOUTH,FREEHOLD TWP,09/22/2019,SU,1235,01,FREEHOLD TWP PD,,0,0,0,0,P,B,N,N,03,2,POND ROAD,,,,,,07,,01,04,02,01,01,01,05,01,950,FE,S,EAST FREEHOLD ROAD,,,,40,35,26,,,N,,16238
2019131619FT25308,MONMOUTH,FREEHOLD TWP,09/22/2019,SU,1730,01,FREEHOLD TWP PD,,0,0,0,0,P,I,N,N,03,2,ROUTE 524,,524,,00000524__,23.91,05,,01,04,02,01,01,01,05,01,,AT,,GEORGIA RD,,,,45,35,26,,,N,,226
2019131619FT25339,MONMOUTH,FREEHOLD TWP,09/23/2019,MO,0936,01,FREEHOLD TWP PD,,0,0,0,0,P,B,N,N,01,2,ROUTE 537,,537,,00000537__,50.82,05,,01,04,02,01,01,01,05,01,20,FE,W,,F,NJ 33,WB,40,,26,,,N,,16238
2019131619FT25373,MONMOUTH,FREEHOLD TWP,09/23/2019,MO,2133,01,FREEHOLD TWP PD,,0,0,0,0,P,B,N,N,06,2,4345 RT 9,,,,,,09,,01,04,02,01,01,01,,01,,,,PARKING LOT PENNY PANTRY,,,,,,28,,,N,,16215
2019131619FT25375,MONMOUTH,FREEHOLD TWP,09/23/2019,MO,1642,01,FREEHOLD TWP PD,,0,1,0,0,I,B,N,N,12,1,ROUTE 527,,527,,00000527__,21.99,05,,01,04,02,01,01,01,05,01,200,FE,S,OLD TURKEY SWAMP RD,,,,45,25,24,,,N,,234
2019131619FT25489,MONMOUTH,FREEHOLD TWP,09/24/2019,TU,1612,01,FREEHOLD TWP PD,,0,1,0,0,I,B,N,N,01,2,ROUTE 524,E,524,,00000524__,25.19,05,,01,04,02,01,01,01,05,01,100,FE,W,US 9,,,,40,50,26,,,N,,16260
2019131619FT25494,MONMOUTH,FREEHOLD TWP,09/24/2019,TU,1716,01,FREEHOLD TWP PD,,0,0,0,0,P,B,N,N,01,3,US 9,S,9,,00000009__,112.35,02,,01,04,02,01,01,01,05,02,2112,FE,S,NJ 79 / SCHANCK RD / SOUTH ST,,,,50,35,26,,,N,,16260
2019131619FT25535,MONMOUTH,FREEHOLD TWP,09/25/2019,WE,0813,01,FREEHOLD TWP PD,,0,0,0,0,P,B,N,N,11,1,STONE HILL RD **,,,,13091132__,,07,,01,04,02,01,01,01,05,01,200,FE,E,EAGLENEST ROAD,,,,35,25,60,,,N,,16220
2019131619FT25590,MONMOUTH,FREEHOLD TWP,09/25/2019,WE,1717,01,FREEHOLD TWP PD,,0,0,0,0,P,B,N,N,01,2,US 9,S,9,,00000009__,113.25,02,,02,04,02,01,01,01,05,01,,,,,T,US 9,NB,50,,26,,,N,,16250
2019131619FT25607,MONMOUTH,FREEHOLD TWP,09/25/2019,WE,2055,01,FREEHOLD TWP PD,,0,0,0,0,P,B,N,N,12,1,ROUTE 537,,537,,00000537__,48.74,05,,01,04,02,01,05,01,05,01,1000,FE,W,GRAVEL HILL RD,,,,50,35,24,,,N,,16259
2019131619FT25689,MONMOUTH,FREEHOLD TWP,09/27/2019,FR,1559,01,FREEHOLD TWP PD,,0,0,0,0,P,B,N,N,01,2,ROUTE 537,,537,,00000537__,50.22,05,,01,04,02,01,01,01,05,01,200,FE,W,STILLWELLS CORNER RD / WEMROCK RD,,,,40,35,26,,,N,,16202
2019131619FT25690,MONMOUTH,FREEHOLD TWP,09/26/2019,TH,1624,01,FREEHOLD TWP PD,,0,0,0,0,P,B,N,N,01,2,US 9,S,9,,00000009__,112.15,02,,01,04,02,02,01,02,03,01,3168,FE,S,NJ 79 / SCHANCK RD / SOUTH ST,,,,50,35,26,,,N,,16232
2019131619FT25719,MONMOUTH,FREEHOLD TWP,09/27/2019,FR,0719,01,FREEHOLD TWP PD,,0,0,0,0,P,B,N,N,01,2,US 9,N,9,,00000009__,112.75,02,,01,04,02,01,01,01,03,01,25,FE,S,NJ 79 / SCHANCK RD / SOUTH ST,,,,50,35,26,,,N,,16246
2019131619FT25789,MONMOUTH,FREEHOLD TWP,09/27/2019,FR,1255,01,FREEHOLD TWP PD,,0,0,0,0,P,B,N,N,01,2,WEMROCK RD,,,,13161020__,.02,07,,01,04,02,01,01,01,05,01,100,FE,N,OAKLEY DR / GULLY RD,,,,45,35,26,,,N,,16220
2019131619FT25836,MONMOUTH,FREEHOLD TWP,09/27/2019,FR,1942,01,FREEHOLD BORO PD,,0,1,0,0,I,I,N,N,03,2,MONMOUTH COUNTY 55,S,55,,13000055__,1.67,05,,01,04,02,01,06,01,02,01,,AT,,BURLINGTON RD,,,,50,35,26,,,N,,16232
2019131619FT25845,MONMOUTH,FREEHOLD TWP,09/27/2019,FR,2234,01,FREEHOLD TWP PD,,0,0,0,0,P,B,N,N,12,1,ROUTE 537,,537,,00000537__,49.94,05,,01,04,02,01,06,01,05,01,1584,FE,E,IRON BRIDGE RD,,,,45,35,24,,,N,,16265
2019131619FT25890,MONMOUTH,FREEHOLD TWP,09/28/2019,SA,1316,01,FREEHOLD TWP PD,,0,0,0,0,P,B,N,N,01,2,ROUTE 537,,537,,00000537__,51.07,05,,01,04,02,01,01,01,05,01,,,,,F,TROTTERS WAY,SB,40,,26,,,N,,16220
2019131619FT25896,MONMOUTH,FREEHOLD TWP,09/28/2019,SA,1433,01,FREEHOLD TWP PD,,0,2,0,0,I,B,N,N,01,2,WEMROCK RD,,,,13161020__,1.75,07,,01,05,02,01,01,01,05,01,200,FE,S,ROUTE 522 / FREEHOLD-ENGLISHTOWN RD,,,,40,50,26,,,N,,16220
2019131619FT25903,MONMOUTH,FREEHOLD TWP,09/28/2019,SA,1607,01,FREEHOLD TWP PD,,0,0,0,0,P,B,N,N,08,2,65 GEORGIA RD,,,,,,08,,01,04,02,01,01,01,05,01,,,,MICHAEL J TIGHE PARK LOT,,,,,,26,,,N,,16259
2019131619FT25907,MONMOUTH,FREEHOLD TWP,09/28/2019,SA,1654,01,FREEHOLD TWP PD,,0,0,0,0,P,B,N,N,01,2,ROUTE 537,,537,,00000537__,50.80,05,,01,04,02,01,01,01,05,01,1584,FE,E,CASTRONOVA WAY / FREEHOLD MARKETPLA,,,,40,25,26,,,N,,16265
2019131619FT25912,MONMOUTH,FREEHOLD TWP,09/28/2019,SA,1724,01,FREEHOLD TWP PD,,0,0,0,0,P,B,N,N,02,2,GEORGIA RD **,,,,13161016__,.71,07,,01,04,02,01,01,01,05,01,500,FE,S,RILLSTONE CT,,,,40,25,26,,,N,,16260
2019131619FT25932,MONMOUTH,FREEHOLD TWP,09/28/2019,SA,2326,01,FREEHOLD TWP PD,,0,0,0,0,P,B,N,N,01,2,ROUTE 537,,537,,00000537__,50.26,05,,01,04,02,01,06,01,05,01,10,FE,E,STILLWELLS CORNER RD / WEMROCK RD,,,,40,35,26,,,N,,16242
2019131619FT25985,MONMOUTH,FREEHOLD TWP,09/29/2019,SU,1344,01,FREEHOLD TWP PD,,0,1,0,0,I,B,N,N,01,2,NJ 33,W,33,,00000033__,26.59,02,,01,04,02,01,01,01,05,01,25,FE,,,T,ROUTE 537,WB,55,,26,,,N,,16262
2019131619FT25994,MONMOUTH,FREEHOLD TWP,09/29/2019,SU,1607,01,FREEHOLD TWP PD,,0,0,0,0,P,B,N,N,01,2,US 9,N,9,,00000009__,111.35,02,,03,04,02,01,01,01,02,01,100,FE,,,T,ROUTE 524,EB,50,,26,,,N,,16260
2019131619FT26034,MONMOUTH,FREEHOLD TWP,09/30/2019,MO,0935,01,FREEHOLD TWP PD,,0,0,0,0,P,B,N,N,01,2,MONMOUTH COUNTY 55,,55,,13000055__,1.67,05,,01,04,02,01,01,01,02,01,20,FE,S,BURLINGTON RD,,,,50,35,26,,,N,,247
2019131619FT26040,MONMOUTH,FREEHOLD TWP,09/30/2019,MO,1138,01,FREEHOLD TWP PD,,0,1,0,0,I,B,N,N,01,2,US 9,N,9,,00000009__,114.33,02,,01,04,02,01,01,01,01,01,25,FE,S,NJ 33 BUSINESS / PARK AVE,,,,55,45,26,,,N,,247
2019131619FT26110,MONMOUTH,FREEHOLD TWP,10/01/2019,TU,2222,01,FREEHOLD TWP PD,,0,0,0,0,P,B,N,N,02,2,US 9,N,9,,00000009__,111.45,02,,01,04,02,01,06,01,03,01,528,FE,N,ROUTE 524 / ELTON-ADELPHIA RD,,,,55,40,26,,,N,,16215
2019131619FT26124,MONMOUTH,FREEHOLD TWP,09/30/2019,MO,2322,01,FREEHOLD TWP PD,,0,0,0,0,P,B,N,N,11,1,NJ 33 BUSINESS,E,33,B,00000033B_,2.16,02,,01,04,02,01,06,01,05,02,50,FE,E,BRADLEY DR,,,,45,25,26,,,N,,16261