Year(4)-CountyCode(2)-MunicipalityCode(2)-CaseNumber(9),County Name,Municipality Name,Crash Date,Crash Day of Week,Crash Time,Police Department Code,Police Department,Police Station,Total Killed,Total Injured,Pedestrians Killed,Pedestrians Injured,Severity,Intersection,Alcohol Involved,Hazmat Involved,Crash Type,Total Vehicles,Location,Location Direction,Route,Route Suffix,Std Rte Identifier,MilePost,Road System,Road Character,Road Horizontal Alignment,Road Grade,Road Surface Type,Surface Condition,Light Condition,Environmental Condition,Road Divided By,Temporary Traffic Control Zone,Distance To Cross Street,Unit Of Measurement,Direction From Cross Street,Cross Street Name,Is Ramp,Ramp To/From Route Name,Ramp To/From Route Direction,Posted Speed,Posted Speed Cross Street,First Harmful Event,Latitude,Longitude,Cell Phone In Use Flag,Other Property Damage,Reporting Badge No.
2019131619FT26157,MONMOUTH,FREEHOLD TWP,10/01/2019,TU,1324,01,FREEHOLD TWP PD,,0,0,0,0,P,B,N,N,08,2,OLD POST RD **,,,,13161046__,.56,07,,01,04,02,01,01,01,05,01,150,FE,N,COACHMAN DR NORTH,,,,25,25,26,,,N,,16255
2019131619FT26161,MONMOUTH,FREEHOLD TWP,10/01/2019,TU,1409,01,FREEHOLD TWP PD,,0,0,0,0,P,I,N,N,01,2,US 9,N,9,,00000009__,114.33,02,,01,04,02,01,01,01,01,01,,AT,,NJ 33 BUSINESS / PARK AVE,,,,50,45,26,,,N,,16263
2019131619FT26191,MONMOUTH,FREEHOLD TWP,10/01/2019,TU,2121,01,FREEHOLD TWP PD,,0,0,0,0,P,I,N,N,03,2,US 9,S,9,,00000009__,111.51,02,,01,04,02,01,07,01,03,01,,AT,,JACKSON MILL RD,,,,50,25,26,,,N,,16230
2019131619FT26211,MONMOUTH,FREEHOLD TWP,10/02/2019,WE,0614,01,FREEHOLD TWP PD,,0,0,0,0,P,B,N,N,11,1,IRON BRIDGE RD,,,,13161327__,.29,07,,01,05,,01,02,01,05,01,300,FE,S,BRANDEIS PL,,,,35,25,,,,N,JCP&L UTILITY POLES JC159FT  PAINT TRANSFER & JC160FT  MINOR DAMAGE,16189
2019131619FT26221,MONMOUTH,FREEHOLD TWP,10/02/2019,WE,0728,01,FREEHOLD TWP PD,,0,0,0,0,P,B,N,N,06,2,901 W MAIN STREET,,,,,,09,,01,05,01,01,01,01,,01,,,,CENTRA STATE LOADING DOCK,,,,,,28,,,N,,16244
2019131619FT26273,MONMOUTH,FREEHOLD TWP,10/02/2019,WE,1156,01,FREEHOLD TWP PD,,0,0,0,0,P,B,N,N,01,2,US 9,N,9,,00000009__,112.74,02,,01,04,02,01,01,01,02,01,75,FE,S,NJ 79 / SCHANCK RD / SOUTH ST,,,,50,40,26,,,N,,16220
2019131619FT26285,MONMOUTH,FREEHOLD TWP,10/02/2019,WE,1355,01,FREEHOLD TWP PD,,0,0,0,0,P,B,N,N,06,2,1 WATERWORKS ROAD,,,,,,09,,01,04,02,01,01,01,05,01,,,,MCCI FRONT PARKING AREA,,,,,,28,,,N,,226
2019131619FT26299,MONMOUTH,FREEHOLD TWP,10/02/2019,WE,1527,01,FREEHOLD TWP PD,,0,0,0,0,P,B,N,N,02,2,EURETTA AVE **,,,,13161202__,.00,07,,01,04,02,01,01,01,05,01,20,FE,N,NJ 79,,,,25,40,26,,,N,,16220
2019131619FT26301,MONMOUTH,FREEHOLD TWP,10/02/2019,WE,1622,01,FREEHOLD TWP PD,,0,0,0,0,P,I,N,N,03,2,E FREEHOLD RD,,,,13161067__,3.58,07,,01,04,02,01,01,01,05,01,,AT,,POND RD,,,,35,40,26,,,N,,16231
2019131619FT26309,MONMOUTH,FREEHOLD TWP,10/02/2019,WE,1729,01,FREEHOLD TWP PD,,0,1,0,0,I,I,N,N,07,2,ROUTE 524,,524,,00000524__,25.04,05,,01,04,02,01,01,01,05,01,,AT,,CR 23 / JACKSON MILL RD,,,,50,45,26,,,N,,16230
2019131619FT26356,MONMOUTH,FREEHOLD TWP,10/03/2019,TH,0931,01,FREEHOLD TWP PD,,0,0,0,0,P,B,N,N,06,2,US 9,N,9,,00000009__,112.94,02,,01,04,02,02,01,02,02,04,150,FE,N,NJ 33,,,,50,55,28,,,N,,16220
2019131619FT26359,MONMOUTH,FREEHOLD TWP,10/03/2019,TH,0958,01,FREEHOLD TWP PD,,0,0,0,0,P,I,N,N,01,2,ROUTE 524,,524,,00000524__,25.52,05,,01,04,02,02,01,02,05,01,,AT,,HALLS MILL RD,,,,40,35,26,,,N,,16220
2019131619FT26375,MONMOUTH,FREEHOLD TWP,10/03/2019,TH,1555,01,FREEHOLD TWP PD,,0,0,0,0,P,I,N,N,03,2,ROUTE 524,,524,,00000524__,20.00,05,,01,04,02,02,01,02,05,01,,AT,,ROUTE 537 / MONMOUTH RD,,,,50,50,26,,,N,,16269
2019131619FT26382,MONMOUTH,FREEHOLD TWP,10/03/2019,TH,1715,01,FREEHOLD TWP PD,,0,0,0,0,P,I,N,N,01,2,ROUTE 524,,524,,00000524__,23.14,05,,01,04,02,02,01,05,05,01,,AT,,WELESLEY WAY,,,,50,25,26,,,N,,16269
2019131619FT26395,MONMOUTH,FREEHOLD TWP,10/03/2019,TH,2012,01,FREEHOLD TWP PD,,0,0,0,0,P,B,N,N,01,2,MONMOUTH COUNTY 23,,23,,13000023__,1.22,05,,01,04,02,02,06,05,05,01,100,FE,E,JACK ALLEN CT,,,,45,25,26,,,N,,16269
2019131619FT26402,MONMOUTH,FREEHOLD TWP,10/03/2019,TH,2220,01,FREEHOLD TWP PD,,0,0,0,0,P,B,N,N,11,1,HALLS MILL RD,,,,13161330__,.19,07,,03,05,02,02,05,02,05,01,1000,FE,N,ROUTE 524 / ELTON ADELPHIA RD,,,,35,35,46,,,N,,16259
2019131619FT26420,MONMOUTH,FREEHOLD TWP,10/04/2019,FR,0904,01,FREEHOLD TWP PD,,0,2,0,0,I,B,N,N,01,3,US 9,N,9,,00000009__,113.11,02,,01,04,02,01,01,01,02,01,1056,FE,N,NJ 33,,,,50,55,26,,,N,,
2019131619FT26461,MONMOUTH,FREEHOLD TWP,10/04/2019,FR,1421,01,FREEHOLD TWP PD,,0,1,0,0,I,B,N,N,01,2,ROUTE 537,,537,,00000537__,50.36,05,,01,04,02,01,01,01,05,01,528,FE,E,STILLWELLS CORNER RD / WEMROCK RD,,,,40,45,26,,,N,,16220
2019131619FT26467,MONMOUTH,FREEHOLD TWP,10/04/2019,FR,1524,01,FREEHOLD TWP PD,,0,1,0,0,I,I,N,N,03,2,ROUTE 537,,537,,00000537__,50.50,05,,01,04,02,01,01,01,05,01,,AT,,WAL-MART DRIVE,,,,40,25,26,,,N,,16220
2019131619FT26578,MONMOUTH,FREEHOLD TWP,10/05/2019,SA,1235,01,FREEHOLD TWP PD,,0,1,0,0,I,B,N,N,02,2,US 9,N,9,,00000009__,116.14,02,,01,04,02,01,01,01,01,01,686,FE,S,CRAIG RD / EAST FREEHOLD RD,,,,55,35,26,,,N,,16268
2019131619FT26598,MONMOUTH,FREEHOLD TWP,10/05/2019,SA,1718,01,FREEHOLD TWP PD,,0,0,0,0,P,I,N,N,03,2,NJ 79,,79,,00000079__,2.43,02,,01,04,02,01,01,01,05,01,,AT,,HANCE BLVD,,,,45,25,26,,,N,,16260
2019131619FT26633,MONMOUTH,FREEHOLD TWP,10/06/2019,SU,0027,01,FREEHOLD TWP PD,,0,1,0,0,I,B,N,N,12,1,US 9,S,9,,00000009__,112.37,02,,01,06,02,01,06,01,01,01,1584,FE,S,SCHIBANOFF LN,,,,50,35,24,,,N,,16266
2019131619FT26635,MONMOUTH,FREEHOLD TWP,10/06/2019,SU,0437,01,FREEHOLD TWP PD,,0,1,0,0,I,B,N,N,02,2,NJ 79,,79,,00000079__,3.40,02,,01,04,02,01,06,01,05,01,50,FE,N,E FREEHOLD RD / KOZLOSKI RD,,,,50,35,26,,,N,,16239
2019131619FT26636,MONMOUTH,FREEHOLD TWP,10/06/2019,SU,0441,01,FREEHOLD TWP PD,,0,0,0,0,P,B,N,N,12,1,US 9,S,9,,00000009__,112.67,02,,01,04,02,01,06,01,03,01,400,FE,S,NJ 79 / SCHANCK RD / SOUTH ST,,,,50,35,24,,,N,,16242
2019131619FT26733,MONMOUTH,FREEHOLD TWP,10/07/2019,MO,1126,01,FREEHOLD TWP PD,,0,0,0,0,P,B,N,N,15,1,WEMROCK RD,,,,13161020__,1.19,07,,01,05,02,01,01,01,05,01,2640,FE,N,NJ 33 BUSINESS,,,,50,50,39,,,N,LOW SPEED PHIL BROWN BIN TRAILER BELONGING TO BATTLEVIEW ORCHARDS,16238
2019131619FT26789,MONMOUTH,FREEHOLD TWP,10/07/2019,MO,2101,01,FREEHOLD TWP PD,,0,0,0,0,P,B,N,N,04,2,ROUTE 537,,537,,00000537__,50.41,05,,01,04,02,01,06,01,04,01,500,FE,W,CASTRONOVA WAY / FREEHOLD MARKETPLA,,,,40,35,26,,,N,,16260
2019131619FT26797,MONMOUTH,FREEHOLD TWP,10/07/2019,MO,2259,01,FREEHOLD TWP PD,,0,0,0,0,P,B,N,N,12,2,NJ 79,,79,,00000079__,3.75,02,,01,04,02,02,06,02,05,01,55,FE,S,RUSTIC WAY,,,,50,25,24,,,N,,16215
2019131619FT26827,MONMOUTH,FREEHOLD TWP,10/08/2019,TU,1041,01,FREEHOLD TWP PD,,0,0,0,0,P,B,N,N,01,2,NJ 33 BUSINESS,,33,B,00000033B_,1.75,02,,01,04,02,01,01,01,05,01,75,FE,E,CARDIGAN BAY RD,,,,45,25,26,,,N,,247
2019131619FT26830,MONMOUTH,FREEHOLD TWP,10/08/2019,TU,1056,01,FREEHOLD TWP PD,,0,0,0,0,P,B,N,N,02,2,US 9,N,9,,00000009__,116.27,02,,01,04,02,01,01,01,01,05,0,FE,S,CRAIG RD / EAST FREEHOLD RD,,,,50,35,26,,,N,,16238
2019131619FT26837,MONMOUTH,FREEHOLD TWP,10/08/2019,TU,1128,01,FREEHOLD TWP PD,,0,0,0,0,P,B,N,N,01,3,US 9,N,9,,00000009__,116.02,02,,01,04,02,01,01,01,01,05,1320,FE,S,CRAIG RD / EAST FREEHOLD RD,,,,50,35,26,,,N,,
2019131619FT26881,MONMOUTH,FREEHOLD TWP,10/08/2019,TU,1925,01,FREEHOLD TWP PD,,0,0,0,0,P,B,N,N,02,2,NJ 33,W,33,,00000033__,27.54,02,,01,04,01,01,06,01,01,01,20,FE,W,US 9,,,,55,50,26,,,N,,16234
2019131619FT26885,MONMOUTH,FREEHOLD TWP,10/08/2019,TU,2057,01,FREEHOLD TWP PD,,0,0,0,0,P,B,N,N,12,1,ROUTE 524,,524,,00000524__,22.40,05,,01,04,02,01,05,01,05,01,528,FE,W,VASSAR DR,,,,50,25,24,,,N,,16230
2019131619FT26897,MONMOUTH,FREEHOLD TWP,10/08/2019,TU,2322,01,FREEHOLD TWP PD,,0,0,0,0,P,B,N,N,12,1,ROUTE 537,,537,,00000537__,49.35,05,,01,04,02,01,06,01,05,01,25,FE,W,SENTINEL RD,,,,50,25,24,,,N,,16246
2019131619FT26898,MONMOUTH,FREEHOLD TWP,10/09/2019,WE,0002,01,FREEHOLD TWP PD,,0,0,0,0,P,I,N,N,11,2,HALLS MILL RD,,,,13161330__,.00,07,,01,04,02,01,05,01,05,01,,AT,,ROUTE 524 / ELTON ADELPHIA RD,,,,35,35,46,,,N,SOUTH GUARDRAIL OF INTERSECTION,16244
2019131619FT26964,MONMOUTH,FREEHOLD TWP,10/09/2019,WE,2120,01,FREEHOLD TWP PD,,0,0,0,0,P,B,N,N,01,3,ROUTE 537,,537,,00000537__,53.92,05,,01,04,02,02,06,01,05,01,45,FE,W,CR 55 / KOZLOSKI RD,,,,45,50,26,,,N,,
2019131619FT26981,MONMOUTH,FREEHOLD TWP,10/10/2019,TH,0324,01,FREEHOLD TWP PD,,0,0,0,0,P,B,N,N,12,1,NJ 33,E,33,,00000033__,25.70,02,,01,04,02,01,06,01,01,01,100,FE,W,,T,WEMROCK ROAD,NB,55,,24,,,N,,16246
2019131619FT26995,MONMOUTH,FREEHOLD TWP,10/10/2019,TH,0934,01,FREEHOLD TWP PD,,0,0,0,0,P,B,N,N,02,2,ROUTE 537,,537,,00000537__,51.07,05,,03,04,02,01,01,01,05,01,,,,,T,TROTTERS WAY,NB,40,,26,,,N,,16220
2019131619FT27007,MONMOUTH,FREEHOLD TWP,10/10/2019,TH,1202,01,FREEHOLD TWP PD,,0,2,0,0,I,B,N,N,01,2,NJ 79,,79,,00000079__,3.34,02,,01,04,02,01,01,01,05,01,250,FE,S,E FREEHOLD RD / KOZLOSKI RD,,,,50,50,26,,,N,,16239
2019131619FT27023,MONMOUTH,FREEHOLD TWP,10/10/2019,TH,1417,01,FREEHOLD TWP PD,,0,0,0,0,P,B,N,N,08,2,60 JACKSON MILLS RD,,,,,,09,,01,04,02,01,01,01,05,01,,,,FREEHOLD REGIONAL BUS YARD,,,,,,26,,,N,,16220
2019131619FT27036,MONMOUTH,FREEHOLD TWP,10/10/2019,TH,2100,01,FREEHOLD TWP PD,,0,0,0,0,P,B,N,N,02,2,US 9,N,9,,00000009__,111.39,02,,01,04,02,01,01,01,03,,200,FE,N,ROUTE 524 / ELTON-ADELPHIA RD,,,,50,40,26,,,N,,16202
2019131619FT27038,MONMOUTH,FREEHOLD TWP,10/10/2019,TH,1645,01,FREEHOLD TWP PD,,0,3,0,0,I,I,N,N,03,2,MONMOUTH COUNTY 23,,23,,13000023__,2.69,05,,01,04,02,01,01,01,05,01,,AT,,STONE HILL RD / BERGERVILLE RD,,,,45,35,26,,,N,,16258
2019131619FT27042,MONMOUTH,FREEHOLD TWP,10/10/2019,TH,1733,01,FREEHOLD TWP PD,,0,0,0,0,P,B,N,N,01,2,NJ 79,,79,,00000079__,3.41,02,,01,04,02,01,01,01,05,01,100,FE,N,E FREEHOLD RD / KOZLOSKI RD,,,,50,35,26,,,N,,16231
2019131619FT27075,MONMOUTH,FREEHOLD TWP,10/11/2019,FR,0751,01,FREEHOLD TWP PD,,0,0,0,0,P,B,N,N,12,1,MONMOUTH COUNTY 55,,55,,13000055__,.39,05,,01,04,02,01,01,01,05,01,400,FE,N,TURF DR,,,,50,25,25,,,N,,16242
2019131619FT27145,MONMOUTH,FREEHOLD TWP,10/11/2019,FR,1917,01,FREEHOLD TWP PD,,0,0,0,0,P,B,N,N,12,1,NJ 79,,79,,00000079__,2.86,02,,01,04,02,01,06,01,05,01,30,FE,S,RAMON BLVD,,,,50,25,,,,N,,16215
2019131619FT27166,MONMOUTH,FREEHOLD TWP,10/12/2019,SA,0003,01,FREEHOLD TWP PD,,0,0,0,0,P,B,N,N,12,1,ROUTE 537,,537,,00000537__,48.55,05,,01,04,02,01,06,01,05,01,2000,FE,W,GRAVEL HILL RD,,,,50,35,24,,,N,,16253
2019131619FT27175,MONMOUTH,FREEHOLD TWP,10/12/2019,SA,0840,01,FREEHOLD TWP PD,,0,3,0,0,I,B,N,N,04,2,ROUTE 537,,537,,00000537__,48.83,05,,01,04,02,01,01,01,05,01,528,FE,W,GRAVEL HILL RD,,,,50,40,26,,,Y,,16220
2019131619FT27186,MONMOUTH,FREEHOLD TWP,10/12/2019,SA,1058,01,FREEHOLD TWP PD,,0,0,0,0,P,B,N,N,02,2,NJ 33 BUSINESS,,33,B,00000033B_,2.32,02,,01,04,02,01,01,01,05,01,150,FE,W,US 9,,,,45,50,26,,,N,,16267
2019131619FT27191,MONMOUTH,FREEHOLD TWP,10/12/2019,SA,1236,01,FREEHOLD TWP PD,,0,0,0,0,P,B,N,N,01,2,ROUTE 522,,522,,00000522__,17.84,05,,01,04,02,01,01,01,05,01,300,FE,W,WEMROCK RD,,,,50,50,26,,,N,,267
2019131619FT27214,MONMOUTH,FREEHOLD TWP,10/12/2019,SA,1753,01,FREEHOLD TWP PD,,0,1,0,0,I,B,N,N,01,2,US 9,S,9,,00000009__,115.62,02,,01,04,02,01,01,01,05,01,1320,FE,N,SCHIBANOFF LN,,,,55,25,26,,,N,,16258
2019131619FT27234,MONMOUTH,FREEHOLD TWP,10/12/2019,SA,2218,01,FREEHOLD TWP PD,,0,0,0,0,P,I,N,N,04,2,US 9,N,9,,00000009__,112.75,02,,01,04,02,01,06,01,05,01,,AT,,NJ 79 / SCHANCK RD / SOUTH ST,,,,50,35,26,,,N,,16260
2019131619FT27276,MONMOUTH,FREEHOLD TWP,10/13/2019,SU,1501,01,FREEHOLD TWP PD,,0,0,0,0,P,B,N,N,03,2,WEMROCK RD,,,,13161020__,1.74,07,,01,04,02,01,01,01,05,01,250,FE,S,ROUTE 522 / FREEHOLD-ENGLISHTOWN RD,,,,50,50,26,,,N,,16239
2019131619FT27284,MONMOUTH,FREEHOLD TWP,10/13/2019,SU,1647,01,FREEHOLD TWP PD,,0,3,0,0,I,B,N,N,01,3,US 9,S,9,,00000009__,110.90,02,,01,04,02,01,01,01,02,01,150,FE,S,BROOKSIDE WAY,,,,50,25,26,,,N,,
2019131619FT27297,MONMOUTH,FREEHOLD TWP,10/13/2019,SU,2126,01,FREEHOLD TWP PD,,0,0,0,0,P,B,N,N,06,3,JODA DR,,,,,,07,,01,04,02,02,06,05,05,01,25,FE,S,GLOUCSTER CT,,,,25,25,28,,,N,,
2019131619FT27383,MONMOUTH,FREEHOLD TWP,10/14/2019,MO,2032,01,FREEHOLD TWP PD,,0,0,0,0,P,B,N,N,01,2,ROUTE 537,,537,,00000537__,50.27,05,,01,04,02,01,06,01,05,01,75,FE,E,STILLWELLS CORNER RD / WEMROCK RD,,,,40,35,26,,,N,,16250
2019131619FT27386,MONMOUTH,FREEHOLD TWP,10/14/2019,MO,2058,01,FREEHOLD TWP PD,,0,0,0,0,P,B,N,N,01,2,WEMROCK RD,,,,13161020__,,07,,01,04,02,01,06,01,05,01,50,FE,S,HUTCHINSON DRIVE,,,,35,25,26,,,N,,16250
2019131619FT27477,MONMOUTH,FREEHOLD TWP,10/15/2019,TU,1258,01,FREEHOLD TWP PD,,0,1,0,0,I,B,N,N,01,2,ROUTE 537,W,537,,00000537__,51.06,05,,01,04,02,01,01,01,05,01,50,FE,W,TROTTERS LN / TROTTERS WAY,,,,40,35,26,,,N,,16263
2019131619FT27490,MONMOUTH,FREEHOLD TWP,10/15/2019,TU,1424,01,FREEHOLD TWP PD,,0,0,0,0,P,B,N,N,01,2,WEMROCK RD,,,,13161020__,,07,,01,04,02,01,01,01,05,01,10,FE,N,WEEPING WILLOW LA,,,,35,10,26,,,N,,16189
2019131619FT27491,MONMOUTH,FREEHOLD TWP,10/15/2019,TU,1433,01,FREEHOLD TWP PD,,0,2,0,0,I,I,N,N,03,2,OAKERSON RD **,,,,13161127__,,07,,01,04,02,01,01,01,05,01,,AT,,WILLOWBROOK RD,,,,50,35,26,,,N,,16239
2019131619FT27493,MONMOUTH,FREEHOLD TWP,10/15/2019,TU,1441,01,FREEHOLD TWP PD,,0,1,0,0,I,I,N,N,07,2,MONMOUTH COUNTY 23,,23,,13000023__,3.12,05,,01,04,02,01,01,01,05,01,,AT,,STRICKLAND RD,,,,45,35,26,,,N,,16189
2019131619FT27501,MONMOUTH,FREEHOLD TWP,10/15/2019,TU,1843,01,FREEHOLD TWP PD,,0,1,0,0,I,B,N,N,01,2,STILLWELLS CORNER RD,,,,13161328__,.01,07,,01,04,02,01,01,01,,01,75,FE,N,ROUTE 524 / ELTON ADELPHIA RD,,,,35,40,26,,,N,,16202
2019131619FT27508,MONMOUTH,FREEHOLD TWP,10/15/2019,TU,1855,01,FREEHOLD TWP PD,,0,0,0,0,P,B,N,N,06,2,117 CROW HILL RD,,,,,,09,,01,04,03,01,07,01,05,01,,,,FREEHOLD REGIONAL H.S. BUS YARD,,,,,,28,,,N,,16230
2019131619FT27523,MONMOUTH,FREEHOLD TWP,10/16/2019,WE,0541,01,FREEHOLD TWP PD,,0,0,0,0,P,I,N,N,12,1,ELY HARMONY RD,,,,13321049__,.32,07,,01,04,02,01,06,01,05,,,AT,,PITTENGER POND RD,,,,50,40,24,,,N,,16212
2019131619FT27536,MONMOUTH,FREEHOLD TWP,10/16/2019,WE,0959,01,FREEHOLD TWP PD,,0,1,0,0,I,I,N,N,03,2,POND ROAD,,,,,,07,,01,04,02,01,01,01,05,01,,AT,,WATERWORKS ROAD,,,,40,25,26,,,N,,16220
2019131619FT27558,MONMOUTH,FREEHOLD TWP,10/16/2019,WE,1410,01,FREEHOLD TWP PD,,0,1,0,0,I,B,N,N,01,2,US 9,S,9,,00000009__,114.30,02,,03,04,02,02,01,02,01,01,,,,,T,NJ 33 BUSINESS,EB,50,,26,,,N,,16220
2019131619FT27564,MONMOUTH,FREEHOLD TWP,10/16/2019,WE,1501,01,FREEHOLD TWP PD,,0,1,0,0,I,B,N,N,01,2,ROUTE 537,,537,,00000537__,50.16,05,,01,04,02,02,01,02,05,01,528,FE,E,REDWOOD LN,,,,40,25,26,,,N,,16255
2019131619FT27584,MONMOUTH,FREEHOLD TWP,10/16/2019,WE,1907,01,FREEHOLD TWP PD,,0,0,0,0,P,I,N,N,11,2,US 9,,9,,00000009__,111.35,02,,01,04,02,02,06,02,02,01,,AT,,ROUTE 524 / ELTON-ADELPHIA RD,,,,50,45,26,,,N,,16250
2019131619FT27706,MONMOUTH,FREEHOLD TWP,10/17/2019,TH,1916,01,FREEHOLD TWP PD,,0,1,0,0,I,B,N,N,03,2,SCHANCK RD,,,,13161329__,.05,07,,01,04,02,01,06,01,05,01,100,FE,W,STONEHURST AVE,,,,35,35,26,,,N,,16234
2019131619FT27719,MONMOUTH,FREEHOLD TWP,10/18/2019,FR,0112,01,FREEHOLD TWP PD,,0,0,0,0,P,B,N,N,12,1,MONMOUTH COUNTY 23,,23,,13000023__,1.09,05,,01,04,02,01,07,01,05,01,600,FE,S,JACK ALLEN CT,,,,50,25,24,,,N,,16242
2019131619FT27761,MONMOUTH,FREEHOLD TWP,10/18/2019,FR,1131,01,FREEHOLD TWP PD,,0,0,0,0,P,B,N,N,02,2,ROUTE 524,,524,,00000524__,25.35,05,,01,04,02,01,01,01,05,01,30,FE,W,BAR HARBOUR RD,,,,45,35,26,,,N,,16218
2019131619FT27788,MONMOUTH,FREEHOLD TWP,10/18/2019,FR,1455,01,FREEHOLD TWP PD,,0,0,0,0,P,B,N,N,01,2,ROUTE 537,,537,,00000537__,49.86,05,,01,04,02,01,01,01,04,01,2112,FE,W,STILLWELLS CORNER RD / WEMROCK RD,,,,40,35,26,,,N,,16218
2019131619FT27789,MONMOUTH,FREEHOLD TWP,10/18/2019,FR,1510,01,FREEHOLD TWP PD,,0,2,0,0,I,B,N,N,01,2,STILLWELLS CORNER RD,,,,13161328__,.28,07,,01,04,02,01,01,01,05,01,50,FE,S,SARATOGA PL,,,,35,25,26,,,N,,16255
2019131619FT27792,MONMOUTH,FREEHOLD TWP,10/18/2019,FR,1545,01,FREEHOLD TWP PD,,0,1,0,0,I,B,N,N,01,2,NJ 33 BUSINESS,E,33,B,00000033B_,5.34,02,,01,04,02,01,01,01,05,01,100,FE,E,CROW HILL RD / SHORE POINT DR,,,,45,35,26,,,N,,16258
2019131619FT27824,MONMOUTH,FREEHOLD TWP,10/18/2019,FR,2132,01,FREEHOLD TWP PD,,0,0,0,0,P,B,N,N,01,2,NJ 33,W,33,,00000033__,26.60,02,,03,06,02,01,06,01,05,01,20,FE,,,T,ROUTE 537,WB,55,,26,,,N,,16260
2019131619FT27839,MONMOUTH,FREEHOLD TWP,10/19/2019,SA,0048,01,FREEHOLD TWP PD,,0,0,0,0,P,B,N,N,12,1,MONMOUTH COUNTY 23,,23,,13000023__,.25,05,,01,04,02,01,06,01,05,01,100,FE,N,TREETOP CIR,,,,50,25,24,,,N,,16213
2019131619FT27901,MONMOUTH,FREEHOLD TWP,10/19/2019,SA,1031,01,FREEHOLD TWP PD,,0,0,0,0,P,B,N,N,01,2,US 9,N,9,,00000009__,112.73,02,,01,04,02,01,01,01,05,01,100,FE,S,NJ 79 / SCHANCK RD / SOUTH ST,,,,50,35,26,,,N,,16259
2019131619FT27953,MONMOUTH,FREEHOLD TWP,10/19/2019,SA,1858,01,FREEHOLD TWP PD,,0,2,0,0,I,I,N,N,03,2,ROUTE 537,,537,,00000537__,50.50,05,,01,04,02,01,06,01,05,01,,AT,,CASTRONOVA WAY / FREEHOLD MARKETPLA,,,,45,25,26,,,N,,16259
2019131619FT27963,MONMOUTH,FREEHOLD TWP,10/19/2019,SA,2029,01,FREEHOLD TWP PD,,0,0,0,0,P,B,N,N,12,1,US 9,N,9,,00000009__,111.31,02,,01,04,02,01,06,01,03,01,200,FE,S,ROUTE 524 / ELTON-ADELPHIA RD,,,,50,35,24,,,N,,16259
2019131619FT27982,MONMOUTH,FREEHOLD TWP,10/19/2019,SA,2333,01,FREEHOLD TWP PD,,0,2,0,0,I,I,N,N,01,2,MONMOUTH COUNTY 23,S,23,,13000023__,3.51,05,,01,04,02,01,06,01,05,01,,AT,,POLO CLUB DR,,,,45,25,26,,,N,,16251
2019131619FT27992,MONMOUTH,FREEHOLD TWP,10/20/2019,SU,0228,01,FREEHOLD TWP PD,,0,0,0,0,P,B,N,N,12,2,ROUTE 537,,537,,00000537__,51.02,05,,01,04,02,01,07,01,05,01,264,FE,W,TROTTERS LN / TROTTERS WAY,,,,40,30,24,,,N,,16244
2019131619FT28039,MONMOUTH,FREEHOLD TWP,10/20/2019,SU,1442,01,FREEHOLD TWP PD,,0,0,0,0,P,B,N,N,02,2,US 9,S,9,,00000009__,114.34,02,,01,04,02,02,01,02,01,01,50,FE,N,NJ 33 BUSINESS / PARK AVE,,,,55,50,26,,,N,,16257
2019131619FT28041,MONMOUTH,FREEHOLD TWP,10/20/2019,SU,1457,01,FREEHOLD TWP PD,,0,0,0,0,P,B,N,N,02,3,MONMOUTH COUNTY 55,,55,,13000055__,1.19,05,,01,04,02,02,01,02,03,01,450,FE,N,CENTER ST / FRENEAU BLVD,,,,50,50,26,,,N,,
2019131619FT28066,MONMOUTH,FREEHOLD TWP,10/21/2019,MO,0027,01,FREEHOLD TWP PD,,0,1,0,0,I,B,N,N,11,1,ROUTE 524,,524,,00000524__,23.06,05,,01,04,02,02,06,02,05,01,400,FE,W,WELESLEY WAY,,,,45,25,52,,,N,UTILITY POLE  DOT ROAD SIGN,16256
2019131619FT28191,MONMOUTH,FREEHOLD TWP,10/22/2019,TU,0606,01,FREEHOLD TWP PD,,0,0,0,0,P,B,N,N,01,2,US 9,S,9,,00000009__,111.35,02,,01,04,02,01,06,01,02,01,25,FE,N,ROUTE 524 / ELTON-ADELPHIA RD,,,,50,35,26,,,N,,16244
2019131619FT28198,MONMOUTH,FREEHOLD TWP,10/22/2019,TU,0707,01,FREEHOLD TWP PD,,0,0,0,0,P,B,N,N,11,1,NJ 33,W,33,,00000033__,28.24,02,,01,04,02,01,01,01,01,01,,,E,,T,HALLS MILLS ROAD,NB,55,,47,,,N,,16246
2019131619FT28212,MONMOUTH,FREEHOLD TWP,10/22/2019,TU,0958,01,FREEHOLD TWP PD,,0,0,0,0,P,B,N,N,10,1,300 SR SS BUSINESS,,,,,,09,,01,04,03,02,01,02,05,01,,,,WEMROCK ORCHARDS,,,,,,60,,,N,,16220
2019131619FT28218,MONMOUTH,FREEHOLD TWP,10/22/2019,TU,1046,01,FREEHOLD TWP PD,,0,0,0,0,P,B,N,N,01,2,US 9,N,9,,00000009__,112.73,02,,01,04,02,02,01,02,02,01,100,FE,S,NJ 79 / SCHANCK RD / SOUTH ST,,,,50,40,26,,,N,,220
2019131619FT28298,MONMOUTH,FREEHOLD TWP,10/22/2019,TU,1926,01,FREEHOLD TWP PD,,0,0,0,0,P,I,N,N,02,2,US 9,S,9,,00000009__,112.75,02,,01,04,02,02,07,02,05,01,,AT,,NJ 79 / SCHANCK RD / SOUTH ST,,,,50,35,26,,,N,,16230
2019131619FT28339,MONMOUTH,FREEHOLD TWP,10/23/2019,WE,1153,01,FREEHOLD TWP PD,,0,0,0,0,P,B,N,N,11,1,SCHANCK RD,,,,13161329__,1.14,07,,01,,02,02,01,01,05,01,528,FE,E,STILLWELLS CORNER RD,,,,35,35,50,,,N,PEDESTRIAN CROSSING SIGN,16220