Year(4)-CountyCode(2)-MunicipalityCode(2)-CaseNumber(9),County Name,Municipality Name,Crash Date,Crash Day of Week,Crash Time,Police Department Code,Police Department,Police Station,Total Killed,Total Injured,Pedestrians Killed,Pedestrians Injured,Severity,Intersection,Alcohol Involved,Hazmat Involved,Crash Type,Total Vehicles,Location,Location Direction,Route,Route Suffix,Std Rte Identifier,MilePost,Road System,Road Character,Road Horizontal Alignment,Road Grade,Road Surface Type,Surface Condition,Light Condition,Environmental Condition,Road Divided By,Temporary Traffic Control Zone,Distance To Cross Street,Unit Of Measurement,Direction From Cross Street,Cross Street Name,Is Ramp,Ramp To/From Route Name,Ramp To/From Route Direction,Posted Speed,Posted Speed Cross Street,First Harmful Event,Latitude,Longitude,Cell Phone In Use Flag,Other Property Damage,Reporting Badge No.
2019131619FT28364,MONMOUTH,FREEHOLD TWP,10/23/2019,WE,1425,01,FREEHOLD TWP PD,,0,0,0,0,P,B,N,N,02,3,US 9,S,9,,00000009__,114.35,02,,01,04,02,01,01,01,01,01,100,FE,N,NJ 33 BUSINESS / PARK AVE,,,,55,45,26,,,N,,
2019131619FT28373,MONMOUTH,FREEHOLD TWP,10/23/2019,WE,1614,01,FREEHOLD TWP PD,,0,0,0,0,P,B,N,N,01,2,ROUTE 537,,537,,00000537__,51.24,05,,01,04,02,01,01,01,05,01,900,FE,E,TROTTERS LN / TROTTERS WAY,,,,45,30,26,,,N,,16259
2019131619FT28469,MONMOUTH,FREEHOLD TWP,10/24/2019,TH,1329,01,FREEHOLD TWP PD,,0,0,0,0,P,I,N,N,09,2,MONMOUTH COUNTY 23,,23,,13000023__,1.41,05,,01,04,02,01,01,01,05,01,,AT,,CR 53 / GEORGIA RD,,,,40,45,26,,,N,,16220
2019131619FT28490,MONMOUTH,FREEHOLD TWP,10/24/2019,TH,1530,01,FREEHOLD TWP PD,,0,0,0,0,P,B,N,N,01,2,ROUTE 524,,524,,00000524__,23.89,05,,01,04,02,01,01,01,05,01,100,FE,W,GEORGIA RD,,,,45,35,26,,,N,,16220
2019131619FT28503,MONMOUTH,FREEHOLD TWP,10/24/2019,TH,1813,01,FREEHOLD TWP PD,,0,0,0,0,P,B,N,N,12,1,ROUTE 537,,537,,00000537__,51.07,05,,01,04,02,01,03,01,05,01,50,FE,,TROTTERS LN / TROTTERS WAY,,,,35,40,24,,,N,,16258
2019131619FT28535,MONMOUTH,FREEHOLD TWP,10/25/2019,FR,0711,01,FREEHOLD TWP PD,,0,0,0,0,P,B,N,N,12,1,ROUTE 524,,524,,00000524__,21.08,05,,01,04,02,01,03,01,05,01,500,FE,W,HOLLAND RIDGE BLVD,,,,50,25,24,,,N,,219
2019131619FT28588,MONMOUTH,FREEHOLD TWP,10/25/2019,FR,1755,01,FREEHOLD TWP PD,,0,0,0,0,P,B,N,N,01,2,WEMROCK RD,S,,,13161020__,,07,,01,04,02,01,01,01,04,01,40,FE,N,ROUTE 537,,,,45,50,26,,,N,,16266
2019131619FT28633,MONMOUTH,FREEHOLD TWP,10/26/2019,SA,0949,01,FREEHOLD TWP PD,,0,0,0,0,P,B,N,N,99,2,MONMOUTH COUNTY 55,S,55,,13000055__,.98,05,,01,04,02,01,01,01,04,01,370,FE,N,THOREAU DR,,,,50,25,26,,,N,,16268
2019131619FT28635,MONMOUTH,FREEHOLD TWP,10/26/2019,SA,1022,01,FREEHOLD TWP PD,,0,0,0,0,P,B,N,N,01,2,ROUTE 527,,527,,00000527__,22.02,05,,01,04,02,01,01,01,05,01,50,FE,S,OLD TURKEY SWAMP RD,,,,45,25,26,,,N,,16220
2019131619FT28636,MONMOUTH,FREEHOLD TWP,10/26/2019,SA,1033,01,FREEHOLD TWP PD,,0,0,0,0,P,B,N,N,01,2,NJ 33 BUSINESS,,33,B,00000033B_,1.73,02,,01,04,02,01,01,01,04,01,50,FE,W,CARDIGAN BAY RD,,,,50,25,26,,,N,,16257
2019131619FT28644,MONMOUTH,FREEHOLD TWP,10/26/2019,SA,1152,01,FREEHOLD TWP PD,,0,0,0,0,P,B,N,N,01,2,US 9,N,9,,00000009__,116.27,02,,01,04,02,01,01,01,01,01,25,FE,S,CRAIG RD / EAST FREEHOLD RD,,,,50,35,26,,,N,,16267
2019131619FT28685,MONMOUTH,FREEHOLD TWP,10/26/2019,SA,1818,01,FREEHOLD TWP PD,,0,0,0,0,P,B,N,N,01,2,US 9,S,9,,00000009__,111.37,02,,01,04,02,02,06,02,05,01,100,FE,N,ROUTE 524 / ELTON-ADELPHIA RD,,,,50,40,26,,,N,,16260
2019131619FT28702,MONMOUTH,FREEHOLD TWP,10/26/2019,SA,2157,01,FREEHOLD TWP PD,,0,0,0,0,P,I,N,N,03,2,ROUTE 537,,537,,00000537__,47.54,05,,01,04,02,01,06,01,05,01,,AT,,ROUTE 524 / ELTON RD,,,,50,45,26,,,N,,16258
2019131619FT28706,MONMOUTH,FREEHOLD TWP,10/26/2019,SA,2315,01,FREEHOLD TWP PD,,0,0,0,0,P,B,N,N,02,2,ROUTE 537,E,537,,00000537__,50.25,05,,01,04,02,02,06,02,05,01,50,FE,W,STILLWELLS CORNER RD / WEMROCK RD,,,,40,35,26,,,N,,16256
2019131619FT28712,MONMOUTH,FREEHOLD TWP,10/27/2019,SU,0111,01,FREEHOLD TWP PD,,0,0,0,0,P,B,N,N,05,2,ROUTE 524,E,524,,00000524__,21.15,05,,01,04,02,01,04,01,05,01,100,FE,W,HOLLAND RIDGE BLVD,,,,50,25,,,,N,,16256
2019131619FT28733,MONMOUTH,FREEHOLD TWP,10/27/2019,SU,1147,01,FREEHOLD TWP PD,,0,0,0,0,P,B,N,N,01,2,US 9,N,9,,00000009__,116.19,02,,01,04,02,02,01,02,01,01,400,FE,S,CRAIG RD / EAST FREEHOLD RD,,,,55,35,26,,,N,,16262
2019131619FT28751,MONMOUTH,FREEHOLD TWP,10/27/2019,SU,1525,01,FREEHOLD TWP PD,,0,0,0,0,P,B,N,N,12,1,US 9,N,9,,00000009__,115.87,02,,01,04,02,02,01,05,02,01,2112,FE,S,CRAIG RD / EAST FREEHOLD RD,,,,55,35,24,,,N,,16262
2019131619FT28759,MONMOUTH,FREEHOLD TWP,10/27/2019,SU,1839,01,FREEHOLD TWP PD,,0,3,0,0,I,I,N,N,01,2,ROUTE 537,W,537,,00000537__,55.06,05,,01,04,02,01,01,01,04,01,,AT,,HUNT DR / WALLING DR,,,,45,25,26,,,N,,16266
2019131619FT28761,MONMOUTH,FREEHOLD TWP,10/27/2019,SU,1747,01,FREEHOLD TWP PD,,0,1,0,0,I,I,N,N,01,2,ROUTE 537,,537,,00000537__,55.06,05,,01,04,02,01,01,01,05,01,,AT,,HUNT DR / WALLING DR,,,,45,25,26,,,N,,265
2019131619FT28786,MONMOUTH,FREEHOLD TWP,10/28/2019,MO,0635,01,FREEHOLD TWP PD,,0,0,0,0,P,I,N,N,01,2,ROUTE 524,E,524,,00000524__,25.21,05,,01,04,02,01,02,01,05,,,AT,,US 9,,,,45,50,26,,,N,,16251
2019131619FT28798,MONMOUTH,FREEHOLD TWP,10/28/2019,MO,0805,01,FREEHOLD TWP PD,,0,0,0,0,P,B,N,N,01,2,SCHANCK RD,,,,13161329__,.00,07,,01,04,02,01,01,01,02,01,30,FE,W,US 9 / NJ 79,,,,35,50,26,,,N,,247
2019131619FT28853,MONMOUTH,FREEHOLD TWP,10/28/2019,MO,1259,01,FREEHOLD TWP PD,,0,1,0,0,I,B,N,N,01,2,US 9,N,9,,00000009__,115.12,02,,01,07,01,01,01,01,01,01,1320,FE,S,SCHIBANOFF LN,,,,55,20,26,,,N,,247
2019131619FT28946,MONMOUTH,FREEHOLD TWP,10/29/2019,TU,0606,01,FREEHOLD TWP PD,,0,0,0,0,P,B,N,N,12,1,NJ 33,W,33,,00000033__,27.48,02,,01,05,02,02,01,01,01,01,300,FE,W,US 9,,,,55,55,24,,,N,,247
2019131619FT28949,MONMOUTH,FREEHOLD TWP,10/29/2019,TU,0729,01,FREEHOLD TWP PD,,0,0,0,0,P,B,N,N,01,3,US 9,N,9,,00000009__,110.90,02,,01,04,02,02,01,05,03,01,50,FE,S,EDINBURGH DR,,,,50,35,26,,,N,,
2019131619FT28958,MONMOUTH,FREEHOLD TWP,10/29/2019,TU,0941,01,FREEHOLD TWP PD,,0,0,0,0,P,B,N,N,01,2,ROUTE 537,,537,,00000537__,55.05,05,,01,04,02,02,01,02,05,01,50,FE,W,HUNT DR / WALLING DR,,,,50,35,26,,,N,,16239
2019131619FT28962,MONMOUTH,FREEHOLD TWP,10/29/2019,TU,1132,01,FREEHOLD TWP PD,,0,0,0,0,P,B,N,N,01,2,NJ 33,W,33,,00000033__,26.59,02,,03,04,02,02,01,02,01,01,15,FE,,,T,ROUTE 537,WB,55,,26,,,N,,16218
2019131619FT28964,MONMOUTH,FREEHOLD TWP,10/29/2019,TU,1144,01,FREEHOLD TWP PD,,0,1,0,0,I,B,N,N,02,2,ROUTE 522,,522,,00000522__,17.90,05,,01,05,02,02,01,02,05,01,1000,FE,W,WEMROCK RD,,,,50,50,26,,,N,,247
2019131619FT29047,MONMOUTH,FREEHOLD TWP,10/30/2019,WE,1624,01,FREEHOLD TWP PD,,0,1,0,0,I,B,N,N,01,2,NJ 33,W,33,,00000033__,26.59,02,,01,04,02,02,01,02,02,01,20,FE,E,,T,ROUTE 537,WB,55,,26,,,N,,16230
2019131619FT29063,MONMOUTH,FREEHOLD TWP,10/30/2019,WE,2145,01,FREEHOLD TWP PD,,0,0,0,0,P,B,N,N,12,1,NJ 33,E,33,,00000033__,25.70,02,,01,04,02,02,05,04,01,01,100,FE,E,WEMROCK RD,,,,55,45,24,,,N,,16234
2019131619FT29127,MONMOUTH,FREEHOLD TWP,10/31/2019,TH,1524,01,FREEHOLD TWP PD,,0,0,0,0,P,B,N,N,01,2,US 9,S,9,,00000009__,111.35,02,,03,04,02,01,01,01,02,01,,,,,T,ROUTE 524,EB,50,,26,,,N,,16220
2019131619FT29212,MONMOUTH,FREEHOLD TWP,11/01/2019,FR,1538,01,FREEHOLD TWP PD,,0,0,0,0,P,B,N,N,01,2,NJ 33,W,33,,00000033__,26.59,02,,03,04,02,01,01,01,01,01,15,FE,,,T,ROUTE 537,WB,55,,26,,,N,,16218
2019131619FT29246,MONMOUTH,FREEHOLD TWP,11/01/2019,FR,2349,01,FREEHOLD TWP PD,,0,0,0,0,P,B,N,N,14,1,NJ 79,,79,,00000079__,3.60,02,,01,04,02,01,06,01,05,01,25,FE,,RUSTIC WAY / DIANA LN,,,,50,25,26,,,N,,16212
2019131619FT29249,MONMOUTH,FREEHOLD TWP,11/02/2019,SA,0101,01,FREEHOLD TWP PD,,0,0,0,0,P,B,N,N,12,1,US 9,S,9,,00000009__,112.78,02,,01,04,02,01,06,01,02,01,150,FE,N,NJ 79 / SCHANCK RD / SOUTH ST,,,,50,35,24,,,N,,16256
2019131619FT29282,MONMOUTH,FREEHOLD TWP,11/02/2019,SA,1418,01,FREEHOLD TWP PD,,0,0,0,0,P,I,N,N,02,2,NJ 79,N,79,,00000079__,3.76,02,,01,04,02,01,01,05,05,01,,AT,,RUSTIC WAY,,,,50,25,26,,,N,,16268
2019131619FT29310,MONMOUTH,FREEHOLD TWP,11/02/2019,SA,2123,01,FREEHOLD TWP PD,,0,0,0,0,P,I,N,N,01,2,ROUTE 537,,537,,00000537__,50.50,05,,01,04,02,01,06,01,04,01,,AT,,CASTRONOVA WAY / FREEHOLD MARKETPLA,,,,40,35,26,,,N,,16266
2019131619FT29334,MONMOUTH,FREEHOLD TWP,11/03/2019,SU,0256,01,FREEHOLD TWP PD,,0,0,0,0,P,B,N,N,12,1,ROUTE 537,,537,,00000537__,55.06,05,,01,04,02,01,06,01,05,01,25,FE,E,HUNT DR / WALLING DR,,,,50,35,24,,,N,,16246
2019131619FT29347,MONMOUTH,FREEHOLD TWP,11/03/2019,SU,0825,01,FREEHOLD TWP PD,,0,0,0,0,P,B,N,N,12,1,WEMROCK RD,,,,13161020__,.94,07,,01,04,02,01,01,01,05,01,1320,FE,N,NJ 33 BUSINESS,,,,50,45,24,,,N,,16238
2019131619FT29365,MONMOUTH,FREEHOLD TWP,11/03/2019,SU,1140,01,FREEHOLD TWP PD,,0,1,0,0,I,B,N,N,01,2,CRAIG RD,,,,13161137__,.04,07,,01,04,02,01,01,01,05,01,50,FE,W,US 9,,,,35,55,26,,,N,,16239
2019131619FT29399,MONMOUTH,FREEHOLD TWP,11/03/2019,SU,1845,01,FREEHOLD TWP PD,,0,0,0,0,P,B,N,N,02,2,US 9,N,9,,00000009__,115.31,02,,01,04,02,01,06,01,02,01,300,FE,S,SCHIBANOFF LN,,,,55,20,26,,,N,,234
2019131619FT29458,MONMOUTH,FREEHOLD TWP,11/04/2019,MO,1011,01,FREEHOLD TWP PD,,0,0,0,0,P,B,N,N,02,2,US 9,N,9,,00000009__,114.69,02,,01,06,02,01,01,01,01,01,898,FE,N,KINGSLEY WAY,,,,55,25,26,,,N,,16268
2019131619FT29460,MONMOUTH,FREEHOLD TWP,11/04/2019,MO,1014,01,FREEHOLD TWP PD,,0,1,0,0,I,I,N,N,03,2,NJ 33 BUSINESS,,33,B,00000033B_,1.02,02,,01,04,02,01,01,01,05,01,,AT,,WEMROCK RD,,,,45,50,26,,,N,,16238
2019131619FT29485,MONMOUTH,FREEHOLD TWP,11/04/2019,MO,1354,01,FREEHOLD TWP PD,,0,1,0,0,I,B,N,N,01,2,ROUTE 537,,537,,00000537__,46.31,05,,01,04,02,01,01,01,05,01,1000,FE,E,ROUTE 524 / STAGE COACH RD,,,,50,50,26,,,N,,247
2019131619FT29489,MONMOUTH,FREEHOLD TWP,11/04/2019,MO,1429,01,FREEHOLD TWP PD,,0,0,0,0,P,I,N,N,03,2,ROUTE 537,,537,,00000537__,49.64,05,,01,04,02,01,01,01,05,01,,AT,,IRON BRIDGE RD,,,,45,35,26,,,N,,247
2019131619FT29499,MONMOUTH,FREEHOLD TWP,11/04/2019,MO,1534,01,FREEHOLD TWP PD,,0,0,0,0,P,B,N,N,03,2,ROUTE 537,,537,,00000537__,50.44,05,,01,04,02,01,01,01,05,01,300,FE,W,CASTRONOVA WAY / FREEHOLD MARKETPLA,,,,40,25,26,,,N,,263
2019131619FT29537,MONMOUTH,FREEHOLD TWP,11/04/2019,MO,2121,01,FREEHOLD TWP PD,,0,0,0,0,P,B,N,N,12,1,ROUTE 537,,537,,00000537__,54.62,05,,01,04,02,01,06,01,05,01,15,FE,W,RANDOLPH RD / SHETLAND WAY,,,,45,25,26,,,N,,261
2019131619FT29543,MONMOUTH,FREEHOLD TWP,11/04/2019,MO,2250,01,FREEHOLD TWP PD,,0,1,0,0,I,B,N,N,12,1,NJ 18,N,18,,00000018__,22.95,02,,01,04,01,01,06,01,01,01,1584,FE,N,ROUTE 537,,,,55,50,24,,,N,,16215
2019131619FT29544,MONMOUTH,FREEHOLD TWP,11/04/2019,MO,2323,01,FREEHOLD TWP PD,,0,1,0,0,I,B,N,N,02,2,NJ 18,N,18,,00000018__,22.60,02,,01,04,02,01,06,01,03,01,1320,FE,N,ROUTE 537,,,,65,50,26,,,N,,16265
2019131619FT29560,MONMOUTH,FREEHOLD TWP,11/05/2019,TU,0848,01,FREEHOLD TWP PD,,0,1,0,0,I,B,N,N,01,2,US 9,N,9,,00000009__,113.10,02,,01,04,02,02,01,01,02,01,1003,FE,N,NJ 33,,,,50,50,26,,,N,,16238
2019131619FT29623,MONMOUTH,FREEHOLD TWP,11/05/2019,TU,1733,01,FREEHOLD TWP PD,,0,0,0,0,P,B,N,N,12,1,US 9,S,9,,00000009__,115.77,02,,01,04,02,01,07,01,02,01,2640,FE,S,CRAIG RD / EAST FREEHOLD RD,,,,55,40,24,,,N,,16250
2019131619FT29643,MONMOUTH,FREEHOLD TWP,11/06/2019,WE,0501,01,FREEHOLD TWP PD,,0,0,0,0,P,B,N,N,12,1,ROUTE 537,,537,,00000537__,51.04,05,,01,04,02,01,06,01,05,01,150,FE,W,TROTTERS LN / TROTTERS WAY,,,,40,25,24,,,N,,16253
2019131619FT29711,MONMOUTH,FREEHOLD TWP,11/06/2019,WE,1657,01,FREEHOLD TWP PD,,0,0,0,0,P,B,N,N,02,2,STILLWELLS CORNER RD,,,,13161328__,1.59,07,,01,04,02,01,07,01,05,01,100,FE,S,ROUTE 537 / W MAIN ST,,,,35,40,26,,,N,,16230
2019131619FT29714,MONMOUTH,FREEHOLD TWP,11/06/2019,WE,1741,01,FREEHOLD TWP PD,,0,0,0,0,P,B,N,N,12,1,US 9,N,9,,00000009__,111.55,02,,01,04,02,01,06,01,03,01,1056,FE,N,ROUTE 524 / ELTON-ADELPHIA RD,,,,50,45,24,,,N,,226
2019131619FT29724,MONMOUTH,FREEHOLD TWP,11/06/2019,WE,2222,01,FREEHOLD TWP PD,,0,0,0,0,P,B,N,N,12,1,NJ 33,W,33,,00000033__,27.09,02,,01,04,02,01,05,01,01,01,2640,FE,E,ROUTE 537 / FREEHOLD-MOUNT HOLLY RD,,,,55,40,24,,,N,,16234
2019131619FT29726,MONMOUTH,FREEHOLD TWP,11/06/2019,WE,2321,01,FREEHOLD TWP PD,,0,0,0,0,P,B,N,N,12,1,US 9,N,9,,00000009__,115.36,02,,01,05,02,01,06,01,01,01,50,FE,S,SCHIBANOFF LN,,,,50,25,24,,,N,,16246
2019131619FT29735,MONMOUTH,FREEHOLD TWP,11/07/2019,TH,0146,01,FREEHOLD TWP PD,,0,0,0,0,P,B,N,N,12,1,US 9,N,9,,00000009__,111.95,02,,01,04,02,01,04,01,03,01,100,FE,S,CAMPBELL CT,,,,50,25,24,,,N,,16256
2019131619FT29740,MONMOUTH,FREEHOLD TWP,11/07/2019,TH,0434,01,FREEHOLD TWP PD,,0,0,0,0,P,B,N,N,12,1,ROUTE 537,,537,,00000537__,50.02,05,,01,05,02,01,06,01,05,01,200,FE,W,REDWOOD LN,,,,45,25,24,,,N,,16256
2019131619FT29766,MONMOUTH,FREEHOLD TWP,11/07/2019,TH,1146,01,FREEHOLD TWP PD,,0,0,0,0,P,B,N,N,01,2,IRON BRIDGE RD,,,,13161327__,1.25,07,,01,04,02,01,01,01,05,01,10,FE,S,ROUTE 537 / W MAIN ST,,,,35,45,26,,,N,,16189
2019131619FT29781,MONMOUTH,FREEHOLD TWP,11/07/2019,TH,1413,01,FREEHOLD TWP PD,,0,0,0,0,P,B,N,N,01,2,US 9,N,9,,00000009__,111.31,02,,01,04,02,01,01,01,02,01,200,FE,S,ROUTE 524 / ELTON-ADELPHIA RD,,,,50,40,26,,,N,,16220
2019131619FT29797,MONMOUTH,FREEHOLD TWP,11/07/2019,TH,1744,01,FREEHOLD TWP PD,,0,0,0,0,P,I,N,N,01,4,US 9,N,9,,00000009__,114.33,02,,01,04,02,02,06,02,01,01,,AT,,NJ 33 BUSINESS / PARK AVE,,,,50,40,26,,,N,,
2019131619FT29810,MONMOUTH,FREEHOLD TWP,11/08/2019,FR,2132,01,FREEHOLD TWP PD,,0,0,0,0,P,B,N,N,02,2,US 9,N,9,,00000009__,115.35,02,,01,04,02,02,07,02,02,01,100,FE,S,SCHIBANOFF LN,,,,50,20,26,,,N,,16202
2019131619FT29831,MONMOUTH,FREEHOLD TWP,11/08/2019,FR,0712,01,FREEHOLD TWP PD,,0,0,0,0,P,B,N,N,02,2,HALLS MILL RD,,,,13161330__,.94,07,,01,04,02,01,01,01,05,01,25,FE,N,THREE BROOKS RD,,,,50,35,26,,,N,,16246
2019131619FT29866,MONMOUTH,FREEHOLD TWP,11/08/2019,FR,1428,01,FREEHOLD TWP PD,,0,0,0,0,P,B,N,N,06,2,STILLWELLS CORNER RD,,,,13161328__,1.33,07,,01,04,02,01,01,01,05,01,75,FE,,SYCAMORE AVE,,,,35,25,26,,,N,,16268
2019131619FT29872,MONMOUTH,FREEHOLD TWP,11/08/2019,FR,1523,01,FREEHOLD TWP PD,,0,0,0,0,P,B,N,N,14,1,WATERWORKS RD,,,,,,07,,01,04,02,01,01,01,05,01,75,FE,N,SCHIBANOFF LA,,,,25,25,,,,N,MUNICIPAL ROAD CAUTION SIGN,16189
2019131619FT29900,MONMOUTH,FREEHOLD TWP,11/08/2019,FR,1811,01,FREEHOLD TWP PD,,0,0,0,0,P,B,N,N,12,1,ROUTE 537,E,537,,00000537__,46.31,05,,01,04,02,01,06,01,05,01,75,FE,E,ROUTE 524 / STAGE COACH RD,,,,50,35,26,,,N,,16261
2019131619FT29913,MONMOUTH,FREEHOLD TWP,11/08/2019,FR,2049,01,FREEHOLD TWP PD,,0,0,0,0,P,B,N,N,12,1,ROUTE 524,E,524,,00000524__,22.67,05,,01,04,02,01,06,01,05,01,25,FE,W,IRON BRIDGE RD,,,,50,35,26,,,N,,16261
2019131619FT29939,MONMOUTH,FREEHOLD TWP,11/09/2019,SA,0507,01,FREEHOLD TWP PD,,0,0,0,0,P,B,N,N,12,1,ROUTE 537,,537,,00000537__,52.96,05,,01,04,02,01,06,01,05,01,250,FE,W,KENTUCKY WAY,,,,35,25,24,,,N,,16246
2019131619FT29980,MONMOUTH,FREEHOLD TWP,11/09/2019,SA,1558,01,FREEHOLD TWP PD,,0,0,0,0,P,B,N,N,11,1,MONMOUTH COUNTY 23,,23,,13000023__,2.15,05,,01,04,02,01,01,01,05,01,528,FE,N,GEISLER LN,,,,45,25,69,,,N,UTILITY POLE JC1504FRT DAMAGED. LAWN  MAILBOX AND STONEWORK AT 202 JACKSON MILLS,16231
2019131619FT29987,MONMOUTH,FREEHOLD TWP,11/09/2019,SA,1735,01,FREEHOLD TWP PD,,0,0,0,0,P,B,N,N,02,2,US 9,S,9,,00000009__,114.34,02,,01,04,02,01,06,01,01,01,35,FE,N,NJ 33 BUSINESS / PARK AVE,,,,50,45,26,,,N,,16261
2019131619FT30020,MONMOUTH,FREEHOLD TWP,11/10/2019,SU,0159,01,FREEHOLD TWP PD,,0,1,0,0,I,B,N,N,12,1,US 9,S,9,,00000009__,111.60,02,,01,04,02,01,06,01,03,01,1320,FE,N,ROUTE 524 / ELTON-ADELPHIA RD,,,,50,40,24,,,N,,213
2019131619FT301043,MONMOUTH,FREEHOLD TWP,11/22/2019,FR,1644,01,FREEHOLD TWP PD,,0,0,0,0,P,I,N,N,02,2,ROUTE 537,,537,,00000537__,49.64,05,,01,04,02,02,03,02,05,01,,AT,,IRON BRIDGE RD,,,,45,35,26,,,N,,16259
2019131619FT30120,MONMOUTH,FREEHOLD TWP,11/11/2019,MO,1245,01,FREEHOLD TWP PD,,0,1,0,0,I,B,N,N,99,1,WILLOWBROOK RD **,,,,13161107__,.93,07,,01,05,02,01,01,01,05,01,200,FE,E,WYNNEWOOD DR,,,,35,25,99,,,N,,16247
2019131619FT30140,MONMOUTH,FREEHOLD TWP,11/11/2019,MO,1621,01,FREEHOLD TWP PD,,0,0,0,0,P,B,N,N,02,2,US 9,N,9,,00000009__,114.21,02,,01,04,02,01,01,01,05,01,350,FE,N,RACEWAY MALL DR,,,,50,25,26,,,N,,16250
2019131619FT30166,MONMOUTH,FREEHOLD TWP,11/11/2019,MO,2216,01,FREEHOLD TWP PD,,0,1,0,0,I,I,N,N,03,2,US 9,N,9,,00000009__,111.35,02,,01,04,02,01,06,01,02,01,,AT,,ROUTE 524 / ELTON-ADELPHIA RD,,,,50,40,26,,,N,,250
2019131619FT30171,MONMOUTH,FREEHOLD TWP,11/12/2019,TU,0029,01,FREEHOLD TWP PD,,0,0,0,0,P,B,N,N,02,2,US 9,S,9,,00000009__,111.39,02,,01,04,02,01,06,01,02,01,200,FE,N,ROUTE 524 / ELTON-ADELPHIA RD,,,,55,45,26,,,N,,16253
2019131619FT30229,MONMOUTH,FREEHOLD TWP,11/12/2019,TU,1511,01,FREEHOLD TWP PD,,0,1,0,0,I,B,N,N,01,2,NJ 18,S,18,,00000018__,,02,,03,04,02,01,01,05,03,01,,,,,T,ROUTE 537,WB,65,,26,,,N,,16229
2019131619FT30293,MONMOUTH,FREEHOLD TWP,11/13/2019,WE,1113,01,FREEHOLD TWP PD,,0,0,0,0,P,B,N,N,01,2,NJ 33,W,33,,00000033__,26.60,02,,03,06,02,01,01,01,05,01,,,,,T,ROUTE 537,WB,55,,26,,,N,,16255
2019131619FT30298,MONMOUTH,FREEHOLD TWP,11/13/2019,WE,1127,01,FREEHOLD TWP PD,,0,0,0,0,P,B,N,N,01,2,NJ 33 BUSINESS,,33,B,00000033B_,1.02,02,,01,06,02,01,01,01,05,01,20,FE,W,WEMROCK RD,,,,50,35,26,,,N,,16189
2019131619FT30346,MONMOUTH,FREEHOLD TWP,11/13/2019,WE,1811,01,FREEHOLD TWP PD,,0,0,0,0,P,B,N,N,01,2,US 9,S,9,,00000009__,114.38,02,,01,04,02,01,06,01,01,01,250,FE,N,NJ 33 BUSINESS / PARK AVE,,,,55,50,26,,,N,,16250
2019131619FT30350,MONMOUTH,FREEHOLD TWP,11/13/2019,WE,1826,01,FREEHOLD TWP PD,,0,0,0,0,P,B,N,N,12,1,NJ 33 BUSINESS,,33,B,00000033B_,4.44,02,,01,04,02,01,07,01,05,01,2640,FE,W,CR 55 / HALLS MILL RD / KOZLOSKI RD,,,,50,50,24,,,N,,16258
2019131619FT30354,MONMOUTH,FREEHOLD TWP,11/13/2019,WE,1930,01,FREEHOLD TWP PD,,0,0,0,0,P,I,N,N,02,2,ROUTE 524,,524,,00000524__,25.52,05,,01,04,02,01,06,01,05,01,,AT,,HALLS MILL RD,,,,40,35,26,,,N,,16250
2019131619FT30378,MONMOUTH,FREEHOLD TWP,11/14/2019,TH,1250,01,FREEHOLD TWP PD,,0,0,0,0,P,B,N,N,01,2,ROUTE 537,,537,,00000537__,53.83,05,,01,04,02,01,01,01,05,01,528,FE,W,CR 55 / KOZLOSKI RD,,,,45,50,26,,,N,,16229
2019131619FT30382,MONMOUTH,FREEHOLD TWP,11/14/2019,TH,1302,01,FREEHOLD TWP PD,,0,0,0,0,P,I,N,N,02,2,ROUTE 537,,537,,00000537__,51.07,05,,01,04,02,01,01,01,05,01,,AT,,TROTTERS LN / TROTTERS WAY,,,,40,30,26,,,N,,16220
2019131619FT30402,MONMOUTH,FREEHOLD TWP,11/14/2019,TH,1507,01,FREEHOLD TWP PD,,0,0,0,0,P,B,N,N,01,2,US 9,N,9,,00000009__,111.33,02,,01,04,02,01,01,01,03,01,100,FE,S,ROUTE 524 / ELTON-ADELPHIA RD,,,,50,45,26,,,N,,16220
2019131619FT30409,MONMOUTH,FREEHOLD TWP,11/14/2019,TH,1706,01,FREEHOLD TWP PD,,0,0,0,0,P,B,N,N,06,2,WYNNEWOOD CT **,,,,13161111__,.24,07,,01,04,02,01,00,01,04,01,100,FE,S,BROCTON RD,,,,25,25,28,,,N,,16266
2019131619FT30422,MONMOUTH,FREEHOLD TWP,11/14/2019,TH,1949,01,FREEHOLD TWP PD,,0,0,0,0,P,B,N,N,12,1,NJ 33,W,33,,00000033__,26.68,02,,01,04,02,01,06,01,01,01,500,FE,E,ROUTE 537 / FREEHOLD-MOUNT HOLLY RD,,,,55,45,24,,,N,,16259
2019131619FT30447,MONMOUTH,FREEHOLD TWP,11/15/2019,FR,0839,01,FREEHOLD TWP PD,,0,0,0,0,P,I,N,N,02,2,MONMOUTH COUNTY 23,,23,,13000023__,3.12,05,,01,04,02,01,01,01,05,02,,AT,,STRICKLAND RD,,,,45,35,26,,,N,,16220
2019131619FT30464,MONMOUTH,FREEHOLD TWP,11/15/2019,FR,1139,01,FREEHOLD TWP PD,,0,0,0,0,P,B,N,N,02,2,US 9,N,9,,00000009__,115.33,02,,01,04,02,01,01,01,03,01,200,FE,S,SCHIBANOFF LN,,,,55,20,26,,,N,SNOW MARKER SIGN KNOCKED DOWN,16255
2019131619FT30478,MONMOUTH,FREEHOLD TWP,11/15/2019,FR,1428,01,FREEHOLD TWP PD,,0,0,0,0,P,B,N,N,02,2,5000 KOZLOSKI ROAD,,,,,,08,,01,04,02,01,01,01,05,01,,,,BIOTECH HIGH SCHOOL,,,,,,26,,,N,,16220