Year(4)-CountyCode(2)-MunicipalityCode(2)-CaseNumber(9),County Name,Municipality Name,Crash Date,Crash Day of Week,Crash Time,Police Department Code,Police Department,Police Station,Total Killed,Total Injured,Pedestrians Killed,Pedestrians Injured,Severity,Intersection,Alcohol Involved,Hazmat Involved,Crash Type,Total Vehicles,Location,Location Direction,Route,Route Suffix,Std Rte Identifier,MilePost,Road System,Road Character,Road Horizontal Alignment,Road Grade,Road Surface Type,Surface Condition,Light Condition,Environmental Condition,Road Divided By,Temporary Traffic Control Zone,Distance To Cross Street,Unit Of Measurement,Direction From Cross Street,Cross Street Name,Is Ramp,Ramp To/From Route Name,Ramp To/From Route Direction,Posted Speed,Posted Speed Cross Street,First Harmful Event,Latitude,Longitude,Cell Phone In Use Flag,Other Property Damage,Reporting Badge No.
2019131619FT30536,MONMOUTH,FREEHOLD TWP,11/16/2019,SA,1031,01,FREEHOLD TWP PD,,0,0,0,0,P,B,N,N,02,2,US 9,S,9,,00000009__,114.34,02,,01,04,02,01,01,01,01,01,50,FE,N,NJ 33 BUSINESS / PARK AVE,,,,50,45,26,,,N,,16263
2019131619FT30543,MONMOUTH,FREEHOLD TWP,11/16/2019,SA,1224,01,FREEHOLD TWP PD,,0,0,0,0,P,B,N,N,06,2,250 HALLS MILL RD,,,,,,09,,01,04,02,01,01,01,05,01,,,,PRESTONE LOADING DOCK,,,,,,28,,,N,,16257
2019131619FT30588,MONMOUTH,FREEHOLD TWP,11/17/2019,SU,0220,01,FREEHOLD TWP PD,,0,0,0,0,P,I,N,N,11,1,US 9,S,9,,00000009__,111.51,02,,01,04,02,01,06,01,03,01,,AT,,JACKSON MILL RD,,,,50,45,54,,,N,YELLOW POLE BARRIER WAS STRUCK CAUSING IT TO HAVE A SLIGHT TILT.,16253
2019131619FT30593,MONMOUTH,FREEHOLD TWP,11/17/2019,SU,0827,01,FREEHOLD TWP PD,,0,0,0,0,P,B,N,N,11,1,ELY HARMONY RD,,,,13321049__,.07,07,,01,04,02,01,02,01,05,01,1320,FE,W,PITTENGER POND RD,,,,45,30,52,,,N,,16263
2019131619FT30599,MONMOUTH,FREEHOLD TWP,11/17/2019,SU,1025,01,FREEHOLD TWP PD,,0,0,0,0,P,B,N,N,01,2,ROUTE 537,,537,,00000537__,51.06,05,,01,04,02,01,01,01,05,01,50,FE,W,TROTTERS LN / TROTTERS WAY,,,,45,35,26,,,N,,247
2019131619FT30629,MONMOUTH,FREEHOLD TWP,11/17/2019,SU,1528,01,FREEHOLD TWP PD,,0,1,0,0,I,I,N,N,03,2,US 9,S,9,,00000009__,112.75,02,,01,04,02,01,03,01,02,01,,AT,,NJ 79 / SCHANCK RD / SOUTH ST,,,,50,35,26,,,N,,16263
2019131619FT30670,MONMOUTH,FREEHOLD TWP,11/18/2019,MO,0618,01,FREEHOLD TWP PD,,0,0,0,0,P,B,N,N,12,1,ROUTE 537,,537,,00000537__,47.61,05,,01,04,02,01,02,01,01,01,10,FE,W,SHIRA LN,,,,50,25,25,,,N,,16242
2019131619FT30717,MONMOUTH,FREEHOLD TWP,11/18/2019,MO,1538,01,FREEHOLD TWP PD,,0,0,0,0,P,B,N,N,08,2,275 BURLINGTON RD,,,,,,09,,01,04,02,02,01,05,05,01,,,,JOSEPH J CATENA SCHOOL PARKING,,,,,,26,,,N,,247
2019131619FT30726,MONMOUTH,FREEHOLD TWP,11/18/2019,MO,1714,01,FREEHOLD TWP PD,,0,0,0,0,P,B,N,N,01,2,NJ 33 BUSINESS,W,33,B,00000033B_,2.15,02,,01,04,02,02,06,02,05,01,20,FE,E,BRADLEY DR,,,,45,25,26,,,N,,261
2019131619FT30745,MONMOUTH,FREEHOLD TWP,11/19/2019,TU,0657,01,FREEHOLD TWP PD,,0,0,0,0,P,B,N,N,12,1,NJ 33 BUSINESS,,33,B,00000033B_,4.69,02,,01,04,02,01,01,01,05,01,1320,FE,W,CR 55 / HALLS MILL RD / KOZLOSKI RD,,,,45,50,24,,,N,,16251
2019131619FT30748,MONMOUTH,FREEHOLD TWP,11/19/2019,TU,0708,01,FREEHOLD TWP PD,,0,0,0,0,P,B,N,N,12,2,ROUTE 537,,537,,00000537__,50.92,05,,01,04,02,02,01,01,05,01,528,FE,E,NJ 33,,,,40,55,24,,,N,,16244
2019131619FT30753,MONMOUTH,FREEHOLD TWP,11/19/2019,TU,0813,01,FREEHOLD TWP PD,,0,0,0,0,P,B,N,N,01,2,ROUTE 537,,537,,00000537__,54.42,05,,01,04,02,02,01,05,04,01,528,FE,W,BERNICE DR,,,,50,25,26,,,N,,16229
2019131619FT30770,MONMOUTH,FREEHOLD TWP,11/19/2019,TU,1057,01,FREEHOLD TWP PD,,0,0,0,0,P,B,N,N,08,2,HELEN AVE **,,,,13161197__,.51,07,,01,04,02,01,01,01,05,01,200,FE,E,PITTENGER ST,,,,25,25,26,,,N,,247
2019131619FT30875,MONMOUTH,FREEHOLD TWP,11/20/2019,WE,2001,01,FREEHOLD TWP PD,,0,0,0,0,P,B,N,N,02,2,ROUTE 537,,537,,00000537__,50.26,05,,01,04,02,01,06,01,05,01,10,FE,E,STILLWELLS CORNER RD / WEMROCK RD,,,,35,35,26,,,N,,16258
2019131619FT30878,MONMOUTH,FREEHOLD TWP,11/20/2019,WE,2051,01,FREEHOLD TWP PD,,0,2,0,0,I,I,N,N,03,2,ROUTE 537,,537,,00000537__,53.93,05,,01,04,02,01,06,01,05,01,,AT,,CR 55 / KOZLOSKI RD,,,,50,,26,,,N,FENCE TO 33 TUSCAN DRIVE,16250
2019131619FT30898,MONMOUTH,FREEHOLD TWP,11/21/2019,TH,0748,01,FREEHOLD TWP PD,,0,0,0,0,P,I,N,N,03,2,MONMOUTH COUNTY 23,,23,,13000023__,3.12,05,,01,04,02,01,01,01,05,01,,AT,,STRICKLAND RD,,,,45,35,26,,,N,,256
2019131619FT30917,MONMOUTH,FREEHOLD TWP,11/21/2019,TH,1018,01,FREEHOLD TWP PD,,0,0,0,0,P,B,N,N,11,1,ROCK OAK RD **,,,,13161393__,.12,07,,01,04,02,01,01,01,05,01,25,FE,E,RED OAK LN,,,,25,25,50,,,N,**STREET SIGN BELONGING TO FREEHOLD TOWNSHIP**,16220
2019131619FT30921,MONMOUTH,FREEHOLD TWP,11/21/2019,TH,1114,01,FREEHOLD TWP PD,,0,1,0,0,I,B,N,N,11,1,MONMOUTH COUNTY 55,,55,,13000055__,3.01,05,,02,06,02,01,01,01,05,01,50,FE,,CR 46 / DUTCH LANE RD,,,,50,40,56,,,N,**CURBING AND TRAFFIC SIGNS OWNED BY MONMOUTH COUNTY**,16220
2019131619FT30942,MONMOUTH,FREEHOLD TWP,11/21/2019,TH,1418,01,FREEHOLD TWP PD,,0,0,0,0,P,B,N,N,02,2,ROUTE 537,,537,,00000537__,51.32,05,,01,04,02,01,01,01,05,01,500,FE,E,US 9,,,,35,50,26,,,N,,16220
2019131619FT30951,MONMOUTH,FREEHOLD TWP,11/21/2019,TH,1514,01,FREEHOLD TWP PD,,0,0,0,0,P,B,N,N,01,2,US 9,N,9,,00000009__,114.24,02,,01,04,02,01,01,01,01,01,500,FE,S,NJ 33 BUSINESS / PARK AVE,,,,50,40,26,,,N,,16220
2019131619FT30987,MONMOUTH,FREEHOLD TWP,11/21/2019,TH,2005,01,FREEHOLD TWP PD,,0,0,0,0,P,B,N,N,01,2,US 9,S,9,,00000009__,114.23,02,,01,04,02,01,06,01,01,01,500,FE,N,RACEWAY MALL DR,,,,50,25,26,,,N,,16259
2019131619FT31016,MONMOUTH,FREEHOLD TWP,11/22/2019,FR,1021,01,FREEHOLD TWP PD,,0,2,0,0,I,B,N,N,01,3,NJ 33 BUSINESS,W,33,B,00000033B_,2.37,02,,01,04,02,01,01,01,03,02,100,FE,E,US 9,,,,55,50,26,,,N,NJDOT GUARDRAIL AND BUILDING OF 3585 ROUTE 9,16250
2019131619FT31039,MONMOUTH,FREEHOLD TWP,11/22/2019,FR,1611,01,FREEHOLD TWP PD,,0,0,0,0,P,B,N,N,01,2,NJ 33 BUSINESS,,33,B,00000033B_,1.04,02,,01,04,02,02,01,02,05,01,100,FE,E,WEMROCK RD,,,,35,35,26,,,N,,16259
2019131619FT31136,MONMOUTH,FREEHOLD TWP,11/23/2019,SA,1317,01,FREEHOLD TWP PD,,0,0,0,0,P,B,N,N,12,1,MONMOUTH COUNTY 55,,55,,13000055__,2.38,05,,01,06,02,01,01,01,05,01,1584,FE,N,ROUTE 537 / COLTS NECK RD,,,,50,50,24,,,N,,16262
2019131619FT31155,MONMOUTH,FREEHOLD TWP,11/23/2019,SA,1632,01,FREEHOLD TWP PD,,0,3,0,0,I,I,N,N,03,2,MONMOUTH COUNTY 55,,55,,13000055__,2.08,05,,01,04,02,01,03,01,05,01,,AT,,ROUTE 537 / COLTS NECK RD,,,,50,45,26,,,N,,16269
2019131619FT31190,MONMOUTH,FREEHOLD TWP,11/24/2019,SU,0929,01,FREEHOLD TWP PD,,0,0,0,0,P,B,N,N,01,2,US 9,N,9,,00000009__,112.20,02,,01,04,02,02,01,05,03,01,200,FE,S,THREE BROOKS RD,,,,50,35,26,,,N,,247
2019131619FT31191,MONMOUTH,FREEHOLD TWP,11/24/2019,SU,1103,01,FREEHOLD TWP PD,,0,0,0,0,P,I,N,N,03,3,NJ 33 BUSINESS,,33,B,00000033B_,1.02,02,,01,04,02,02,01,02,05,01,,AT,,WEMROCK RD,,,,45,50,26,,,N,,
2019131619FT31222,MONMOUTH,FREEHOLD TWP,11/24/2019,SU,1745,01,FREEHOLD TWP PD,,0,2,0,0,I,I,N,N,07,2,NJ 79,,79,,00000079__,3.39,02,,01,04,02,02,06,01,05,01,,AT,,E FREEHOLD RD / KOZLOSKI RD,,,,50,50,26,,,N,,250
2019131619FT31322,MONMOUTH,FREEHOLD TWP,11/25/2019,MO,1823,01,FREEHOLD TWP PD,,0,0,0,0,P,B,N,N,02,2,SCHANCK RD,,,,13161329__,.00,07,,01,04,02,01,06,01,05,01,20,FE,W,US 9 / NJ 79,,,,35,50,26,,,N,,16265
2019131619FT31323,MONMOUTH,FREEHOLD TWP,11/25/2019,MO,1811,01,FREEHOLD TWP PD,,0,0,0,0,P,B,N,N,14,1,US 9,N,9,,00000009__,113.00,02,,01,04,02,01,06,01,02,01,1320,FE,N,NJ 79 / SCHANCK RD / SOUTH ST,,,,50,35,26,,,N,,16261
2019131619FT31325,MONMOUTH,FREEHOLD TWP,11/25/2019,MO,1851,01,FREEHOLD TWP PD,,0,0,0,0,P,B,N,N,12,1,US 9,S,9,,00000009__,115.87,02,,01,04,02,01,06,01,02,01,2640,FE,N,SCHIBANOFF LN,,,,55,35,26,,,N,,16261
2019131619FT31352,MONMOUTH,FREEHOLD TWP,11/26/2019,TU,0829,01,FREEHOLD TWP PD,,0,1,0,0,I,B,N,N,01,2,ROUTE 524,,524,,00000524__,25.17,05,,01,04,02,01,01,01,05,01,200,FE,W,US 9,,,,40,50,26,,,N,,16220
2019131619FT31356,MONMOUTH,FREEHOLD TWP,11/26/2019,TU,0934,01,FREEHOLD TWP PD,,0,0,0,0,P,B,N,N,01,2,US 9,N,9,,00000009__,111.31,02,,01,04,02,01,01,01,02,01,200,FE,S,ROUTE 524 / ELTON-ADELPHIA RD,,,,50,40,26,,,N,,16220
2019131619FT31392,MONMOUTH,FREEHOLD TWP,11/26/2019,TU,1717,01,FREEHOLD TWP PD,,0,0,0,0,P,B,N,N,01,2,US 9,S,9,,00000009__,111.99,02,,01,04,02,01,03,01,03,01,1320,FE,S,THREE BROOKS RD,,,,50,25,26,,,N,,16258
2019131619FT31399,MONMOUTH,FREEHOLD TWP,11/26/2019,TU,1838,01,FREEHOLD TWP PD,,0,2,0,0,I,I,N,N,01,2,US 9,S,9,,00000009__,114.14,02,,01,04,02,01,06,01,01,01,,AT,,RACEWAY MALL DR,,,,50,25,26,,,N,,16258
2019131619FT31427,MONMOUTH,FREEHOLD TWP,11/27/2019,WE,0804,01,FREEHOLD TWP PD,,0,1,0,0,I,B,N,N,01,2,NJ 33,E,33,,00000033__,26.59,02,,03,04,02,01,01,01,05,01,,,,,T,ROUTE 537,EB,55,,26,,,N,,16220
2019131619FT31437,MONMOUTH,FREEHOLD TWP,11/27/2019,WE,0900,01,FREEHOLD TWP PD,,0,0,0,0,P,B,N,N,01,2,US 9,N,9,,00000009__,114.04,02,,01,04,02,01,01,01,01,01,528,FE,S,RACEWAY MALL DR,,,,50,25,26,,,N,,16220
2019131619FT31474,MONMOUTH,FREEHOLD TWP,11/27/2019,WE,1218,01,FREEHOLD TWP PD,,0,0,0,0,P,B,N,N,02,2,MONMOUTH COUNTY 55,,55,,13000055__,2.96,05,,03,05,02,01,01,01,05,01,264,FE,S,CR 46 / DUTCH LANE RD,,,,50,45,26,,,N,,16220
2019131619FT31478,MONMOUTH,FREEHOLD TWP,11/27/2019,WE,1234,01,FREEHOLD TWP PD,,0,0,0,0,P,I,N,N,11,1,MONMOUTH COUNTY 55,,55,,13000055__,1.77,05,,01,04,02,01,01,01,05,01,,AT,,TUSCAN DR,,,,50,25,56,,,N,,16220
2019131619FT31523,MONMOUTH,FREEHOLD TWP,11/27/2019,WE,2024,01,FREEHOLD TWP PD,,0,0,0,0,P,B,N,N,01,2,US 9,S,9,,00000009__,114.27,02,,01,04,02,01,06,01,01,01,300,FE,S,NJ 33 BUSINESS / PARK AVE,,,,50,45,26,,,N,,16234
2019131619FT31539,MONMOUTH,FREEHOLD TWP,11/28/2019,TH,0152,01,FREEHOLD TWP PD,,0,1,0,0,I,B,Y,N,11,1,ROUTE 537,,537,,00000537__,50.00,05,,01,04,02,01,06,01,05,01,300,FE,W,REDWOOD LN,,,,40,25,,,,N,APPROX 100 FT OF WOODEN FENCING BELONGING TO VILLAGE CENTER DRIVE WAS DESTROYED.,16242
2019131619FT31597,MONMOUTH,FREEHOLD TWP,11/28/2019,TH,2132,01,FREEHOLD TWP PD,,0,1,0,0,I,B,N,N,01,3,NJ 33 BUSINESS,W,33,B,00000033B_,2.35,02,,01,04,02,01,06,01,02,01,5,FE,E,US 9,,,,45,50,26,,,N,,
2019131619FT31680,MONMOUTH,FREEHOLD TWP,11/29/2019,FR,1709,01,FREEHOLD TWP PD,,0,0,0,0,P,B,N,N,01,2,US 9,S,9,,00000009__,112.77,02,,01,04,02,01,06,01,02,01,100,FE,N,NJ 79 / SCHANCK RD / SOUTH ST,,,,50,35,26,,,N,,16261
2019131619FT31687,MONMOUTH,FREEHOLD TWP,11/29/2019,FR,1807,01,FREEHOLD TWP PD,,0,0,0,0,P,B,N,N,01,2,US 9,S,9,,00000009__,114.29,02,,01,04,02,01,06,01,04,01,200,FE,S,NJ 33 BUSINESS / PARK AVE,,,,50,35,26,,,N,,16266
2019131619FT31756,MONMOUTH,FREEHOLD TWP,11/30/2019,SA,1056,01,FREEHOLD TWP PD,,0,0,0,0,P,B,N,N,06,2,KIRWAN CT **,,,,13161387__,.02,07,,01,04,02,01,00,00,05,01,950,FE,S,BOB FERRELL CT,,,,25,25,28,,,N,,16268
2019131619FT31786,MONMOUTH,FREEHOLD TWP,11/30/2019,SA,1640,01,FREEHOLD TWP PD,,0,1,0,0,I,I,N,N,03,2,ROUTE 537,,537,,00000537__,48.16,05,,01,04,02,01,07,01,05,01,,AT,,THOMPSON GROVE RD,,,,50,25,26,,,N,,16258
2019131619FT31796,MONMOUTH,FREEHOLD TWP,11/30/2019,SA,1934,01,FREEHOLD TWP PD,,0,0,0,0,P,B,N,N,02,2,US 9,N,9,,00000009__,112.86,02,,01,04,02,01,06,01,05,01,600,FE,N,NJ 79 / SCHANCK RD / SOUTH ST,,,,50,40,26,,,N,,16232
2019131619FT31797,MONMOUTH,FREEHOLD TWP,11/30/2019,SA,1942,01,FREEHOLD TWP PD,,0,0,0,0,P,B,N,N,01,2,US 9,N,9,,00000009__,114.14,02,,02,04,02,01,06,01,01,01,,,,,T,RACEWAY MALL DRIVE,,50,,26,,,N,,16258
2019131619FT31812,MONMOUTH,FREEHOLD TWP,11/30/2019,SA,2242,01,FREEHOLD TWP PD,,0,3,0,0,I,B,Y,N,04,2,ROUTE 537,,537,,00000537__,48.16,05,,01,04,02,01,06,01,05,01,20,FE,E,THOMPSON GROVE RD,,,,50,40,,,,N,,260
2019131619FT31863,MONMOUTH,FREEHOLD TWP,12/01/2019,SU,1916,01,FREEHOLD TWP PD,,0,0,0,0,P,B,N,N,01,2,US 9,S,9,,00000009__,112.20,02,,01,04,02,02,06,02,03,01,,,,,T,US 9,,50,,26,,,N,,16261
2019131619FT31904,MONMOUTH,FREEHOLD TWP,12/02/2019,MO,0907,01,FREEHOLD TWP PD,,0,0,0,0,P,B,N,N,01,2,US 9,N,9,,00000009__,111.31,02,,01,04,02,02,01,05,02,01,200,FE,S,ROUTE 524 / ELTON-ADELPHIA RD,,,,55,45,26,,,N,,16238
2019131619FT31908,MONMOUTH,FREEHOLD TWP,12/02/2019,MO,0952,01,FREEHOLD TWP PD,,0,1,0,0,I,B,N,N,01,2,SCHANCK RD,,,,13161329__,.00,07,,01,04,02,02,01,03,02,01,25,FE,W,US 9 / NJ 79,,,,35,50,26,,,N,,16229
2019131619FT31923,MONMOUTH,FREEHOLD TWP,12/02/2019,MO,1223,01,FREEHOLD TWP PD,,0,1,0,0,I,B,N,N,01,2,NJ 79,,79,,00000079__,.57,02,,01,04,02,02,01,03,05,01,25,FE,S,HELEN AVE,,,,35,25,26,,,N,,16229
2019131619FT31932,MONMOUTH,FREEHOLD TWP,12/02/2019,MO,1408,01,FREEHOLD TWP PD,,0,1,0,0,I,I,N,N,03,2,POND ROAD,E,,,,,07,,01,04,02,03,01,03,05,01,,AT,,WATERWORKS ROAD,,,,35,25,26,,,N,,263
2019131619FT31941,MONMOUTH,FREEHOLD TWP,12/02/2019,MO,1608,01,FREEHOLD TWP PD,,0,0,0,0,P,B,N,N,01,2,MONMOUTH COUNTY 23,,23,,13000023__,3.13,05,,01,04,02,02,03,03,05,01,50,FE,N,STRICKLAND RD,,,,45,35,26,,,N,,250
2019131619FT31976,MONMOUTH,FREEHOLD TWP,12/03/2019,TU,0734,01,FREEHOLD TWP PD,,0,0,0,0,P,B,N,N,06,2,500 KOZLOSKI RD,,,,,,06,,01,04,02,03,01,03,05,01,,,,CHILD ADVOCACY PARKING LOT,,,,,,26,,,N,,16246
2019131619FT31988,MONMOUTH,FREEHOLD TWP,12/03/2019,TU,0852,01,FREEHOLD TWP PD,,0,1,0,0,I,B,N,N,01,2,MONMOUTH COUNTY 55,,55,,13000055__,.05,05,,01,04,02,02,01,01,05,01,250,FE,N,WILLOWBROOK RD,,,,50,40,26,,,N,,16239
2019131619FT31998,MONMOUTH,FREEHOLD TWP,12/03/2019,TU,1138,01,FREEHOLD TWP PD,,0,0,0,0,P,B,N,N,02,2,US 9,N,9,,00000009__,114.15,02,,01,04,02,01,01,01,05,01,50,FE,N,RACEWAY MALL DR,,,,50,25,26,,,N,,16239
2019131619FT32009,MONMOUTH,FREEHOLD TWP,12/03/2019,TU,1507,01,FREEHOLD TWP PD,,0,1,0,0,I,B,N,N,01,2,ROUTE 537,,537,,00000537__,53.31,05,,01,04,02,01,01,01,05,01,15,FE,E,HARDING RD / WILSON AVE,,,,45,25,26,,,N,,16238
2019131619FT32013,MONMOUTH,FREEHOLD TWP,12/03/2019,TU,1543,01,FREEHOLD TWP PD,,0,0,0,0,P,B,N,N,02,2,ROUTE 537,,537,,00000537__,50.06,05,,01,04,02,01,01,01,04,01,200,FE,E,VILLAGE CENTER DRIVE,,,,45,25,26,,,N,,16250
2019131619FT32038,MONMOUTH,FREEHOLD TWP,12/03/2019,TU,2345,01,FREEHOLD TWP PD,,0,0,0,0,P,I,N,N,03,2,ROUTE 537,,537,,00000537__,50.26,05,,01,04,02,01,06,01,05,01,,AT,,STILLWELLS CORNER RD / WEMROCK RD,,,,40,35,26,,,N,,16242
2019131619FT32049,MONMOUTH,FREEHOLD TWP,12/04/2019,WE,0637,01,FREEHOLD TWP PD,,0,2,0,0,I,B,N,N,01,2,MONMOUTH COUNTY 23,,23,,13000023__,3.83,05,,01,04,02,01,02,01,05,01,400,FE,S,ROUTE 524 / ELTON-ADELPHIA RD,,,,45,40,26,,,N,,16242
2019131619FT32064,MONMOUTH,FREEHOLD TWP,12/04/2019,WE,1031,01,FREEHOLD TWP PD,,0,1,0,0,I,B,N,N,01,2,US 9,S,9,,00000009__,110.91,02,,01,04,02,01,01,05,05,01,50,FE,N,EDINBURGH DR,,,,55,25,26,,,N,,16255
2019131619FT32074,MONMOUTH,FREEHOLD TWP,12/04/2019,WE,1228,01,FREEHOLD TWP PD,,0,0,0,0,P,B,N,N,08,2,2500 KOZLOSKI RD,,,,,,06,,01,04,02,01,01,01,05,01,,,,MON CTY SHERIFF'S OFFICE,,,,,,26,,,N,,16218
2019131619FT32101,MONMOUTH,FREEHOLD TWP,12/04/2019,WE,1743,01,FREEHOLD TWP PD,,0,0,0,0,P,B,N,N,12,1,ROUTE 527,,527,,00000527__,20.25,05,,01,04,02,01,07,01,05,01,1320,FE,N,COTRELL ROAD,,,,50,25,24,,,N,,16258
2019131619FT32103,MONMOUTH,FREEHOLD TWP,12/04/2019,WE,1757,01,FREEHOLD TWP PD,,0,0,0,0,P,B,N,N,02,2,ROUTE 524,,524,,00000524__,25.06,05,,01,04,02,01,06,01,05,01,100,FE,E,CR 23 / JACKSON MILL RD,,,,45,45,26,,,N,,16231
2019131619FT32104,MONMOUTH,FREEHOLD TWP,12/04/2019,WE,1758,01,FREEHOLD TWP PD,,0,0,0,0,P,I,N,N,04,2,SCHANCK RD,,,,13161329__,1.14,07,,01,04,02,01,06,01,05,01,,AT,,STILLWELLS CORNER RD,,,,35,35,26,,,N,,16258
2019131619FT32145,MONMOUTH,FREEHOLD TWP,12/05/2019,TH,0845,01,FREEHOLD TWP PD,,0,0,0,0,P,B,N,N,01,2,US 9,N,9,,00000009__,111.25,02,,01,04,02,02,01,01,03,01,528,FE,S,ROUTE 524 / ELTON-ADELPHIA RD,,,,50,45,26,,,N,DAMAGE TO NJDOT FENCE,16220
2019131619FT32193,MONMOUTH,FREEHOLD TWP,12/05/2019,TH,1329,01,FREEHOLD TWP PD,,0,1,0,0,I,B,N,N,01,2,US 9,S,9,,00000009__,114.90,02,,03,06,02,01,01,01,01,01,30,FE,,,F,ROUTE 522,WB,55,,26,,,N,,16220
2019131619FT32211,MONMOUTH,FREEHOLD TWP,12/05/2019,TH,1741,01,FREEHOLD TWP PD,,0,0,0,0,P,B,N,N,12,1,NJ 33,W,33,,00000033__,25.59,02,,01,04,02,01,05,01,01,01,500,FE,W,WEMROCK RD,,,,55,35,24,,,N,,16259
2019131619FT32212,MONMOUTH,FREEHOLD TWP,12/05/2019,TH,1743,01,FREEHOLD TWP PD,,0,0,0,0,P,B,N,N,02,2,US 9,S,9,,00000009__,112.74,02,,01,04,02,01,07,01,03,01,50,FE,S,NJ 79 / SCHANCK RD / SOUTH ST,,,,50,35,26,,,N,,16243
2019131619FT32219,MONMOUTH,FREEHOLD TWP,12/05/2019,TH,1916,01,FREEHOLD TWP PD,,0,0,0,0,P,B,N,N,01,2,US 9,N,9,,00000009__,112.17,02,,01,04,02,01,06,01,05,01,350,FE,S,THREE BROOKS RD,,,,50,25,26,,,N,,16232
2019131619FT32311,MONMOUTH,FREEHOLD TWP,12/06/2019,FR,1641,01,FREEHOLD TWP PD,,0,0,0,0,P,I,N,N,03,2,WEMROCK RD,,,,13161020__,,07,,01,04,02,02,06,02,05,01,,AT,,MOUNT CORNER DRIVE,,,,35,25,26,,,N,,16258
2019131619FT32410,MONMOUTH,FREEHOLD TWP,12/07/2019,SA,1034,01,FREEHOLD TWP PD,,0,0,0,0,P,B,N,N,01,2,NJ 33,,33,,00000033__,25.62,02,,01,04,02,01,01,01,05,01,300,FE,W,WEMROCK RD,,,,50,50,26,,,N,,16220
2019131619FT32442,MONMOUTH,FREEHOLD TWP,12/07/2019,SA,2010,01,FREEHOLD TWP PD,,0,0,0,0,P,B,N,N,02,2,MONMOUTH COUNTY 55,,55,,13000055__,1.54,05,,01,04,02,01,06,01,05,01,5,FE,N,FRENEAU BLVD,,,,50,25,26,,,N,,16258
2019131619FT32457,MONMOUTH,FREEHOLD TWP,12/07/2019,SA,2257,01,FREEHOLD TWP PD,,0,0,0,0,P,I,Y,N,12,1,MONMOUTH COUNTY 23,,23,,13000023__,3.34,05,,01,04,02,01,06,01,05,01,,AT,,HIGH JUMP RD,,,,45,25,24,,,N,,16260
2019131619FT32499,MONMOUTH,FREEHOLD TWP,12/08/2019,SU,1101,01,FREEHOLD TWP PD,,0,3,0,0,I,B,N,N,01,2,US 9,N,9,,00000009__,116.26,02,,01,04,02,01,01,01,01,01,50,FE,S,CRAIG RD / EAST FREEHOLD RD,,,,55,35,26,,,N,,16239
2019131619FT32510,MONMOUTH,FREEHOLD TWP,12/08/2019,SU,1534,01,FREEHOLD TWP PD,,0,0,0,0,P,I,N,N,03,2,MONMOUTH COUNTY 23,,23,,13000023__,3.51,05,,01,04,02,01,01,01,05,01,,AT,,POLO CLUB DR,,,,45,25,26,,,N,,16267
2019131619FT32516,MONMOUTH,FREEHOLD TWP,12/08/2019,SU,1629,01,FREEHOLD TWP PD,,0,1,0,0,I,B,N,N,11,1,STONE HILL RD **,,,,13091132__,,07,,01,04,02,01,01,01,05,01,300,FE,S,CR 53,,,,35,35,52,,,N,UTILITY POLE JC1503FT,16231
2019131619FT32525,MONMOUTH,FREEHOLD TWP,12/08/2019,SU,2002,01,FREEHOLD TWP PD,,0,2,0,0,I,B,N,N,01,3,US 9,S,9,,00000009__,115.38,02,,01,04,02,01,06,01,02,01,50,FE,N,SCHIBANOFF LN,,,,55,15,26,,,N,,
2019131619FT32566,MONMOUTH,FREEHOLD TWP,12/09/2019,MO,1302,01,FREEHOLD TWP PD,,0,0,0,0,P,B,N,N,11,1,US 9,S,9,,00000009__,116.28,02,,01,04,02,02,01,05,01,01,30,FE,N,CRAIG RD / EAST FREEHOLD RD,,,,50,35,69,,,N,TOWNSHIP GARBAGE CAN,247
2019131619FT32573,MONMOUTH,FREEHOLD TWP,09/05/2019,TH,1204,01,FREEHOLD TWP PD,,0,1,0,0,I,B,N,N,01,2,ROUTE 537,,537,,00000537__,51.26,05,,01,04,02,01,01,05,05,01,5280,FE,E,STILLWELLS CORNER RD / WEMROCK RD,,,,40,35,26,,,N,,16255
2019131619FT32586,MONMOUTH,FREEHOLD TWP,12/09/2019,MO,2135,01,FREEHOLD TWP PD,,0,0,0,0,P,B,N,N,01,2,US 9,S,9,,00000009__,115.30,02,,01,04,02,02,04,02,02,01,250,FE,N,SCHIBANOFF LANE,,,,50,20,26,,,N,,16202
2019131619FT32588,MONMOUTH,FREEHOLD TWP,12/09/2019,MO,1659,01,FREEHOLD TWP PD,,0,0,0,0,P,I,N,N,01,3,ROUTE 537,E,537,,00000537__,51.00,05,,01,04,02,02,06,02,05,01,,AT,,SCHLECHTWEG WAY,,,,40,15,26,,,N,,16261
2019131619FT32685,MONMOUTH,FREEHOLD TWP,12/11/2019,WE,0504,01,FREEHOLD TWP PD,,0,0,0,0,P,B,N,N,11,1,NJ 33 BUSINESS,,33,B,00000033B_,5.49,02,,01,04,02,03,06,03,05,01,900,FE,E,CROW HILL RD / SHORE POINT DR,,,,45,25,52,,,N,MINIMAL DAMAGE TO A UTILITY POLE (#JC2265FR),16253
2019131619FT32700,MONMOUTH,FREEHOLD TWP,12/11/2019,WE,1331,01,FREEHOLD TWP PD,,0,0,0,0,P,I,N,N,03,2,ELY HARMONY RD,,,,13321049__,.32,07,,01,04,02,02,01,01,05,01,,AT,,PITTENGER POND RD,,,,45,25,26,,,N,,16218
2019131619FT32740,MONMOUTH,FREEHOLD TWP,12/12/2019,TH,0041,01,FREEHOLD TWP PD,,0,0,0,0,P,B,N,N,01,2,ROUTE 537,,537,,00000537__,53.93,05,,01,04,02,01,07,01,05,01,10,FE,E,CR 55 / KOZLOSKI RD,,,,50,50,26,,,N,,16242
2019131619FT32782,MONMOUTH,FREEHOLD TWP,12/12/2019,TH,1237,01,FREEHOLD TWP PD,,0,0,0,0,P,B,N,N,02,2,US 9,,9,,00000009__,111.45,02,,01,04,02,01,01,01,02,01,528,FE,N,ROUTE 524 / ELTON-ADELPHIA RD,,,,50,45,26,,,N,,16229