Year(4)-CountyCode(2)-MunicipalityCode(2)-CaseNumber(9),County Name,Municipality Name,Crash Date,Crash Day of Week,Crash Time,Police Department Code,Police Department,Police Station,Total Killed,Total Injured,Pedestrians Killed,Pedestrians Injured,Severity,Intersection,Alcohol Involved,Hazmat Involved,Crash Type,Total Vehicles,Location,Location Direction,Route,Route Suffix,Std Rte Identifier,MilePost,Road System,Road Character,Road Horizontal Alignment,Road Grade,Road Surface Type,Surface Condition,Light Condition,Environmental Condition,Road Divided By,Temporary Traffic Control Zone,Distance To Cross Street,Unit Of Measurement,Direction From Cross Street,Cross Street Name,Is Ramp,Ramp To/From Route Name,Ramp To/From Route Direction,Posted Speed,Posted Speed Cross Street,First Harmful Event,Latitude,Longitude,Cell Phone In Use Flag,Other Property Damage,Reporting Badge No.
2019131619FT32783,MONMOUTH,FREEHOLD TWP,12/12/2019,TH,1304,01,FREEHOLD TWP PD,,0,2,0,0,I,B,N,N,11,3,US 9,S,9,,00000009__,114.33,02,,03,04,02,01,01,01,01,01,,,,,T,NJ 33 BUSINESS,WB,55,,,,,N,SR 33 BUSINESS SIGNED KNOCKED OVER,16255
2019131619FT32787,MONMOUTH,FREEHOLD TWP,12/06/2019,FR,1200,01,FREEHOLD TWP PD,,0,0,0,0,P,B,N,N,08,2,68 JACKSON MILLS RD,,,,,,08,,01,04,02,01,01,01,05,01,,,,FRHLD TWP WATER TREATMENT PLANT,,,,,,28,,,N,,16189
2019131619FT32803,MONMOUTH,FREEHOLD TWP,12/12/2019,TH,1709,01,FREEHOLD TWP PD,,0,0,0,0,P,I,N,N,01,2,ROUTE 524,,524,,00000524__,24.59,05,,01,04,02,01,06,01,05,01,,AT,W,OLD POST RD,,,,40,25,26,,,N,,16258
2019131619FT32804,MONMOUTH,FREEHOLD TWP,12/12/2019,TH,1739,01,FREEHOLD TWP PD,,0,0,0,0,P,B,N,N,12,1,ASBURY AVE **,,,,13161129__,,07,,01,04,02,01,07,01,05,01,20,FE,W,DRESSAGE PLACE,,,,45,25,24,,,N,,16258
2019131619FT32865,MONMOUTH,FREEHOLD TWP,12/13/2019,FR,1431,01,FREEHOLD TWP PD,,0,0,0,0,P,B,N,N,11,1,WEMROCK RD,,,,13161020__,1.78,07,,01,04,02,02,01,02,05,01,75,FE,S,ROUTE 522 / FREEHOLD-ENGLISHTOWN RD,,,,50,45,42,,,N,CON-RAIL BRIDGE OVERHEAD,16220
2019131619FT32873,MONMOUTH,FREEHOLD TWP,12/13/2019,FR,1612,01,FREEHOLD TWP PD,,0,0,0,0,P,B,N,N,02,2,ROUTE 524,,524,,00000524__,25.21,05,,01,04,02,02,01,02,05,01,20,FE,W,US 9,,,,35,50,26,,,N,,16258
2019131619FT32889,MONMOUTH,FREEHOLD TWP,12/13/2019,FR,2056,01,FREEHOLD TWP PD,,0,0,0,0,P,B,N,N,11,1,US 9,S,9,,00000009__,113.05,02,,01,04,02,02,06,02,01,01,1584,FE,N,NJ 79 / SCHANCK RD / SOUTH ST,,,,50,35,56,,,N,MCCDONALDS ENTRANCE LANDSCAPING,16259
2019131619FT32903,MONMOUTH,FREEHOLD TWP,12/14/2019,SA,0452,01,FREEHOLD TWP PD,,0,0,0,0,P,B,N,N,11,1,ROUTE 537,E,537,,00000537__,51.07,05,,03,04,02,02,07,02,05,01,,,,,F,TROTTERS WAY,,45,,56,,,N,,16268
2019131619FT32947,MONMOUTH,FREEHOLD TWP,12/14/2019,SA,1713,01,FREEHOLD TWP PD,,0,0,0,0,P,I,N,N,02,4,ROUTE 524,,524,,00000524__,25.04,05,,01,04,02,02,06,01,05,01,,AT,,CR 23 / JACKSON MILL RD,,,,40,45,26,,,N,,16261
2019131619FT32955,MONMOUTH,FREEHOLD TWP,12/14/2019,SA,1905,01,FREEHOLD TWP PD,,0,0,0,0,P,B,N,N,01,2,US 9,N,9,,00000009__,111.33,02,,01,04,02,02,06,02,03,01,100,FE,S,ROUTE 524 / ELTON-ADELPHIA RD,,,,50,40,26,,,N,,16266
2019131619FT32956,MONMOUTH,FREEHOLD TWP,12/14/2019,SA,1901,01,FREEHOLD TWP PD,,0,0,0,0,P,I,N,N,02,2,ROUTE 537,,537,,00000537__,51.07,05,,01,04,02,01,06,01,05,01,,AT,,TROTTERS LN / TROTTERS WAY,,,,40,30,26,,,N,,265
2019131619FT32995,MONMOUTH,FREEHOLD TWP,12/15/2019,SU,0752,01,FREEHOLD TWP PD,,0,0,0,0,P,B,N,N,02,2,ROUTE 524,,524,,00000524__,25.50,05,,01,04,02,01,01,01,05,01,100,FE,W,HALLS MILL RD,,,,40,35,26,,,N,,16246
2019131619FT33002,MONMOUTH,FREEHOLD TWP,12/15/2019,SU,1053,01,FREEHOLD TWP PD,,0,0,0,0,P,B,N,N,01,2,US 9,N,9,,00000009__,112.07,02,,01,04,02,01,01,01,03,01,528,FE,N,CAMPBELL CT,,,,50,25,26,,,N,,16268
2019131619FT33018,MONMOUTH,FREEHOLD TWP,12/15/2019,SU,1547,01,FREEHOLD TWP PD,,0,0,0,0,P,B,N,N,01,3,ROUTE 537,W,537,,00000537__,50.65,05,,01,04,02,01,01,01,04,01,10,FE,E,GIBSON RD,,,,40,25,26,,,N,,261
2019131619FT33029,MONMOUTH,FREEHOLD TWP,12/15/2019,SU,1744,01,FREEHOLD TWP PD,,0,0,0,0,P,B,N,N,12,1,NJ 33,E,33,,00000033__,26.18,02,,01,04,02,01,05,01,03,01,2640,FE,E,WEMROCK RD,,,,55,50,24,,,N,,266
2019131619FT33031,MONMOUTH,FREEHOLD TWP,12/15/2019,SU,1733,01,FREEHOLD TWP PD,,0,0,0,0,P,B,N,N,02,2,ROUTE 537,,537,,00000537__,50.06,05,,01,04,02,01,06,01,05,01,15,FE,W,REDWOOD LN,,,,40,25,26,,,N,,261
2019131619FT33041,MONMOUTH,FREEHOLD TWP,12/15/2019,SU,2004,01,FREEHOLD TWP PD,,0,0,0,0,P,B,N,N,01,2,US 9,S,9,,00000009__,113.25,02,,01,04,02,01,07,01,02,01,2640,FE,N,NJ 79 / SCHANCK RD / SOUTH ST,,,,50,35,26,,,N,MCDONALDS EXIT SIGN,16250
2019131619FT33060,MONMOUTH,FREEHOLD TWP,12/16/2019,MO,0232,01,FREEHOLD TWP PD,,0,0,0,0,P,B,N,N,12,1,US 9,S,9,,00000009__,114.62,02,,01,04,02,01,06,01,01,01,1320,FE,S,ROUTE 522 / ENGLISHTOWN RD / THROCK,,,,50,35,24,,,N,,16242
2019131619FT33062,MONMOUTH,FREEHOLD TWP,12/16/2019,MO,0537,01,FREEHOLD TWP PD,,0,0,0,0,P,B,N,N,06,2,260 SOUTH STREET,,,,,,09,,01,06,02,01,01,01,05,01,,,,SOUTH GATE MANOR ACCESS ROAD,,,,,,28,,,N,,16238
2019131619FT33162,MONMOUTH,FREEHOLD TWP,12/16/2019,MO,2054,01,FREEHOLD TWP PD,,0,0,0,0,P,I,N,N,12,1,WATERWORKS ROAD,S,,,,,07,,01,04,02,02,06,02,05,01,,AT,,EDWARDS ROAD,,,,25,25,24,,,N,,260
2019131619FT33192,MONMOUTH,FREEHOLD TWP,12/17/2019,TU,1049,01,FREEHOLD TWP PD,,0,0,0,0,P,I,N,N,03,2,POND RD,,,,,,07,,01,04,02,02,01,02,05,01,,AT,,WATERWORKS RD,,,,35,25,26,,,N,,16239
2019131619FT33196,MONMOUTH,FREEHOLD TWP,12/17/2019,TU,1158,01,FREEHOLD TWP PD,,0,0,0,0,P,B,N,N,01,2,SCHANCK RD,,,,13161329__,.00,07,,01,04,02,02,01,02,02,01,25,FE,W,US 9 / NJ 79,,,,35,50,26,,,N,,16244
2019131619FT33212,MONMOUTH,FREEHOLD TWP,12/17/2019,TU,1623,01,FREEHOLD TWP PD,,0,0,0,0,P,B,N,N,01,2,US 9,S,9,,00000009__,112.35,02,,01,04,02,02,03,02,05,01,2112,FE,S,NJ 79 / SCHANCK RD / SOUTH ST,,,,50,35,26,,,N,,16260
2019131619FT33215,MONMOUTH,FREEHOLD TWP,12/17/2019,TU,1832,01,FREEHOLD TWP PD,,0,0,0,0,P,B,N,N,06,2,WELLINGTON RD **,,,,13161138__,,07,,01,04,02,02,06,02,05,01,100,FE,E,BRITTANY AVE,,,,25,25,26,,,N,,265
2019131619FT33240,MONMOUTH,FREEHOLD TWP,12/18/2019,WE,0959,01,FREEHOLD TWP PD,,0,0,0,0,P,B,N,N,06,2,281 ELTON ADELPHIA ROAD,,,,,,09,,01,04,02,01,01,01,05,01,,,,FREEHOLD TOWNSHIP HIGH SCHOOL,,,,,,26,,,N,,16220
2019131619FT33260,MONMOUTH,FREEHOLD TWP,12/18/2019,WE,1448,01,FREEHOLD TWP PD,,0,0,0,0,P,B,N,N,03,2,ROUTE 537,,537,,00000537__,50.40,05,,01,04,02,01,01,01,05,01,528,FE,W,CASTRONOVA WAY / FREEHOLD MARKETPLA,,,,40,25,26,,,N,,16255
2019131619FT33273,MONMOUTH,FREEHOLD TWP,12/18/2019,WE,1749,01,FREEHOLD TWP PD,,0,0,0,0,P,B,N,N,12,1,ROUTE 527,,527,,00000527__,22.04,05,,03,04,02,01,05,01,05,01,2112,FE,S,ROUTE 524 / ROUTE 547,,,,45,50,24,,,N,,16234
2019131619FT33287,MONMOUTH,FREEHOLD TWP,12/18/2019,WE,2039,01,FREEHOLD TWP PD,,0,1,0,0,I,B,N,N,01,2,US 9,S,9,,00000009__,113.40,02,,01,04,02,01,06,01,02,01,1848,FE,,ROUTE 537,,,,50,40,26,,,N,,234
2019131619FT33357,MONMOUTH,FREEHOLD TWP,12/19/2019,TH,1425,01,FREEHOLD TWP PD,,0,0,0,0,P,B,N,N,02,2,ROUTE 537,,537,,00000537__,50.05,05,,01,04,02,01,01,01,05,01,75,FE,W,REDWOOD LN,,,,40,25,26,,,N,,16220
2019131619FT33370,MONMOUTH,FREEHOLD TWP,12/19/2019,TH,1742,01,FREEHOLD TWP PD,,0,0,0,0,P,B,N,N,01,2,NJ 33 BUSINESS,W,33,B,00000033B_,3.83,02,,01,04,02,01,06,01,04,01,10,FE,W,TRUMBULL RD,,,,40,25,26,,,N,,16266
2019131619FT33391,MONMOUTH,FREEHOLD TWP,12/19/2019,TH,1947,01,FREEHOLD TWP PD,,0,0,0,0,P,B,N,N,01,2,US 9,N,9,,00000009__,111.35,02,,03,04,02,01,06,01,03,01,5,FE,N,,T,ELTON ADELPHIA ROAD,EB,50,,26,,,N,,16258
2019131619FT33459,MONMOUTH,FREEHOLD TWP,12/20/2019,FR,1424,01,FREEHOLD TWP PD,,0,0,0,0,P,B,N,N,02,2,US 9,N,9,,00000009__,115.47,02,,01,05,02,01,01,01,01,01,528,FE,N,SCHIBANOFF LN,,,,50,25,26,,,N,,16189
2019131619FT33460,MONMOUTH,FREEHOLD TWP,12/20/2019,FR,1435,01,FREEHOLD TWP PD,,0,0,0,0,P,I,N,N,03,2,ROUTE 537,E,537,,00000537__,50.26,05,,01,04,02,01,01,01,04,01,,AT,,STILLWELLS CORNER RD / WEMROCK RD,,,,40,50,26,,,N,,16257
2019131619FT33461,MONMOUTH,FREEHOLD TWP,12/20/2019,FR,1437,01,FREEHOLD TWP PD,,0,0,0,0,P,B,N,N,01,3,US 9,N,9,,00000009__,114.23,02,,01,04,02,01,01,01,01,01,528,FE,S,NJ 33 BUSINESS / PARK AVE,,,,50,45,26,,,N,,16229
2019131619FT33468,MONMOUTH,FREEHOLD TWP,12/20/2019,FR,1500,01,FREEHOLD TWP PD,,0,0,0,0,P,B,N,N,01,2,ROUTE 537,W,537,,00000537__,50.82,05,,01,04,02,01,01,01,05,01,1320,FE,W,TROTTERS LN / TROTTERS WAY,,,,40,35,26,,,N,,16261
2019131619FT3346?,MONMOUTH,FREEHOLD TWP,12/20/2019,FR,1500,01,FREEHOLD TWP PD,,0,0,0,0,P,B,N,N,01,2,ROUTE 537,W,537,,00000537__,50.82,05,,01,04,02,01,01,01,05,01,1320,FE,W,TROTTERS LN / TROTTERS WAY,,,,40,35,26,,,N,,16261
2019131619FT33474,MONMOUTH,FREEHOLD TWP,12/20/2019,FR,1607,01,FREEHOLD TWP PD,,0,0,0,0,P,I,N,N,03,2,NJ 33 BUSINESS,E,33,B,00000033B_,1.74,02,,01,04,02,01,03,01,05,01,,AT,,CARDIGAN BAY RD,,,,45,25,26,,,N,,16259
2019131619FT33486,MONMOUTH,FREEHOLD TWP,12/20/2019,FR,1823,01,FREEHOLD TWP PD,,0,0,0,0,P,B,N,N,01,2,US 9,N,9,,00000009__,114.38,02,,01,04,02,01,06,01,01,01,250,FE,N,NJ 33 BUSINESS / PARK AVE,,,,50,35,26,,,N,,16259
2019131619FT33492,MONMOUTH,FREEHOLD TWP,12/20/2019,FR,1950,01,FREEHOLD TWP PD,,0,0,0,0,P,I,N,N,12,1,NJ 79,N,79,,00000079__,3.83,02,,01,04,02,01,06,01,05,01,,AT,,KIRWAN CT,,,,45,25,24,,,N,,16258
2019131619FT33525,MONMOUTH,FREEHOLD TWP,12/21/2019,SA,0225,01,FREEHOLD TWP PD,,0,0,0,0,P,I,Y,N,07,2,US 9,S,9,,00000009__,116.27,02,,01,04,02,01,06,01,01,01,,AT,,CRAIG RD / EAST FREEHOLD RD,,,,55,35,26,,,N,,16246
2019131619FT33687,MONMOUTH,FREEHOLD TWP,12/22/2019,SU,1743,01,FREEHOLD TWP PD,,0,0,0,0,P,B,N,N,11,1,BUCKINGHAM WAY **,N,,,13161022__,.09,07,,01,04,02,01,06,01,05,01,10,FE,N,CAMBRIDGE RD,,,,25,25,,,,N,UTILITY POLE JC3488FRT STRUCK. JCP&L NOTIFIED FOR PRECAUTIONARY PURPOSES,16230
2019131619FT33713,MONMOUTH,FREEHOLD TWP,12/23/2019,MO,0755,01,FREEHOLD TWP PD,,0,0,0,0,P,B,N,N,01,2,US 9,S,9,,00000009__,112.76,02,,01,04,02,01,01,01,02,01,75,FE,N,NJ 79 / SCHANCK RD / SOUTH ST,,,,50,35,26,,,Y,,16262
2019131619FT33724,MONMOUTH,FREEHOLD TWP,12/23/2019,MO,1000,01,FREEHOLD TWP PD,,0,1,0,0,I,B,N,N,10,1,MONMOUTH COUNTY 55,S,55,,13000055__,1.94,05,,01,05,02,01,01,01,02,01,1478,FE,S,BURLINGTON RD,,,,50,25,56,,,N,MONMOUTH COUNTY TRAFFIC SIGNAL METER BOARD,247
2019131619FT33729,MONMOUTH,FREEHOLD TWP,12/23/2019,MO,1522,01,FREEHOLD TWP PD,,0,0,0,0,P,B,N,N,11,1,KINGS MOUNTAIN RD **,,,,13161091__,.18,07,,01,04,02,01,01,01,05,01,350,FE,S,WOODS RD,,,,25,25,52,,,N,JCPL LIGHT POLE #104 - BROKEN AT BASE,16262
2019131619FT33741,MONMOUTH,FREEHOLD TWP,12/23/2019,MO,1306,01,FREEHOLD TWP PD,,0,0,0,0,P,B,N,N,02,2,WEMROCK RD,N,,,13161020__,.23,07,,01,05,02,01,01,01,05,01,75,FE,N,NJ 33,,,,50,55,26,,,N,,247
2019131619FT33750,MONMOUTH,FREEHOLD TWP,12/23/2019,MO,1348,01,FREEHOLD TWP PD,,0,0,0,0,P,B,N,N,02,2,CASTRONOVA WAY,W,,,,,07,,02,04,02,01,01,01,05,01,200,FE,W,GIBSON WAY,,,,35,25,26,,,N,,247
2019131619FT33767,MONMOUTH,FREEHOLD TWP,12/23/2019,MO,1550,01,FREEHOLD TWP PD,,0,0,0,0,P,B,N,N,11,1,250 CENTER ST,,,,,,06,,01,04,02,01,01,01,05,02,,,,MONMOUTH COUNTY PUBLIC WORKS,,,,,,69,,,N,ALUMINUM DAMAGE TO SIDE OF BUILDING G OF 250 CENTER STREET,16250
2019131619FT33775,MONMOUTH,FREEHOLD TWP,12/23/2019,MO,1725,01,FREEHOLD TWP PD,,0,0,0,0,P,B,N,N,02,2,ROUTE 537,E,537,,00000537__,50.06,05,,01,04,02,01,06,01,05,01,25,FE,W,REDWOOD LN,,,,45,25,26,,,N,,230
2019131619FT33777,MONMOUTH,FREEHOLD TWP,12/23/2019,MO,1801,01,FREEHOLD TWP PD,,0,0,0,0,P,B,N,N,01,2,US 9,N,9,,00000009__,116.27,02,,01,04,02,01,07,01,01,01,0,FE,N,CRAIG RD / EAST FREEHOLD RD,,,,55,35,26,,,N,,16234
2019131619FT33813,MONMOUTH,FREEHOLD TWP,12/24/2019,TU,1011,01,FREEHOLD TWP PD,,0,0,0,0,P,B,N,N,03,2,WINNERS CIRCLE,,,,,,09,,01,05,02,01,01,01,05,01,2640,FE,W,TROTTERS WAY,,,,25,30,26,,,N,,247
2019131619FT33827,MONMOUTH,FREEHOLD TWP,12/24/2019,TU,1312,01,FREEHOLD TWP PD,,0,1,0,0,I,B,N,N,01,2,ROUTE 537,W,537,,00000537__,50.82,05,,01,04,02,01,01,01,05,01,1320,FE,W,TROTTERS LN / TROTTERS WAY,,,,45,35,26,,,N,,247
2019131619FT33828,MONMOUTH,FREEHOLD TWP,12/24/2019,TU,1314,01,FREEHOLD TWP PD,,0,0,0,0,P,I,N,N,01,2,ROUTE 537,S,537,,00000537__,51.07,05,,01,04,02,01,01,01,05,01,,AT,,,F,TROTTERS WAY,SB,40,,26,,,N,,16239
2019131619FT33851,MONMOUTH,FREEHOLD TWP,12/24/2019,TU,1655,01,FREEHOLD TWP PD,,0,0,0,0,P,B,N,N,02,2,US 9,S,9,,00000009__,111.70,02,,01,04,02,01,07,01,03,01,1000,FE,N,JACKSON MILL RD,,,,50,45,26,,,N,,234
2019131619FT33853,MONMOUTH,FREEHOLD TWP,12/24/2019,TU,1706,01,FREEHOLD TWP PD,,0,0,0,0,P,B,N,N,12,1,MONMOUTH COUNTY 23,N,23,,13000023__,3.91,05,,01,04,02,01,07,01,05,01,200,FE,N,ROUTE 524 / ELTON-ADELPHIA RD,,,,45,45,24,,,N,,234
2019131619FT33856,MONMOUTH,FREEHOLD TWP,12/24/2019,TU,1730,01,FREEHOLD TWP PD,,0,0,0,0,P,B,N,N,11,1,NJ 33,W,33,,00000033__,27.70,02,,03,04,02,01,07,01,02,01,100,FE,W,,T,SOUTH STREET,NB,55,,46,,,N,GUARD RAIL (NJ DOT),234
2019131619FT33871,MONMOUTH,FREEHOLD TWP,12/25/2019,WE,0012,01,FREEHOLD TWP PD,,0,0,0,0,P,B,N,N,12,1,ROUTE 524,E,524,,00000524__,24.88,05,,01,04,02,01,06,01,05,01,100,FE,E,PATRIOT WAY,,,,45,25,24,,,N,,16256
2019131619FT33893,MONMOUTH,FREEHOLD TWP,12/25/2019,WE,1750,01,FREEHOLD TWP PD,,0,0,0,0,P,B,N,N,02,2,ROUTE 537,E,537,,00000537__,49.37,05,,01,04,02,01,07,01,05,01,80,FE,E,SENTINEL RD,,,,45,25,26,,,N,,16232
2019131619FT33959,MONMOUTH,FREEHOLD TWP,12/26/2019,TH,1403,01,FREEHOLD TWP PD,,0,0,0,0,P,B,N,N,11,1,MONMOUTH COUNTY 23,S,23,,13000023__,2.03,05,,03,04,02,01,01,01,05,01,100,FE,S,GEISLER LN,,,,45,25,52,,,N,VERIZON POLE #1590 & NJNG VENT TUBE,16220
2019131619FT33966,MONMOUTH,FREEHOLD TWP,12/26/2019,TH,1543,01,FREEHOLD TWP PD,,0,0,0,0,P,I,N,N,07,2,US 9,S,9,,00000009__,111.35,02,,01,04,02,01,01,01,02,01,,AT,,ROUTE 524 / ELTON-ADELPHIA RD,,,,50,40,26,,,N,,16202
2019131619FT33977,MONMOUTH,FREEHOLD TWP,12/26/2019,TH,1826,01,FREEHOLD TWP PD,,0,0,0,0,P,B,N,N,02,2,ROUTE 537,E,537,,00000537__,50.27,05,,01,04,02,01,06,01,05,01,50,FE,E,STILLWELLS CORNER RD / WEMROCK RD,,,,45,35,26,,,N,,16269
2019131619FT34008,MONMOUTH,FREEHOLD TWP,12/27/2019,FR,0743,01,FREEHOLD TWP PD,,0,0,0,0,P,B,N,N,02,2,US 9,N,9,,00000009__,110.90,02,,01,04,02,01,06,01,03,01,50,FE,S,EDINBURGH DR,,,,50,25,26,,,N,,16256
2019131619FT34013,MONMOUTH,FREEHOLD TWP,12/27/2019,FR,0806,01,FREEHOLD TWP PD,,0,0,0,0,P,B,N,N,11,1,TUSCAN DR **,E,,,13161304__,.01,07,,02,04,02,01,06,01,05,01,50,FE,E,CR 55 / KOSLOSKI DR,,,,25,50,69,,,N,STRUCTURAL DAMAGE TO RESIDENCE  DESTROYED MAILBOX  MINOR DAMAGE TO LAWN,16262
2019131619FT34034,MONMOUTH,FREEHOLD TWP,12/27/2019,FR,1102,01,FREEHOLD TWP PD,,0,0,0,0,P,B,N,N,02,2,ROUTE 537,E,537,,00000537__,55.04,05,,01,04,02,01,01,01,05,01,100,FE,W,HUNT DR / WALLING DR,,,,50,25,26,,,N,,16220
2019131619FT34085,MONMOUTH,FREEHOLD TWP,12/27/2019,FR,1724,01,FREEHOLD TWP PD,,0,0,0,0,P,I,N,N,03,2,ROUTE 537,S,537,,00000537__,48.16,05,,01,04,02,01,05,01,05,01,,AT,,THOMPSON GROVE RD,,,,50,35,26,,,N,,16259
2019131619FT34091,MONMOUTH,FREEHOLD TWP,12/27/2019,FR,1808,01,FREEHOLD TWP PD,,0,1,0,1,I,I,N,N,13,1,US 9,N,9,,00000009__,115.37,02,,01,04,02,01,06,01,02,01,,AT,,SCHIBANOFF LN,,,,50,20,22,,,N,,16259
2019131619FT34092,MONMOUTH,FREEHOLD TWP,12/27/2019,FR,1841,01,FREEHOLD TWP PD,,0,0,0,0,P,I,N,N,03,2,ROUTE 537,E,537,,00000537__,50.50,05,,01,04,02,01,06,01,05,01,,AT,,CASTRONOVA WAY / FREEHOLD MARKETPLA,,,,45,25,26,,,N,,16259
2019131619FT34190,MONMOUTH,FREEHOLD TWP,12/28/2019,SA,1658,01,FREEHOLD TWP PD,,0,0,0,0,P,B,N,N,01,2,US 9,S,9,,00000009__,111.31,02,,01,04,02,01,06,01,02,01,200,FE,S,ROUTE 524 / ELTON-ADELPHIA RD,,,,50,40,26,,,N,,16232
2019131619FT34199,MONMOUTH,FREEHOLD TWP,12/28/2019,SA,1824,01,FREEHOLD TWP PD,,0,0,0,0,P,B,N,N,01,2,SCHANCK RD,W,,,13161329__,.90,07,,01,04,02,01,06,01,05,01,100,FE,E,LANCASTER RD,,,,35,25,26,,,N,,265
2019131619FT34225,MONMOUTH,FREEHOLD TWP,12/28/2019,SA,2306,01,FREEHOLD TWP PD,,0,0,0,0,P,I,N,N,08,2,US 9,N,9,,00000009__,112.75,02,,01,04,02,01,06,01,02,01,,AT,,NJ 79 / SCHANCK RD / SOUTH ST,,,,50,40,26,,,N,,16253
2019131619FT34255,MONMOUTH,FREEHOLD TWP,12/29/2019,SU,1322,01,FREEHOLD TWP PD,,0,0,0,0,P,B,N,N,01,2,US 9,S,9,,00000009__,114.13,02,,01,04,02,01,01,01,01,01,50,FE,S,RACEWAY MALL DR,,,,50,25,26,,,N,,263
2019131619FT34267,MONMOUTH,FREEHOLD TWP,12/29/2019,SU,1614,01,FREEHOLD TWP PD,,0,0,0,0,P,B,N,N,01,2,US 9,S,9,,00000009__,112.72,02,,01,04,02,02,01,02,02,01,150,FE,S,NJ 79 / SCHANCK RD / SOUTH ST,,,,50,35,26,,,N,,234
2019131619FT34289,MONMOUTH,FREEHOLD TWP,12/29/2019,SU,2307,01,FREEHOLD TWP PD,,0,0,0,0,P,B,N,N,11,1,US 9,S,9,,00000009__,115.07,02,,01,06,02,02,06,02,02,01,1584,FE,S,SCHIBANOFF LN,,,,55,35,,,,N,,16266
2019131619FT34291,MONMOUTH,FREEHOLD TWP,12/30/2019,MO,0019,01,FREEHOLD TWP PD,,0,1,0,0,I,B,N,N,12,1,ROUTE 537,E,537,,00000537__,50.08,05,,01,04,02,02,07,02,05,01,100,FE,E,REDWOOD LN,,,,40,25,24,,,N,,16251
2019131619FT34323,MONMOUTH,FREEHOLD TWP,12/30/2019,MO,1055,01,FREEHOLD TWP PD,,0,0,0,0,P,B,N,N,01,2,NJ 33 BUSINESS,E,33,B,00000033B_,2.37,02,,01,04,02,02,01,02,02,01,100,FE,E,US 9,,,,50,55,26,,,N,,247
2019131619FT34325,MONMOUTH,FREEHOLD TWP,12/30/2019,MO,1116,01,FREEHOLD TWP PD,,0,1,0,0,I,I,N,N,03,2,ROUTE 537,W,537,,00000537__,51.07,05,,01,04,02,02,01,02,05,01,,AT,,TROTTERS LN / TROTTERS WAY,,,,40,35,26,,,N,,16263
2019131619FT34352,MONMOUTH,FREEHOLD TWP,12/30/2019,MO,1720,01,FREEHOLD TWP PD,,0,0,0,0,P,B,N,N,01,2,ROUTE 524,E,524,,00000524__,25.22,05,,01,04,02,02,06,02,05,01,50,FE,E,US 9,,,,45,50,26,,,N,,16259
2019131619FT34369,MONMOUTH,FREEHOLD TWP,12/30/2019,MO,2154,01,FREEHOLD TWP PD,,0,0,0,0,P,B,N,N,01,2,US 9,N,9,,00000009__,115.38,02,,01,04,02,02,07,02,02,01,50,FE,N,SCHIBANOFF LN,,,,55,20,26,,,N,,226
2019131619FT34403,MONMOUTH,FREEHOLD TWP,12/31/2019,TU,1421,01,FREEHOLD TWP PD,,0,0,0,0,P,B,N,N,02,2,US 9,S,9,,00000009__,114.29,02,,01,04,02,01,01,01,01,01,200,FE,S,NJ 33 BUSINESS / PARK AVE,,,,50,45,26,,,N,,16220
2019131619FT34412,MONMOUTH,FREEHOLD TWP,12/31/2019,TU,1707,01,FREEHOLD TWP PD,,0,0,0,0,P,B,N,N,01,2,ROUTE 537,W,537,,00000537__,51.07,05,,01,04,02,01,06,01,05,01,3,FE,N,,F,TROTTERS WAY,,40,,26,,,N,,16258
2019131619FT34427,MONMOUTH,FREEHOLD TWP,12/31/2019,TU,2037,01,FREEHOLD TWP PD,,0,0,0,0,P,B,N,N,01,2,CURRYTOWN LN **,E,,,,.15,07,,01,04,02,02,06,01,05,01,150,FE,E,CHAMBRY CT,,,,25,25,26,,,N,,265
2019131619OP06104,MONMOUTH,FREEHOLD TWP,07/10/2019,WE,0758,01,OCEANPORT PD,OCEANPORT,0,1,0,0,I,B,N,N,01,2,EATONTOWN BLVD,S,,,,,07,,03,04,02,01,01,01,02,,100,FE,S,PORT AU PECK AVE,,,,45,40,26,40.305680,74.031140,N,,38044
20191316619FT28594,MONMOUTH,FREEHOLD TWP,10/25/2019,FR,1822,01,FREEHOLD TWP PD,,0,0,0,0,P,B,N,N,01,2,ROUTE 537,,537,,00000537__,51.07,05,,01,04,02,01,03,01,05,01,10,FE,,,F,TROTTERS WAY,SB,40,,26,,,N,,16265
20191316C020-2019-00358A,MONMOUTH,FREEHOLD TWP,04/28/2019,SU,0254,02,NEW JERSEY STATE POLICE,BORDENTOWN - SQ,0,1,0,0,I,B,Y,N,11,1,ROUTE 537,E,537,,00000537__,55.14,05,,01,04,02,01,04,01,05,01,,,,,,,,45,,60,39.983700,74.827100,N,,8012
20191316C060-2019-00107A,MONMOUTH,FREEHOLD TWP,01/25/2019,FR,1738,02,NEW JERSEY STATE POLICE,HAMILTON-SUB -,0,0,0,0,P,B,N,N,01,2,NJ 33,W,33,,00000033__,26.00,02,,01,04,02,01,06,01,03,01,,,,,,,,55,,26,40.162730,74.273840,N,,8218
20191316C060-2019-00316A,MONMOUTH,FREEHOLD TWP,02/27/2019,WE,1325,02,NEW JERSEY STATE POLICE,HAMILTON-SUB -,0,1,0,0,I,B,Y,N,11,1,ROUTE 537,W,537,,00000537__,47.80,05,,01,04,02,01,01,01,05,01,,,,,,,,50,,52,40.179610,74.397030,N,Damage to pole number JC1630ME,7838
20191316C060-2019-01320A,MONMOUTH,FREEHOLD TWP,09/12/2019,TH,0719,02,NEW JERSEY STATE POLICE,HAMILTON-SUB -,0,0,0,0,P,I,N,N,07,2,ROUTE 527,W,527,,00000527__,22.44,05,,01,04,02,01,01,01,05,01,,AT,,ROUTE 524 / ROUTE 547,,,,50,50,26,40.208910,74.353520,N,,8206