Year(4)-CountyCode(2)-MunicipalityCode(2)-CaseNumber(9),County Name,Municipality Name,Crash Date,Crash Day of Week,Crash Time,Police Department Code,Police Department,Police Station,Total Killed,Total Injured,Pedestrians Killed,Pedestrians Injured,Severity,Intersection,Alcohol Involved,Hazmat Involved,Crash Type,Total Vehicles,Location,Location Direction,Route,Route Suffix,Std Rte Identifier,MilePost,Road System,Road Character,Road Horizontal Alignment,Road Grade,Road Surface Type,Surface Condition,Light Condition,Environmental Condition,Road Divided By,Temporary Traffic Control Zone,Distance To Cross Street,Unit Of Measurement,Direction From Cross Street,Cross Street Name,Is Ramp,Ramp To/From Route Name,Ramp To/From Route Direction,Posted Speed,Posted Speed Cross Street,First Harmful Event,Latitude,Longitude,Cell Phone In Use Flag,Other Property Damage,Reporting Badge No.
20191316FT29313,MONMOUTH,FREEHOLD TWP,11/02/2019,SA,2112,01,FREEHOLD TWP PD,,0,0,0,0,P,B,N,N,12,1,NJ 33,E,33,,00000033__,27.29,02,,01,04,02,01,05,01,01,01,1320,FE,W,US 9,,,,55,50,26,,,N,,16261
2019131719HL09517,MONMOUTH,HIGHLANDS BORO,09/14/2019,SA,1316,01,HIGHLANDS PD,,0,2,0,0,I,I,N,N,99,3,NJ 36,S,36,,00000036__,12.13,02,,01,04,02,01,01,01,02,,,AT,,MILLER ST,,,,45,25,26,40.399680,73.988260,N,,17025
2019131719HL09796,MONMOUTH,HIGHLANDS BORO,09/21/2019,SA,0932,01,HIGHLANDS PD,HIGHLANDS,0,0,0,0,P,I,N,N,08,2,PROSPECT ST,S,,,,,07,,01,05,02,01,01,01,05,01,,AT,,,,,,25,,26,,,N,,17020
2019131719HL09907,MONMOUTH,HIGHLANDS BORO,09/24/2019,TU,2246,01,HIGHLANDS PD,,0,1,0,0,I,I,Y,N,11,1,MONMOUTH COUNTY 8,E,8,,13000008__,3.73,05,,01,04,02,01,06,01,05,,,AT,,MILLER ST,,,,25,25,50,40.401420,73.986620,N,ANDY'S SHORE BAR WINDOW  BOROUGH OF HIGHLANDS DECORATIVE LAMP POST & STREET SIGN,17025
2019131719HL10154,MONMOUTH,HIGHLANDS BORO,10/02/2019,WE,1523,01,HIGHLANDS PD,HIGHLANDS,0,0,0,0,P,I,N,N,02,2,NJ 36,S,36,,00000036__,12.13,02,,01,04,02,01,01,01,02,01,,AT,,MILLER ST,,,,45,25,26,40.399680,73.988260,N,,17048
2019131719HL10159,MONMOUTH,HIGHLANDS BORO,10/03/2019,TH,2234,01,HIGHLANDS PD,HPD,0,1,0,0,I,B,N,N,06,2,LOCUST ST,S,,,,,07,,01,04,02,01,06,05,05,01,600,FE,S,WILLOW STREET,,,,25,25,28,,,N,,17049
2019131719HL10787,MONMOUTH,HIGHLANDS BORO,10/26/2019,SA,1942,01,HIGHLANDS PD,HPD,0,0,0,0,P,B,N,N,06,2,MONMOUTH COUNTY 8,S,8,,13000008__,3.79,05,,01,04,02,01,06,01,05,01,250,FE,S,JACKSON ST,,,,25,25,28,40.400360,73.985750,N,,17049
2019131719HL11112,MONMOUTH,HIGHLANDS BORO,11/10/2019,SU,1311,01,HIGHLANDS PD,HIGHLANDS,0,1,0,0,I,B,N,N,06,2,SHORE DR,N,,,13171049__,.41,07,,01,04,02,01,01,01,04,01,50,FE,N,HUDDY AVE,,,,25,25,28,,,N,,17031
2019131719HL11132,MONMOUTH,HIGHLANDS BORO,11/09/2019,SA,0755,01,HIGHLANDS PD,HPD,0,0,0,0,P,B,N,N,06,2,HIGHLAND AVE **,S,,,13171008__,.55,07,,01,06,02,01,02,01,05,01,25,FE,S,VALLEY AVE,,,,25,25,28,40.399520,73.989830,N,,17035
2019131719HL11133,MONMOUTH,HIGHLANDS BORO,11/09/2019,SA,1035,01,HIGHLANDS PD,,0,0,0,0,P,I,N,N,06,2,MONMOUTH COUNTY 8,E,8,,13000008__,3.19,05,,01,05,02,01,01,01,,01,,AT,,LINDEN AVE / WATERWITCH AVE,,,,25,35,28,40.403910,73.994940,N,,17035
2019131719HL11227,MONMOUTH,HIGHLANDS BORO,11/12/2019,TU,1341,01,HIGHLANDS PD,HIGHLANDS,0,0,0,0,P,B,N,N,05,2,MONMOUTH COUNTY 8,E,8,,13000008__,3.32,05,,01,04,02,01,01,01,04,01,20,FE,W,HUDDY AVE,,,,25,25,26,,,N,,17031
2019131719HL11252,MONMOUTH,HIGHLANDS BORO,11/13/2019,WE,1240,01,HIGHLANDS PD,HIGHLANDS,0,0,0,0,P,I,N,N,02,2,GRAND TOUR,,,,,,07,,01,05,02,01,01,01,05,01,,AT,,NEW STREET,,,,25,25,26,,,N,,17034
2019131719HL11460,MONMOUTH,HIGHLANDS BORO,11/21/2019,TH,0719,01,HIGHLANDS PD,HPD,0,0,0,0,P,B,N,N,01,2,NJ 36,E,36,,00000036__,11.77,02,,02,06,01,01,01,01,01,01,10,FE,E,CR 8 / BAY AVE,,,,45,25,26,40.396870,73.982980,N,,17027
2019131719HL11465,MONMOUTH,HIGHLANDS BORO,11/21/2019,TH,1406,01,HIGHLANDS PD,HPD,0,0,0,0,P,B,N,N,06,2,MONMOUTH COUNTY 8,,8,,13000008__,,05,,01,04,02,01,01,01,04,01,,,,,,,,25,,28,40.399800,73.984300,N,,17034
2019131719HL11662,MONMOUTH,HIGHLANDS BORO,11/30/2019,SA,1220,01,HIGHLANDS PD,HIGHLANDS,0,0,0,0,P,B,N,N,08,2,MONMOUTH COUNTY 8,W,8,,13000008__,3.71,05,,01,04,02,01,01,01,04,01,100,FE,W,MILLER ST,,,,25,25,26,,,N,,17031
2019131719HL12141,MONMOUTH,HIGHLANDS BORO,12/20/2019,FR,1806,01,HIGHLANDS PD,,0,0,0,0,P,I,N,N,07,2,S LINDEN AVE,E,,,,,07,,01,05,02,01,06,01,05,01,,AT,,ROGERS ST,,,,25,25,26,40.403560,73.993820,N,,17035
2019131719HL12219,MONMOUTH,HIGHLANDS BORO,12/23/2019,MO,1329,01,HIGHLANDS PD,HIGHLANDS,0,0,0,0,P,B,N,N,08,2,MARINA BAY CT,E,,,,,07,,01,04,02,01,01,01,,,,,,,,,,10,,28,40.404640,73.990230,N,,17034
20191317I-2019-000648,MONMOUTH,HIGHLANDS BORO,01/22/2019,TU,0928,01,HIGHLANDS PD,,0,1,0,0,I,I,N,N,01,2,NJ 36,N,36,,00000036__,13.14,02,,02,07,02,01,01,01,05,02,,AT,,CR 8B / NAVESINK AVE / ORCHARD AVE,,,,45,,26,,,N,,19
20191317I-2019-000882,MONMOUTH,HIGHLANDS BORO,01/30/2019,WE,1315,01,HIGHLANDS PD,HIGHLANDS,0,0,0,0,P,B,N,N,11,1,116 BAY AVE,N,,,,,09,,01,04,02,01,01,01,05,01,,,,BAY AVENUE,,,,,,,,,N,,48
20191317I-2019-000934,MONMOUTH,HIGHLANDS BORO,02/01/2019,FR,0824,01,HIGHLANDS PD,HIGHLANDS,0,0,0,0,P,B,N,N,01,2,LINDEN AVE **,E,,,13171005__,.24,07,,01,06,02,01,02,01,05,01,25,FE,E,NJ 36,,,,35,,26,,,N,,48
20191317I-2019-000951,MONMOUTH,HIGHLANDS BORO,02/01/2019,FR,1823,01,HIGHLANDS PD,,0,0,0,0,P,B,N,N,06,2,MONMOUTH COUNTY 8,S,8,,13000008__,3.96,05,,01,04,02,01,06,01,04,01,50,FE,S,SHREWSBURY AVE,,,,25,25,28,,,N,,31
20191317I-2019-000974,MONMOUTH,HIGHLANDS BORO,02/02/2019,SA,1752,01,HIGHLANDS PD,HIGHLANDS,0,0,0,0,P,B,N,N,06,2,LOCUST ST,S,,,,,07,,01,04,02,01,03,01,05,01,150,FE,S,WILLOW STREET,,,,25,,28,,,N,,34
20191317I-2019-001077,MONMOUTH,HIGHLANDS BORO,02/05/2019,TU,2154,01,HIGHLANDS PD,,0,0,0,0,P,B,N,N,06,2,SOUTH PEAK ST **,N,,,13171019__,.04,07,,01,05,02,01,06,01,05,01,200,FE,N,HIGHLAND AVE,,,,25,25,28,,,N,,26
20191317I-2019-002364,MONMOUTH,HIGHLANDS BORO,03/13/2019,WE,1013,01,HIGHLANDS PD,HIGHLANDS,0,1,0,0,I,I,N,N,01,2,LINDEN AVE **,S,,,,.24,05,,01,06,02,01,01,01,04,01,,AT,,NJ 36,,,,35,45,26,,,N,,29
20191317I-2019-002374,MONMOUTH,HIGHLANDS BORO,03/13/2019,WE,2133,01,HIGHLANDS PD,HIGHLANDS,0,0,0,0,P,I,Y,N,11,1,NJ 36,S,36,,00000036__,11.77,02,,03,04,02,01,06,01,02,01,,AT,,CR 8 / BAY AVE,,,,40,45,50,,,N,DRIVER DROVE ONTO CURB AND STRUCK A SIGN POST SNAPPING IT.,34
20191317I-2019-002438,MONMOUTH,HIGHLANDS BORO,03/15/2019,FR,1133,01,HIGHLANDS PD,HIGHLANDS,0,0,0,0,P,I,N,N,11,1,NJ 36,N,36,,00000036__,12.88,02,,03,05,02,01,01,01,05,01,,AT,,CR 8 / LINDEN AVE,,,,,35,69,,,N,DAMAGE TO RETAINING WALL BELONGING TO BAHRS REAL ESTATE,48
20191317I-2019-004520,MONMOUTH,HIGHLANDS BORO,05/10/2019,FR,2336,01,HIGHLANDS PD,,0,0,0,0,P,I,N,N,06,2,JACKSON ST **,E,,,13171053__,.11,07,,01,04,02,01,05,01,05,01,,AT,,SHREWSBURY AVE,,,,25,,28,,,N,,19
20191317I-2019-004732,MONMOUTH,HIGHLANDS BORO,05/17/2019,FR,1854,01,HIGHLANDS PD,HIGHLANDS,0,0,0,0,P,I,N,N,08,2,MATTHEWS ST **,S,,,13171037__,.07,07,,01,04,03,01,01,01,05,01,,AT,,SHORE DR,,,,25,,28,,,N,,56
20191317I-2019-004782,MONMOUTH,HIGHLANDS BORO,05/18/2019,SA,1151,01,HIGHLANDS PD,,0,0,0,0,P,I,N,N,06,2,SHORE DR,E,,,13171049__,.00,07,,01,04,02,01,01,01,05,01,,AT,,MILLER ST,,,,25,,28,,,N,,19
20191317I-2019-004959,MONMOUTH,HIGHLANDS BORO,05/22/2019,WE,1227,01,HIGHLANDS PD,,0,0,0,0,P,I,N,N,11,1,MONMOUTH COUNTY 8,,8,,13000008__,3.64,05,,01,04,02,01,01,01,05,02,,AT,,VALLEY ST,,,,25,,54,,,N,DAMAGE TO ELECTRICAL SERVICE LINE PULLED FROM 190 BAY AVENUE INCLUDING PHONE SE?,19
20191317I-2019-005124,MONMOUTH,HIGHLANDS BORO,05/26/2019,SU,1402,01,HIGHLANDS PD,HIGHLANDS,0,0,0,0,P,B,N,N,01,2,NJ 36,S,36,,00000036__,13.12,02,,01,04,01,01,01,01,01,,100,FE,S,CR 8B / NAVESINK AVE / ORCHARD AVE,,,,45,45,26,,,N,,32
20191317I-2019-005163,MONMOUTH,HIGHLANDS BORO,05/27/2019,MO,1131,01,HIGHLANDS PD,HIGHLANDS,0,0,0,0,P,I,N,N,01,2,NJ 36,E,36,,00000036__,12.13,02,,01,04,02,01,01,01,02,01,,AT,,MILLER ST,,,,45,25,26,,,N,,29
20191317I-2019-005848,MONMOUTH,HIGHLANDS BORO,06/14/2019,FR,1351,01,HIGHLANDS PD,HIGHLANDS,0,0,0,0,P,B,N,N,08,2,JACKSON ST **,E,,,13171053__,.10,07,,01,04,02,01,01,01,05,01,50,FE,W,SHREWSBURY AVE,,,,25,25,26,,,N,,29
20191317I-2019-006008,MONMOUTH,HIGHLANDS BORO,06/18/2019,TU,0748,01,HIGHLANDS PD,,0,0,0,0,P,I,N,N,07,2,MONMOUTH COUNTY 8,E,8,,13000008__,3.25,05,,01,05,02,02,01,02,99,01,,AT,,SHORE DR,,,,25,25,26,,,N,,29
20191317I-2019-006176,MONMOUTH,HIGHLANDS BORO,06/23/2019,SU,1130,01,HIGHLANDS PD,,0,0,0,0,P,B,N,N,06,2,HIGHLAND AVENUE,E,,,,,07,,01,04,02,01,01,01,05,01,,,,,,,,25,,28,,,N,,20
20191317I-2019-006215,MONMOUTH,HIGHLANDS BORO,06/24/2019,MO,1717,01,HIGHLANDS PD,HIGHLANDS,0,1,0,0,I,I,N,N,11,1,MONMOUTH COUNTY 8,E,8,,13000008__,3.19,05,,02,05,02,01,01,01,99,01,,AT,,LINDEN AVE / WATERWITCH AVE,,,,25,25,59,,,N,VEHICLE 1 WHILE TRAVELING EAST ON WATERWICH AVENUE  STRUCK   MULTIPLE STEEL POL,34
20191317I-2019-006249,MONMOUTH,HIGHLANDS BORO,06/25/2019,TU,2059,01,HIGHLANDS PD,HIGHLANDS,0,0,0,0,P,B,N,N,01,2,NJ 36,N,36,,00000036__,,02,,03,06,02,01,03,01,04,01,,,N,,T,NJ 36,NB,25,,26,,,N,,34
20191317I-2019-006960,MONMOUTH,HIGHLANDS BORO,07/13/2019,SA,1812,01,HIGHLANDS PD,,0,0,0,0,P,B,Y,N,06,2,MONMOUTH COUNTY 8,W,8,,13000008__,3.92,05,,02,04,02,01,01,01,05,,250,FE,W,SHREWSBURY AVE,,,,25,,28,,,N,,25
20191317I-2019-007264,MONMOUTH,HIGHLANDS BORO,07/21/2019,SU,1436,01,HIGHLANDS PD,HIGHLANDS,0,0,0,0,P,B,N,N,06,2,MONMOUTH COUNTY 8,E,8,,13000008__,3.47,05,,01,04,02,01,01,01,05,01,25,FE,W,MARINA BAY CT,,,,25,25,26,,,N,,48
20191317I-2019-007390,MONMOUTH,HIGHLANDS BORO,07/25/2019,TH,1119,01,HIGHLANDS PD,,0,0,0,0,P,B,N,N,11,1,1 SCENIC DR,N,,,,,09,,01,04,02,01,01,01,05,01,,,N,,,,,25,,42,,,N,V1 WHICH IS A BOX TRUCK TYPE OF VEHICLE STRUCK THE ROOF OF THE CARPORT OF THE B?,26
20191317I-2019-007719,MONMOUTH,HIGHLANDS BORO,08/02/2019,FR,0124,01,HIGHLANDS PD,,0,0,0,0,P,B,N,N,06,2,FIFTH ST **,N,,,13171042__,.20,07,,01,04,03,01,06,01,05,01,500,FE,N,CEDAR ST,,,,,25,28,,,N,DAMAGE TO SHED ON PROPERTY CAUSED BY V1 STRIKING V2 CAUSING V2 TO STRIKE THE SH?,35
20191317I-2019-007950,MONMOUTH,HIGHLANDS BORO,08/06/2019,TU,1049,01,HIGHLANDS PD,,0,0,0,0,P,B,N,N,11,1,1 SCENIC DR,W,,,,,09,,01,04,02,01,01,01,05,01,,,,,,,,10,,42,,,N,MINOR STRUCTURAL DAMAGE TO OVERHEAD PORTICO,20
20191317I-2019-008145,MONMOUTH,HIGHLANDS BORO,08/11/2019,SU,1304,01,HIGHLANDS PD,,0,0,0,0,P,B,Y,N,11,1,PORTLAND RD,N,,,,,07,,01,06,02,01,01,01,05,01,250,FE,N,GRAND TOUR,,,,25,25,,,,N,,48
20191317I-2019-008504,MONMOUTH,HIGHLANDS BORO,08/21/2019,WE,1251,01,HIGHLANDS PD,,0,0,0,0,P,I,N,N,11,1,85 PORTLAND RD,E,,,,,09,,01,06,02,01,01,01,05,01,,AT,,PORTLAND ROAD,,,,,25,,,,N,DAMAGE TO PEANUT STONE ENTRY PILLAR HOLDING MAILBOX AND HOUSE NUMBER. PROPERTY ?,48
20191317I-2019-008578,MONMOUTH,HIGHLANDS BORO,08/23/2019,FR,1939,01,HIGHLANDS PD,,0,0,0,0,P,I,N,N,08,2,BEACH BLVD,W,,,,,07,,01,04,02,01,07,01,05,01,,AT,,,,,,15,,28,,,N,,56
20191317I-2019-008602,MONMOUTH,HIGHLANDS BORO,08/24/2019,SA,1250,01,HIGHLANDS PD,,0,0,0,0,P,I,N,N,06,2,MONMOUTH COUNTY 8,,8,,13000008__,3.55,05,,01,04,02,01,01,01,04,01,,AT,N,CEDAR ST,,,,25,,26,,,N,,19
20191317I-2019-008613,MONMOUTH,HIGHLANDS BORO,08/24/2019,SA,1726,01,HIGHLANDS PD,HIGHLANDS,0,0,0,0,P,B,N,N,04,2,MONMOUTH COUNTY 8,E,8,,13000008__,3.20,05,,01,05,02,01,01,01,04,01,50,FE,E,LINDEN AVE / WATERWITCH AVE,,,,25,25,26,,,N,V1 STRUCK A STONE WALL AT 76 LINDEN AVENUE CAUSING MINOR DAMAGE TO THE WALL.,32
20191317I-2019-008958,MONMOUTH,HIGHLANDS BORO,09/01/2019,SU,2319,01,HIGHLANDS PD,HIGHLANDS,0,0,0,0,P,I,N,N,04,2,MONMOUTH COUNTY 8,E,8,,13000008__,3.28,05,,01,04,02,01,06,01,04,01,,AT,,BAY AVE / WATERWITCH AVE,,,,,,26,,,N,,28
2019131818-185-AC,MONMOUTH,HOLMDEL TWP,01/03/2019,TH,0712,01,HOLMDEL PD,,0,0,0,0,P,I,N,N,11,1,BILLINGSGATE DR,E,,,,,07,,01,04,02,01,01,01,05,,,AT,,YARMOUTH CT,,,,25,25,62,,,N,HYDRANT #764 - AMERICAN WATER COMPANY - 661 SHREWSBURY AVE SHREWSBURY NJ 07702,0057
2019131819-10082-AC,MONMOUTH,HOLMDEL TWP,05/11/2019,SA,0830,01,HOLMDEL PD,,0,0,0,0,P,B,N,N,01,2,MONMOUTH COUNTY 52,S,52,,13000052__,1.98,05,,01,04,02,01,01,01,05,,10,FE,N,CRAWFORDS CORNER EVERETT / MIDDLETO,,,,40,40,26,,,N,,0099
2019131819-10102-AC,MONMOUTH,HOLMDEL TWP,05/11/2019,SA,1410,01,HOLMDEL PD,,0,1,0,0,I,B,N,N,11,1,NJ 34,N,34,,00000034__,17.41,02,,01,04,02,01,01,01,05,01,35,FE,N,ROUTE 520 / MAIN STREET / NEWMAN SP,,,,50,40,51,,,N,UTILITY POLE JC 756 HLM - J.C.P. & L.  - 331 POOLE AVE UNION BEACH NJ 07735,0078
2019131819-10167-AC,MONMOUTH,HOLMDEL TWP,05/13/2019,MO,0937,01,HOLMDEL PD,,0,0,0,0,P,I,N,N,07,2,ROUTE 516,W,516,,00000516__,13.15,05,,01,04,02,02,01,02,05,01,,AT,,LAUREL AVE / MIDDLE AVE,,,,35,40,26,,,N,,0091
2019131819-10185-AC,MONMOUTH,HOLMDEL TWP,05/13/2019,MO,1906,01,HOLMDEL PD,,0,0,0,0,P,B,N,N,01,2,LAUREL AVE,N,,,13181305__,.02,07,,01,04,02,02,03,02,05,,100,FE,N,ROUTE 516 / MIDDLE RD,,,,40,35,26,,,N,,0098
2019131819-1025-AC,MONMOUTH,HOLMDEL TWP,01/11/2019,FR,1851,01,HOLMDEL PD,,0,0,0,0,P,B,N,N,01,2,BETHANY RD,S,,,,,07,,01,04,02,01,06,05,05,01,300,FE,S,LINE RD,,,,35,30,26,,,N,,0087
2019131819-10257-AC,MONMOUTH,HOLMDEL TWP,05/14/2019,TU,1554,01,HOLMDEL PD,,0,1,0,0,I,B,N,N,01,3,MONMOUTH COUNTY 4 II,N,4,2,130000042_,4.34,05,,02,04,02,02,01,02,05,01,250,FE,N,CANYON WOODS CT,,,,40,25,26,,,N,,
2019131819-10269-AC,MONMOUTH,HOLMDEL TWP,05/14/2019,TU,1746,01,HOLMDEL PD,,0,0,0,0,P,B,N,N,11,1,14 OLD MILL RD,S,,,,,09,,03,04,02,02,01,02,05,01,,,,,,,,25,,57,,,N,BROKEN WOOD CURB  LANDSCAPING - CARL ZELLERS - 42 MAIN ST HOLMDEL NJ 07733,0091
2019131819-10408-AC,MONMOUTH,HOLMDEL TWP,05/16/2019,TH,1021,01,HOLMDEL PD,,0,1,0,0,I,I,N,N,03,2,CRAWFORDS CORNER RD,E,,,,,07,,01,04,02,01,01,01,05,01,,AT,,LONGSTREET RD,,,,45,35,26,,,N,,0093
2019131819-10439-AC,MONMOUTH,HOLMDEL TWP,05/16/2019,TH,1556,01,HOLMDEL PD,,0,2,0,0,I,B,N,N,01,3,ROUTE 520,E,520,,00000520__,10.13,05,,01,04,02,01,01,01,05,,205,FE,E,CR 4 / N HOLMDEL RD / S HOLMDEL RD,,,,40,40,26,,,N,,
2019131819-10530-AC,MONMOUTH,HOLMDEL TWP,05/17/2019,FR,1700,01,HOLMDEL PD,,0,0,0,0,P,I,N,N,11,1,MONMOUTH COUNTY 52,S,52,,13000052__,.68,05,,01,04,02,01,01,01,05,01,,AT,,DEBELE LN / MCCAMPBELL RD,,,,40,25,59,,,N,FENCE POST ON PROPERTY LINE - MOHAMMAD KHAN - 3 MCCAMPBELL RD HOLMDEL NJ 07733,0096
2019131819-10535-AC,MONMOUTH,HOLMDEL TWP,05/17/2019,FR,1744,01,HOLMDEL PD,,0,0,0,0,P,B,N,N,01,2,NJ 35,S,35,,00000035__,39.78,02,,01,04,02,01,01,01,01,01,300,FE,S,ROUTE 516 / CR 52 / S LAUREL AVE,,,,50,45,26,,,N,,102
2019131819-10573-AC,MONMOUTH,HOLMDEL TWP,05/18/2019,SA,0924,01,HOLMDEL PD,,0,0,0,0,P,B,N,N,03,2,ELY RD **,E,,,13181093__,.17,07,,01,04,02,01,01,01,05,01,250,FE,W,SPRING VALLEY DR,,,,25,25,26,,,N,,0076
2019131819-10579-AC,MONMOUTH,HOLMDEL TWP,05/18/2019,SA,1126,01,HOLMDEL PD,,0,1,0,0,I,B,N,N,01,2,NJ 35,S,35,,00000035__,39.88,02,,01,04,02,01,01,01,01,01,200,FE,N,ROUTE 516 / CR 52 / S LAUREL AVE,,,,50,45,26,,,N,,0096
2019131819-1068-AC,MONMOUTH,HOLMDEL TWP,01/12/2019,SA,0837,01,HOLMDEL PD,,0,1,0,0,I,B,N,N,11,1,RAMAPO WAY **,N,,,13181100__,.00,07,,01,04,02,01,01,01,05,,100,FE,S,SCHANCK RD,,,,25,35,52,,,N,VERIZON POLE #BT1835HML - VERIZON - PO BOX 14517 LEXINGTON KY 40512,0057
2019131819-10703-AC,MONMOUTH,HOLMDEL TWP,05/20/2019,MO,1223,01,HOLMDEL PD,,0,0,0,0,P,B,N,N,01,2,ROUTE 520,W,520,,00000520__,10.46,05,,01,04,02,01,01,01,05,01,25,FE,E,LADWOOD DR,,,,40,25,26,,,N,,100
2019131819-10721-AC,MONMOUTH,HOLMDEL TWP,05/20/2019,MO,1642,01,HOLMDEL PD,,0,0,0,0,P,I,N,N,03,2,MONMOUTH COUNTY 4 II,N,4,2,130000042_,6.63,05,,01,04,02,01,01,01,05,01,,AT,,CRAPE MYRTLE DR / N BEERS ST,,,,35,25,26,,,N,,0092
2019131819-10776-AC,MONMOUTH,HOLMDEL TWP,05/21/2019,TU,1027,01,HOLMDEL PD,,0,0,0,0,P,B,N,N,12,1,CRAWFORDS CORNER RD,E,,,,,07,,01,04,02,01,01,01,05,,250,FE,E,SOUTH PARK CT,,,,40,25,24,,,N,,0068
2019131819-10777-AC,MONMOUTH,HOLMDEL TWP,05/21/2019,TU,1054,01,HOLMDEL PD,,0,0,0,0,P,B,N,N,01,2,ROUTE 520,W,520,,00000520__,11.21,05,,01,04,02,01,01,01,05,,50,FE,E,CHARDONNAY DR,,,,45,25,26,,,N,,0068
2019131819-10931-AC,MONMOUTH,HOLMDEL TWP,05/23/2019,TH,0745,01,HOLMDEL PD,,0,0,0,0,P,I,N,N,03,2,LINE RD,N,,,13181131__,1.14,07,,01,04,02,02,01,02,05,01,,AT,,VAN BRACKLE RD,,,,30,35,26,,,N,STREET SIGN -  HOLMDEL TOWNSHIP - 4 CRAWFORDS CORNER RD HOLMDEL NJ 07733,0091
2019131819-11064-AC,MONMOUTH,HOLMDEL TWP,05/24/2019,FR,1632,01,HOLMDEL PD,,0,0,0,0,P,B,N,N,01,2,LAUREL AVE,S,,,13181305__,.01,07,,01,04,02,01,01,01,05,01,50,FE,N,ROUTE 516 / MIDDLE RD,,,,40,35,26,,,N,,100
2019131819-11140-AC,MONMOUTH,HOLMDEL TWP,05/25/2019,SA,1501,01,HOLMDEL PD,,0,0,0,0,P,B,N,N,01,2,NJ 35,N,35,,00000035__,39.84,02,,03,04,02,01,01,01,,,465,FE,,,F,ROUTE 516,SB,50,,26,,,N,,0086
2019131819-11194-AC,MONMOUTH,HOLMDEL TWP,05/26/2019,SU,1123,01,HOLMDEL PD,,0,0,0,0,P,B,N,N,02,2,NJ 35,S,35,,00000035__,39.81,02,,01,04,02,01,01,01,01,,150,FE,S,ROUTE 516 / CR 52 / S LAUREL AVE,,,,50,45,26,,,N,,0086
2019131819-1127-AC,MONMOUTH,HOLMDEL TWP,01/12/2019,SA,2108,01,HOLMDEL PD,,0,0,0,0,P,B,N,N,03,2,NJ 35,S,35,,00000035__,40.87,02,,01,04,02,01,06,01,01,01,1000,FE,N,CENTERVILLE RD,,,,50,30,26,,,N,,0091
2019131819-11271-AC,MONMOUTH,HOLMDEL TWP,05/27/2019,MO,1612,01,HOLMDEL PD,,0,0,0,0,P,I,N,N,02,2,CRAWFORDS CORNER RD,E,,,,,07,,01,04,02,01,01,01,05,01,,AT,W,LONGSTREET RD,,,,40,35,26,,,N,,0095
2019131819-11440-AC,MONMOUTH,HOLMDEL TWP,05/29/2019,WE,1711,01,HOLMDEL PD,,0,0,0,0,P,B,N,N,01,2,ROUTE 516,E,516,,00000516__,13.14,05,,01,04,02,02,01,02,05,01,50,FE,W,LAUREL AVE / MIDDLE AVE,,,,40,35,26,,,N,,100
2019131819-11444-AC,MONMOUTH,HOLMDEL TWP,05/29/2019,WE,1806,01,HOLMDEL PD,,0,1,0,0,I,B,N,N,08,2,ROUTE 520,W,520,,00000520__,11.32,05,,01,04,02,02,01,02,05,,150,FE,W,SUNAPEE LN,,,,45,25,26,,,N,,0093
2019131819-11518-AC,MONMOUTH,HOLMDEL TWP,05/30/2019,TH,1435,01,HOLMDEL PD,,0,0,0,0,P,B,N,N,03,2,BETHANY RD,W,,,,,07,,01,04,02,01,01,01,05,,130,FE,W,TELEGRAPH HILL RD,,,,35,35,26,,,N,,0093
2019131819-11570-AC,MONMOUTH,HOLMDEL TWP,05/31/2019,FR,0757,01,HOLMDEL PD,,0,2,0,0,I,B,N,N,01,3,ROUTE 520,W,520,,00000520__,11.54,05,,01,04,02,01,01,01,05,01,500,FE,E,CROSS RD,,,,45,25,26,,,N,,
2019131819-11635-AC,MONMOUTH,HOLMDEL TWP,05/31/2019,FR,1830,01,HOLMDEL PD,,0,1,0,0,I,I,N,N,03,2,NJ 35,N,35,,00000035__,39.84,02,,01,04,02,01,01,01,01,,,AT,,ROUTE 516 / CR 52 / S LAUREL AVE,,,,50,40,26,,,N,,0084
2019131819-11762-AC,MONMOUTH,HOLMDEL TWP,06/02/2019,SU,1313,01,HOLMDEL PD,,0,0,0,0,P,B,N,N,11,1,6 TIMBERDALE DR,S,,,,,09,,01,06,02,01,01,01,05,01,,,,,,,,15,,69,,,N,DAMAGED WIRE HOLDER - JORDAN R VOLK - 6 TIMBERDALE DR HOLMDEL NJ 07733,0087
2019131819-11819-AC,MONMOUTH,HOLMDEL TWP,06/03/2019,MO,1345,01,HOLMDEL PD,,0,0,0,0,P,B,N,N,01,2,ROUTE 520,W,520,,00000520__,9.56,05,,01,04,02,01,01,01,,,150,FE,E,NJ 34,,,,40,50,26,,,N,,0086
2019131819-11828-AC,MONMOUTH,HOLMDEL TWP,06/03/2019,MO,1512,01,HOLMDEL PD,,0,1,0,0,I,I,N,N,01,2,NJ 35,N,35,,00000035__,39.84,02,,03,04,02,01,01,01,03,,,AT,N,ROUTE 516 / CR 52 / S LAUREL AVE,,,,50,45,26,,,N,,0092
2019131819-11835-AC,MONMOUTH,HOLMDEL TWP,06/03/2019,MO,1725,01,HOLMDEL PD,,0,2,0,0,I,B,N,N,01,2,ROUTE 520,W,520,,00000520__,10.37,05,,01,04,02,01,02,01,05,01,100,FE,W,RAMBLING BROOK DR,,,,40,25,26,,,N,,100
2019131819-11836-AC,MONMOUTH,HOLMDEL TWP,06/03/2019,MO,1730,01,HOLMDEL PD,,0,3,0,0,I,I,N,N,03,2,TAKOLUSA DR **,S,,,13181249__,1.65,07,,01,04,02,01,01,01,05,,,AT,,HOLLAND RD / TELEGRAPH HILL RD,,,,25,35,26,,,N,,0092
2019131819-11837-AC,MONMOUTH,HOLMDEL TWP,06/03/2019,MO,1739,01,HOLMDEL PD,,0,0,0,0,P,B,N,N,15,1,MONMOUTH COUNTY 52,W,52,,13000052__,3.72,05,,01,04,02,01,01,01,05,01,250,FE,W,HOLLAND RD,,,,45,35,30,,,N,,0093
2019131819-11899-AC,MONMOUTH,HOLMDEL TWP,06/04/2019,TU,1433,01,HOLMDEL PD,,0,0,0,0,P,B,N,N,03,2,LINE RD,N,,,13181131__,.96,07,,01,04,02,01,01,01,05,,500,FE,S,BETHANY RD / CHURCH ST,,,,25,35,26,,,N,,0068