Year(4)-CountyCode(2)-MunicipalityCode(2)-CaseNumber(9),County Name,Municipality Name,Crash Date,Crash Day of Week,Crash Time,Police Department Code,Police Department,Police Station,Total Killed,Total Injured,Pedestrians Killed,Pedestrians Injured,Severity,Intersection,Alcohol Involved,Hazmat Involved,Crash Type,Total Vehicles,Location,Location Direction,Route,Route Suffix,Std Rte Identifier,MilePost,Road System,Road Character,Road Horizontal Alignment,Road Grade,Road Surface Type,Surface Condition,Light Condition,Environmental Condition,Road Divided By,Temporary Traffic Control Zone,Distance To Cross Street,Unit Of Measurement,Direction From Cross Street,Cross Street Name,Is Ramp,Ramp To/From Route Name,Ramp To/From Route Direction,Posted Speed,Posted Speed Cross Street,First Harmful Event,Latitude,Longitude,Cell Phone In Use Flag,Other Property Damage,Reporting Badge No.
2019131819-11943-AC,MONMOUTH,HOLMDEL TWP,06/05/2019,WE,0909,01,HOLMDEL PD,,0,0,0,0,P,I,N,N,08,2,GALLOPING HILL RD,E,,,,,07,,01,05,02,01,01,01,05,02,,AT,,FOX HUNT RD,,,,25,25,26,,,N,,0076
2019131819-11950-AC,MONMOUTH,HOLMDEL TWP,06/05/2019,WE,1117,01,HOLMDEL PD,,0,0,0,0,P,B,N,N,02,2,NJ 35,S,35,,00000035__,39.75,02,,01,04,02,01,01,01,01,01,500,FE,S,ROUTE 516 / CR 52 / S LAUREL AVE,,,,50,45,26,,,N,,0076
2019131819-11963-AC,MONMOUTH,HOLMDEL TWP,06/05/2019,WE,1418,01,HOLMDEL PD,,0,0,0,0,P,B,N,N,12,1,MONMOUTH COUNTY 4 II,,4,2,130000042_,6.18,05,,01,06,02,01,01,01,05,,500,FE,N,DANTES WAY,,,,40,25,24,,,N,,0060
2019131819-11967-AC,MONMOUTH,HOLMDEL TWP,06/05/2019,WE,1459,01,HOLMDEL PD,,0,0,0,0,P,B,N,N,08,2,44 LONGSTREET RD,,,,,,08,,01,04,02,01,01,01,05,01,,,,,,,,15,,26,,,N,,0096
2019131819-12016-AC,MONMOUTH,HOLMDEL TWP,06/06/2019,TH,0901,01,HOLMDEL PD,,0,0,0,0,P,B,N,N,01,2,MIDDLETOWN RD,S,,,13181001__,2.10,07,,01,04,02,01,01,01,05,,50,FE,S,CR 52/CRAWFORDS CORNER EVERITT RD /,,,,40,40,26,,,N,,0087
2019131819-12034-AC,MONMOUTH,HOLMDEL TWP,06/06/2019,TH,1307,01,HOLMDEL PD,,0,0,0,0,P,B,N,N,11,1,GALLOPING HILL RD,,,,,,07,,01,04,02,01,01,01,05,01,250,FE,W,COUNTRY VIEW RD,,,,25,25,69,,,N,POLE #JC1408HLD - JCP&L - 1345 ODL BRIDGE-ENGLISHTOWN RD OLD BRIDGE NJ 08857,0096
2019131819-12056-AC,MONMOUTH,HOLMDEL TWP,06/06/2019,TH,1729,01,HOLMDEL PD,,0,0,0,0,P,I,N,N,01,2,NJ 35,,35,,00000035__,40.75,02,,01,04,02,01,01,01,05,,,AT,,TAKOLUSA DR / UNION AVE,,,,50,35,26,,,N,,0096
2019131819-12089-AC,MONMOUTH,HOLMDEL TWP,06/07/2019,FR,0711,01,HOLMDEL PD,,0,1,0,0,I,B,N,N,01,5,BETHANY RD,E,,,,,07,,01,04,02,01,01,01,05,01,100,FE,E,CHESTNUT RIDGE RD,,,,35,25,26,,,N,,
2019131819-12110-AC,MONMOUTH,HOLMDEL TWP,06/07/2019,FR,1254,01,HOLMDEL PD,,0,1,0,0,I,I,N,N,02,2,HOLLAND RD,S,,,,,07,,03,04,02,01,01,01,05,03,,AT,N,YELLOW BROOK RD,,,,45,25,29,,,N,,0060
2019131819-12254-AC,MONMOUTH,HOLMDEL TWP,06/09/2019,SU,1433,01,HOLMDEL PD,,0,0,0,0,P,B,N,N,12,1,NJ 35,N,35,,00000035__,41.12,02,,01,04,02,01,01,01,05,01,200,FE,N,MULBERRY LN,,,,50,25,24,,,N,,100
2019131819-12269-AC,MONMOUTH,HOLMDEL TWP,06/09/2019,SU,1938,01,HOLMDEL PD,,0,0,0,0,P,B,N,N,12,1,S HOLLAND RD **,N,,,13181107__,,07,,01,04,02,01,01,01,05,,100,FE,N,YELLOW BROOK RD,,,,45,25,24,,,N,,0088
2019131819-12297-AC,MONMOUTH,HOLMDEL TWP,06/10/2019,MO,1232,01,HOLMDEL PD,,0,0,0,0,P,B,N,N,11,1,CRAWFORDS CORNER RD,E,,,,,07,,01,04,02,02,01,02,,,1500,FE,N,SOUTH HOLLAND RD,,,,15,45,54,,,N,POLE WITH ONE WAY SIGN ON IT - HOLMDEL TOWNSHIP - CRAWFORDS CORNER RD HOLMDEL N?,102
2019131819-12342-AC,MONMOUTH,HOLMDEL TWP,06/11/2019,TU,0926,01,HOLMDEL PD,,0,0,0,0,P,B,N,N,11,1,674 NORTH BEERS ST,N,,,,,09,,01,04,02,01,01,01,05,,,,,,,,,15,,69,,,N,DAMAGE TO CABLE AND PHONE LINES. POLE #BT86HML - HOLMDEL PRESCHOOL - 674 NORTH ?,0090
2019131819-12423-AC,MONMOUTH,HOLMDEL TWP,06/12/2019,WE,0847,01,HOLMDEL PD,,0,0,0,0,P,B,N,N,12,1,BETHANY RD,E,,,,,07,,01,,02,01,01,01,05,,20,FE,W,OLD MANOR RD,,,,35,25,24,,,N,,0099
2019131819-12486-AC,MONMOUTH,HOLMDEL TWP,06/12/2019,WE,2023,01,HOLMDEL PD,,0,0,0,0,P,B,N,N,02,2,NJ 35,S,35,,00000035__,39.71,02,,01,04,02,01,01,01,01,01,700,FE,S,ROUTE 516 / CR 52 / S LAUREL AVE,,,,50,45,26,,,N,,0093
2019131819-12489-AC,MONMOUTH,HOLMDEL TWP,06/12/2019,WE,2100,01,HOLMDEL PD,,0,0,0,0,P,B,N,N,01,2,NJ 35,S,35,,00000035__,40.75,02,,01,04,02,01,01,01,01,02,1600,FE,S,MILLER AVE,,,,50,25,26,,,N,,0093
2019131819-12490-AC,MONMOUTH,HOLMDEL TWP,06/12/2019,WE,2114,01,HOLMDEL PD,,0,0,0,0,P,B,N,N,01,4,NJ 35,S,35,,00000035__,39.95,02,,01,04,02,01,07,01,01,02,600,FE,N,ROUTE 516 / CR 52 / S LAUREL AVE,,,,50,45,26,,,N,,
2019131819-12529-AC,MONMOUTH,HOLMDEL TWP,06/13/2019,TH,1207,01,HOLMDEL PD,,0,1,0,0,I,B,N,N,01,2,CRAWFORDS CORNER RD,E,,,,,07,,01,04,02,02,01,02,05,01,25,FE,W,CATBIRD AL,,,,40,25,26,,,N,,0078
2019131819-12594-AC,MONMOUTH,HOLMDEL TWP,06/14/2019,FR,1006,01,HOLMDEL PD,,0,0,0,0,P,B,N,N,01,2,NJ 35,N,35,,00000035__,39.84,02,,01,04,02,01,01,01,01,,5,FE,S,ROUTE 516 / CR 52 / S LAUREL AVE,,,,50,45,26,,,N,,0089
2019131819-12609-AC,MONMOUTH,HOLMDEL TWP,06/14/2019,FR,1438,01,HOLMDEL PD,,0,0,0,0,P,B,N,N,02,2,NJ 35,N,35,,00000035__,39.86,02,,01,04,02,01,01,01,01,,100,FE,N,ROUTE 516 / CR 52 / S LAUREL AVE,,,,50,45,26,,,N,,0090
2019131819-12698-AC,MONMOUTH,HOLMDEL TWP,06/15/2019,SA,1200,01,HOLMDEL PD,,0,0,0,0,P,B,N,N,01,2,ROBERTS RD,S,,,13181066__,.42,07,,03,04,02,01,01,01,05,,50,FE,N,CR 4 II / HOLMDEL RD,,,,50,40,26,,,N,,0090
2019131819-12706-AC,MONMOUTH,HOLMDEL TWP,06/15/2019,SA,1334,01,HOLMDEL PD,,0,0,0,0,P,I,N,N,01,2,MONMOUTH COUNTY 52,S,52,,13000052__,5.23,05,,03,04,02,01,01,01,05,,,AT,S,NJ 35,,,,45,50,26,,,N,,102
2019131819-12714-AC,MONMOUTH,HOLMDEL TWP,06/15/2019,SA,1620,01,HOLMDEL PD,,0,0,0,0,P,I,N,N,01,2,MIDDLETOWN RD,S,,,13181001__,1.54,07,,01,04,02,01,01,01,05,,,AT,,AMERICAN WAY,,,,40,30,26,,,N,,0084
2019131819-12765-AC,MONMOUTH,HOLMDEL TWP,06/16/2019,SU,1123,01,HOLMDEL PD,,0,0,0,0,P,B,N,N,01,2,MONMOUTH COUNTY 52,S,52,,13000052__,4.53,05,,01,04,02,01,01,01,04,,200,FE,N,BOXWOOD TER,,,,45,15,26,,,N,,102
2019131819-12770-AC,MONMOUTH,HOLMDEL TWP,06/16/2019,SU,1232,01,HOLMDEL PD,,0,0,0,0,P,B,N,N,11,1,MONMOUTH COUNTY 52,S,52,,13000052__,3.34,05,,02,05,02,01,01,01,04,,200,FE,S,WINCHESTER LN,,,,45,15,,,,N,45 MPH SPEED LIMIT SIGN AND POLES - COUNTY OF MONMOUTH - 5000 KOZLOSKI RD FREEH?,102
2019131819-12932-AC,MONMOUTH,HOLMDEL TWP,06/19/2019,WE,0757,01,HOLMDEL PD,,0,1,0,0,I,B,N,N,01,2,NJ 34,N,34,,00000034__,18.00,02,,01,04,02,02,01,05,05,,3168,FE,N,ROUTE 520 / MAIN STREET / NEWMAN SP,,,,50,40,26,,,N,,
2019131819-13010-AC,MONMOUTH,HOLMDEL TWP,06/20/2019,TH,0844,01,HOLMDEL PD,,0,0,0,0,P,B,N,N,01,2,ROUTE 520,W,520,,00000520__,9.63,05,,01,05,02,02,01,05,05,,528,FE,E,NJ 34,,,,40,50,26,,,N,,0084
2019131819-13126-AC,MONMOUTH,HOLMDEL TWP,06/21/2019,FR,1958,01,HOLMDEL PD,,0,0,0,0,P,B,N,N,02,2,NJ 35,N,35,,00000035__,39.85,02,,01,04,02,01,01,01,01,01,50,FE,N,ROUTE 516 / CR 52 / S LAUREL AVE,,,,50,45,26,,,N,,0092
2019131819-1319-AC,MONMOUTH,HOLMDEL TWP,01/15/2019,TU,0733,01,HOLMDEL PD,,0,2,0,0,I,B,N,N,01,2,CRAWFORDS CORNER RD,E,,,,,07,,01,04,02,01,01,01,05,,500,FE,E,HOLMDEL RD,,,,45,40,26,,,N,,0085
2019131819-13368-AC,MONMOUTH,HOLMDEL TWP,06/24/2019,MO,0802,01,HOLMDEL PD,,0,0,0,0,P,B,N,N,01,2,CRAWFORDS CORNER RD,E,,,,,07,,01,04,02,01,01,01,05,,200,FE,W,LONGSTREET RD,,,,45,35,26,,,N,,0098
2019131819-13387-AC,MONMOUTH,HOLMDEL TWP,06/24/2019,MO,1041,01,HOLMDEL PD,,0,0,0,0,P,I,N,N,03,3,MONMOUTH COUNTY 4 II,S,4,2,130000042_,6.63,05,,01,04,02,01,01,01,05,,,AT,,CRAPE MYRTLE DR / N BEERS ST,,,,35,35,26,,,N,,
2019131819-1348-AC,MONMOUTH,HOLMDEL TWP,01/15/2019,TU,1437,01,HOLMDEL PD,,0,0,0,0,P,I,N,N,03,2,HOLLAND RD,W,,,13312108__,2.13,07,,01,04,02,01,01,01,05,,,AT,,S HOLLAND RD / TAKOLUSA DR,,,,35,45,26,,,N,,0072
2019131819-13491-AC,MONMOUTH,HOLMDEL TWP,06/25/2019,TU,1201,01,HOLMDEL PD,,0,1,0,0,I,B,N,N,03,2,MONMOUTH COUNTY 52,N,52,,13000052__,5.22,05,,01,06,02,01,01,01,05,,50,FE,S,NJ 35,,,,45,50,26,,,N,,102
2019131819-1351-AC,MONMOUTH,HOLMDEL TWP,01/15/2019,TU,1444,01,HOLMDEL PD,,0,0,0,0,P,B,N,N,01,2,BETHANY RD,E,,,,,07,,01,04,02,01,01,01,05,,25,FE,W,NORTH BEERS ST,,,,35,35,26,,,N,,0088
2019131819-13572-AC,MONMOUTH,HOLMDEL TWP,06/26/2019,WE,0929,01,HOLMDEL PD,,0,0,0,0,P,B,N,N,08,2,SUSSEX RD **,,,,13181165__,.24,07,,01,04,02,01,01,01,05,,200,FE,S,ASHLEY DR,,,,25,25,26,,,N,,0099
2019131819-13600-AC,MONMOUTH,HOLMDEL TWP,06/26/2019,WE,1449,01,HOLMDEL PD,,0,0,0,0,P,B,N,N,01,2,NJ 34,N,34,,00000034__,19.13,02,,01,04,02,01,01,01,05,,150,FE,S,ASHLEY DR,,,,50,25,26,,,N,,0078
2019131819-13694-AC,MONMOUTH,HOLMDEL TWP,06/27/2019,TH,1739,01,HOLMDEL PD,,0,0,0,0,P,B,N,N,03,2,MONMOUTH COUNTY 52,N,52,,13000052__,5.19,05,,01,04,02,01,01,01,05,,225,FE,S,NJ 35,,,,45,50,26,,,N,,0099
2019131819-13722-AC,MONMOUTH,HOLMDEL TWP,06/28/2019,FR,0741,01,HOLMDEL PD,,0,0,0,0,P,B,N,N,11,1,LINE RD,N,,,13181131__,.40,07,,01,05,02,01,01,01,05,,15,FE,N,WHITE ROCK TER,,,,30,25,56,,,N,#60 TREE - CHRIS G KARIS - 1 WHITE ROCK TER HOLMDEL NJ 07733,0084
2019131819-13723-AC,MONMOUTH,HOLMDEL TWP,06/28/2019,FR,0755,01,HOLMDEL PD,,0,0,0,0,P,I,N,N,03,2,ROUTE 516,S,516,,00000516__,13.74,05,,01,04,02,01,01,01,05,,,AT,,BANYAN BLVD,,,,45,15,26,,,N,,0098
2019131819-13759-AC,MONMOUTH,HOLMDEL TWP,06/28/2019,FR,1759,01,HOLMDEL PD,,0,0,0,0,P,B,N,N,02,2,ROUTE 516,S,516,,00000516__,13.18,05,,01,04,02,01,01,01,05,,150,FE,N,LAUREL AVE / MIDDLE AVE,,,,35,40,26,,,N,,100
2019131819-13805-AC,MONMOUTH,HOLMDEL TWP,06/29/2019,SA,0830,01,HOLMDEL PD,,0,0,0,0,P,B,N,N,01,2,MONMOUTH COUNTY 7 I,W,7,1,130000071_,.01,05,,01,04,02,01,01,01,04,,50,FE,E,NJ 35,,,,40,50,26,,,N,,102
2019131819-13968-AC,MONMOUTH,HOLMDEL TWP,07/01/2019,MO,0945,01,HOLMDEL PD,,0,2,0,0,I,I,N,N,07,2,MONMOUTH COUNTY 52,N,52,,13000052__,.52,05,,01,04,02,01,01,01,05,,,AT,,WEST FRONT ST,,,,40,40,26,,,N,,0099
2019131819-13989-AC,MONMOUTH,HOLMDEL TWP,07/01/2019,MO,1529,01,HOLMDEL PD,,0,5,0,0,I,B,N,N,01,3,ROUTE 520,W,520,,00000520__,9.58,05,,01,05,02,01,01,01,05,,250,FE,E,NJ 34,,,,40,50,26,,,N,,
2019131819-13996-AC,MONMOUTH,HOLMDEL TWP,07/01/2019,MO,1626,01,HOLMDEL PD,,0,1,0,0,I,B,N,N,01,2,MONMOUTH COUNTY 52,W,52,,13000052__,2.56,05,,01,04,02,01,01,01,05,01,1056,FE,W,CR 12 / DWIGHT RD,,,,40,40,26,,,N,,0078
2019131819-14039-AC,MONMOUTH,HOLMDEL TWP,07/02/2019,TU,1259,01,HOLMDEL PD,,0,0,0,0,P,B,N,N,01,2,NJ 35,N,35,,00000035__,40.73,02,,01,04,02,01,01,01,01,,100,FE,S,TAKOLUSA DR / UNION AVE,,,,50,40,26,,,N,,0088
2019131819-14127-AC,MONMOUTH,HOLMDEL TWP,07/03/2019,WE,1607,01,HOLMDEL PD,,0,0,0,0,P,B,N,N,01,2,BETHANY RD,E,,,,,07,,01,04,02,01,01,01,04,,50,FE,W,TELEGRAPH HILL RD,,,,35,35,26,,,N,,102
2019131819-14354-AC,MONMOUTH,HOLMDEL TWP,07/07/2019,SU,1015,01,HOLMDEL PD,,0,3,0,0,I,I,N,N,03,2,NJ 35,N,35,,00000035__,39.58,02,,01,04,02,01,01,01,01,01,,AT,,CR 7 / PALMER AVE,,,,50,40,26,,,N,,0078
2019131819-14474-AC,MONMOUTH,HOLMDEL TWP,07/09/2019,TU,0851,01,HOLMDEL PD,,0,1,0,0,I,B,N,N,01,2,ROBERTS RD,E,,,13181066__,.41,07,,03,04,02,01,01,01,05,,,,,,T,CR 4,SB,40,,26,,,N,,0085
2019131819-14541-AC,MONMOUTH,HOLMDEL TWP,07/10/2019,WE,1022,01,HOLMDEL PD,,0,0,0,0,P,B,N,N,01,2,NJ 35,N,35,,00000035__,40.69,02,,01,05,02,01,01,01,01,,300,FE,S,TAKOLUSA DR / UNION AVE,,,,50,40,26,,,N,,0101
2019131819-14555-AC,MONMOUTH,HOLMDEL TWP,07/10/2019,WE,1246,01,HOLMDEL PD,,0,0,0,0,P,B,N,N,08,2,674 NORTH BEERS ST,E,,,,,09,,01,04,02,01,01,01,05,,,,,,,,,15,,26,,,N,,0101
2019131819-14616-AC,MONMOUTH,HOLMDEL TWP,07/11/2019,TH,0812,01,HOLMDEL PD,,0,0,0,0,P,I,N,N,03,2,MONMOUTH COUNTY 4 II,N,4,2,130000042_,6.36,05,,01,04,02,01,01,01,05,,,AT,,HILLCREST RD,,,,40,35,26,,,N,,0060
2019131819-14659-AC,MONMOUTH,HOLMDEL TWP,07/11/2019,TH,1420,01,HOLMDEL PD,,0,1,0,0,I,I,N,N,03,2,NJ 34,N,34,,00000034__,18.75,02,,01,04,02,02,01,05,05,,,AT,,SCHANCK RD,,,,50,40,26,,,N,,0101
2019131819-14701-AC,MONMOUTH,HOLMDEL TWP,07/12/2019,FR,0948,01,HOLMDEL PD,,0,0,0,0,P,B,N,N,08,2,100 COMMONS WAY,N,,,,,09,,01,04,02,01,01,01,05,,,,,,,,,10,,26,,,N,,0095
2019131819-14937-AC,MONMOUTH,HOLMDEL TWP,07/15/2019,MO,1727,01,HOLMDEL PD,,0,0,0,0,P,I,N,N,04,2,MONMOUTH COUNTY 4 II,,4,2,130000042_,5.38,05,,01,04,02,01,01,01,05,,,AT,,CRAWFORDS CORNER RD,,,,40,45,26,,,N,,0092
2019131819-14973-AC,MONMOUTH,HOLMDEL TWP,07/16/2019,TU,0747,01,HOLMDEL PD,,0,0,0,0,P,B,N,N,01,2,BETHANY RD,W,,,,,07,,01,06,02,01,01,01,05,01,100,FE,E,CR 4,,,,35,35,26,,,N,,0101
2019131819-15033-AC,MONMOUTH,HOLMDEL TWP,07/17/2019,WE,0147,01,HOLMDEL PD,,0,0,0,0,P,I,N,N,11,1,BETHANY RD,W,,,,,07,,03,04,02,01,06,01,02,,,AT,,HILLCREST RD,,,,35,35,,,,N,,100
2019131819-15046-AC,MONMOUTH,HOLMDEL TWP,07/17/2019,WE,0905,01,HOLMDEL PD,,0,0,0,0,P,I,N,N,02,2,MONMOUTH COUNTY 4 II,,4,2,130000042_,2.38,05,,01,04,02,01,01,01,05,01,,AT,,ROUTE 520 / W MAIN ST,,,,40,45,26,,,N,,0096
2019131819-15051-AC,MONMOUTH,HOLMDEL TWP,07/17/2019,WE,1149,01,HOLMDEL PD,,0,0,0,0,P,I,N,N,02,2,ROUTE 520,,520,,00000520__,12.03,05,,01,04,02,01,01,01,05,01,,AT,,CR 52 / EVERETT RD,,,,45,40,26,,,N,,0096
2019131819-15060-AC,MONMOUTH,HOLMDEL TWP,07/17/2019,WE,1453,01,HOLMDEL PD,,0,0,0,0,P,I,N,N,01,2,NJ 35,,35,,00000035__,39.84,02,,01,04,02,01,01,01,01,01,,AT,,ROUTE 516 / CR 52 / S LAUREL AVE,,,,50,45,26,,,N,,0096
2019131819-15124-AC,MONMOUTH,HOLMDEL TWP,07/18/2019,TH,0901,01,HOLMDEL PD,,0,1,0,0,I,B,N,N,01,3,NJ 35,N,35,,00000035__,40.74,02,,01,04,02,01,01,05,01,01,50,FE,S,TAKOLUSA DR / UNION AVE,,,,50,40,26,,,N,,
2019131819-15193-AC,MONMOUTH,HOLMDEL TWP,07/19/2019,FR,0935,01,HOLMDEL PD,,0,0,0,0,P,B,N,N,08,2,101 STILWELL RD,N,,,,,09,,01,04,02,01,01,01,,01,10,FE,W,STILWELL RD,,,,30,30,26,,,N,,0092
2019131819-15336-AC,MONMOUTH,HOLMDEL TWP,07/21/2019,SU,1407,01,HOLMDEL PD,,0,0,0,0,P,I,N,N,01,3,BETHANY RD,E,,,,,07,,01,05,02,01,01,01,04,01,,AT,,CHESTNUT RIDGE RD,,,,35,25,26,,,N,,
2019131819-15399-AC,MONMOUTH,HOLMDEL TWP,07/22/2019,MO,1703,01,HOLMDEL PD,,0,0,0,0,P,B,N,N,03,2,LINE RD,,,,13181131__,.86,07,,01,04,02,01,01,01,05,01,1000,FE,S,BETHANY RD / CHURCH ST,,,,30,35,26,,,N,,0096
2019131819-1543-AC,MONMOUTH,HOLMDEL TWP,01/17/2019,TH,1818,01,HOLMDEL PD,,0,0,0,0,P,B,N,N,02,2,NJ 35,N,35,,00000035__,40.03,02,,01,04,02,01,06,01,01,,1000,FE,N,ROUTE 516 / CR 52 / S LAUREL AVE,,,,50,40,26,,,N,,0057
2019131819-15520-AC,MONMOUTH,HOLMDEL TWP,07/23/2019,TU,1617,01,HOLMDEL PD,,0,0,0,0,P,B,N,N,01,3,NJ 35,S,35,,00000035__,39.58,02,,01,04,02,01,01,05,01,01,10,FE,N,CR 7 / PALMER AVE,,,,50,40,26,,,N,,
2019131819-15538-AC,MONMOUTH,HOLMDEL TWP,07/24/2019,WE,0127,01,HOLMDEL PD,,0,0,0,0,P,B,N,N,11,1,MONMOUTH COUNTY 4 II,N,4,2,130000042_,4.38,05,,02,04,02,01,07,01,05,,200,FE,S,TULIP LN,,,,40,25,47,,,N,47 & 46 GUIDE RAIL END & FACE - MONMOUTH COUNTY PUBLIC WORKS - 250 CENTER ST FR?,0084
2019131819-15790-AC,MONMOUTH,HOLMDEL TWP,07/27/2019,SA,0009,01,HOLMDEL PD,,0,1,0,0,I,B,N,N,12,1,NJ 35,N,35,,00000035__,41.09,02,,03,05,02,01,07,01,01,01,50,FE,N,MULBERRY LN,,,,50,15,24,,,N,,102
2019131819-15814-AC,MONMOUTH,HOLMDEL TWP,07/27/2019,SA,0749,01,HOLMDEL PD,,0,0,0,0,P,B,N,N,02,2,NJ 35,S,35,,00000035__,39.83,02,,01,04,02,01,01,01,01,01,50,FE,S,ROUTE 516 / CR 52 / S LAUREL AVE,,,,50,45,26,,,N,,0093
2019131819-15934-AC,MONMOUTH,HOLMDEL TWP,07/29/2019,MO,0751,01,HOLMDEL PD,,0,1,0,0,I,B,N,N,03,2,NORTH BEERS ST,N,,,,,07,,03,04,02,01,01,01,05,,1000,FE,N,CR 4,,,,40,40,26,,,N,,0092
2019131819-15967-AC,MONMOUTH,HOLMDEL TWP,07/29/2019,MO,1821,01,HOLMDEL PD,,0,0,0,0,P,B,N,N,12,1,BETHANY RD,E,,,,,07,,01,04,02,01,01,01,05,01,650,FE,E,TELEGRAPH HILL RD,,,,35,35,24,,,N,,0093
2019131819-15971-AC,MONMOUTH,HOLMDEL TWP,07/29/2019,MO,1944,01,HOLMDEL PD,,0,0,0,0,P,B,N,N,01,2,CRAWFORDS CORNER RD,S,,,,,07,,01,04,02,01,01,01,05,01,500,FE,E,SEVEN OAKS DR,,,,40,25,26,,,N,,0094
2019131819-16056-AC,MONMOUTH,HOLMDEL TWP,07/30/2019,TU,1655,01,HOLMDEL PD,,0,0,0,0,P,B,N,N,03,2,MONMOUTH COUNTY 52,E,52,,13000052__,5.21,05,,01,04,02,01,01,01,,,100,FE,W,NJ 35,,,,45,50,26,,,N,,0086
2019131819-16119-AC,MONMOUTH,HOLMDEL TWP,07/31/2019,WE,1459,01,HOLMDEL PD,,0,1,0,0,I,B,N,N,01,2,ROBERTS RD,W,,,13181066__,.42,07,,01,04,02,02,01,02,05,01,75,FE,E,CR 4 II / HOLMDEL RD,,,,40,40,26,,,N,,0091
2019131819-16183-AC,MONMOUTH,HOLMDEL TWP,08/01/2019,TH,1243,01,HOLMDEL PD,,0,0,0,0,P,B,N,N,01,2,MONMOUTH COUNTY 52,W,52,,13000052__,5.11,05,,01,04,02,01,01,01,04,01,250,FE,E,COMMONS WAY,,,,45,15,26,,,N,,0076
2019131819-16190-AC,MONMOUTH,HOLMDEL TWP,08/01/2019,TH,1404,01,HOLMDEL PD,,0,0,0,0,P,B,N,N,02,2,MONMOUTH COUNTY 4 II,S,4,2,130000042_,4.51,05,,01,04,02,01,01,01,05,01,500,FE,N,TULIP LN,,,,40,25,26,,,N,,0091
2019131819-16193-AC,MONMOUTH,HOLMDEL TWP,08/01/2019,TH,1433,01,HOLMDEL PD,,0,0,0,0,P,I,N,N,08,2,MONMOUTH COUNTY 7 I,,7,1,130000071_,.38,05,,01,04,02,01,01,01,05,01,,AT,,TANNERS LANDING WAY,,,,40,25,26,,,N,,0096
2019131819-16205-AC,MONMOUTH,HOLMDEL TWP,08/01/2019,TH,1641,01,HOLMDEL PD,,0,0,0,0,P,I,N,N,01,2,NJ 35,S,35,,00000035__,39.84,02,,01,04,02,01,01,01,01,01,,AT,,ROUTE 516 / CR 52 / S LAUREL AVE,,,,50,45,26,,,N,,0096
2019131819-16279-AC,MONMOUTH,HOLMDEL TWP,08/02/2019,FR,1941,01,HOLMDEL PD,,0,0,0,0,P,B,N,N,11,1,MONMOUTH COUNTY 52,S,52,,13000052__,4.78,05,,01,04,02,01,03,01,05,,500,FE,S,AVON DR,,,,45,25,42,,,N,OVERHEAD BRIDGE - NJ TRANSIT - 1 PENN PLZ NEWARK NJ 07105,0072
2019131819-16419-AC,MONMOUTH,HOLMDEL TWP,08/05/2019,MO,0800,01,HOLMDEL PD,,0,0,0,0,P,B,N,N,08,2,LENNOX CT,N,,,,,07,,01,04,02,01,01,01,05,,500,FE,N,JANKSY DR,,,,25,25,28,,,N,,0057
2019131819-16483-AC,MONMOUTH,HOLMDEL TWP,08/05/2019,MO,1653,01,HOLMDEL PD,,0,0,0,0,P,B,N,N,11,1,46 MAIN ST,W,,,,,09,,01,04,02,01,01,01,05,,,,,,,,,15,,69,,,N,EXXON GAS STATION SIGN - HOLMDEL VILLAGE EXXON - 46 MAIN ST HOLMDEL NJ 07733,0057
2019131819-16548-AC,MONMOUTH,HOLMDEL TWP,08/06/2019,TU,1110,01,HOLMDEL PD,,0,0,0,0,P,B,N,N,07,2,UNION AVE,E,,,13181306__,.09,07,,01,04,02,01,01,01,05,,500,FE,E,NJ 35,,,,40,50,26,,,N,,0057
2019131819-16570-AC,MONMOUTH,HOLMDEL TWP,08/06/2019,TU,1515,01,HOLMDEL PD,,0,0,0,0,P,I,N,N,05,2,MONMOUTH COUNTY 4 II,N,4,2,130000042_,2.38,05,,01,04,02,01,01,01,05,,,AT,,ROUTE 520 / W MAIN ST,,,,50,40,26,,,N,,102
2019131819-16573-AC,MONMOUTH,HOLMDEL TWP,08/06/2019,TU,1604,01,HOLMDEL PD,,0,0,0,0,P,B,N,N,01,2,MONMOUTH COUNTY 52,S,52,,13000052__,3.99,05,,01,04,02,01,01,01,05,,100,FE,S,CONTINENTAL BLVD / SATINWOOD DR,,,,45,15,26,,,N,,0098
2019131819-16735-AC,MONMOUTH,HOLMDEL TWP,08/09/2019,FR,0731,01,HOLMDEL PD,,0,0,0,0,P,I,N,N,01,2,NJ 35,S,35,,00000035__,39.84,02,,01,04,02,01,01,01,01,01,,AT,,ROUTE 516 / CR 52 / S LAUREL AVE,,,,50,45,26,,,N,,102
2019131819-16766-AC,MONMOUTH,HOLMDEL TWP,08/09/2019,FR,1500,01,HOLMDEL PD,,0,0,0,0,P,B,N,N,03,2,MAPLE LEAF DR **,N,,,13181344__,.26,07,,01,04,02,01,01,01,,,200,FE,W,MAACKA DR,,,,15,15,26,,,N,,102
2019131819-1685-AC,MONMOUTH,HOLMDEL TWP,01/19/2019,SA,1045,01,HOLMDEL PD,,0,1,0,0,I,B,N,N,01,2,NJ 35,N,35,,00000035__,39.79,02,,01,04,02,01,01,01,01,,250,FE,S,ROUTE 516 / CR 52 / S LAUREL AVE,,,,50,40,26,,,N,,0088
2019131819-16961-AC,MONMOUTH,HOLMDEL TWP,08/12/2019,MO,1324,01,HOLMDEL PD,,0,0,0,0,P,B,N,N,11,1,MIDDLE RD,N,,,13182107__,.11,07,,03,04,02,01,01,01,05,01,600,FE,E,ROUTE 516 / LAUREL AVE,,,,35,40,69,,,N,POLE #JC663HML - LEANING - VERIZON WIRES STRUCK - JCP&L - 1345 OLD BRIDGE-ENGLI?,0094
2019131819-17008-AC,MONMOUTH,HOLMDEL TWP,08/13/2019,TU,0838,01,HOLMDEL PD,,0,0,0,0,P,B,N,N,11,3,MONMOUTH COUNTY 52,N,52,,13000052__,4.68,05,,01,04,02,01,01,01,05,01,1000,FE,N,BOXWOOD TER,,,,45,25,30,,,N,NJ TRANSIT BRIDGE - STRUCK BY TRAILER - NJ TRANSIT - 1 PENN PLZ E NEWARK NJ 071?,
2019131819-17033-AC,MONMOUTH,HOLMDEL TWP,08/13/2019,TU,1845,01,HOLMDEL PD,,0,0,0,0,P,B,N,N,01,3,BETHANY RD,E,,,,,07,,01,05,02,01,01,01,05,01,20,FE,E,CR 4,,,,35,35,26,,,N,,
2019131819-1710-AC,MONMOUTH,HOLMDEL TWP,01/19/2019,SA,1609,01,HOLMDEL PD,,0,2,0,0,I,B,N,N,01,2,ROUTE 516,S,516,,00000516__,13.43,05,,01,04,02,01,01,01,04,01,25,FE,N,HYLAN RD,,,,40,25,26,,,N,,0078