Year(4)-CountyCode(2)-MunicipalityCode(2)-CaseNumber(9),County Name,Municipality Name,Crash Date,Crash Day of Week,Crash Time,Police Department Code,Police Department,Police Station,Total Killed,Total Injured,Pedestrians Killed,Pedestrians Injured,Severity,Intersection,Alcohol Involved,Hazmat Involved,Crash Type,Total Vehicles,Location,Location Direction,Route,Route Suffix,Std Rte Identifier,MilePost,Road System,Road Character,Road Horizontal Alignment,Road Grade,Road Surface Type,Surface Condition,Light Condition,Environmental Condition,Road Divided By,Temporary Traffic Control Zone,Distance To Cross Street,Unit Of Measurement,Direction From Cross Street,Cross Street Name,Is Ramp,Ramp To/From Route Name,Ramp To/From Route Direction,Posted Speed,Posted Speed Cross Street,First Harmful Event,Latitude,Longitude,Cell Phone In Use Flag,Other Property Damage,Reporting Badge No.
2019131819-17162-AC,MONMOUTH,HOLMDEL TWP,08/15/2019,TH,1139,01,HOLMDEL PD,,0,0,0,0,P,B,N,N,02,2,STEVENS DR **,N,,,13181090__,.05,07,,01,04,02,01,01,01,05,01,250,FE,N,STILLWELL RD,,,,15,30,26,,,N,,102
2019131819-17175-AC,MONMOUTH,HOLMDEL TWP,08/15/2019,TH,1452,01,HOLMDEL PD,,0,0,0,0,P,B,N,N,01,3,NORTH BEERS ST,N,,,,,07,,01,05,02,01,01,01,05,,750,FE,W,CR 4,,,,35,35,26,,,N,,
2019131819-17192-AC,MONMOUTH,HOLMDEL TWP,08/15/2019,TH,1907,01,HOLMDEL PD,,0,0,0,0,P,I,N,N,04,2,MONMOUTH COUNTY 4 II,,4,2,130000042_,7.22,05,,01,07,02,01,01,01,05,01,,AT,,BETHANY RD,,,,35,35,26,,,N,,0096
2019131819-17244-AC,MONMOUTH,HOLMDEL TWP,08/16/2019,FR,1031,01,HOLMDEL PD,,0,2,0,0,I,B,N,N,03,2,ROUTE 516,S,516,,00000516__,13.17,05,,01,04,02,01,01,01,05,01,100,FE,N,LAUREL AVE / MIDDLE AVE,,,,40,35,26,,,N,,100
2019131819-17350-AC,MONMOUTH,HOLMDEL TWP,08/17/2019,SA,1802,01,HOLMDEL PD,,0,0,0,0,P,B,N,N,02,2,NJ 35,S,35,,00000035__,40.77,02,,01,04,02,01,01,01,01,01,500,FE,N,CENTERVILLE RD,,,,50,30,26,,,N,,0101
2019131819-17735-AC,MONMOUTH,HOLMDEL TWP,08/23/2019,FR,1157,01,HOLMDEL PD,,0,0,0,0,P,B,N,N,12,1,ROUTE 516,S,516,,00000516__,13.10,05,,01,04,02,01,01,01,04,01,200,FE,N,LEXINGTON CT,,,,35,15,24,,,N,,102
2019131819-18052-AC,MONMOUTH,HOLMDEL TWP,08/27/2019,TU,0900,01,HOLMDEL PD,,0,0,0,0,P,B,N,N,01,2,HILLCREST RD **,N,,,13181152__,.00,07,,01,04,02,01,01,01,05,01,25,FE,W,CR 4 II / HOLMDELL RD,,,,35,40,26,,,N,,0094
2019131819-18076-AC,MONMOUTH,HOLMDEL TWP,08/27/2019,TU,1826,01,HOLMDEL PD,,0,0,0,0,P,B,N,N,01,2,NJ 34,S,34,,00000034__,18.75,02,,01,04,02,01,01,01,05,,10,FE,N,SCHANCK RD,,,,50,35,26,,,N,,0099
2019131819-18159-AC,MONMOUTH,HOLMDEL TWP,08/28/2019,WE,1800,01,HOLMDEL PD,,0,0,0,0,P,B,N,N,04,2,HOLLAND RD,W,,,13312108__,1.60,07,,03,06,02,02,01,05,05,01,150,FE,W,GLENN WAY,,,,35,15,26,,,N,,102
2019131819-18204-AC,MONMOUTH,HOLMDEL TWP,08/29/2019,TH,0702,01,HOLMDEL PD,,0,0,0,0,P,B,N,N,03,2,NJ 34,S,34,,00000034__,18.00,02,,01,04,02,01,01,01,05,,3000,FE,S,ROBERTS RD,,,,50,40,26,,,N,,0090
2019131819-18395-AC,MONMOUTH,HOLMDEL TWP,08/31/2019,SA,1337,01,HOLMDEL PD,,0,2,0,0,I,B,N,N,04,3,BETHANY RD,N,,,,,07,,01,04,02,01,01,01,05,01,25,FE,N,CRAIG ST,,,,35,25,26,,,N,,
2019131819-18434-AC,MONMOUTH,HOLMDEL TWP,09/01/2019,SU,0735,01,HOLMDEL PD,,0,1,0,0,I,I,N,N,11,1,MONMOUTH COUNTY 4 II,S,4,2,130000042_,5.15,05,,02,06,02,01,01,01,05,01,,AT,,VAN BRAKLE RD,,,,40,35,,,,N,,0078
2019131819-1848-AC,MONMOUTH,HOLMDEL TWP,01/22/2019,TU,0738,01,HOLMDEL PD,,0,0,0,0,P,B,N,N,01,2,ROUTE 520,E,520,,00000520__,9.55,05,,01,04,02,01,01,01,05,,100,FE,E,NJ 34,,,,40,50,26,,,N,,0101
2019131819-18545-AC,MONMOUTH,HOLMDEL TWP,09/03/2019,TU,1332,01,HOLMDEL PD,,0,0,0,0,P,I,N,N,12,1,VAN BRAKLE RD **,,,,13181132__,.86,07,,01,04,02,01,01,01,05,01,,AT,,MABERN DR,,,,35,25,24,,,N,,0096
2019131819-18558-AC,MONMOUTH,HOLMDEL TWP,09/03/2019,TU,1529,01,HOLMDEL PD,,0,1,0,0,I,I,N,N,04,2,BETHANY RD,,,,,,07,,01,04,02,01,01,01,05,01,,AT,,HILLCREST RD,,,,35,35,26,,,N,,0096
2019131819-18564-AC,MONMOUTH,HOLMDEL TWP,09/03/2019,TU,1710,01,HOLMDEL PD,,0,0,0,0,P,B,N,N,02,2,ROUTE 516,N,516,,00000516__,13.89,05,,01,04,02,01,01,01,04,01,300,FE,N,NJ 35,,,,40,50,26,,,N,,0087
2019131819-18708-AC,MONMOUTH,HOLMDEL TWP,09/05/2019,TH,1420,01,HOLMDEL PD,,0,0,0,0,P,B,N,N,11,1,MIDDLETOWN RD,S,,,13181001__,.29,07,,01,04,02,01,01,05,05,01,900,FE,N,MCCAMPBELL RD,,,,35,25,,,,N,,0092
2019131819-18761-AC,MONMOUTH,HOLMDEL TWP,09/06/2019,FR,0702,01,HOLMDEL PD,,0,0,0,0,P,B,N,N,12,1,MONMOUTH COUNTY 4 II,S,4,2,130000042_,5.73,05,,01,05,02,02,01,05,05,01,100,FE,S,LONGVIEW DR,,,,40,25,24,,,N,,0091
2019131819-18842-AC,MONMOUTH,HOLMDEL TWP,09/07/2019,SA,1339,01,HOLMDEL PD,,0,0,0,0,P,B,N,N,01,2,BETHANY RD,E,,,,,07,,01,04,02,01,01,01,05,01,100,FE,E,CHESTNUT RIDGE RD,,,,35,25,26,,,N,,0096
2019131819-18906-AC,MONMOUTH,HOLMDEL TWP,09/08/2019,SU,2157,01,HOLMDEL PD,,0,0,0,0,P,B,N,N,01,2,MONMOUTH COUNTY 7 I,W,7,1,130000071_,.47,05,,01,04,02,01,06,01,05,01,500,FE,E,TANNERS LANDING WAY,,,,40,25,26,,,N,,0076
2019131819-19019-AC,MONMOUTH,HOLMDEL TWP,09/10/2019,TU,1548,01,HOLMDEL PD,,0,0,0,0,P,I,N,N,03,2,BETHANY RD,,,,,,07,,01,04,02,01,01,01,05,01,,AT,,TELEGRAPH HILL RD,,,,35,35,26,,,N,,0101
2019131819-19088-AC,MONMOUTH,HOLMDEL TWP,09/11/2019,WE,1744,01,HOLMDEL PD,,0,1,0,0,I,I,N,N,01,2,ROUTE 520,W,520,,00000520__,11.15,05,,01,04,02,01,01,01,05,01,,AT,,LONGBRIDGE RD,,,,45,25,26,,,N,,0076
2019131819-19090-AC,MONMOUTH,HOLMDEL TWP,09/11/2019,WE,1759,01,HOLMDEL PD,,0,0,0,0,P,B,N,N,01,2,BETHANY RD,E,,,,,07,,01,04,02,01,01,01,05,,20,FE,W,CR 4,,,,35,45,26,,,N,,0054
2019131819-19395-AC,MONMOUTH,HOLMDEL TWP,09/16/2019,MO,0907,01,HOLMDEL PD,,0,0,0,0,P,B,N,N,06,2,735 HOLMDEL RD,E,,,,,09,,01,04,02,01,01,01,,,,,,,,,,15,,26,,,N,,0075
2019131819-19426-AC,MONMOUTH,HOLMDEL TWP,09/16/2019,MO,1410,01,HOLMDEL PD,,0,0,0,0,P,B,N,N,01,2,MONMOUTH COUNTY 52,N,52,,13000052__,5.06,05,,01,04,02,01,01,01,05,01,10,FE,S,COMMONS WAY,,,,45,25,26,,,N,,0095
2019131819-19427-AC,MONMOUTH,HOLMDEL TWP,09/16/2019,MO,1414,01,HOLMDEL PD,,0,0,0,0,P,B,N,N,01,2,BETHANY RD,E,,,,,07,,01,04,02,01,01,01,05,01,150,FE,W,CHESTNUT RIDGE RD,,,,35,25,26,,,N,,0076
2019131819-19443-AC,MONMOUTH,HOLMDEL TWP,09/16/2019,MO,1802,01,HOLMDEL PD,,0,0,0,0,P,B,N,N,01,2,MONMOUTH COUNTY 52,W,52,,13000052__,2.58,05,,01,04,02,01,01,05,05,01,75,FE,E,GARDEN STATE PARKWAY,,,,45,25,26,,,N,,0076
2019131819-19595-AC,MONMOUTH,HOLMDEL TWP,09/18/2019,WE,1659,01,HOLMDEL PD,,0,1,0,0,I,B,N,N,01,2,NJ 35,S,35,,00000035__,39.78,02,,01,04,02,01,01,01,03,,300,FE,S,ROUTE 516 / CR 52 / S LAUREL AVE,,,,50,45,26,,,N,,0092
2019131819-19652-AC,MONMOUTH,HOLMDEL TWP,09/19/2019,TH,1600,01,HOLMDEL PD,,0,0,0,0,P,B,N,N,01,2,ROUTE 516,W,516,,00000516__,13.89,05,,01,04,02,01,01,01,05,01,50,FE,E,NJ 35,,,,45,50,26,,,N,,0101
2019131819-19863-AC,MONMOUTH,HOLMDEL TWP,09/21/2019,SA,1556,01,HOLMDEL PD,,0,3,0,0,I,B,N,N,04,2,HIXON TER **,N,,,13181234__,.13,07,,03,04,02,01,01,01,05,01,700,FE,N,WINDSWEPT LN,,,,25,25,26,,,N,,0087
2019131819-19865-AC,MONMOUTH,HOLMDEL TWP,09/21/2019,SA,1622,01,HOLMDEL PD,,0,0,0,0,P,B,N,N,12,1,ROBERTS RD,E,,,13181066__,.50,07,,01,04,02,01,01,01,05,01,500,FE,E,CR 4 II / HOLMDEL RD,,,,40,40,24,,,N,,0096
2019131819-19893-AC,MONMOUTH,HOLMDEL TWP,09/22/2019,SU,0333,01,HOLMDEL PD,,0,0,0,0,P,I,N,N,12,1,MONMOUTH COUNTY 4 II,N,4,2,130000042_,2.80,05,,01,04,02,01,06,01,05,,,AT,,HOP BROOK LN,,,,50,25,24,,,N,,0057
2019131819-19901-AC,MONMOUTH,HOLMDEL TWP,09/22/2019,SU,0940,01,HOLMDEL PD,,0,0,0,0,P,B,N,N,11,1,MONMOUTH COUNTY 4 II,S,4,2,130000042_,3.60,05,,01,04,02,01,01,01,05,01,50,FE,S,ROBERTS RD,,,,50,40,56,,,N,BENT GUARDRAIL  BROKEN SPEED LIMIT SIGNPOST - MONMOUTH COUNTY PUBLIC WORKS - 25?,0087
2019131819-19921-AC,MONMOUTH,HOLMDEL TWP,09/22/2019,SU,1704,01,HOLMDEL PD,,0,0,0,0,P,B,N,N,02,2,BETHANY RD,W,,,,,07,,01,04,02,01,01,01,05,01,100,FE,W,TELEGRAPH HILL RD,,,,35,35,26,,,N,,0096
2019131819-20022-AC,MONMOUTH,HOLMDEL TWP,09/24/2019,TU,1158,01,HOLMDEL PD,,0,1,0,0,I,B,N,N,01,2,NJ 35,S,35,,00000035__,39.84,02,,02,04,02,01,01,01,05,01,,,,,F,LAUREL AVE,SB,50,,26,,,N,,0093
2019131819-20041-AC,MONMOUTH,HOLMDEL TWP,09/24/2019,TU,1614,01,HOLMDEL PD,,0,0,0,0,P,B,N,N,11,1,LINE RD,S,,,,,07,,01,04,02,01,01,01,05,01,,,,,,,,30,,52,,,N,,0101
2019131819-20086-AC,MONMOUTH,HOLMDEL TWP,09/25/2019,WE,0826,01,HOLMDEL PD,,0,0,0,0,P,B,N,N,01,2,MONMOUTH COUNTY 52,S,52,,13000052__,2.82,05,,01,04,02,01,01,01,05,01,1000,FE,S,GALLOPING HILL RD,,,,45,25,26,,,N,,0096
2019131819-20259-AC,MONMOUTH,HOLMDEL TWP,09/27/2019,FR,1242,01,HOLMDEL PD,,0,0,0,0,P,B,N,N,99,1,NJ 35,N,35,,00000035__,40.37,02,,02,04,02,01,01,01,01,01,2000,FE,S,TAKOLUSA DR / UNION AVE,,,,50,40,12,,,N,,0101
2019131819-20265-AC,MONMOUTH,HOLMDEL TWP,09/27/2019,FR,1508,01,HOLMDEL PD,,0,1,0,0,I,B,N,N,01,2,ROUTE 520,E,520,,00000520__,11.24,05,,01,04,02,01,01,01,05,,500,FE,E,LONGBRIDGE RD,,,,45,40,26,,,N,,0060
2019131819-20345-AC,MONMOUTH,HOLMDEL TWP,09/28/2019,SA,1844,01,HOLMDEL PD,,0,0,0,0,P,B,N,N,11,1,41 MIDDLETOWN RD,W,,,,,08,,01,05,05,09,03,01,05,,,,,,,,,15,,,,,N,DAMAGE TO GRASS FROM VEHICLE'S TIRES - HOLMDEL TWP PARKS 41 MIDDLETOWN RD HOLMD?,0099
2019131819-20353-AC,MONMOUTH,HOLMDEL TWP,09/28/2019,SA,2205,01,HOLMDEL PD,,0,0,0,0,P,B,N,N,11,1,MONMOUTH COUNTY 52,S,52,,13000052__,4.51,05,,01,04,02,01,07,01,05,01,100,FE,N,BOXWOOD TER,,,,25,25,56,,,N,WOODEN POST WITH ELECTRICAL BOX - NEW JERSEY NATURAL GAS - 1415 WYCKOFF RD WALL?,100
2019131819-20450-AC,MONMOUTH,HOLMDEL TWP,09/30/2019,MO,1416,01,HOLMDEL PD,,0,0,0,0,P,B,N,N,02,2,NJ 35,S,35,,00000035__,39.83,02,,01,04,02,01,01,01,05,,50,FE,S,ROUTE 516 / CR 52 / S LAUREL AVE,,,,50,45,26,,,N,,0098
2019131819-20541-AC,MONMOUTH,HOLMDEL TWP,10/01/2019,TU,1037,01,HOLMDEL PD,,0,0,0,0,P,B,N,N,01,2,LONGBRIDGE RD **,N,,,13091117__,1.18,07,,02,04,02,01,01,01,05,,528,FE,S,WILLOW BROOK RD,,,,35,35,26,,,N,,0089
2019131819-20621-AC,MONMOUTH,HOLMDEL TWP,10/02/2019,WE,1408,01,HOLMDEL PD,,0,0,0,0,P,B,N,N,01,2,ROUTE 520,W,520,,00000520__,9.72,05,,01,04,02,01,01,01,05,01,1000,FE,E,NJ 34,,,,40,50,26,,,N,,100
2019131819-20642-AC,MONMOUTH,HOLMDEL TWP,10/03/2019,TH,0710,01,HOLMDEL PD,,0,0,0,0,P,I,N,N,03,2,CRAWFORDS CORNER RD,N,,,,,07,,01,04,02,02,01,02,05,01,,AT,,LONGSTREET RD,,,,35,45,26,,,N,,0094
2019131819-20651-AC,MONMOUTH,HOLMDEL TWP,10/03/2019,TH,0948,01,HOLMDEL PD,,0,0,0,0,P,B,N,N,02,2,NORTH BEERS ST,S,,,,,07,,02,04,02,02,01,02,05,01,500,FE,S,HOLMDEL RD,,,,25,35,26,,,N,,100
2019131819-20668-AC,MONMOUTH,HOLMDEL TWP,10/03/2019,TH,1714,01,HOLMDEL PD,,0,0,0,0,P,B,N,N,02,2,NJ 34,S,34,,00000034__,17.40,02,,01,04,02,02,01,02,05,,20,FE,N,ROUTE 520 / MAIN STREET / NEWMAN SP,,,,50,40,26,,,N,,0099
2019131819-20700-AC,MONMOUTH,HOLMDEL TWP,10/04/2019,FR,0756,01,HOLMDEL PD,,0,3,0,0,I,I,N,N,01,2,NJ 35,S,35,,00000035__,40.68,02,,01,04,02,01,01,01,05,,,AT,S,CENTERVILLE RD,,,,50,30,26,,,N,,0098
2019131819-20729-AC,MONMOUTH,HOLMDEL TWP,10/04/2019,FR,1725,01,HOLMDEL PD,,0,0,0,0,P,B,N,N,01,2,CRAWFORDS CORNER RD,N,,,,,07,,01,04,02,01,01,01,05,,500,FE,S,HOLMDEL RD,,,,45,40,26,,,N,,0064
2019131819-20735-AC,MONMOUTH,HOLMDEL TWP,10/04/2019,FR,1831,01,HOLMDEL PD,,0,0,0,0,P,I,N,N,03,2,MONMOUTH COUNTY 4 II,N,4,2,130000042_,5.38,05,,02,04,02,01,03,01,05,01,,AT,,CRAWFORDS CORNER RD,,,,45,40,26,,,N,,0096
2019131819-20790-AC,MONMOUTH,HOLMDEL TWP,10/05/2019,SA,0653,01,HOLMDEL PD,,0,0,0,0,P,B,N,N,11,1,ROUTE 520,W,520,,00000520__,9.49,05,,01,04,02,01,02,05,04,01,200,FE,W,NJ 34,,,,40,50,56,,,N,COUNTY RT 520 SIGN - MONMOUTH COUNTY - MAIN ST HOLMDEL NJ 07733,102
2019131819-20800-AC,MONMOUTH,HOLMDEL TWP,10/05/2019,SA,0948,01,HOLMDEL PD,,0,0,0,0,P,B,N,N,02,2,BETHANY RD,E,,,,,07,,01,04,02,01,01,01,05,01,300,FE,W,HOLMDEL RD,,,,35,35,26,,,N,,102
2019131819-20824-AC,MONMOUTH,HOLMDEL TWP,10/05/2019,SA,1148,01,HOLMDEL PD,,0,1,0,0,I,I,N,N,01,2,MONMOUTH COUNTY 52,W,52,,13000052__,2.57,05,,01,04,02,01,01,01,04,01,,AT,,GARDEN STATE PARKWAY,,,,40,40,26,,,N,,102
2019131819-20827-AC,MONMOUTH,HOLMDEL TWP,10/05/2019,SA,1222,01,HOLMDEL PD,,0,0,0,0,P,I,N,N,05,2,S HOLLAND RD **,S,,,13181107__,.97,07,,01,04,02,01,01,01,05,01,,AT,,TAKOLUSA RD / HOLLAND RD,,,,45,35,26,,,N,,102
2019131819-20835-AC,MONMOUTH,HOLMDEL TWP,10/05/2019,SA,1515,01,HOLMDEL PD,,0,0,0,0,P,B,N,N,04,2,MONMOUTH COUNTY 4 II,S,4,2,130000042_,2.37,05,,01,04,02,01,01,01,05,,50,FE,S,ROUTE 520 / W MAIN ST,,,,40,40,26,,,N,,0090
2019131819-20983-AC,MONMOUTH,HOLMDEL TWP,10/07/2019,MO,1910,01,HOLMDEL PD,,0,0,0,0,P,I,N,N,12,1,NJ 34,,34,,00000034__,19.16,02,,01,04,02,01,05,01,05,01,,AT,,ASHLEY DR,,,,50,25,24,,,N,,0096
2019131819-21075-AC,MONMOUTH,HOLMDEL TWP,10/09/2019,WE,1030,01,HOLMDEL PD,,0,0,0,0,P,B,N,N,01,3,MONMOUTH COUNTY 52,S,52,,13000052__,4.80,05,,01,04,02,02,01,02,05,,370,FE,S,AVON DR,,,,45,25,26,,,N,,
2019131819-21085-AC,MONMOUTH,HOLMDEL TWP,10/09/2019,WE,1252,01,HOLMDEL PD,,0,0,0,0,P,B,N,N,01,2,NJ 35,N,35,,00000035__,39.58,02,,01,04,02,02,01,02,05,,100,FE,S,CR 7 / PALMER AVE,,,,50,40,26,,,N,,0098
2019131819-21089-AC,MONMOUTH,HOLMDEL TWP,10/09/2019,WE,1334,01,HOLMDEL PD,,0,0,0,0,P,B,N,N,01,2,MONMOUTH COUNTY 52,S,52,,13000052__,5.07,05,,01,04,02,02,01,02,05,,50,FE,N,COMMONS WAY,,,,45,15,26,,,N,,0098
2019131819-21099-AC,MONMOUTH,HOLMDEL TWP,10/09/2019,WE,1759,01,HOLMDEL PD,,0,0,0,0,P,B,N,N,11,1,LONGSTREET RD,N,,,,,07,,01,04,02,02,01,05,05,,25,FE,S,ROBERTS RD,,,,35,40,56,,,N,,0090
2019131819-21148-AC,MONMOUTH,HOLMDEL TWP,10/10/2019,TH,1154,01,HOLMDEL PD,,0,0,0,0,P,B,N,N,11,1,HOLLAND RD,W,,,13312108__,1.82,07,,01,04,02,01,01,01,05,,75,FE,W,RED FERN RD,,,,35,25,,,,N,MAILBOX - DAHLIA HENNEDY - 245 HOLLAND RD HOLMDEL NJ 07733,0080
2019131819-21175-AC,MONMOUTH,HOLMDEL TWP,10/10/2019,TH,1723,01,HOLMDEL PD,,0,0,0,0,P,I,N,N,12,1,MIDDLETOWN RD,S,,,13181001__,2.11,07,,01,04,02,01,01,01,05,,,AT,,CR 52/CRAWFORDS CORNER EVERITT RD /,,,,40,45,24,,,N,,0098
2019131819-21246-AC,MONMOUTH,HOLMDEL TWP,10/11/2019,FR,1849,01,HOLMDEL PD,,0,0,0,0,P,B,N,N,12,1,ROUTE 520,E,520,,00000520__,9.49,05,,01,04,02,01,07,01,05,,200,FE,W,NJ 34,,,,40,50,24,,,N,,0092
2019131819-21284-AC,MONMOUTH,HOLMDEL TWP,10/12/2019,SA,1423,01,HOLMDEL PD,,0,0,0,0,P,B,N,N,01,2,MIDDLE RD,N,,,13182107__,.00,07,,01,04,02,01,01,01,05,01,50,FE,S,ROUTE 516 / LAUREL AVE,,,,35,40,26,,,N,,100
2019131819-21381-AC,MONMOUTH,HOLMDEL TWP,10/14/2019,MO,1231,01,HOLMDEL PD,,0,0,0,0,P,B,N,N,10,1,MONMOUTH COUNTY 4 II,N,4,2,130000042_,5.39,05,,02,06,02,01,01,01,05,,50,FE,N,CRAWFORDS CORNER RD,,,,40,40,01,,,N,HOLMDEL RD - ASPHALT - COUNTY OF MONMOUTH - 1 E MAIN ST FREEHOLD NJ 07728,0080
2019131819-21388-AC,MONMOUTH,HOLMDEL TWP,10/14/2019,MO,1353,01,HOLMDEL PD,,0,1,0,0,I,I,N,N,04,2,MABERN DR **,W,,,13181139__,.00,07,,01,04,02,01,01,01,05,,,AT,,VANBRAKLE RD,,,,35,25,26,,,N,,0080
2019131819-21399-AC,MONMOUTH,HOLMDEL TWP,10/14/2019,MO,1637,01,HOLMDEL PD,,0,0,0,0,P,B,N,N,05,2,MONMOUTH COUNTY 7 I,E,7,1,130000071_,.17,05,,01,04,02,01,01,01,05,,50,FE,S,NJ 35,,,,40,50,26,,,N,,0098
2019131819-21402-AC,MONMOUTH,HOLMDEL TWP,10/14/2019,MO,1741,01,HOLMDEL PD,,0,0,0,0,P,I,N,N,05,2,MONMOUTH COUNTY 52,W,52,,13000052__,2.57,05,,01,04,02,01,01,01,05,01,,AT,,GARDEN STATE PARKWAY,,,,40,40,,,,N,,102
2019131819-21405-AC,MONMOUTH,HOLMDEL TWP,10/14/2019,MO,1803,01,HOLMDEL PD,,0,0,0,0,P,B,N,N,12,1,MONMOUTH COUNTY 52,S,52,,13000052__,.64,05,,01,04,02,01,03,01,05,01,200,FE,S,DEBELE LN / MCCAMPBELL RD,,,,40,35,24,,,N,,102
2019131819-21442-AC,MONMOUTH,HOLMDEL TWP,10/15/2019,TU,0602,01,HOLMDEL PD,,0,1,0,0,I,B,N,N,12,1,NJ 34,N,34,,00000034__,18.00,02,,01,04,02,01,05,01,05,01,3000,FE,S,ROBERTS RD,,,,50,40,24,,,N,,0096
2019131819-21465-AC,MONMOUTH,HOLMDEL TWP,10/15/2019,TU,1354,01,HOLMDEL PD,,0,0,0,0,P,B,N,N,01,2,MONMOUTH COUNTY 52,S,52,,13000052__,5.08,05,,01,04,02,01,01,01,05,,100,FE,N,COMMONS WAY,,,,45,15,26,,,N,,0098
2019131819-21503-AC,MONMOUTH,HOLMDEL TWP,10/16/2019,WE,0724,01,HOLMDEL PD,,0,1,0,0,I,I,N,N,07,2,MONMOUTH COUNTY 52,N,52,,13000052__,4.01,05,,01,04,02,01,01,05,04,,,AT,,CONTINENTAL BLVD / SATINWOOD DR,,,,45,25,26,,,N,,0088
2019131819-21505-AC,MONMOUTH,HOLMDEL TWP,10/16/2019,WE,0804,01,HOLMDEL PD,,0,0,0,0,P,I,N,N,01,2,MONMOUTH COUNTY 52,S,52,,13000052__,2.76,05,,01,04,02,01,01,01,05,,,AT,,CR 12 / DWIGHT RD,,,,40,40,26,,,N,,0099
2019131819-21629-AC,MONMOUTH,HOLMDEL TWP,10/18/2019,FR,1056,01,HOLMDEL PD,,0,0,0,0,P,I,N,N,03,2,NJ 34,N,34,,00000034__,18.57,02,,01,04,02,01,01,01,05,,,AT,,ROBERTS RD,,,,50,40,26,,,N,,0090
2019131819-21663-AC,MONMOUTH,HOLMDEL TWP,10/18/2019,FR,1805,01,HOLMDEL PD,,0,0,0,0,P,I,N,N,12,1,ROUTE 520,E,520,,00000520__,11.20,05,,01,04,02,01,01,01,05,,,AT,E,CHARDONNAY DR,,,,45,25,24,,,N,,0098
2019131819-2174-AC,MONMOUTH,HOLMDEL TWP,01/25/2019,FR,1750,01,HOLMDEL PD,,0,0,0,0,P,B,N,N,08,2,E LAWN DR **,W,,,13181209__,.00,07,,01,07,02,01,06,01,05,01,30,FE,W,NJ 34,,,,25,50,26,,,N,,0076
2019131819-21853-AC,MONMOUTH,HOLMDEL TWP,10/21/2019,MO,0816,01,HOLMDEL PD,,0,2,0,0,I,I,N,N,03,2,CATBIRD ALLEY **,N,,,13181077__,.00,07,,01,04,02,01,01,01,05,01,,AT,,CRAWFORDS CORNER EVERETT RD,,,,40,25,26,,,N,,0094
2019131819-21870-AC,MONMOUTH,HOLMDEL TWP,10/21/2019,MO,1111,01,HOLMDEL PD,,0,2,0,0,I,B,N,N,01,2,MONMOUTH COUNTY 52,S,52,,13000052__,2.78,05,,01,04,02,01,01,01,04,01,20,FE,N,RED HILL RD,,,,45,40,26,,,N,,0075
2019131819-21884-AC,MONMOUTH,HOLMDEL TWP,10/21/2019,MO,1400,01,HOLMDEL PD,,0,0,0,0,P,B,N,N,01,2,ROUTE 520,W,520,,00000520__,9.76,05,,01,05,02,01,01,01,05,,1200,FE,E,NJ 34,,,,40,50,26,,,N,,0072
2019131819-21931-AC,MONMOUTH,HOLMDEL TWP,10/22/2019,TU,0548,01,HOLMDEL PD,,0,1,0,1,I,I,N,N,13,1,ROUTE 516,N,516,,00000516__,13.15,05,,01,04,02,01,07,01,05,01,,AT,,LAUREL AVE / MIDDLE AVE,,,,40,35,22,,,N,,0093
2019131819-21934-AC,MONMOUTH,HOLMDEL TWP,10/22/2019,TU,0715,01,HOLMDEL PD,,0,0,0,0,P,B,N,N,12,1,MONMOUTH COUNTY 4 II,N,4,2,130000042_,3.00,05,,01,04,02,02,01,05,05,01,200,FE,S,HEARTLAND DR,,,,50,25,24,,,N,,0094
2019131819-21936-AC,MONMOUTH,HOLMDEL TWP,10/22/2019,TU,0811,01,HOLMDEL PD,,0,0,0,0,P,B,N,N,11,1,MONMOUTH COUNTY 52,N,52,,13000052__,4.83,05,,01,05,02,02,01,05,05,01,200,FE,S,AVON DR,,,,45,15,42,,,N,BRIDGE OVERPASS - NJ TRANSIT - 1 PENN PLZ E NEWARK NJ 07105,102
2019131819-21985-AC,MONMOUTH,HOLMDEL TWP,10/23/2019,WE,0938,01,HOLMDEL PD,,0,0,0,0,P,I,N,N,04,2,MONMOUTH COUNTY 7 I,S,7,1,130000071_,.85,05,,01,04,02,01,01,01,05,,,AT,,MAIN ST / MIDDLE AVE,,,,35,40,26,,,N,,0090
2019131819-22063-AC,MONMOUTH,HOLMDEL TWP,10/24/2019,TH,1835,01,HOLMDEL PD,,0,0,0,0,P,B,N,N,12,1,NJ 34,N,34,,00000034__,18.79,02,,01,04,02,01,06,01,05,01,200,FE,N,SCHANCK RD,,,,50,35,24,,,N,,0076
2019131819-22091-AC,MONMOUTH,HOLMDEL TWP,10/25/2019,FR,0727,01,HOLMDEL PD,,0,2,0,0,I,I,N,N,03,2,NJ 34,N,34,,00000034__,18.57,02,,01,04,02,01,01,01,05,01,,AT,,ROBERTS RD,,,,50,40,26,,,N,,0078
2019131819-22124-AC,MONMOUTH,HOLMDEL TWP,10/25/2019,FR,1859,01,HOLMDEL PD,,0,0,0,0,P,B,N,N,12,1,MIDDLETOWN RD,S,,,13181001__,1.00,07,,01,04,02,01,05,01,,,400,FE,S,STILWELL RD,,,,35,30,24,,,N,,0086
2019131819-22241-AC,MONMOUTH,HOLMDEL TWP,10/27/2019,SU,1631,01,HOLMDEL PD,,0,1,0,0,I,B,N,N,10,1,NJ 35,N,35,,00000035__,40.72,02,,02,05,02,02,01,01,05,01,150,FE,S,TAKOLUSA DR / UNION AVE,,,,50,40,56,,,N,GUIDE RAIL - NJ DOT - P.O. BOX 600 TRENTON NJ 08325,0094
2019131819-22243-AC,MONMOUTH,HOLMDEL TWP,10/27/2019,SU,1803,01,HOLMDEL PD,,0,0,0,0,P,B,N,N,11,1,MONMOUTH COUNTY 4 II,N,4,2,130000042_,6.09,05,,02,04,02,02,03,05,05,,25,FE,N,DANTES WAY,,,,40,25,69,,,N,,0088
2019131819-22304-AC,MONMOUTH,HOLMDEL TWP,10/28/2019,MO,1340,01,HOLMDEL PD,,0,0,0,0,P,B,N,N,01,2,MONMOUTH COUNTY 52,N,52,,13000052__,5.06,05,,01,04,02,01,01,01,05,01,10,FE,S,COMMONS WAY,,,,45,25,26,,,N,,0095
2019131819-22376-AC,MONMOUTH,HOLMDEL TWP,10/29/2019,TU,1244,01,HOLMDEL PD,,0,0,0,0,P,B,N,N,11,1,MONMOUTH COUNTY 4 II,N,4,2,130000042_,6.11,05,,02,05,02,02,01,02,05,01,100,FE,N,DANTES WAY,,,,40,25,,,,N,SCRAPE ON THE POLE  WOOD CHIPPED OFF - VERIZON - 1 VERIZON WAY BASKING RIDGE NJ?,0087