Year(4)-CountyCode(2)-MunicipalityCode(2)-CaseNumber(9),County Name,Municipality Name,Crash Date,Crash Day of Week,Crash Time,Police Department Code,Police Department,Police Station,Total Killed,Total Injured,Pedestrians Killed,Pedestrians Injured,Severity,Intersection,Alcohol Involved,Hazmat Involved,Crash Type,Total Vehicles,Location,Location Direction,Route,Route Suffix,Std Rte Identifier,MilePost,Road System,Road Character,Road Horizontal Alignment,Road Grade,Road Surface Type,Surface Condition,Light Condition,Environmental Condition,Road Divided By,Temporary Traffic Control Zone,Distance To Cross Street,Unit Of Measurement,Direction From Cross Street,Cross Street Name,Is Ramp,Ramp To/From Route Name,Ramp To/From Route Direction,Posted Speed,Posted Speed Cross Street,First Harmful Event,Latitude,Longitude,Cell Phone In Use Flag,Other Property Damage,Reporting Badge No.
2019131819-8676-AC,MONMOUTH,HOLMDEL TWP,04/23/2019,TU,1013,01,HOLMDEL PD,,0,0,0,0,P,B,N,N,03,2,ROUTE 516,W,516,,00000516__,13.89,05,,01,04,02,01,01,01,05,,100,FE,E,NJ 35,,,,45,50,26,,,N,,0099
2019131819-8695-AC,MONMOUTH,HOLMDEL TWP,04/23/2019,TU,1349,01,HOLMDEL PD,,0,0,0,0,P,B,N,N,01,3,NJ 35,S,35,,00000035__,39.82,02,,01,04,02,01,01,01,01,,100,FE,S,ROUTE 516 / CR 52 / S LAUREL AVE,,,,50,45,26,,,N,,
2019131819-8696-AC,MONMOUTH,HOLMDEL TWP,04/23/2019,TU,1358,01,HOLMDEL PD,,0,0,0,0,P,I,N,N,03,2,MONMOUTH COUNTY 4 II,N,4,2,130000042_,6.63,05,,01,04,02,01,01,01,05,,,AT,,CRAPE MYRTLE DR / N BEERS ST,,,,35,35,26,,,N,,0099
2019131819-8884-AC,MONMOUTH,HOLMDEL TWP,04/25/2019,TH,1219,01,HOLMDEL PD,,0,0,0,0,P,B,N,N,01,2,BETHANY RD,E,,,,,07,,01,04,02,01,01,01,05,,500,FE,E,CR 4,,,,35,35,26,,,N,,0098
2019131819-8959-AC,MONMOUTH,HOLMDEL TWP,04/26/2019,FR,1727,01,HOLMDEL PD,,0,0,0,0,P,B,N,N,01,2,NJ 35,N,35,,00000035__,40.73,02,,01,04,02,02,01,02,01,01,100,FE,S,TAKOLUSA DR / UNION AVE,,,,50,40,26,,,N,,0094
2019131819-9025-AC,MONMOUTH,HOLMDEL TWP,04/27/2019,SA,1323,01,HOLMDEL PD,,0,0,0,0,P,I,N,N,03,2,HOLLAND RD,S,,,13312108__,2.13,07,,01,04,02,01,01,01,05,,,AT,,S HOLLAND RD / TAKOLUSA DR,,,,35,45,26,,,N,,0088
2019131819-9061-AC,MONMOUTH,HOLMDEL TWP,04/27/2019,SA,2332,01,HOLMDEL PD,,0,0,0,0,P,B,N,N,01,2,MONMOUTH COUNTY 52,E,52,,13000052__,5.21,05,,01,04,02,01,07,01,05,01,100,FE,W,NJ 35,,,,45,50,26,,,N,,0093
2019131819-9183-AC,MONMOUTH,HOLMDEL TWP,04/29/2019,MO,1456,01,HOLMDEL PD,,0,0,0,0,P,B,N,N,11,1,NJ 35,,35,,00000035__,39.88,02,,01,04,02,01,01,01,01,,200,FE,N,ROUTE 516 / CR 52 / S LAUREL AVE,,,,50,40,56,,,N,,102
2019131819-9203-AC,MONMOUTH,HOLMDEL TWP,04/29/2019,MO,1912,01,HOLMDEL PD,,0,0,0,0,P,B,N,N,06,2,1 LONGBRIDGE RD,S,,,,,09,,01,04,02,01,03,01,05,01,,,,,,,,15,,28,,,N,,0076
2019131819-9243-AC,MONMOUTH,HOLMDEL TWP,04/30/2019,TU,0818,01,HOLMDEL PD,,0,1,0,0,I,B,N,N,01,2,MONMOUTH COUNTY 52,S,52,,13000052__,1.70,05,,01,04,02,02,01,05,05,,1500,FE,S,CRAWFORDS CORNER EVERETT / MIDDLETO,,,,40,40,26,,,N,,102
2019131819-9359-AC,MONMOUTH,HOLMDEL TWP,05/01/2019,WE,1404,01,HOLMDEL PD,,0,0,0,0,P,B,N,N,01,2,ROUTE 516,S,516,,00000516__,13.16,05,,01,04,02,01,01,01,05,01,50,FE,N,LAUREL AVE / MIDDLE AVE,,,,35,40,26,,,N,,0094
2019131819-9389-AC,MONMOUTH,HOLMDEL TWP,05/01/2019,WE,2229,01,HOLMDEL PD,,0,0,0,0,P,B,Y,N,11,1,MONMOUTH COUNTY 4 II,N,4,2,130000042_,6.10,05,,02,05,02,02,06,02,05,01,50,FE,N,DANTES WAY,,,,40,25,52,,,N,UTILITY POLE - VERIZON - 970 HOLMDEL RD HOLMDEL NJ 07733,100
2019131819-9433-AC,MONMOUTH,HOLMDEL TWP,05/02/2019,TH,1550,01,HOLMDEL PD,,0,1,0,0,I,B,N,N,01,4,BETHANY RD,N,,,,,07,,01,04,02,01,01,01,05,,1400,FE,N,HILLCREST RD,,,,35,35,26,,,N,,
2019131819-9437-AC,MONMOUTH,HOLMDEL TWP,05/02/2019,TH,1714,01,HOLMDEL PD,,0,0,0,0,P,B,N,N,01,2,NJ 35,N,35,,00000035__,40.66,02,,01,04,02,01,01,01,01,01,500,FE,S,TAKOLUSA DR / UNION AVE,,,,50,40,26,,,N,,0094
2019131819-9533-AC,MONMOUTH,HOLMDEL TWP,05/04/2019,SA,0235,01,HOLMDEL PD,,0,0,0,0,P,B,N,N,12,1,NJ 34,N,34,,00000034__,19.47,02,,01,06,02,01,05,05,05,01,100,FE,S,E LAWN DR,,,,50,25,24,,,N,,0091
2019131819-9554-AC,MONMOUTH,HOLMDEL TWP,05/04/2019,SA,0948,01,HOLMDEL PD,,0,0,0,0,P,B,N,N,03,2,MONMOUTH COUNTY 7 I,E,7,1,130000071_,.03,05,,01,04,02,01,01,01,,,150,FE,E,NJ 35,,,,40,50,26,,,N,,0090
2019131819-9634-AC,MONMOUTH,HOLMDEL TWP,05/05/2019,SU,2030,01,HOLMDEL PD,,0,0,0,0,P,B,N,N,03,2,BETHANY RD,E,,,,,07,,01,05,02,02,06,02,05,01,10,FE,S,CR 4,,,,35,35,26,,,N,,0087
2019131819-9678-AC,MONMOUTH,HOLMDEL TWP,05/06/2019,MO,1539,01,HOLMDEL PD,,0,0,0,0,P,B,N,N,04,2,MONMOUTH COUNTY 52,S,52,,13000052__,5.23,05,,01,04,02,01,01,01,05,01,25,FE,S,NJ 35,,,,45,50,26,,,N,,0078
2019131819-9754-AC,MONMOUTH,HOLMDEL TWP,05/07/2019,TU,1506,01,HOLMDEL PD,,0,2,0,0,I,I,N,N,07,2,ROUTE 516,W,516,,00000516__,13.74,05,,01,04,02,01,01,01,05,,,AT,,HOLMDEL TOWNE CENTER,,,,40,25,26,,,N,,0101
2019131819-9790-AC,MONMOUTH,HOLMDEL TWP,05/07/2019,TU,2213,01,HOLMDEL PD,,0,0,0,0,P,B,N,N,11,1,MONMOUTH COUNTY 52,S,52,,13000052__,3.29,05,,01,06,02,02,07,02,05,,400,FE,N,FOX HUNT RD,,,,45,25,,,,N,DAMAGE TO POLE #BT2293HML - VERIZON - 1071 F STATE HIGHWAY 34 ABERDEEN NJ 07747,0092
2019131819-9899-AC,MONMOUTH,HOLMDEL TWP,05/09/2019,TH,0117,01,HOLMDEL PD,,0,1,0,0,I,I,N,N,11,1,ROUTE 520,E,520,,00000520__,10.69,05,,03,04,02,01,07,01,05,01,,AT,,MIDDLETOWN RD / OLD MILL RD,,,,40,25,52,,,N,POLE #BT223HML - VERIZON 1 VERIZON WAY BASKING RIDGE NJ 07920,0096
2019131819KP02870,MONMOUTH,HOLMDEL TWP,03/30/2019,SA,1735,01,KEYPORT PD,KEYPORT,0,0,0,0,P,B,N,N,01,2,GARDEN STATE PARKWAY,S,444,,00000444__,117.00,03,,03,04,02,01,01,01,03,01,10,FE,W,,T,NJ 35,SB,35,,26,40.424380,74.202260,N,,22031
2019131819KP03827,MONMOUTH,HOLMDEL TWP,04/27/2019,SA,1133,01,KEYPORT PD,KEYPORT PD,0,0,0,0,P,I,N,N,01,2,GARDEN STATE PARKWAY,S,444,,00000444__,117.00,03,,01,04,02,02,01,01,04,,,AT,S,NJ 35,,,,50,50,26,40.424110,74.197150,N,,22036
2019131819KP03953,MONMOUTH,HOLMDEL TWP,04/30/2019,TU,1830,01,KEYPORT PD,,0,0,0,0,P,B,N,N,01,2,GARDEN STATE PARKWAY,S,444,,00000444__,117.00,03,,03,04,02,01,01,01,03,01,10,FE,N,,T,NJ 35,SB,35,,26,40.424040,74.200540,N,,22031
2019131819KP04020,MONMOUTH,HOLMDEL TWP,05/02/2019,TH,1506,01,KEYPORT PD,KEYPORT,0,0,0,0,P,I,N,N,01,2,GARDEN STATE PARKWAY,S,444,,00000444__,117.00,03,,01,04,02,01,01,01,04,01,,AT,S,NJ 35,,,,50,50,26,40.424040,74.204130,N,,22036
20191318E050-2019-00012A,MONMOUTH,HOLMDEL TWP,01/03/2019,TH,1305,02,NEW JERSEY STATE POLICE,HOLMDEL - SQUAD,0,0,0,0,P,B,N,N,11,1,GARDEN STATE PARKWAY,N,444,,00000444__,117.00,03,,02,05,02,01,01,01,01,01,,,,,,,,65,,46,40.424410,74.204750,N,NJTPA guide rail,7514
20191318E050-2019-00014A,MONMOUTH,HOLMDEL TWP,01/03/2019,TH,,02,NEW JERSEY STATE POLICE,HOLMDEL - SQUAD,0,0,0,0,P,B,N,N,12,1,GARDEN STATE PARKWAY,N,444,,00000444__,116.00,03,,01,04,02,01,06,01,01,00,,,,,,,,65,,24,40.391170,74.180050,N,,7470
20191318E050-2019-00043A,MONMOUTH,HOLMDEL TWP,01/08/2019,TU,0826,02,NEW JERSEY STATE POLICE,HOLMDEL - SQUAD,0,0,0,0,P,B,N,N,11,1,GARDEN STATE PARKWAY,S,444,,00000444__,117.00,03,,02,05,02,02,01,01,01,01,,,,,,,,35,,46,39.321650,74.651650,N,,7470
20191318E050-2019-00083A,MONMOUTH,HOLMDEL TWP,01/14/2019,MO,2006,02,NEW JERSEY STATE POLICE,HOLMDEL - SQUAD,0,0,0,0,P,B,N,N,11,1,GARDEN STATE PARKWAY,S,444,,00000444__,115.50,03,,01,05,02,01,05,01,01,01,,,,,,,,65,,46,40.385340,74.175750,N,NJTA Guardrail,7660
20191318E050-2019-00114A,MONMOUTH,HOLMDEL TWP,01/19/2019,SA,2333,02,NEW JERSEY STATE POLICE,HOLMDEL - SQUAD,0,1,0,0,I,B,N,N,11,1,GARDEN STATE PARKWAY,N,444,,00000444__,117.30,03,,01,04,02,02,06,02,01,01,,,,,,,,65,,46,40.405280,74.195700,N,Guardrail Face,7852
20191318E050-2019-00139A,MONMOUTH,HOLMDEL TWP,01/24/2019,TH,1608,02,NEW JERSEY STATE POLICE,HOLMDEL - SQUAD,0,0,0,0,P,B,N,N,11,1,GARDEN STATE PARKWAY,N,444,,00000444__,117.30,03,,03,04,02,02,01,01,01,01,,,,,,,,65,,46,40.406390,74.196840,N,NJTA metal guardrail,7361
20191318E050-2019-00158A,MONMOUTH,HOLMDEL TWP,01/24/2019,TH,1505,02,NEW JERSEY STATE POLICE,HOLMDEL - SQUAD,0,0,0,0,P,B,N,N,02,3,GARDEN STATE PARKWAY,S,444,,00000444__,114.20,03,,01,04,02,02,01,01,01,01,,,,,,,,65,,26,40.377900,74.153190,N,,7739
20191318E050-2019-00184A,MONMOUTH,HOLMDEL TWP,01/31/2019,TH,1613,02,NEW JERSEY STATE POLICE,HOLMDEL - SQUAD,0,0,0,0,P,B,N,N,01,2,GARDEN STATE PARKWAY,S,444,,00000444__,117.00,03,,01,04,02,01,01,01,01,01,,,,,,,,65,,26,40.425380,74.202870,N,,7845
20191318E050-2019-00204A,MONMOUTH,HOLMDEL TWP,02/04/2019,MO,1507,02,NEW JERSEY STATE POLICE,HOLMDEL - SQUAD,0,0,0,0,P,B,N,N,01,2,GARDEN STATE PARKWAY,S,444,,00000444__,117.00,03,,03,04,02,01,01,01,01,01,,,,,,,,35,,26,40.402120,74.193370,N,,7470
20191318E050-2019-00211A,MONMOUTH,HOLMDEL TWP,02/06/2019,WE,0516,02,NEW JERSEY STATE POLICE,HOLMDEL - SQUAD,0,0,0,0,P,B,N,N,12,1,GARDEN STATE PARKWAY,S,444,,00000444__,115.30,03,,01,04,02,01,05,01,03,01,,,,,,,,65,,24,40.383330,74.168440,N,,7578
20191318E050-2019-00248A,MONMOUTH,HOLMDEL TWP,02/12/2019,TU,1150,02,NEW JERSEY STATE POLICE,HOLMDEL - SQUAD,0,0,0,0,P,B,N,N,02,2,GARDEN STATE PARKWAY,N,444,,00000444__,115.50,03,,01,04,02,03,01,03,01,01,,,,,,,,65,,26,40.432900,74.251500,N,,7794
20191318E050-2019-00259A,MONMOUTH,HOLMDEL TWP,02/12/2019,TU,1402,02,NEW JERSEY STATE POLICE,HOLMDEL - SQUAD,0,0,0,0,P,B,N,N,11,1,GARDEN STATE PARKWAY,S,444,,00000444__,114.00,03,,01,04,02,04,01,03,01,01,,,,,,,,65,,46,40.386550,74.177130,N,NJTA GUARDRAIL,7779
20191318E050-2019-00263A,MONMOUTH,HOLMDEL TWP,02/12/2019,TU,1100,02,NEW JERSEY STATE POLICE,HOLMDEL - SQUAD,0,0,0,0,P,B,N,N,11,1,GARDEN STATE PARKWAY,N,444,,00000444__,114.80,03,,01,04,02,03,01,03,01,01,,,,,,,,65,,46,40.386550,74.177130,N,NJTPA Guardrail,7887
20191318E050-2019-00264A,MONMOUTH,HOLMDEL TWP,02/12/2019,TU,1400,02,NEW JERSEY STATE POLICE,HOLMDEL - SQUAD,0,0,0,0,P,B,N,N,11,2,GARDEN STATE PARKWAY,N,444,,00000444__,116.40,03,,01,04,02,05,01,03,01,01,,,,,,,,65,,46,40.386550,74.177130,N,NJTPA Guardrail,7362
20191318E050-2019-00280A,MONMOUTH,HOLMDEL TWP,02/12/2019,TU,0948,02,NEW JERSEY STATE POLICE,HOLMDEL - SQUAD,0,1,0,0,I,B,N,N,11,1,GARDEN STATE PARKWAY,S,444,,00000444__,114.30,03,,01,04,02,04,01,03,01,01,,,,,,,,65,,46,40.378570,74.154870,N,NJTA GUARDRAIL DAMAGE,7845
20191318E050-2019-00296A,MONMOUTH,HOLMDEL TWP,02/12/2019,TU,1010,02,NEW JERSEY STATE POLICE,HOLMDEL - SQUAD,0,0,0,0,P,B,N,N,11,1,GARDEN STATE PARKWAY,N,444,,00000444__,115.50,03,,01,06,02,04,01,03,01,01,,,,,,,,65,,46,40.393800,74.175200,N,,6920
20191318E050-2019-00313A,MONMOUTH,HOLMDEL TWP,02/12/2019,TU,1245,02,NEW JERSEY STATE POLICE,HOLMDEL - SQUAD,0,0,0,0,P,B,N,N,11,1,GARDEN STATE PARKWAY,N,444,,00000444__,117.10,03,,01,04,02,05,01,06,01,01,,,,,,,,65,,46,40.386650,74.177130,N,NJTPA guardrail damage.,6468
20191318E050-2019-00321A,MONMOUTH,HOLMDEL TWP,02/13/2019,WE,1255,02,NEW JERSEY STATE POLICE,HOLMDEL - SQUAD,0,0,0,0,P,B,N,N,11,1,GARDEN STATE PARKWAY,N,444,,00000444__,117.50,03,,02,04,02,04,01,03,01,01,,,,,,,,65,,46,40.386550,74.177130,N,GUARDRAIL  NJTA PO BOX 5042 WOODBRIDGE NJ.,7448
20191318E050-2019-00322A,MONMOUTH,HOLMDEL TWP,02/13/2019,WE,1340,02,NEW JERSEY STATE POLICE,HOLMDEL - SQUAD,0,1,0,0,I,B,N,N,11,1,GARDEN STATE PARKWAY,N,444,,00000444__,115.60,03,,01,04,02,04,01,03,01,01,,,,,,,,65,,48,40.386550,74.177130,N,GUARDRAIL  NJTA PO BOX 5042 WOODBRIDGE NJ.,7448
20191318E050-2019-00323A,MONMOUTH,HOLMDEL TWP,02/12/2019,TU,1453,02,NEW JERSEY STATE POLICE,HOLMDEL - SQUAD,0,0,0,0,P,B,N,N,11,1,GARDEN STATE PARKWAY,N,444,,00000444__,117.50,03,,02,04,02,04,01,03,01,01,,,,,,,,65,,46,40.407670,74.197780,N,GUARDRAIL  NJTA PO BOX 5042 WOODBRIDGE NJ.,7448
20191318E050-2019-00324A,MONMOUTH,HOLMDEL TWP,02/12/2019,TU,1455,02,NEW JERSEY STATE POLICE,HOLMDEL - SQUAD,0,0,0,0,P,B,N,N,11,1,GARDEN STATE PARKWAY,N,444,,00000444__,117.40,03,,02,04,02,04,01,03,01,01,,,,,,,,65,,46,40.407670,74.197780,N,GUARDRAIL  NJTA PO BOX 5042 WOODBRIDGE NJ.,7448
20191318E050-2019-00332A,MONMOUTH,HOLMDEL TWP,02/20/2019,WE,1743,02,NEW JERSEY STATE POLICE,HOLMDEL - SQUAD,0,0,0,0,P,B,N,N,11,1,GARDEN STATE PARKWAY,N,444,,00000444__,115.80,03,,01,04,02,03,06,03,01,01,,,,,,,,65,,46,40.388860,74.177810,N,GUARDRAIL,7578
20191318E050-2019-00349A,MONMOUTH,HOLMDEL TWP,02/23/2019,SA,1412,02,NEW JERSEY STATE POLICE,HOLMDEL - SQUAD,0,0,0,0,P,B,N,N,01,2,GARDEN STATE PARKWAY,N,444,,00000444__,117.00,03,,01,04,02,01,01,01,01,01,,,,,,,,45,,26,40.425240,74.205830,N,,7576
20191318E050-2019-00351A,MONMOUTH,HOLMDEL TWP,02/24/2019,SU,0545,02,NEW JERSEY STATE POLICE,HOLMDEL - SQUAD,0,1,0,0,I,B,N,N,11,1,GARDEN STATE PARKWAY,N,444,,00000444__,117.30,03,,03,04,02,02,07,02,01,01,,,,,,,,65,,46,40.404650,74.195000,N,NJTA GUARDRAIL,7501
20191318E050-2019-00354A,MONMOUTH,HOLMDEL TWP,02/24/2019,SU,1149,02,NEW JERSEY STATE POLICE,HOLMDEL - SQUAD,0,0,0,0,P,B,N,N,11,1,GARDEN STATE PARKWAY,S,444,,00000444__,116.70,03,,01,04,02,01,01,01,03,01,,,,,,,,65,,54,40.397250,74.186140,N,,7332
20191318E050-2019-00356A,MONMOUTH,HOLMDEL TWP,02/24/2019,SU,1255,02,NEW JERSEY STATE POLICE,HOLMDEL - SQUAD,0,0,0,0,P,B,N,N,08,2,GARDEN STATE PARKWAY,N,444,,00000444__,117.00,03,,01,04,02,02,01,01,01,01,,,,,,,,65,,26,40.424410,74.204750,N,,7661
20191318E050-2019-00358A,MONMOUTH,HOLMDEL TWP,02/24/2019,SU,0100,02,NEW JERSEY STATE POLICE,HOLMDEL - SQUAD,0,0,0,0,P,B,N,N,12,1,GARDEN STATE PARKWAY,S,444,,00000444__,115.60,03,,01,04,02,02,05,01,01,01,,,,,,,,65,,24,40.386270,74.177230,N,,7450
20191318E050-2019-00385A,MONMOUTH,HOLMDEL TWP,03/02/2019,SA,0429,02,NEW JERSEY STATE POLICE,HOLMDEL - SQUAD,0,0,0,0,P,B,N,N,11,1,GARDEN STATE PARKWAY,N,444,,00000444__,115.80,03,,01,04,02,03,06,03,01,01,,,,,,,,65,,46,40.388860,74.177810,N,NJTA GUARDRAIL DAMAGE,7373
20191318E050-2019-00386A,MONMOUTH,HOLMDEL TWP,03/02/2019,SA,0421,02,NEW JERSEY STATE POLICE,HOLMDEL - SQUAD,0,0,0,0,P,B,N,N,11,1,GARDEN STATE PARKWAY,N,444,,00000444__,116.20,03,,01,04,02,03,07,03,01,01,,,,,,,,65,,46,40.393760,74.181700,N,NJTA Guardrail Face,7852
20191318E050-2019-00387A,MONMOUTH,HOLMDEL TWP,03/02/2019,SA,0554,02,NEW JERSEY STATE POLICE,HOLMDEL - SQUAD,0,0,0,0,P,B,N,N,11,1,GARDEN STATE PARKWAY,S,444,,00000444__,113.90,03,,01,04,02,03,02,03,01,01,,,,,,,,65,,46,40.375360,74.148630,N,NJTA Guardrail,7660
20191318E050-2019-00396A,MONMOUTH,HOLMDEL TWP,03/02/2019,SA,0720,02,NEW JERSEY STATE POLICE,HOLMDEL - SQUAD,0,0,0,0,P,B,N,N,02,2,GARDEN STATE PARKWAY,S,444,,00000444__,116.80,03,,01,04,02,02,01,05,01,01,,,,,,,,65,,26,40.398320,74.187390,N,,6845
20191318E050-2019-00403A,MONMOUTH,HOLMDEL TWP,03/02/2019,SA,1142,02,NEW JERSEY STATE POLICE,HOLMDEL - SQUAD,0,0,0,0,P,B,N,N,12,1,GARDEN STATE PARKWAY,S,444,,00000444__,115.10,03,,01,04,02,01,01,01,01,01,,,,,,,,65,,24,40.383590,74.169540,N,,6845
20191318E050-2019-00418A,MONMOUTH,HOLMDEL TWP,03/04/2019,MO,0401,02,NEW JERSEY STATE POLICE,HOLMDEL - SQUAD,0,1,0,0,I,B,N,N,11,1,GARDEN STATE PARKWAY,N,444,,00000444__,117.20,03,,01,04,02,02,07,02,01,01,,,,,,,,65,,46,40.404280,74.194310,N,NJTA Guardrail,7794
20191318E050-2019-00420A,MONMOUTH,HOLMDEL TWP,03/03/2019,SU,2250,02,NEW JERSEY STATE POLICE,HOLMDEL - SQUAD,0,3,0,0,I,B,N,N,11,1,GARDEN STATE PARKWAY,S,444,,00000444__,115.80,03,,02,05,02,05,05,03,01,01,,,,,,,,65,,47,40.389550,74.177130,N,NJTPA Guardrail,7362
20191318E050-2019-00422A,MONMOUTH,HOLMDEL TWP,03/04/2019,MO,1136,02,NEW JERSEY STATE POLICE,HOLMDEL - SQUAD,0,0,0,0,P,B,N,N,02,2,GARDEN STATE PARKWAY,N,444,,00000444__,114.50,03,,01,04,02,02,01,01,01,01,,,,,,,,65,,26,40.380330,74.156110,N,NJTA Guardrail,7798
20191318E050-2019-00423A,MONMOUTH,HOLMDEL TWP,03/04/2019,MO,1640,02,NEW JERSEY STATE POLICE,HOLMDEL - SQUAD,0,0,0,0,P,B,N,N,01,2,GARDEN STATE PARKWAY,N,444,,00000444__,117.00,03,,01,04,02,01,01,01,01,01,,,,,,,,65,,26,40.345100,74.184000,N,,7661
20191318E050-2019-00424A,MONMOUTH,HOLMDEL TWP,03/05/2019,TU,0823,02,NEW JERSEY STATE POLICE,HOLMDEL - SQUAD,0,0,0,0,P,B,N,N,01,2,GARDEN STATE PARKWAY,N,444,,00000444__,117.00,03,,01,06,02,01,01,01,03,01,,,,,,,,30,,26,40.425420,74.202600,N,,7798
20191318E050-2019-00425A,MONMOUTH,HOLMDEL TWP,03/05/2019,TU,1214,02,NEW JERSEY STATE POLICE,HOLMDEL - SQUAD,0,0,0,0,P,B,N,N,02,2,GARDEN STATE PARKWAY,S,444,,00000444__,114.50,03,,01,04,02,01,01,01,01,02,,,,,,,,55,,26,40.373000,74.148130,N,,7798
20191318E050-2019-00436A,MONMOUTH,HOLMDEL TWP,03/07/2019,TH,1316,02,NEW JERSEY STATE POLICE,HOLMDEL - SQUAD,0,0,0,0,P,B,N,N,11,1,GARDEN STATE PARKWAY,S,444,,00000444__,116.00,03,,,,02,01,01,01,01,04,,,,,,,,15,,69,40.384650,74.183200,N,,7660
20191318E050-2019-00448A,MONMOUTH,HOLMDEL TWP,03/01/2019,FR,0314,02,NEW JERSEY STATE POLICE,HOLMDEL - SQUAD,0,0,0,0,P,B,Y,N,11,1,GARDEN STATE PARKWAY,N,444,,00000444__,116.00,03,,01,04,02,01,06,01,01,01,,,,,,,,65,,46,40.386550,74.177130,N,guard rail on left side of roadway.,7199
20191318E050-2019-00461A,MONMOUTH,HOLMDEL TWP,03/10/2019,SU,0954,02,NEW JERSEY STATE POLICE,HOLMDEL - SQUAD,0,0,0,0,P,B,N,N,11,1,GARDEN STATE PARKWAY,N,444,,00000444__,115.60,03,,01,04,02,02,01,02,01,01,,,,,,,,65,,46,40.386940,74.175010,N,Guardrail 5ft - NJTA,7470
20191318E050-2019-00462A,MONMOUTH,HOLMDEL TWP,03/10/2019,SU,1027,02,NEW JERSEY STATE POLICE,HOLMDEL - SQUAD,0,0,0,0,P,B,N,N,02,2,GARDEN STATE PARKWAY,N,444,,00000444__,115.00,03,,01,04,02,02,01,02,01,01,,,,,,,,65,,26,40.383550,74.164600,N,,7470
20191318E050-2019-00473A,MONMOUTH,HOLMDEL TWP,03/13/2019,WE,1040,02,NEW JERSEY STATE POLICE,HOLMDEL - SQUAD,0,0,0,0,P,B,N,N,11,1,GARY CT **,N,,,,104.00,03,,01,04,02,01,01,01,99,01,,,,,,,,5,,69,39.321650,74.549680,N,TOLL PLAZA DUTCH DOOR LANE 4 - NJTA,7470
20191318E050-2019-00477A,MONMOUTH,HOLMDEL TWP,03/13/2019,WE,1907,02,NEW JERSEY STATE POLICE,HOLMDEL - SQUAD,0,0,0,0,P,B,N,N,01,2,GARDEN STATE PARKWAY,N,444,,00000444__,117.00,03,,01,04,02,01,03,01,01,01,,,,,T,NJ 35,,65,,26,40.424410,74.204750,N,,7661
20191318E050-2019-00481A,MONMOUTH,HOLMDEL TWP,03/15/2019,FR,1537,02,NEW JERSEY STATE POLICE,HOLMDEL - SQUAD,0,0,0,0,P,B,N,N,15,1,GARDEN STATE PARKWAY,S,444,,00000444__,116.00,03,,01,04,02,01,01,01,01,01,,,,,,,,65,,39,40.386850,74.177130,N,,7450
20191318E050-2019-00484A,MONMOUTH,HOLMDEL TWP,03/15/2019,FR,1716,02,NEW JERSEY STATE POLICE,HOLMDEL - SQUAD,0,0,0,0,P,B,N,N,11,1,GARDEN STATE PARKWAY,S,444,,00000444__,115.10,03,,01,04,02,01,01,01,01,01,,,,,,,,65,,48,40.386550,74.177130,N,NJTA Concrete Barrier,7852
20191318E050-2019-00512A,MONMOUTH,HOLMDEL TWP,03/21/2019,TH,2329,02,NEW JERSEY STATE POLICE,HOLMDEL - SQUAD,0,1,0,0,I,B,N,N,01,2,GARDEN STATE PARKWAY,N,444,,00000444__,117.40,03,,01,04,02,02,06,02,01,01,,,,,,,,65,,26,40.406390,74.196840,N,,7382
20191318E050-2019-00515A,MONMOUTH,HOLMDEL TWP,03/22/2019,FR,0714,02,NEW JERSEY STATE POLICE,HOLMDEL - SQUAD,0,0,0,0,P,B,N,N,11,1,GARDEN STATE PARKWAY,N,444,,00000444__,117.30,03,,03,04,02,02,01,02,01,01,,,,,,,,65,,46,40.405280,74.195700,N,DAMAGE TO GUARDRAIL OWNED BY NJTA,7570
20191318E050-2019-00523A,MONMOUTH,HOLMDEL TWP,03/24/2019,SU,1159,02,NEW JERSEY STATE POLICE,HOLMDEL - SQUAD,0,0,0,0,P,B,N,N,01,4,GARDEN STATE PARKWAY,S,444,,00000444__,115.90,03,,01,04,02,01,01,01,01,01,,,,,,,,65,,26,40.387400,74.178260,N,,7570
20191318E050-2019-00526A,MONMOUTH,HOLMDEL TWP,03/24/2019,SU,1316,02,NEW JERSEY STATE POLICE,HOLMDEL - SQUAD,0,0,0,0,P,B,N,N,01,2,GARDEN STATE PARKWAY,S,444,,00000444__,117.00,03,,03,04,02,01,01,01,01,01,,,,,,,,65,,26,40.275420,74.784270,N,,7576
20191318E050-2019-00532A,MONMOUTH,HOLMDEL TWP,03/25/2019,MO,1335,02,NEW JERSEY STATE POLICE,HOLMDEL - SQUAD,0,0,0,0,P,B,N,N,11,1,GARDEN STATE PARKWAY,S,444,,00000444__,116.40,03,,01,04,02,01,01,01,03,02,,,,,,,,65,,50,40.396090,74.185260,N,Construction sign support damaged.,7129
20191318E050-2019-00551A,MONMOUTH,HOLMDEL TWP,03/30/2019,SA,1937,02,NEW JERSEY STATE POLICE,HOLMDEL - SQUAD,0,0,0,0,P,B,N,N,01,3,GARDEN STATE PARKWAY,N,444,,00000444__,117.00,03,,01,04,02,01,05,01,01,01,,,,,,,,65,,26,40.425240,74.205830,N,,7661