Year(4)-CountyCode(2)-MunicipalityCode(2)-CaseNumber(9),County Name,Municipality Name,Crash Date,Crash Day of Week,Crash Time,Police Department Code,Police Department,Police Station,Total Killed,Total Injured,Pedestrians Killed,Pedestrians Injured,Severity,Intersection,Alcohol Involved,Hazmat Involved,Crash Type,Total Vehicles,Location,Location Direction,Route,Route Suffix,Std Rte Identifier,MilePost,Road System,Road Character,Road Horizontal Alignment,Road Grade,Road Surface Type,Surface Condition,Light Condition,Environmental Condition,Road Divided By,Temporary Traffic Control Zone,Distance To Cross Street,Unit Of Measurement,Direction From Cross Street,Cross Street Name,Is Ramp,Ramp To/From Route Name,Ramp To/From Route Direction,Posted Speed,Posted Speed Cross Street,First Harmful Event,Latitude,Longitude,Cell Phone In Use Flag,Other Property Damage,Reporting Badge No.
20191318E050-2019-02128A,MONMOUTH,HOLMDEL TWP,10/21/2019,MO,1621,02,NEW JERSEY STATE POLICE,HOLMDEL - SQUAD,0,0,0,0,P,B,N,N,15,2,GARDEN STATE PARKWAY,S,444,,00000444__,116.00,03,,01,04,02,01,01,01,01,01,,,,,,,,65,,30,40.408290,74.199910,N,,7208
20191318E050-2019-02146A,MONMOUTH,HOLMDEL TWP,10/24/2019,TH,1720,02,NEW JERSEY STATE POLICE,HOLMDEL - SQUAD,0,0,0,0,P,B,N,N,01,2,GARDEN STATE PARKWAY,N,444,,00000444__,117.00,03,,03,06,02,01,01,01,01,01,,,,,,,,65,,26,40.425460,74.202420,N,,7570
20191318E050-2019-02151A,MONMOUTH,HOLMDEL TWP,10/25/2019,FR,1921,02,NEW JERSEY STATE POLICE,HOLMDEL - SQUAD,0,0,0,0,P,B,N,N,12,1,GARDEN STATE PARKWAY,N,444,,00000444__,114.10,03,,01,04,02,01,05,01,01,01,,,,,,,,65,,24,40.377470,74.149490,N,,7852
20191318E050-2019-02152A,MONMOUTH,HOLMDEL TWP,10/25/2019,FR,2059,02,NEW JERSEY STATE POLICE,HOLMDEL - SQUAD,0,0,0,0,P,B,N,N,12,1,GARDEN STATE PARKWAY,S,444,,00000444__,116.60,03,,01,04,02,01,06,01,03,01,,,,,,,,65,,24,40.398990,74.115090,N,,7852
20191318E050-2019-02159A,MONMOUTH,HOLMDEL TWP,10/27/2019,SU,0330,02,NEW JERSEY STATE POLICE,HOLMDEL - SQUAD,0,0,0,0,P,B,N,N,11,1,GARDEN STATE PARKWAY,S,444,,00000444__,117.60,03,,01,04,02,01,06,01,01,01,,,,,,,,65,,,40.398300,74.187680,N,NJTA Guardrail,7852
20191318E050-2019-02171A,MONMOUTH,HOLMDEL TWP,10/28/2019,MO,0925,02,NEW JERSEY STATE POLICE,HOLMDEL - SQUAD,0,1,0,0,I,B,N,N,11,1,GARDEN STATE PARKWAY,S,444,,00000444__,116.30,03,,01,04,02,01,01,01,01,01,,,,,,,,65,,46,40.394870,74.184170,N,NJTA GUARDRAIL,7501
20191318E050-2019-02220A,MONMOUTH,HOLMDEL TWP,11/01/2019,FR,1214,02,NEW JERSEY STATE POLICE,HOLMDEL - SQUAD,0,0,0,0,P,B,N,N,01,2,GARDEN STATE PARKWAY,S,444,,00000444__,114.00,03,,01,04,02,01,01,01,01,01,,,,,,,,65,,26,40.377170,74.152000,N,,7501
20191318E050-2019-02221A,MONMOUTH,HOLMDEL TWP,11/01/2019,FR,0918,02,NEW JERSEY STATE POLICE,HOLMDEL - SQUAD,0,0,0,0,P,B,N,N,12,1,GARDEN STATE PARKWAY,S,444,,00000444__,114.70,03,,01,04,02,01,01,01,01,01,,,,,,,,65,,24,40.381130,74.161660,N,,7144
20191318E050-2019-02230A,MONMOUTH,HOLMDEL TWP,11/02/2019,SA,1225,02,NEW JERSEY STATE POLICE,HOLMDEL - SQUAD,0,0,0,0,P,B,N,N,02,2,GARDEN STATE PARKWAY,N,444,,00000444__,117.20,03,,01,04,02,01,01,01,01,01,,,,,,,,65,,26,40.404080,74.196120,N,,7845
20191318E050-2019-02232A,MONMOUTH,HOLMDEL TWP,11/03/2019,SU,0942,02,NEW JERSEY STATE POLICE,HOLMDEL - SQUAD,0,0,0,0,P,B,N,N,12,1,GARDEN STATE PARKWAY,S,444,,00000444__,114.60,03,,01,04,02,01,01,01,01,01,,,,,,,,65,,24,40.379320,74.156350,N,,7570
20191318E050-2019-02234A,MONMOUTH,HOLMDEL TWP,11/03/2019,SU,0123,02,NEW JERSEY STATE POLICE,HOLMDEL - SQUAD,0,0,0,0,P,B,N,N,12,1,GARDEN STATE PARKWAY,N,444,,00000444__,116.20,03,,03,04,02,01,06,01,01,01,,,,,,,,25,,24,40.386550,74.177130,N,,7798
20191318E050-2019-02247A,MONMOUTH,HOLMDEL TWP,10/26/2019,SA,1411,02,NEW JERSEY STATE POLICE,HOLMDEL - SQUAD,0,1,0,0,I,B,N,N,10,1,GARDEN STATE PARKWAY,N,444,,00000444__,116.10,03,,01,04,02,01,01,01,01,01,,,,,,,,65,,46,40.392450,74.180920,Y,NJTA- METAL GUARDRAIL,7411
20191318E050-2019-02251A,MONMOUTH,HOLMDEL TWP,11/05/2019,TU,0535,02,NEW JERSEY STATE POLICE,HOLMDEL - SQUAD,0,0,0,0,P,B,N,N,12,1,GARDEN STATE PARKWAY,N,444,,00000444__,116.50,03,,01,04,02,01,06,01,01,01,,,,,,,,65,,24,40.397650,74.184330,N,,7578
20191318E050-2019-02257A,MONMOUTH,HOLMDEL TWP,11/06/2019,WE,0618,02,NEW JERSEY STATE POLICE,HOLMDEL - SQUAD,0,0,0,0,P,B,N,N,12,1,GARDEN STATE PARKWAY,N,444,,00000444__,117.30,03,,01,04,02,01,01,01,01,01,,,,,,,,65,,24,40.388270,74.177840,N,,7118
20191318E050-2019-02277A,MONMOUTH,HOLMDEL TWP,11/08/2019,FR,1037,02,NEW JERSEY STATE POLICE,HOLMDEL - SQUAD,0,0,0,0,P,B,N,N,12,1,GARDEN STATE PARKWAY,N,444,,00000444__,117.20,03,,01,04,02,01,01,01,01,01,,,,,,,,65,,24,40.404280,74.194310,N,,7852
20191318E050-2019-02285A,MONMOUTH,HOLMDEL TWP,11/09/2019,SA,1521,02,NEW JERSEY STATE POLICE,HOLMDEL - SQUAD,0,0,0,0,P,B,N,N,12,1,GARDEN STATE PARKWAY,S,444,,00000444__,117.00,03,,01,04,02,01,01,01,01,01,,,,,,,,65,,24,40.402120,74.193370,N,,7639
20191318E050-2019-02287A,MONMOUTH,HOLMDEL TWP,11/10/2019,SU,1037,02,NEW JERSEY STATE POLICE,HOLMDEL - SQUAD,0,0,0,0,P,B,N,N,12,1,GARDEN STATE PARKWAY,N,444,,00000444__,116.70,03,,01,04,02,01,01,01,01,01,,,,,,,,65,,24,40.402560,74.191270,N,,7578
20191318E050-2019-02320A,MONMOUTH,HOLMDEL TWP,11/14/2019,TH,1035,02,NEW JERSEY STATE POLICE,HOLMDEL - SQUAD,0,0,0,0,P,B,N,N,01,2,GARDEN STATE PARKWAY,N,444,,00000444__,117.00,03,,01,06,02,01,01,01,01,01,,,,,,,,65,,26,40.425580,74.200850,N,,7660
20191318E050-2019-02325A,MONMOUTH,HOLMDEL TWP,11/15/2019,FR,1721,02,NEW JERSEY STATE POLICE,HOLMDEL - SQUAD,0,0,0,0,P,B,N,N,01,2,GARDEN STATE PARKWAY,N,444,,00000444__,117.50,03,,03,04,02,01,06,01,01,01,,,,,,,,65,,26,40.424410,74.204750,N,,7576
20191318E050-2019-02335A,MONMOUTH,HOLMDEL TWP,11/18/2019,MO,0729,02,NEW JERSEY STATE POLICE,HOLMDEL - SQUAD,0,0,0,0,P,B,N,N,01,2,GARDEN STATE PARKWAY,N,444,,00000444__,116.50,03,,01,04,02,02,01,01,03,01,,,,,,,,65,,26,40.397650,74.184330,N,NJTA Guardrail,7739
20191318E050-2019-02345A,MONMOUTH,HOLMDEL TWP,11/19/2019,TU,0630,02,NEW JERSEY STATE POLICE,HOLMDEL - SQUAD,0,0,0,0,P,B,N,N,11,1,GARDEN STATE PARKWAY,S,444,,00000444__,117.00,03,,01,04,02,02,05,02,01,01,,,,,,,,35,,47,40.386550,74.177130,N,NJTA Guradrail,7887
20191318E050-2019-02349A,MONMOUTH,HOLMDEL TWP,11/19/2019,TU,0848,02,NEW JERSEY STATE POLICE,HOLMDEL - SQUAD,0,0,0,0,P,B,N,N,01,2,GARDEN STATE PARKWAY,N,444,,00000444__,117.00,03,,01,04,02,01,01,01,03,01,,,,,,,,35,,26,40.425240,74.205830,N,,7887
20191318E050-2019-02377A,MONMOUTH,HOLMDEL TWP,11/23/2019,SA,0400,02,NEW JERSEY STATE POLICE,HOLMDEL - SQUAD,0,0,0,0,P,B,N,N,12,1,GARDEN STATE PARKWAY,N,444,,00000444__,117.10,03,,01,04,02,01,05,01,01,01,,,,,,,,65,,24,40.198500,74.098740,N,,7576
20191318E050-2019-02424A,MONMOUTH,HOLMDEL TWP,11/30/2019,SA,2031,02,NEW JERSEY STATE POLICE,HOLMDEL - SQUAD,0,1,0,0,I,B,Y,N,11,1,GARDEN STATE PARKWAY,S,444,,00000444__,115.60,03,,02,05,02,01,07,01,01,01,,,,,,,,65,,47,40.386270,74.177230,N,NJTA
Guardrail
Utility Pole,7798
20191318E050-2019-02442A,MONMOUTH,HOLMDEL TWP,12/02/2019,MO,2235,02,NEW JERSEY STATE POLICE,HOLMDEL - SQUAD,0,0,0,0,P,B,N,N,11,1,GARDEN STATE PARKWAY,N,444,,00000444__,115.60,03,,01,04,02,02,04,03,01,01,,,,,,,,65,,46,40.386940,74.175010,N,NJTA Guardrail,7794
20191318E050-2019-02460A,MONMOUTH,HOLMDEL TWP,12/03/2019,TU,1730,02,NEW JERSEY STATE POLICE,HOLMDEL - SQUAD,0,0,0,0,P,B,N,N,01,2,GARDEN STATE PARKWAY,N,444,,00000444__,113.90,03,,01,04,02,01,07,01,01,01,,,,,,,,65,,26,40.386550,74.177130,N,,7411
20191318E050-2019-02461A,MONMOUTH,HOLMDEL TWP,12/03/2019,TU,1706,02,NEW JERSEY STATE POLICE,HOLMDEL - SQUAD,0,1,0,0,I,B,N,N,01,2,GARDEN STATE PARKWAY,N,444,,00000444__,113.90,03,,01,04,02,01,07,01,01,01,,,,,,,,65,,26,40.369060,74.142570,N,,7411
20191318E050-2019-02466A,MONMOUTH,HOLMDEL TWP,12/04/2019,WE,1632,02,NEW JERSEY STATE POLICE,HOLMDEL - SQUAD,0,0,0,0,P,I,N,N,01,2,GARDEN STATE PARKWAY,N,444,,00000444__,117.00,03,,01,04,02,01,05,01,02,01,,AT,,,,,,65,,26,40.421900,74.214300,N,,7798
20191318E050-2019-02489A,MONMOUTH,HOLMDEL TWP,12/02/2019,MO,1438,02,NEW JERSEY STATE POLICE,HOLMDEL - SQUAD,0,0,0,0,P,B,N,N,02,2,GARDEN STATE PARKWAY,S,444,,00000444__,117.20,03,,01,04,02,03,01,03,01,01,,,,,,,,65,,26,40.402230,74.192970,N,,6496
20191318E050-2019-02519A,MONMOUTH,HOLMDEL TWP,12/11/2019,WE,0901,02,NEW JERSEY STATE POLICE,HOLMDEL - SQUAD,0,0,0,0,P,B,N,N,02,3,GARDEN STATE PARKWAY,S,444,,00000444__,115.30,03,,01,04,02,03,01,03,03,01,,,,,,,,65,,26,40.384070,74.172350,N,,7578
20191318E050-2019-02551A,MONMOUTH,HOLMDEL TWP,12/15/2019,SU,0123,02,NEW JERSEY STATE POLICE,HOLMDEL - SQUAD,0,0,0,0,P,B,Y,N,01,2,GARDEN STATE PARKWAY,N,444,,00000444__,114.80,03,,01,04,02,01,07,01,01,01,,,,,,,,65,,26,40.382160,74.161620,N,,7501
20191318E050-2019-02567A,MONMOUTH,HOLMDEL TWP,12/17/2019,TU,0610,02,NEW JERSEY STATE POLICE,HOLMDEL - SQUAD,0,2,0,0,I,B,N,N,06,2,GARDEN STATE PARKWAY,S,444,,00000444__,116.70,03,,01,04,02,01,05,01,01,01,,,,,,,,65,,26,40.399660,74.189200,N,,7739
20191318E050-2019-02588A,MONMOUTH,HOLMDEL TWP,12/19/2019,TH,1532,02,NEW JERSEY STATE POLICE,HOLMDEL - SQUAD,0,0,0,0,P,B,N,N,01,2,GARDEN STATE PARKWAY,N,444,,00000444__,117.00,03,,03,04,02,01,01,01,05,01,,,,,,,,35,,26,40.424410,74.204750,N,,8093
20191318E050-2019-02596A,MONMOUTH,HOLMDEL TWP,12/19/2019,TH,1954,02,NEW JERSEY STATE POLICE,HOLMDEL - SQUAD,0,0,0,0,P,B,N,N,02,2,GARDEN STATE PARKWAY,S,444,,00000444__,116.30,03,,01,04,02,01,06,01,01,01,,,,,,,,65,,26,40.394870,74.184170,N,,7570
20191318E050-2019-02599A,MONMOUTH,HOLMDEL TWP,12/20/2019,FR,1331,02,NEW JERSEY STATE POLICE,HOLMDEL - SQUAD,0,0,0,0,P,B,N,N,02,2,GARDEN STATE PARKWAY,N,444,,00000444__,114.50,03,,01,04,02,01,01,01,01,01,,,,,,,,65,,26,40.380330,74.156110,N,,7794
20191318E050-2019-02605A,MONMOUTH,HOLMDEL TWP,12/21/2019,SA,2122,02,NEW JERSEY STATE POLICE,HOLMDEL - SQUAD,0,2,0,0,I,B,N,N,11,1,GARDEN STATE PARKWAY,S,444,,00000444__,115.70,03,,02,05,02,01,05,01,03,01,,,,,,,,65,,69,40.386550,74.177130,N,NJTA Steel Shipping Container.,7453
20191318E050-2019-02630A,MONMOUTH,HOLMDEL TWP,12/26/2019,TH,0649,02,NEW JERSEY STATE POLICE,HOLMDEL - SQUAD,0,0,0,0,P,B,N,N,12,1,GARDEN STATE PARKWAY,S,444,,00000444__,115.00,03,,01,04,02,01,05,04,03,01,,,,,,,,65,,24,40.199550,74.098850,N,,7794
20191318E050-2019-02631A,MONMOUTH,HOLMDEL TWP,12/26/2019,TH,1219,02,NEW JERSEY STATE POLICE,HOLMDEL - SQUAD,0,0,0,0,P,B,N,N,01,2,GARDEN STATE PARKWAY,N,444,,00000444__,117.00,03,,02,06,02,01,01,01,02,01,,,,,,,,65,,26,39.151550,74.125610,N,,7362
20191318E050-2019-02652A,MONMOUTH,HOLMDEL TWP,12/30/2019,MO,1419,02,NEW JERSEY STATE POLICE,HOLMDEL - SQUAD,0,0,0,0,P,B,N,N,11,1,GARDEN STATE PARKWAY,N,444,,00000444__,115.60,03,,01,04,02,02,01,02,01,01,,,,,,,,65,,46,40.564800,74.549400,N,5 FEET OF NJTA GUARDRAIL,7382
20191318E050-2019-02661A,MONMOUTH,HOLMDEL TWP,12/30/2019,MO,1726,02,NEW JERSEY STATE POLICE,HOLMDEL - SQUAD,0,0,0,0,P,B,N,N,01,2,GARDEN STATE PARKWAY,S,444,,00000444__,117.20,03,,01,04,02,01,05,01,03,01,,,,,,,,65,,26,40.404780,74.196220,N,,7779
2019131919-08034-AC,MONMOUTH,HOWELL TWP,02/10/2019,SU,2220,01,HOWELL TWP PD,,0,1,0,0,I,B,N,N,06,2,CAROL LN **,,,,13191200__,.44,07,,01,04,02,01,07,01,05,01,500,FE,N,REDWOOD RD,,,,25,25,26,,,N,MAILBOX  GRASS AND EDGING ARAOUND - BONNIE L MONSEN - 34 CAROL LN HOWELL TOWNSH?,671
2019131919-10345-AC,MONMOUTH,HOWELL TWP,02/22/2019,FR,1546,01,HOWELL TWP PD,,0,1,0,0,I,B,N,N,01,2,US 9,,9,,00000009__,107.31,02,,01,04,02,01,01,01,01,01,20,FE,N,E 6TH ST / W 6TH ST,,,,50,25,26,,,N,,654
2019131919-10375-AC,MONMOUTH,HOWELL TWP,02/22/2019,FR,1800,01,HOWELL TWP PD,,0,0,0,0,P,B,N,N,02,2,US 9,N,9,,00000009__,106.23,02,,01,04,02,01,03,01,01,01,500,FE,S,ALDRICH RD,,,,50,45,26,,,N,,332
2019131919-10518-AC,MONMOUTH,HOWELL TWP,02/23/2019,SA,1306,01,HOWELL TWP PD,,0,0,0,0,P,B,N,N,01,2,US 9,,9,,00000009__,105.73,02,,01,04,02,01,01,01,01,01,250,FE,S,SALEM HILL RD,,,,50,25,26,,,N,,672
2019131919-10602-AC,MONMOUTH,HOWELL TWP,02/24/2019,SU,0222,01,HOWELL TWP PD,,0,0,0,0,P,B,Y,N,11,1,US 9,,9,,00000009__,106.32,02,,01,04,02,02,06,02,01,01,20,FE,N,ALDRICH RD,,,,50,40,48,,,N,,670
2019131919-10606-AC,MONMOUTH,HOWELL TWP,02/24/2019,SU,0306,01,HOWELL TWP PD,,0,0,0,0,P,B,N,N,11,1,RAMTOWN GREENSVILLE RD **,,,,13191102__,.14,07,,01,04,02,02,07,02,,01,50,FE,N,ARNOLD BLVD,,,,45,35,58,,,N,,679
2019131919-10640-AC,MONMOUTH,HOWELL TWP,02/24/2019,SU,1239,01,HOWELL TWP PD,,0,1,0,0,I,B,N,N,01,2,ROUTE 547,,547,,00000547__,18.60,05,,01,04,02,02,01,02,05,01,2640,FE,S,CRANBERRY RD,,,,45,45,26,,,N,DAMAGE LANDSCAPING  WATER SPICKET - GAIL PANEK - 191 ASBURY (NEAR FARMINGDALE) ?,675
2019131919-10651-AC,MONMOUTH,HOWELL TWP,02/24/2019,SU,1449,01,HOWELL TWP PD,,0,0,0,0,P,B,N,N,06,2,DEER HOLLOW DR **,W,,,13191260__,.00,07,,01,04,02,00,00,00,05,01,20,FE,W,GLEN ARDEN DR,,,,25,25,26,,,N,,655
2019131919-10665-AC,MONMOUTH,HOWELL TWP,02/24/2019,SU,1829,01,HOWELL TWP PD,,0,0,0,0,P,B,N,N,02,3,I-195,,195,,00000195__,27.26,01,,01,04,02,01,03,01,03,01,500,FE,E,US 9,,,,65,55,26,,,N,,671
2019131919-10856-AC,MONMOUTH,HOWELL TWP,02/25/2019,MO,2110,01,HOWELL TWP PD,,0,1,0,0,I,B,N,N,11,1,CHURCH RD **,,,,13191077__,,07,,01,04,02,01,05,01,05,01,500,FE,W,FORD RD,,,,40,40,,,,N,DAMAGE TO POLE #BT4073HL - JCP&L - 300 MADISON AVE MORRISTOWN NJ 07960,652
2019131919-1086-AC,MONMOUTH,HOWELL TWP,01/06/2019,SU,1540,01,HOWELL TWP PD,,0,0,0,0,P,B,N,N,06,2,JESSICA DR **,E,,,13191305__,.23,07,,01,04,02,01,01,01,05,01,500,FE,W,VIRGINIA DR,,,,25,25,28,,,N,,662
2019131919-11018-AC,MONMOUTH,HOWELL TWP,02/26/2019,TU,1426,01,HOWELL TWP PD,,0,1,0,0,I,I,N,N,01,2,ROUTE 524 ALTERNATE,E,524,A,00000524A_,3.61,05,,01,04,02,01,01,01,05,01,,AT,,NEW CASTLE ST,,,,45,25,26,,,N,,177
2019131919-11029-AC,MONMOUTH,HOWELL TWP,02/26/2019,TU,1547,01,HOWELL TWP PD,,0,1,0,0,I,I,N,N,03,2,MAXIM RD **,,,,13191082__,2.04,07,,01,04,02,01,01,01,05,01,,AT,W,ROUTE 547,,,,50,50,26,,,N,,639
2019131919-11145-AC,MONMOUTH,HOWELL TWP,02/27/2019,WE,0727,01,HOWELL TWP PD,,0,0,0,0,P,I,N,N,03,2,ROUTE 524 ALTERNATE,W,524,A,00000524A_,1.63,05,,01,04,02,01,01,01,05,01,,AT,,CR 21 / SOUTHARD AVE,,,,35,25,26,,,N,,665
2019131919-11211-AC,MONMOUTH,HOWELL TWP,02/27/2019,WE,1107,01,HOWELL TWP PD,,0,0,0,0,P,B,N,N,02,2,LANES MILL RD **,E,,,13191078__,.21,07,,01,06,02,01,01,01,04,01,100,FE,W,US 9,,,,35,50,26,,,N,,177
2019131919-11258-AC,MONMOUTH,HOWELL TWP,02/27/2019,WE,1532,01,HOWELL TWP PD,,0,0,0,0,P,I,N,N,02,2,KENT RD **,,,,13191087__,.52,07,,01,04,02,01,01,01,05,01,,AT,,LANES MILL RD,,,,40,40,26,,,N,,652
2019131919-11321-AC,MONMOUTH,HOWELL TWP,02/27/2019,WE,2148,01,HOWELL TWP PD,,0,0,0,0,P,B,N,N,12,1,LAKEWOOD-ALLENWOOD RD,,,,13191100__,.35,07,,01,06,02,01,05,01,05,01,450,FE,E,OAK GLEN RD,,,,50,45,24,,,N,,639
2019131919-11338-AC,MONMOUTH,HOWELL TWP,02/28/2019,TH,0001,01,HOWELL TWP PD,,0,0,0,0,P,B,N,N,12,1,WEST FARMS RD,,,,,,07,,03,05,02,01,06,05,05,01,100,FE,E,ETHAN DR,,,,40,25,24,,,N,,670
2019131919-11465-AC,MONMOUTH,HOWELL TWP,02/28/2019,TH,1148,01,HOWELL TWP PD,,0,1,0,0,I,B,N,N,01,2,US 9,S,9,,00000009__,110.37,02,,01,04,02,01,01,01,03,01,15,FE,N,STRICKLAND RD,,,,50,35,26,,,N,,197
2019131919-11496-AC,MONMOUTH,HOWELL TWP,02/28/2019,TH,1556,01,HOWELL TWP PD,,0,0,0,0,P,B,N,N,01,2,US 9,,9,,00000009__,108.67,02,,01,04,02,01,01,01,01,,25,FE,N,WEST FARM RD,,,,55,40,26,,,N,,668
2019131919-11531-AC,MONMOUTH,HOWELL TWP,02/28/2019,TH,2022,01,HOWELL TWP PD,,0,1,0,0,I,B,Y,N,01,2,KENT RD **,N,,,13191087__,1.78,07,,01,04,02,01,06,01,,,1000,FE,N,FORD RD,,,,35,40,26,,,N,STORM DRAIN COVER IMPACTED-HOWELL TWP-OLD TAVERN RD HOWELL NJ 07731,644
2019131919-11576-AC,MONMOUTH,HOWELL TWP,03/01/2019,FR,0522,01,HOWELL TWP PD,,0,0,0,0,P,I,N,N,11,1,EAGLE DR **,,,,13191269__,,07,,03,04,02,03,06,03,05,01,,AT,,FINCH RD,,,,25,15,56,,,N,,648
2019131919-11581-AC,MONMOUTH,HOWELL TWP,03/01/2019,FR,0535,01,HOWELL TWP PD,,0,0,0,0,P,B,N,N,10,1,NJ 34,,34,,00000034__,8.90,02,,01,04,02,04,06,03,,,500,FE,N,NJ 33,,,,50,,56,,,N,,179
2019131919-11586-AC,MONMOUTH,HOWELL TWP,03/01/2019,FR,0603,01,HOWELL TWP PD,,0,0,0,0,P,B,N,N,01,2,E ALDRICH RD,,,,13191056__,1.87,07,,01,04,02,03,02,03,05,01,10,FE,W,BROOKSIDE DR,,,,40,25,26,,,N,,670
2019131919-11612-AC,MONMOUTH,HOWELL TWP,03/01/2019,FR,0814,01,HOWELL TWP PD,,0,0,0,0,P,B,N,N,02,2,US 9,N,9,,00000009__,108.68,02,,01,04,02,03,01,03,01,01,50,FE,N,WEST FARM RD,,,,55,40,26,,,N,,673
2019131919-11619-AC,MONMOUTH,HOWELL TWP,03/01/2019,FR,0842,01,HOWELL TWP PD,,0,0,0,0,P,B,N,N,01,2,WEST FARMS RD,E,,,,,07,,01,06,02,03,01,03,05,01,20,FE,W,STUART ST,,,,40,25,26,,,N,,673
2019131919-11650-AC,MONMOUTH,HOWELL TWP,03/01/2019,FR,1308,01,HOWELL TWP PD,,0,0,0,0,P,B,N,N,01,2,ROUTE 547,,547,,00000547__,14.68,05,,01,04,02,02,01,01,,01,50,FE,N,CR 21/ROUTE 549/HERBERTSVILLE RD/OL,,,,50,40,26,,,N,,672
2019131919-11688-AC,MONMOUTH,HOWELL TWP,03/01/2019,FR,1707,01,HOWELL TWP PD,,0,3,0,0,I,I,N,N,03,2,MAXIM SOUTHARD RD **,,,,13191084__,1.94,07,,01,04,02,02,03,02,05,01,,AT,,LOCUST AVE,,,,45,40,26,,,N,,659
2019131919-11697-AC,MONMOUTH,HOWELL TWP,03/01/2019,FR,1758,01,HOWELL TWP PD,,0,0,0,0,P,B,N,N,02,2,US 9,,9,,00000009__,105.78,02,,01,04,02,02,04,02,01,01,50,FE,N,FRIENDSHIP RD,,,,50,40,26,,,N,,344
2019131919-11999-AC,MONMOUTH,HOWELL TWP,03/03/2019,SU,1602,01,HOWELL TWP PD,,0,0,0,0,P,I,N,N,03,2,FRIENDSHIP RD **,,,,13191075__,.89,07,,01,04,02,02,01,02,05,01,,AT,,NEW FRINDSHIP RD,,,,40,40,26,,,N,,659
2019131919-12082-AC,MONMOUTH,HOWELL TWP,03/04/2019,MO,0846,01,HOWELL TWP PD,,0,0,0,0,P,I,N,N,01,2,NORSE DR **,,,,13191054__,.00,07,,01,04,02,01,01,01,05,01,,AT,,CR 21 / MANASSA RD,,,,40,35,26,,,N,,645
2019131919-12083-AC,MONMOUTH,HOWELL TWP,03/04/2019,MO,0850,01,HOWELL TWP PD,,0,0,0,0,P,B,N,N,01,3,NJ 33,W,33,,00000033__,33.43,02,,01,04,02,02,01,01,05,01,150,FE,E,CR 35 / COLTS NECK RD,,,,50,45,26,,,N,,
2019131919-12172-AC,MONMOUTH,HOWELL TWP,03/04/2019,MO,1858,01,HOWELL TWP PD,,0,1,0,0,I,I,N,N,07,2,ROUTE 547,N,547,,00000547__,14.67,05,,01,04,02,01,05,01,05,01,,AT,,CR 21/ROUTE 549/HERBERTSVILLE RD/OL,,,,45,45,26,,,N,,343
2019131919-12185-AC,MONMOUTH,HOWELL TWP,03/04/2019,MO,2141,01,HOWELL TWP PD,,0,0,0,0,P,B,N,N,02,2,US 9,,9,,00000009__,105.14,02,,01,04,02,01,06,01,01,01,500,FE,S,NEW FRIENDSHIP RD,,,,50,30,26,,,N,,677
2019131919-12235-AC,MONMOUTH,HOWELL TWP,03/05/2019,TU,0523,01,HOWELL TWP PD,,0,0,0,0,P,B,N,N,12,1,TINTON FALLS RD **,,,,13191065__,.00,07,,01,04,02,01,02,01,05,01,20,FE,S,ROUTE 547 / ASBURY RD / TURLEY RD,,,,25,45,24,,,N,,663
2019131919-12272-AC,MONMOUTH,HOWELL TWP,03/05/2019,TU,0953,01,HOWELL TWP PD,,0,0,0,0,P,I,N,N,01,3,ROUTE 547,N,547,,00000547__,10.98,05,,01,04,02,01,01,01,05,01,,AT,,LANES POND RD / WAVERLY PL,,,,50,25,26,,,N,,
2019131919-12294-AC,MONMOUTH,HOWELL TWP,03/05/2019,TU,1119,01,HOWELL TWP PD,,0,0,0,0,P,B,N,N,01,2,US 9,S,9,,00000009__,106.50,02,,01,04,02,01,01,01,01,01,300,FE,N,REDWOOD RD,,,,50,25,26,,,N,,655
2019131919-12318-AC,MONMOUTH,HOWELL TWP,03/05/2019,TU,1341,01,HOWELL TWP PD,,0,0,0,0,P,B,N,N,01,2,US 9,S,9,,00000009__,105.32,02,,01,04,02,01,01,01,01,01,500,FE,N,NEW FRIENDSHIP RD,,,,50,35,26,,,N,,185
2019131919-12320-AC,MONMOUTH,HOWELL TWP,03/05/2019,TU,1409,01,HOWELL TWP PD,,0,0,0,0,P,B,N,N,01,2,US 9,N,9,,00000009__,104.00,02,,01,04,02,01,01,01,01,01,15,FE,S,ESTELLE LN,,,,50,25,26,,,N,,185
2019131919-12353-AC,MONMOUTH,HOWELL TWP,03/05/2019,TU,1800,01,HOWELL TWP PD,,0,0,0,0,P,I,N,N,02,2,RAMTOWN GREENSVILLE RD **,W,,,13191102__,1.74,07,,01,04,02,01,03,01,05,01,,AT,,NEWTONS CORNER RD,,,,35,35,26,,,N,,662
2019131919-1236-AC,MONMOUTH,HOWELL TWP,01/07/2019,MO,1102,01,HOWELL TWP PD,,0,0,0,0,P,B,N,N,02,2,NJ 33,,33,,00000033__,34.81,02,,01,04,02,01,01,01,04,,30,FE,N,TINTON FALLS RD,,,,50,25,26,,,N,,681