Year(4)-CountyCode(2)-MunicipalityCode(2)-CaseNumber(9),County Name,Municipality Name,Crash Date,Crash Day of Week,Crash Time,Police Department Code,Police Department,Police Station,Total Killed,Total Injured,Pedestrians Killed,Pedestrians Injured,Severity,Intersection,Alcohol Involved,Hazmat Involved,Crash Type,Total Vehicles,Location,Location Direction,Route,Route Suffix,Std Rte Identifier,MilePost,Road System,Road Character,Road Horizontal Alignment,Road Grade,Road Surface Type,Surface Condition,Light Condition,Environmental Condition,Road Divided By,Temporary Traffic Control Zone,Distance To Cross Street,Unit Of Measurement,Direction From Cross Street,Cross Street Name,Is Ramp,Ramp To/From Route Name,Ramp To/From Route Direction,Posted Speed,Posted Speed Cross Street,First Harmful Event,Latitude,Longitude,Cell Phone In Use Flag,Other Property Damage,Reporting Badge No.
2019131919-12432-AC,MONMOUTH,HOWELL TWP,03/06/2019,WE,0706,01,HOWELL TWP PD,,0,0,0,0,P,B,N,N,02,2,E ALDRICH RD,,,,13191056__,1.79,07,,01,04,02,01,01,01,05,01,15,FE,W,US 9,,,,40,50,26,,,N,,642
2019131919-12785-AC,MONMOUTH,HOWELL TWP,03/08/2019,FR,0120,01,HOWELL TWP PD,,0,0,0,0,P,I,N,N,11,1,US 9,,9,,00000009__,107.23,02,,01,04,02,01,01,01,05,01,,AT,S,GEORGIA TAVERN RD / HULSE RD,,,,50,35,48,,,N,,648
2019131919-12928-AC,MONMOUTH,HOWELL TWP,03/08/2019,FR,1553,01,HOWELL TWP PD,,0,0,0,0,P,B,N,N,05,2,4002 9 SB,,,,,,09,,01,04,02,01,01,01,05,01,,,,,,,,,,26,,,N,,639
2019131919-1303-AC,MONMOUTH,HOWELL TWP,01/07/2019,MO,1716,01,HOWELL TWP PD,,0,0,0,0,P,B,N,N,01,2,NJ 33,,33,,00000033__,33.44,02,,01,04,02,01,06,01,05,01,200,FE,E,CR 35 / COLTS NECK RD,,,,50,40,26,,,N,,659
2019131919-1304-AC,MONMOUTH,HOWELL TWP,01/07/2019,MO,1732,01,HOWELL TWP PD,,0,0,0,0,P,B,N,N,01,2,US 9,,9,,00000009__,103.39,02,,01,04,02,04,05,06,04,01,500,FE,S,ALEXANDER AVE,,,,50,40,26,,,N,,652
2019131919-131-AC,MONMOUTH,HOWELL TWP,01/02/2019,WE,0002,01,HOWELL TWP PD,,0,0,0,0,P,I,N,N,12,1,HULSES RD,,,,,,07,,01,04,02,01,06,01,05,01,,AT,,ADDISON RD,,,,40,25,24,,,N,,674
2019131919-13371-AC,MONMOUTH,HOWELL TWP,03/11/2019,MO,0648,01,HOWELL TWP PD,,0,0,0,0,P,B,N,N,01,2,US 9,,9,,00000009__,108.86,02,,01,04,02,01,01,01,01,01,1000,FE,N,WEST FARM RD,,,,50,35,26,,,N,,667
2019131919-1344-AC,MONMOUTH,HOWELL TWP,01/07/2019,MO,2135,01,HOWELL TWP PD,,0,0,0,0,P,B,N,N,06,3,SALEM HILL RD **,W,,,13191021__,.29,07,,01,04,02,01,06,01,05,,20,FE,W,NEWBURY RD,,,,25,25,26,,,N,,
2019131919-13468-AC,MONMOUTH,HOWELL TWP,03/11/2019,MO,1640,01,HOWELL TWP PD,,0,0,0,0,P,B,N,N,03,2,LANES MILL RD **,E,,,13191078__,.02,07,,01,04,02,01,01,01,05,01,100,FE,E,KENT RD,,,,35,35,26,,,N,,185
2019131919-13636-AC,MONMOUTH,HOWELL TWP,03/12/2019,TU,0908,01,HOWELL TWP PD,,0,1,0,0,I,B,N,N,05,2,NJ 33,,33,,00000033__,32.55,02,,02,04,02,01,01,01,05,01,100,FE,E,W RENAISSANCE BLVD,,,,50,15,,,,N,,195
2019131919-13709-AC,MONMOUTH,HOWELL TWP,03/12/2019,TU,1945,01,HOWELL TWP PD,,0,1,0,0,I,B,N,N,01,2,US 9,N,9,,00000009__,105.23,02,,01,04,02,01,06,01,01,01,10,FE,S,NEW FRIENDSHIP RD,,,,50,40,26,,,N,,655
2019131919-13840-AC,MONMOUTH,HOWELL TWP,03/13/2019,WE,1107,01,HOWELL TWP PD,,0,0,0,0,P,B,N,N,08,2,US 9,S,9,,00000009__,110.52,02,,01,04,02,01,01,01,03,01,800,FE,N,STRICKLAND RD,,,,50,35,26,,,N,,197
2019131919-14027-AC,MONMOUTH,HOWELL TWP,03/14/2019,TH,0853,01,HOWELL TWP PD,,0,0,0,0,P,B,N,N,01,3,US 9,N,9,,00000009__,107.79,02,,01,04,02,01,01,01,01,01,250,FE,N,E 1ST ST / W 1ST ST,,,,50,35,26,,,N,,
2019131919-1409-AC,MONMOUTH,HOWELL TWP,01/08/2019,TU,0636,01,HOWELL TWP PD,,0,1,0,0,I,B,N,N,01,2,US 9,,9,,00000009__,107.91,02,,01,04,02,02,01,02,01,01,25,FE,S,SUNNYSIDE RD / VERDANA WAY,,,,50,25,26,,,N,,642
2019131919-14101-AC,MONMOUTH,HOWELL TWP,03/14/2019,TH,1413,01,HOWELL TWP PD,,0,0,0,0,P,I,N,N,01,2,NEWTONS CORNER RD,W,,,13191103__,2.92,07,,01,04,02,01,01,01,05,01,,AT,,ROUTE 549,,,,45,45,26,,,N,,616
2019131919-14114-AC,MONMOUTH,HOWELL TWP,03/14/2019,TH,1541,01,HOWELL TWP PD,,0,1,0,0,I,I,N,N,01,2,VICTORY RD **,E,,,13191083__,.00,07,,01,04,02,01,01,01,05,01,,AT,W,ROUTE 547,,,,40,50,26,,,N,,616
2019131919-14167-AC,MONMOUTH,HOWELL TWP,03/14/2019,TH,2125,01,HOWELL TWP PD,,0,0,0,0,P,I,N,N,01,2,US 9,,9,,00000009__,106.01,02,,01,04,02,01,07,01,01,01,,AT,,HILL TOP RD,,,,50,35,26,,,N,,615
2019131919-14280-AC,MONMOUTH,HOWELL TWP,03/15/2019,FR,1117,01,HOWELL TWP PD,,0,0,0,0,P,I,N,N,01,2,US 9,N,9,,00000009__,103.23,02,,01,04,02,01,01,01,05,01,,AT,,FORD RD,,,,50,35,26,,,N,,617
2019131919-14294-AC,MONMOUTH,HOWELL TWP,03/15/2019,FR,1244,01,HOWELL TWP PD,,0,0,0,0,P,I,N,N,03,2,US 9,,9,,00000009__,106.32,02,,01,04,02,01,01,01,01,,,AT,,ALDRICH RD,,,,55,40,26,,,N,,668
2019131919-14298-AC,MONMOUTH,HOWELL TWP,03/15/2019,FR,1304,01,HOWELL TWP PD,,0,0,0,0,P,I,N,N,03,2,STARLIGHT RD **,W,,,13191329__,.04,07,,01,04,02,01,01,01,05,01,,AT,,CIDERMILL RD / N APPLETREE RD,,,,25,25,26,,,N,,665
2019131919-14329-AC,MONMOUTH,HOWELL TWP,03/15/2019,FR,1616,01,HOWELL TWP PD,,0,0,0,0,P,B,N,N,02,2,LANES MILL RD **,W,,,13191078__,.14,07,,01,04,02,01,01,01,04,01,500,FE,W,US 9,,,,45,55,26,,,N,,671
2019131919-14344-AC,MONMOUTH,HOWELL TWP,03/15/2019,FR,1713,01,HOWELL TWP PD,,0,0,0,0,P,B,N,N,01,2,E ALDRICH RD,E,,,13191056__,,07,,01,04,02,01,01,01,,,500,FE,E,CODDINGTON CT,,,,45,25,26,,,N,,332
2019131919-14501-AC,MONMOUTH,HOWELL TWP,03/16/2019,SA,1246,01,HOWELL TWP PD,,0,1,0,0,I,B,N,N,11,1,FORT PLAINS RD,,,,13191057__,2.90,07,,01,04,02,01,01,01,05,01,900,FE,S,BARREN MEADOW LN,,,,45,25,60,,,N,,671
2019131919-14546-AC,MONMOUTH,HOWELL TWP,03/16/2019,SA,1856,01,HOWELL TWP PD,,0,0,0,0,P,B,Y,N,11,1,MONMOUTH COUNTY 21,,21,,13000021__,2.50,05,,03,04,02,01,03,01,05,01,2000,FE,E,PREVENTORIUM RD,,,,45,45,,,,N,POLE SPLIT IN HALF - #JC2595HL HOWELL TWP POLE - 200 OLD TAVERN HOWELL NJ 07731,672
2019131919-14632-AC,MONMOUTH,HOWELL TWP,03/17/2019,SU,0735,01,HOWELL TWP PD,,0,0,0,0,P,B,N,N,11,1,ROUTE 547,,547,,00000547__,15.05,05,,01,04,01,01,01,01,01,01,50,FE,N,I-195,,,,50,55,48,,,N,,676
2019131919-14639-AC,MONMOUTH,HOWELL TWP,03/17/2019,SU,1028,01,HOWELL TWP PD,,0,0,0,0,P,B,N,N,01,2,FORT PLAINS RD,,,,13191057__,2.18,07,,01,04,02,01,01,01,05,01,10,FE,S,WEST FARMS RD,,,,45,40,26,,,N,,645
2019131919-14729-AC,MONMOUTH,HOWELL TWP,03/18/2019,MO,0249,01,HOWELL TWP PD,,0,0,0,0,P,B,Y,N,11,1,FRIENDSHIP RD **,,,,13191075__,.70,07,,03,04,02,01,06,01,04,01,50,FE,E,POWDERHORN DR,,,,35,25,,,,N,MAILBOX DESTROYED - MATTHEW G MAYERS - 141 FRIENDSHIP RD HOWELL NJ 07731,652
2019131919-1477-AC,MONMOUTH,HOWELL TWP,01/08/2019,TU,1110,01,HOWELL TWP PD,,0,0,0,0,P,B,N,N,06,2,53 KENT RD,,,,,,09,,01,04,02,01,01,05,05,01,,,,,,,,25,,28,,,N,,675
2019131919-14861-AC,MONMOUTH,HOWELL TWP,03/18/2019,MO,1715,01,HOWELL TWP PD,,0,0,0,0,P,B,N,N,02,2,STRICKLAND RD,,,,13161013__,1.05,07,,01,04,02,01,01,01,05,01,100,FE,E,US 9,,,,35,55,26,,,N,,615
2019131919-14864-AC,MONMOUTH,HOWELL TWP,03/18/2019,MO,1729,01,HOWELL TWP PD,,0,0,0,0,P,B,N,N,01,2,US 9,,9,,00000009__,110.34,02,,01,04,02,01,01,01,01,01,150,FE,S,STRICKLAND RD,,,,55,25,26,,,N,,671
2019131919-15015-AC,MONMOUTH,HOWELL TWP,03/19/2019,TU,1117,01,HOWELL TWP PD,,0,4,0,0,I,I,N,N,03,3,LEMON RD,,,,,,07,,01,04,02,01,01,01,05,01,,AT,E,WEST FARMS RD,,,,40,40,26,,,N,TELEPHONE POLE:BT40832HL/STOP SIGN - VERIZON - FAIRFIELD RD HOWELL NJ 07731,
2019131919-15059-AC,MONMOUTH,HOWELL TWP,03/19/2019,TU,1508,01,HOWELL TWP PD,,0,0,0,0,P,I,N,N,01,2,US 9,N,9,,00000009__,107.91,02,,01,04,02,01,01,01,01,01,,AT,,SUNNYSIDE RD / VERDANA WAY,,,,50,25,26,,,N,,662
2019131919-15063-AC,MONMOUTH,HOWELL TWP,03/19/2019,TU,1536,01,HOWELL TWP PD,HOWELL TWP,0,1,0,0,I,B,N,N,01,3,ROUTE 524 ALTERNATE,E,524,A,00000524A_,3.65,05,,01,04,02,01,01,01,05,01,150,FE,W,RT 547,,,,40,50,26,,,N,,
2019131919-15079-AC,MONMOUTH,HOWELL TWP,03/19/2019,TU,1658,01,HOWELL TWP PD,,0,0,0,0,P,B,N,N,01,2,ROUTE 524,,524,,00000524__,25.82,05,,01,04,02,01,01,01,05,01,50,FE,E,WYCKOFF MILLS RD,,,,45,35,26,,,N,,659
2019131919-15240-AC,MONMOUTH,HOWELL TWP,03/20/2019,WE,1011,01,HOWELL TWP PD,,0,0,0,0,P,B,N,N,02,2,WEST FARMS RD,,,,,,07,,01,04,02,01,01,01,05,01,5,FE,W,US 9,,,,40,50,26,,,N,,642
2019131919-15306-AC,MONMOUTH,HOWELL TWP,03/20/2019,WE,1459,01,HOWELL TWP PD,,0,0,0,0,P,B,N,N,01,2,US 9,N,9,,00000009__,106.32,02,,01,04,02,01,01,01,01,01,10,FE,S,ALDRICH RD,,,,50,40,26,,,N,,653
2019131919-15317-AC,MONMOUTH,HOWELL TWP,03/20/2019,WE,1606,01,HOWELL TWP PD,,0,1,0,0,I,B,N,N,01,2,NEWTONS CORNER RD,,,,13191103__,1.83,07,,01,04,02,01,01,01,05,01,15,FE,N,LAKEWOOD-ALLENWOOD RD,,,,45,55,26,,,N,,654
2019131919-15341-AC,MONMOUTH,HOWELL TWP,03/20/2019,WE,1816,01,HOWELL TWP PD,,0,1,0,0,I,B,N,N,01,2,MILLER RD **,,,,13191079__,.40,07,,01,04,02,01,01,01,05,01,5,FE,E,LANES POND RD,,,,40,40,26,,,N,,654
2019131919-15356-AC,MONMOUTH,HOWELL TWP,03/20/2019,WE,2223,01,HOWELL TWP PD,,0,1,0,0,I,B,Y,N,11,1,MONMOUTH COUNTY 18 I,E,18,1,130000181_,.00,05,,01,04,02,01,05,01,05,01,5280,FE,W,ROUTE 524 / MAIN ST,,,,40,50,,,,N,,655
2019131919-15597-AC,MONMOUTH,HOWELL TWP,03/22/2019,FR,0703,01,HOWELL TWP PD,,0,0,0,0,P,B,N,N,01,2,US 9,N,9,,00000009__,106.06,02,,01,04,02,02,01,02,01,01,500,FE,S,NORTHWOODS PL,,,,50,25,26,,,N,,665
2019131919-15615-AC,MONMOUTH,HOWELL TWP,03/22/2019,FR,0840,01,HOWELL TWP PD,,0,2,0,0,I,I,N,N,03,2,ROUTE 524,,524,,00000524__,29.92,05,,01,04,02,02,01,02,05,01,,AT,,WEST FARMS RD,,,,45,40,26,,,N,,195
2019131919-15846-AC,MONMOUTH,HOWELL TWP,03/23/2019,SA,1529,01,HOWELL TWP PD,,0,1,0,0,I,B,N,N,01,2,LANES MILL RD **,,,,13191078__,.22,07,,01,04,02,01,01,01,05,01,50,FE,W,US 9,,,,35,50,26,,,N,,653
2019131919-15986-AC,MONMOUTH,HOWELL TWP,03/24/2019,SU,1055,01,HOWELL TWP PD,,0,0,0,0,P,B,N,N,02,2,US 9,,9,,00000009__,103.50,02,,01,04,02,01,01,01,01,01,100,FE,N,ALEXANDER AVE,,,,50,35,26,,,N,,679
2019131919-16007-AC,MONMOUTH,HOWELL TWP,03/24/2019,SU,1435,01,HOWELL TWP PD,,0,1,0,0,I,B,Y,N,99,2,US 9,N,9,,00000009__,108.86,02,,01,04,02,01,01,01,01,01,1000,FE,N,WEST FARM RD,,,,50,45,69,,,N,DAMAGED MEDIAN - MEDIAN RT 9 - ROUTE 9 HOWELL NJ 07731,672
2019131919-16009-AC,MONMOUTH,HOWELL TWP,03/24/2019,SU,1506,01,HOWELL TWP PD,HOWELL TWP,0,1,0,0,I,B,N,N,99,2,FORT PLAINS RD,N,,,13191057__,.83,07,,01,04,02,01,01,01,05,01,1000,FE,S,SUNNYSIDE RD,,,,40,40,11,,,N,,658
2019131919-16020-AC,MONMOUTH,HOWELL TWP,03/24/2019,SU,1711,01,HOWELL TWP PD,,0,0,0,0,P,B,N,N,11,1,LORELEI DR **,,,,13191306__,.15,07,,03,04,02,01,01,01,05,01,250,FE,S,VIRGINIA DR,,,,25,25,,,,N,MAILBOX WAS DESTROYED - FELIX GUILLERMO - 36 LORELEI DR HOWELL TOWNSHIP NJ 07731,652
2019131919-16113-AC,MONMOUTH,HOWELL TWP,03/25/2019,MO,0830,01,HOWELL TWP PD,,0,2,0,0,I,I,N,N,03,2,OAK GLEN RD,,,,13191081__,2.68,07,,01,04,02,01,01,01,05,01,,AT,N,MAXIM SOUTHARD RD,,,,45,45,26,,,N,,681
2019131919-16188-AC,MONMOUTH,HOWELL TWP,03/25/2019,MO,1711,01,HOWELL TWP PD,,0,0,0,0,P,B,N,N,01,2,BERGERVILLE RD,,,,,,07,,01,04,02,01,01,01,05,01,10,FE,E,POINTE O WOODS DR,,,,40,25,26,,,N,,659
2019131919-16190-AC,MONMOUTH,HOWELL TWP,03/25/2019,MO,1734,01,HOWELL TWP PD,,0,4,0,0,I,I,N,N,01,3,E ALDRICH RD,,,,13191056__,,07,,01,04,02,01,01,01,05,01,,AT,,CODDINGTON CT,,,,40,25,26,,,N,,
2019131919-16192-AC,MONMOUTH,HOWELL TWP,03/25/2019,MO,1752,01,HOWELL TWP PD,,0,2,0,0,I,B,N,N,01,2,GEORGIA TAVERN RD,,,,13191073__,2.67,07,,01,04,02,01,01,01,05,01,15,FE,E,US 9,,,,40,50,26,,,N,,659
2019131919-16193-AC,MONMOUTH,HOWELL TWP,03/25/2019,MO,1756,01,HOWELL TWP PD,,0,0,0,0,P,B,N,N,03,2,LANES MILL RD **,W,,,13191078__,.19,07,,01,04,02,01,01,01,05,01,1000,FE,E,KENT RD,,,,35,35,26,,,N,,662
2019131919-16210-AC,MONMOUTH,HOWELL TWP,03/25/2019,MO,2056,01,HOWELL TWP PD,,0,0,0,0,P,B,N,N,01,2,US 9,,9,,00000009__,107.22,02,,01,04,02,02,06,02,01,01,30,FE,S,GEORGIA TAVERN RD / HULSE RD,,,,50,40,26,,,N,,659
2019131919-16245-AC,MONMOUTH,HOWELL TWP,03/26/2019,TU,0334,01,HOWELL TWP PD,,0,0,0,0,P,B,N,N,12,1,ROUTE 524,W,524,,00000524__,27.76,05,,01,04,02,01,07,01,05,01,500,FE,E,ARDMORE RD,,,,45,25,24,,,N,,623
2019131919-16441-AC,MONMOUTH,HOWELL TWP,03/27/2019,WE,0443,01,HOWELL TWP PD,,0,0,0,0,P,B,N,N,12,1,ROUTE 524,,524,,00000524__,33.20,05,,01,04,02,01,05,01,05,01,800,FE,E,ROUTE 524 ALT/547/MAIN ST/SQUANKUM,,,,50,45,24,,,N,,677
2019131919-165-AC,MONMOUTH,HOWELL TWP,01/02/2019,WE,0527,01,HOWELL TWP PD,,0,1,0,0,I,B,N,N,01,2,US 9,,9,,00000009__,107.91,02,,,04,02,01,06,01,02,01,15,FE,S,SUNNYSIDE RD / VERDANA WAY,,,,50,25,26,,,N,,674
2019131919-16515-AC,MONMOUTH,HOWELL TWP,03/21/2019,TH,1649,01,HOWELL TWP PD,,0,0,0,0,P,B,N,N,01,2,MAXIM SOUTHARD RD **,,,,13191084__,1.94,07,,01,04,02,02,01,02,05,01,5,FE,N,LOCUST AVE,,,,45,35,26,,,N,,653
2019131919-16714-AC,MONMOUTH,HOWELL TWP,03/28/2019,TH,0842,01,HOWELL TWP PD,,0,0,0,0,P,B,N,N,01,2,US 9,,9,,00000009__,105.22,02,,01,04,02,01,01,01,01,01,30,FE,S,NEW FRIENDSHIP RD,,,,50,30,26,,,N,,177
2019131919-16770-AC,MONMOUTH,HOWELL TWP,03/28/2019,TH,1547,01,HOWELL TWP PD,,0,0,0,0,P,B,N,N,06,2,SWEET BRIAR TR **,,,,13191338__,.26,07,,01,04,02,01,01,01,05,01,100,FE,N,JUMPING BUSH WAY,,,,25,25,28,,,N,,653
2019131919-16775-AC,MONMOUTH,HOWELL TWP,03/28/2019,TH,1623,01,HOWELL TWP PD,,0,0,0,0,P,B,N,N,01,2,CHURCH RD **,E,,,13191077__,,07,,01,04,02,01,01,01,05,01,5,FE,W,KENT RD,,,,40,40,26,,,N,,655
2019131919-16780-AC,MONMOUTH,HOWELL TWP,03/28/2019,TH,1708,01,HOWELL TWP PD,,0,0,0,0,P,I,N,N,02,2,NJ 33,,33,,00000033__,34.77,02,,01,04,02,01,01,01,03,01,,AT,,NJ 34,,,,50,50,26,,,N,,195
2019131919-16841-AC,MONMOUTH,HOWELL TWP,03/29/2019,FR,0139,01,HOWELL TWP PD,,0,0,0,0,P,B,N,N,12,1,US 9,N,9,,00000009__,108.95,02,,01,05,02,01,07,01,01,01,1500,FE,N,WEST FARM RD,,,,50,45,24,,,N,,667
2019131919-16855-AC,MONMOUTH,HOWELL TWP,03/29/2019,FR,0434,01,HOWELL TWP PD,,0,2,0,0,I,I,N,N,01,2,US 9,,9,,00000009__,103.23,02,,01,04,02,01,06,01,04,01,,AT,,FORD RD,,,,50,35,26,,,N,,648
2019131919-1695-AC,MONMOUTH,HOWELL TWP,01/09/2019,WE,1207,01,HOWELL TWP PD,,0,0,0,0,P,B,Y,N,11,1,NJ 34,N,34,,00000034__,10.00,02,,01,04,02,01,01,01,05,01,5280,FE,N,TINTON FALLS RD,,,,50,25,,,,N,,195
2019131919-17021-AC,MONMOUTH,HOWELL TWP,03/29/2019,FR,2057,01,HOWELL TWP PD,,0,0,0,0,P,I,N,N,12,1,WEST FARMS RD,,,,,,07,,01,04,02,01,06,01,05,01,,AT,,CITATION ST,,,,40,25,24,,,N,,661
2019131919-17263-AC,MONMOUTH,HOWELL TWP,03/31/2019,SU,0846,01,HOWELL TWP PD,,0,0,0,0,P,B,N,N,02,2,FRIENDSHIP RD **,S,,,13191075__,1.13,07,,01,04,02,01,01,01,05,01,600,FE,S,CHERRY TREE CIR,,,,35,25,26,,,N,,624
2019131919-17285-AC,MONMOUTH,HOWELL TWP,03/31/2019,SU,1157,01,HOWELL TWP PD,,0,0,0,0,P,I,N,N,02,2,US 9,,9,,00000009__,105.78,02,,01,04,02,02,01,02,01,01,,AT,N,SALEM HILL RD,,,,55,25,26,,,N,,672
2019131919-17397-AC,MONMOUTH,HOWELL TWP,04/01/2019,MO,0646,01,HOWELL TWP PD,,0,1,0,0,I,B,N,N,01,2,US 9,S,9,,00000009__,104.51,02,,01,05,02,01,01,01,01,01,100,FE,N,LANES MILL RD,,,,50,40,26,,,N,,624
2019131919-17514-AC,MONMOUTH,HOWELL TWP,04/01/2019,MO,1717,01,HOWELL TWP PD,,0,0,0,0,P,I,N,N,03,2,DARIEN DR **,,,,13191032__,.24,07,,01,04,02,01,01,01,05,01,,AT,,PRINCETON DR,,,,25,25,26,,,N,,671
2019131919-17609-AC,MONMOUTH,HOWELL TWP,04/02/2019,TU,0725,01,HOWELL TWP PD,,0,0,0,0,P,B,N,N,06,2,EMORY ST **,,,,13191294__,.00,07,,01,04,02,01,01,01,05,01,25,FE,W,PINVON ST,,,,25,25,26,,,N,,645
2019131919-17666-AC,MONMOUTH,HOWELL TWP,04/02/2019,TU,1207,01,HOWELL TWP PD,,0,0,0,0,P,B,N,N,03,2,E ALDRICH RD,E,,,13191056__,1.78,07,,01,04,02,01,01,01,05,01,50,FE,W,US 9,,,,40,50,26,,,N,,185
2019131919-17675-AC,MONMOUTH,HOWELL TWP,04/02/2019,TU,1315,01,HOWELL TWP PD,,0,1,0,0,I,B,N,N,01,2,MONMOUTH COUNTY 18 I,W,18,1,130000181_,.80,05,,01,04,02,01,01,01,05,01,2640,FE,W,BIRDSALL RD,,,,50,40,26,,,N,,624
2019131919-17685-AC,MONMOUTH,HOWELL TWP,04/02/2019,TU,1416,01,HOWELL TWP PD,,0,3,0,0,I,I,N,N,03,3,US 9,N,9,,00000009__,105.23,02,,01,04,02,01,01,01,01,01,,AT,,NEW FRIENDSHIP RD,,,,50,30,26,,,N,,
2019131919-17719-AC,MONMOUTH,HOWELL TWP,04/02/2019,TU,1820,01,HOWELL TWP PD,,0,0,0,0,P,B,N,N,12,1,NJ 33,W,33,,00000033__,29.64,02,,01,06,02,01,03,01,03,01,5280,FE,W,FAIRFIELD RD,,,,50,45,24,,,N,,655
2019131919-17804-AC,MONMOUTH,HOWELL TWP,04/03/2019,WE,0704,01,HOWELL TWP PD,,0,1,0,1,I,B,N,N,13,1,US 9,S,9,,00000009__,104.95,02,,01,04,02,01,01,01,01,01,,,,,,,,50,,26,,,N,,177
2019131919-18016-AC,MONMOUTH,HOWELL TWP,04/04/2019,TH,0056,01,HOWELL TWP PD,,0,0,0,0,P,B,N,N,12,1,WEST FARMS RD,,,,,,07,,01,04,02,01,06,01,05,01,200,FE,W,GEORGIA TAVERN RD,,,,45,40,24,,,N,,670
2019131919-18187-AC,MONMOUTH,HOWELL TWP,04/04/2019,TH,1613,01,HOWELL TWP PD,,0,0,0,0,P,B,N,N,11,1,LOCUST AVE **,W,,,13191180__,.14,07,,01,04,02,01,01,01,05,01,250,FE,E,BARRE DR,,,,40,25,56,,,N,UTILITY POLE #JC3864 (STRUCK  NO DAMAGE) - JERSEY CENTRAL POWER AND LIGHT - 880?,643
2019131919-18377-AC,MONMOUTH,HOWELL TWP,04/05/2019,FR,1212,01,HOWELL TWP PD,,0,0,0,0,P,B,N,N,15,1,US 9,,9,,00000009__,107.73,02,,01,04,02,02,01,02,01,,50,FE,S,E 1ST ST / W 1ST ST,,,,50,25,39,,,N,,681
2019131919-18421-AC,MONMOUTH,HOWELL TWP,04/05/2019,FR,1625,01,HOWELL TWP PD,,0,0,0,0,P,B,N,N,05,2,NJ 33,,33,,00000033__,33.15,02,,01,04,02,02,01,02,04,01,20,FE,W,E SAN MARCO BLVD,,,,50,25,26,,,N,,681
2019131919-1843-AC,MONMOUTH,HOWELL TWP,01/10/2019,TH,0413,01,HOWELL TWP PD,,0,0,0,0,P,I,N,N,01,2,US 9,,9,,00000009__,104.49,02,,01,05,02,01,06,01,01,01,,AT,,LANES MILL RD,,,,50,40,26,,,N,,621
2019131919-18430-AC,MONMOUTH,HOWELL TWP,04/05/2019,FR,1759,01,HOWELL TWP PD,,0,2,0,0,I,B,N,N,02,2,NJ 33,,33,,00000033__,34.80,02,,01,04,02,02,03,02,04,01,20,FE,N,TINTON FALLS RD,,,,50,25,26,,,N,,681
2019131919-18528-AC,MONMOUTH,HOWELL TWP,04/06/2019,SA,1036,01,HOWELL TWP PD,,0,0,0,0,P,B,N,N,11,1,NJ 33,,33,,00000033__,33.39,02,,01,04,02,01,01,01,05,01,50,FE,W,CR 35 / COLTS NECK RD,,,,50,45,56,,,N,DAMAGE TO TREE AND DOT MILE POST SIGN - QUICKCHEK - 1180 ROUTE 33 HOWELL NJ 077?,670
2019131919-18550-AC,MONMOUTH,HOWELL TWP,04/06/2019,SA,1252,01,HOWELL TWP PD,,0,1,0,0,I,B,N,N,03,2,LANES MILL RD **,W,,,13191078__,.23,07,,01,04,02,01,01,01,05,01,20,FE,W,US 9,,,,35,50,26,,,N,,673
2019131919-18608-AC,MONMOUTH,HOWELL TWP,04/06/2019,SA,2332,01,HOWELL TWP PD,,0,1,0,0,I,I,N,N,07,2,ROUTE 547,,547,,00000547__,14.67,05,,01,04,02,01,06,01,05,01,,AT,,CR 21/ROUTE 549/HERBERTSVILLE RD/OL,,,,45,40,26,,,N,,664
2019131919-18641-AC,MONMOUTH,HOWELL TWP,04/07/2019,SU,0304,01,HOWELL TWP PD,,0,0,0,0,P,B,N,N,99,1,MACKENZIE CT,E,,,,,07,,01,04,02,01,06,01,05,01,1500,FE,W,BUCKALEW RD,,,,25,25,39,,,N,LARGE MULCH PILE - ROY TUCCIARONE - 6 MACKENZIE CT FREEHOLD NJ 07728,682
2019131919-1866-AC,MONMOUTH,HOWELL TWP,01/10/2019,TH,0803,01,HOWELL TWP PD,,0,2,0,0,I,B,N,N,01,2,US 9,N,9,,00000009__,108.48,02,,01,04,02,01,01,01,01,01,1000,FE,S,WEST FARM RD,,,,50,45,26,,,N,,185
2019131919-187-AC,MONMOUTH,HOWELL TWP,01/02/2019,WE,0742,01,HOWELL TWP PD,,0,0,0,0,P,B,N,N,01,2,US 9,N,9,,00000009__,107.21,02,,01,04,02,01,01,01,05,01,100,FE,S,GEORGIA TAVERN RD / HULSE RD,,,,50,40,26,,,N,,660
2019131919-18786-AC,MONMOUTH,HOWELL TWP,04/08/2019,MO,0743,01,HOWELL TWP PD,,0,1,0,0,I,I,N,N,01,2,NJ 33,E,33,,00000033__,33.27,02,,01,04,02,01,01,01,05,01,,AT,,EAST HASTINGS LN,,,,50,25,26,,,N,,682
2019131919-18836-AC,MONMOUTH,HOWELL TWP,04/08/2019,MO,1228,01,HOWELL TWP PD,,0,0,0,0,P,B,N,N,01,2,US 9,S,9,,00000009__,106.35,02,,01,04,02,01,01,01,01,01,750,FE,N,FRIENDSHIP RD,,,,50,35,26,,,N,,185
2019131919-18976-AC,MONMOUTH,HOWELL TWP,04/09/2019,TU,0615,01,HOWELL TWP PD,,0,1,0,0,I,I,N,N,03,2,US 9,,9,,00000009__,105.23,02,,01,04,02,01,01,01,01,01,,AT,,NEW FRIENDSHIP RD,,,,50,35,26,,,N,,621
2019131919-19026-AC,MONMOUTH,HOWELL TWP,04/09/2019,TU,1144,01,HOWELL TWP PD,,0,0,0,0,P,B,N,N,07,2,E ALDRICH RD,E,,,13191056__,1.83,07,,01,04,02,01,01,01,05,01,200,FE,E,US 9,,,,40,50,26,,,N,,184
2019131919-19180-AC,MONMOUTH,HOWELL TWP,04/10/2019,WE,0751,01,HOWELL TWP PD,,0,2,0,0,I,I,N,N,03,2,KENT RD **,S,,,13191087__,1.59,07,,01,04,02,01,01,01,05,01,,AT,,FORD RD,,,,40,40,26,,,N,LAWN/LANDSCAPING/BOULDER DAMAGE - SUSAN L REED - 352 KENT RD HOWELL NJ 07731-24?,184