Year(4)-CountyCode(2)-MunicipalityCode(2)-CaseNumber(9),County Name,Municipality Name,Crash Date,Crash Day of Week,Crash Time,Police Department Code,Police Department,Police Station,Total Killed,Total Injured,Pedestrians Killed,Pedestrians Injured,Severity,Intersection,Alcohol Involved,Hazmat Involved,Crash Type,Total Vehicles,Location,Location Direction,Route,Route Suffix,Std Rte Identifier,MilePost,Road System,Road Character,Road Horizontal Alignment,Road Grade,Road Surface Type,Surface Condition,Light Condition,Environmental Condition,Road Divided By,Temporary Traffic Control Zone,Distance To Cross Street,Unit Of Measurement,Direction From Cross Street,Cross Street Name,Is Ramp,Ramp To/From Route Name,Ramp To/From Route Direction,Posted Speed,Posted Speed Cross Street,First Harmful Event,Latitude,Longitude,Cell Phone In Use Flag,Other Property Damage,Reporting Badge No.
2019131919-32122-AC,MONMOUTH,HOWELL TWP,06/21/2019,FR,1413,01,HOWELL TWP PD,,0,0,0,0,P,I,N,N,03,2,STRICKLAND RD,E,,,13161013__,1.08,07,,01,04,02,02,01,02,05,01,,AT,,WYCKOFF MILLS RD,,,,35,35,26,,,N,,197
2019131919-32153-AC,MONMOUTH,HOWELL TWP,06/16/2019,SU,1918,01,HOWELL TWP PD,,0,1,0,0,I,B,N,N,04,2,NJ 33,E,33,,00000033__,32.72,02,,02,04,02,02,01,02,04,01,1000,FE,E,W RENAISSANCE BLVD,,,,50,25,26,,,N,BRIDGE - US NAVY - RT. 33 HOWELL NJ 07731,662
2019131919-32217-AC,MONMOUTH,HOWELL TWP,06/17/2019,MO,0833,01,HOWELL TWP PD,,0,1,0,0,I,B,N,N,03,2,US 9,N,9,,00000009__,108.11,02,,01,04,02,01,01,01,01,01,75,FE,N,WHITE ST,,,,50,35,26,,,N,,189
2019131919-32272-AC,MONMOUTH,HOWELL TWP,06/17/2019,MO,1334,01,HOWELL TWP PD,,0,1,0,0,I,B,N,N,01,3,US 9,S,9,,00000009__,106.43,02,,01,04,02,01,01,01,01,01,40,FE,S,REDWOOD RD,,,,50,25,26,,,N,,
2019131919-32290-AC,MONMOUTH,HOWELL TWP,06/22/2019,SA,1135,01,HOWELL TWP PD,,0,1,0,0,I,B,N,N,01,2,US 9,,9,,00000009__,104.53,02,,01,04,02,01,01,01,01,01,200,FE,N,LANES MILL RD,,,,50,40,26,,,N,,681
2019131919-32521-AC,MONMOUTH,HOWELL TWP,06/18/2019,TU,1531,01,HOWELL TWP PD,,0,0,0,0,P,B,N,N,01,2,US 9,N,9,,00000009__,107.19,02,,01,04,02,01,01,01,01,01,220,FE,S,GEORGIA TAVERN RD / HULSE RD,,,,50,45,26,,,N,,643
2019131919-32522-AC,MONMOUTH,HOWELL TWP,06/18/2019,TU,1535,01,HOWELL TWP PD,,0,0,0,0,P,I,N,N,01,2,CHURCH RD **,W,,,13191077__,.10,07,,01,06,02,01,01,01,00,01,,AT,,FRIENDSHIP RD,,,,40,40,26,,,N,,655
2019131919-32538-AC,MONMOUTH,HOWELL TWP,06/18/2019,TU,1651,01,HOWELL TWP PD,,0,0,0,0,P,B,N,N,03,2,LANES MILL RD **,W,,,13191078__,.26,07,,01,04,02,01,01,01,05,01,150,FE,E,US 9,,,,40,50,26,,,N,,655
2019131919-32687-AC,MONMOUTH,HOWELL TWP,06/19/2019,WE,1103,01,HOWELL TWP PD,,0,0,0,0,P,B,N,N,01,2,NJ 33,E,33,,00000033__,34.80,02,,01,04,02,02,01,01,05,01,20,FE,E,TINTON FALLS RD,,,,50,25,26,,,N,,183
2019131919-3271-AC,MONMOUTH,HOWELL TWP,01/17/2019,TH,0703,01,HOWELL TWP PD,,0,0,0,0,P,I,N,N,01,2,US 9,S,9,,00000009__,110.37,02,,01,04,02,01,02,01,03,01,,AT,,STRICKLAND RD,,,,50,35,26,,,N,,197
2019131919-32965-AC,MONMOUTH,HOWELL TWP,06/20/2019,TH,1728,01,HOWELL TWP PD,,0,1,0,0,I,B,N,N,01,2,ROUTE 547,,547,,00000547__,13.67,05,,01,04,02,02,01,01,05,01,50,FE,N,EASY ST,,,,50,45,26,,,N,,654
2019131919-33124-AC,MONMOUTH,HOWELL TWP,06/21/2019,FR,1440,01,HOWELL TWP PD,,0,0,0,0,P,B,N,N,03,2,NJ 33,,33,,00000033__,30.83,02,,01,04,02,01,01,01,05,01,1000,FE,E,FAIRFIELD RD,,,,50,50,26,,,N,,672
2019131919-33134-AC,MONMOUTH,HOWELL TWP,06/21/2019,FR,1555,01,HOWELL TWP PD,,0,0,0,0,P,I,N,N,02,2,NJ 33,,33,,00000033__,34.77,02,,01,04,02,01,01,01,05,01,,AT,E,NJ 34,,,,50,50,26,,,N,,672
2019131919-33185-AC,MONMOUTH,HOWELL TWP,06/21/2019,FR,2239,01,HOWELL TWP PD,,0,0,0,0,P,B,N,N,02,2,US 9,S,9,,00000009__,108.48,02,,01,04,02,01,05,01,01,01,1000,FE,S,WEST FARM RD,,,,50,45,26,,,N,,332
2019131919-33249-AC,MONMOUTH,HOWELL TWP,06/22/2019,SA,0501,01,HOWELL TWP PD,,0,0,0,0,P,B,N,N,01,2,US 9,N,9,,00000009__,107.63,02,,01,04,02,01,02,01,01,01,100,FE,S,E 2ND ST / W 2ND ST,,,,50,25,26,,,N,,682
2019131919-33322-AC,MONMOUTH,HOWELL TWP,06/22/2019,SA,1545,01,HOWELL TWP PD,,0,0,0,0,P,I,N,N,03,2,ROUTE 549,,549,,00000549__,16.40,05,,01,04,02,01,01,01,05,01,,AT,,NEWTON CORNER RD,,,,45,45,26,,,N,,345
2019131919-33445-AC,MONMOUTH,HOWELL TWP,06/23/2019,SU,0200,01,HOWELL TWP PD,,0,1,0,0,I,B,Y,N,11,1,ADDISON RD **,,,,13191074__,.39,07,,02,04,02,01,06,01,05,01,10,FE,N,SPICY POND RD,,,,35,25,52,,,N,NJ/X75ESW DAMAGE FROM POWERLINE ON VEHICLE - JOHN J DEFEO - 8 ADDISON RD HOWELL?,670
2019131919-33688-AC,MONMOUTH,HOWELL TWP,06/24/2019,MO,1514,01,HOWELL TWP PD,,0,0,0,0,P,I,N,N,03,2,LAKEWOOD-ALLENWOOD RD,W,,,13191100__,2.38,07,,01,04,02,01,01,01,05,01,,AT,,NEWTONS CORNER RD,,,,35,45,26,,,N,,662
2019131919-33728-AC,MONMOUTH,HOWELL TWP,06/24/2019,MO,2012,01,HOWELL TWP PD,,0,0,0,0,P,B,N,N,11,1,CASINO RD,,,,13191012__,1.39,07,,01,04,02,01,01,01,05,01,20,FE,W,KETCHAM RD,,,,40,35,,,,N,,615
2019131919-33775-AC,MONMOUTH,HOWELL TWP,06/25/2019,TU,0239,01,HOWELL TWP PD,,0,0,0,0,P,B,N,N,11,1,NJ 33,W,33,,00000033__,33.13,02,,02,04,02,01,06,01,05,01,5280,FE,E,YELLOW BROOK RD,,,,50,40,,,,N,,680
2019131919-33821-AC,MONMOUTH,HOWELL TWP,06/25/2019,TU,0918,01,HOWELL TWP PD,,0,0,0,0,P,I,N,N,03,2,ROUTE 547,W,547,,00000547__,11.15,05,,01,04,02,01,01,01,05,01,,AT,,RANDOLPH RD,,,,40,50,26,,,N,,189
2019131919-33891-AC,MONMOUTH,HOWELL TWP,06/25/2019,TU,1529,01,HOWELL TWP PD,,0,0,0,0,P,I,N,N,01,2,US 9,,9,,00000009__,105.65,02,,01,04,02,01,01,01,01,01,,AT,,FRIENDSHIP RD,,,,50,40,26,,,N,,652
2019131919-33898-AC,MONMOUTH,HOWELL TWP,06/25/2019,TU,1613,01,HOWELL TWP PD,HOWELL TWP,0,1,0,0,I,I,N,N,01,2,WEST FARMS RD,W,,,,,07,,01,04,02,01,01,01,05,01,,AT,,HOME DEPOT TRAFFIC LIGHT,,,,40,25,26,,,N,,658
2019131919-33951-AC,MONMOUTH,HOWELL TWP,06/25/2019,TU,2250,01,HOWELL TWP PD,,0,1,0,0,I,B,N,N,99,1,SALEM HILL RD **,,,,13191021__,.01,07,,03,04,02,01,06,01,05,01,50,FE,E,US 9,,,,25,50,11,,,N,,659
2019131919-3400-AC,MONMOUTH,HOWELL TWP,01/17/2019,TH,1811,01,HOWELL TWP PD,,0,0,0,0,P,B,N,N,01,2,US 9,,9,,00000009__,107.04,02,,01,04,02,01,06,01,01,01,50,FE,S,I-195,,,,50,65,26,,,N,,654
2019131919-34014-AC,MONMOUTH,HOWELL TWP,06/26/2019,WE,0841,01,HOWELL TWP PD,,0,0,0,0,P,B,N,N,02,2,ROUTE 547,,547,,00000547__,15.32,05,,01,04,02,01,01,01,05,01,75,FE,S,ROUTE 524/524 ALT/ALLAIRE/SQUANKUM-,,,,45,45,26,,,N,,195
2019131919-34024-AC,MONMOUTH,HOWELL TWP,06/26/2019,WE,0942,01,HOWELL TWP PD,,0,0,0,0,P,B,N,N,01,2,US 9,,9,,00000009__,107.93,02,,01,04,02,01,01,01,01,01,100,FE,N,SUNNYSIDE RD / VERDANA WAY,,,,50,35,26,,,N,,660
2019131919-3410-AC,MONMOUTH,HOWELL TWP,01/17/2019,TH,1936,01,HOWELL TWP PD,,0,0,0,0,P,I,N,N,01,2,E ALDRICH RD,,,,13191056__,2.58,07,,01,04,02,01,07,01,05,01,,AT,,GLEN ARDEN DR,,,,40,25,26,,,N,,653
2019131919-34108-AC,MONMOUTH,HOWELL TWP,06/26/2019,WE,1456,01,HOWELL TWP PD,,0,0,0,0,P,I,N,N,02,2,LANES MILL RD **,,,,13191078__,.23,07,,01,04,02,01,01,01,04,01,,AT,,US 9,,,,40,50,26,,,N,,652
2019131919-34112-AC,MONMOUTH,HOWELL TWP,06/26/2019,WE,1533,01,HOWELL TWP PD,,0,0,0,0,P,B,N,N,03,2,NEW FRIENDSHIP RD **,,,,13191188__,.00,07,,01,04,02,01,01,01,05,01,1000,FE,W,US 9,,,,35,50,26,,,N,,653
2019131919-34114-AC,MONMOUTH,HOWELL TWP,06/26/2019,WE,1543,01,HOWELL TWP PD,,0,0,0,0,P,I,N,N,03,2,NJ 33,W,33,,00000033__,34.77,02,,01,04,02,01,01,01,03,01,,AT,,NJ 34,,,,50,50,26,,,N,,614
2019131919-34133-AC,MONMOUTH,HOWELL TWP,06/26/2019,WE,1657,01,HOWELL TWP PD,,0,0,0,0,P,I,N,N,03,2,MAXIM SOUTHARD RD **,,,,13191084__,1.94,07,,01,04,02,01,01,01,05,01,,AT,,LOCUST AVE,,,,40,35,26,,,N,,653
2019131919-34137-AC,MONMOUTH,HOWELL TWP,06/26/2019,WE,1722,01,HOWELL TWP PD,,0,1,0,0,I,I,N,N,03,2,ROUTE 547,,547,,00000547__,13.66,05,,01,04,02,01,01,01,05,01,,AT,,EASY ST,,,,50,45,26,,,N,,639
2019131919-34171-AC,MONMOUTH,HOWELL TWP,06/26/2019,WE,2239,01,HOWELL TWP PD,,0,0,0,0,P,B,N,N,01,2,US 9,,9,,00000009__,104.50,02,,01,05,02,01,07,01,01,01,50,FE,N,LANES MILL RD,,,,50,40,26,,,N,,621
2019131919-34184-AC,MONMOUTH,HOWELL TWP,06/27/2019,TH,0055,01,HOWELL TWP PD,,0,0,0,0,P,B,N,N,12,1,FAIRFIELD RD **,S,,,13191040__,.64,07,,01,04,02,01,07,01,05,01,1000,FE,N,MERRICK RD,,,,45,35,24,,,N,,623
2019131919-34218-AC,MONMOUTH,HOWELL TWP,06/27/2019,TH,0610,01,HOWELL TWP PD,,0,1,0,0,I,B,N,N,03,2,1251 9 NB,,,,,,09,,01,04,02,01,01,01,,,,,,,,,,,,26,,,N,,651
2019131919-34254-AC,MONMOUTH,HOWELL TWP,06/27/2019,TH,0926,01,HOWELL TWP PD,,0,0,0,0,P,I,N,N,03,2,MAXIM SOUTHARD RD **,S,,,13191084__,.74,07,,01,04,02,01,01,01,05,01,,AT,,OAK GLEN RD,,,,45,45,26,,,N,,616
2019131919-34328-AC,MONMOUTH,HOWELL TWP,06/27/2019,TH,1612,01,HOWELL TWP PD,,0,0,0,0,P,B,N,N,05,2,NJ 34,,34,,00000034__,10.28,02,,01,04,02,01,01,01,05,01,1000,FE,S,NAVY BRIDGE,,,,50,25,26,,,N,,639
2019131919-34330-AC,MONMOUTH,HOWELL TWP,06/27/2019,TH,1623,01,HOWELL TWP PD,,0,0,0,0,P,I,N,N,02,2,US 9,,9,,00000009__,105.78,02,,01,04,02,01,01,01,01,01,,AT,,SALEM HILL RD,,,,50,25,26,,,N,,654
2019131919-34335-AC,MONMOUTH,HOWELL TWP,06/27/2019,TH,1744,01,HOWELL TWP PD,,0,0,0,0,P,I,N,N,01,2,OAK GLEN RD,W,,,13191081__,.92,07,,01,04,02,01,01,01,05,01,,AT,,ROUTE 547,,,,45,50,26,,,N,,662
2019131919-34356-AC,MONMOUTH,HOWELL TWP,06/27/2019,TH,1915,01,HOWELL TWP PD,,0,2,0,0,I,B,Y,N,04,2,NJ 33,,33,,00000033__,33.45,02,,01,04,02,01,01,01,05,01,250,FE,E,CR 35 / COLTS NECK RD,,,,50,45,26,,,N,,639
2019131919-34456-AC,MONMOUTH,HOWELL TWP,06/28/2019,FR,1215,01,HOWELL TWP PD,,0,1,0,0,I,I,N,N,07,2,CHURCH RD **,E,,,13191077__,,07,,01,04,02,01,01,01,,,,AT,,KENT RD,,,,35,35,26,,,N,,673
2019131919-34489-AC,MONMOUTH,HOWELL TWP,06/28/2019,FR,1528,01,HOWELL TWP PD,,0,0,0,0,P,B,N,N,01,2,US 9,,9,,00000009__,107.33,02,,01,04,02,01,01,01,01,01,100,FE,N,E 6TH ST / W 6TH ST,,,,50,25,26,,,N,,653
2019131919-34502-AC,MONMOUTH,HOWELL TWP,06/28/2019,FR,1703,01,HOWELL TWP PD,,0,0,0,0,P,B,N,N,01,2,NJ 34,S,34,,00000034__,8.83,02,,01,04,02,01,01,01,05,01,100,FE,N,NJ 33,,,,50,50,26,,,N,,673
2019131919-34505-AC,MONMOUTH,HOWELL TWP,06/28/2019,FR,1710,01,HOWELL TWP PD,,0,0,0,0,P,I,N,N,02,2,US 9,,9,,00000009__,109.95,02,,01,04,02,01,01,01,03,,,AT,,BERGERVILLE RD / CASINO DR,,,,55,35,26,,,N,,683
2019131919-34546-AC,MONMOUTH,HOWELL TWP,06/28/2019,FR,2043,01,HOWELL TWP PD,,0,4,0,0,I,I,N,N,01,3,US 9,S,9,,00000009__,106.44,02,,01,04,02,01,06,01,01,01,,AT,,REDWOOD RD,,,,50,25,26,,,N,,
2019131919-34630-AC,MONMOUTH,HOWELL TWP,06/29/2019,SA,0704,01,HOWELL TWP PD,,0,0,0,0,P,I,N,N,01,2,ROUTE 547,,547,,00000547__,19.46,05,,01,04,02,01,01,01,,,,AT,,TINTON FALLS RD / TURLEY LN,,,,50,25,26,,,N,,683
2019131919-34649-AC,MONMOUTH,HOWELL TWP,06/29/2019,SA,1020,01,HOWELL TWP PD,,0,0,0,0,P,B,N,N,03,2,WEST FARMS RD,,,,,,07,,03,04,02,01,01,01,05,01,1000,FE,W,CITATION ST,,,,45,25,26,,,N,,675
2019131919-34716-AC,MONMOUTH,HOWELL TWP,06/29/2019,SA,1742,01,HOWELL TWP PD,,0,0,0,0,P,B,N,N,01,2,BERGERVILLE RD,,,,,,07,,01,04,02,02,01,02,05,01,50,FE,E,POINTE O WOODS DR,,,,35,25,26,,,N,,681
2019131919-34724-AC,MONMOUTH,HOWELL TWP,06/29/2019,SA,1813,01,HOWELL TWP PD,,0,3,0,0,I,B,Y,N,01,4,NJ 33,,33,,00000033__,33.31,02,,01,04,02,01,01,02,04,01,500,FE,W,CR 35 / COLTS NECK RD,,,,50,40,26,,,N,,
2019131919-34772-AC,MONMOUTH,HOWELL TWP,06/30/2019,SU,0040,01,HOWELL TWP PD,,0,5,0,0,I,B,N,N,01,2,US 9,,9,,00000009__,109.94,02,,01,04,02,01,05,01,01,01,50,FE,S,BERGERVILLE RD / CASINO DR,,,,55,45,26,,,N,BROKEN GUIDE WIRE POLE # BT195HL - VERIZON - 1 VERIZON WAY BASKING RIDGE NJ 079?,678
2019131919-34877-AC,MONMOUTH,HOWELL TWP,06/30/2019,SU,1721,01,HOWELL TWP PD,,0,1,0,0,I,B,N,N,15,1,EASY ST,,,,,,07,,02,04,02,01,01,01,05,01,1056,FE,E,RT 547,,,,35,50,39,,,N,,675
2019131919-3492-AC,MONMOUTH,HOWELL TWP,01/18/2019,FR,0648,01,HOWELL TWP PD,,0,0,0,0,P,I,N,N,01,2,NJ 33,E,33,,00000033__,34.80,02,,01,05,02,03,01,03,03,01,,AT,,TINTON FALLS RD,,,,50,25,26,,,N,,623
2019131919-34935-AC,MONMOUTH,HOWELL TWP,07/01/2019,MO,0331,01,HOWELL TWP PD,,0,0,0,0,P,B,N,N,11,1,ROUTE 547,,547,,00000547__,13.26,05,,01,04,02,01,05,01,05,01,700,FE,S,VICTORY RD,,,,50,50,61,,,N,MAILBOX DAMAGED - ESTIMATED BY OWNER $200.00 -  MICHAEL J MACKAY - 756 RT 547 (?,677
2019131919-34962-AC,MONMOUTH,HOWELL TWP,07/01/2019,MO,0834,01,HOWELL TWP PD,,0,1,0,0,I,I,N,N,03,2,ROUTE 547,,547,,00000547__,11.15,05,,01,04,02,01,01,01,05,01,,AT,,RANDOLPH RD,,,,50,40,26,,,N,,675
2019131919-34973-AC,MONMOUTH,HOWELL TWP,07/01/2019,MO,1010,01,HOWELL TWP PD,,0,1,0,0,I,B,N,N,01,2,US 9,S,9,,00000009__,106.42,02,,01,04,02,01,01,01,05,01,100,FE,S,REDWOOD RD,,,,50,25,26,,,N,,660
2019131919-3500-AC,MONMOUTH,HOWELL TWP,01/18/2019,FR,0742,01,HOWELL TWP PD,,0,0,0,0,P,B,N,N,11,1,MEMORIAL DR **,W,,,13191702__,.00,07,,02,04,02,03,01,03,05,,650,FE,W,JACOB DR,,,,25,25,56,,,N,,616
2019131919-35007-AC,MONMOUTH,HOWELL TWP,07/01/2019,MO,1334,01,HOWELL TWP PD,,0,1,0,0,I,B,N,N,03,2,NEW FRIENDSHIP RD **,E,,,13191188__,.00,07,,01,04,02,01,01,01,05,01,500,FE,W,US 9,,,,35,50,26,,,N,,347
2019131919-35041-AC,MONMOUTH,HOWELL TWP,07/01/2019,MO,1815,01,HOWELL TWP PD,HOWELL,0,3,0,0,I,I,N,N,03,2,GEORGIA TAVERN RD,E,,,13191073__,1.00,07,,01,04,02,01,01,01,05,01,,AT,,LEMON RD / PESKIN RD,,,,40,40,26,,,N,,658
2019131919-35098-AC,MONMOUTH,HOWELL TWP,07/02/2019,TU,0437,01,HOWELL TWP PD,,0,1,0,0,I,B,N,N,01,2,US 9,,9,,00000009__,108.63,02,,03,04,02,01,06,01,01,01,200,FE,S,WEST FARM RD,,,,50,40,26,,,Y,,677
2019131919-35200-AC,MONMOUTH,HOWELL TWP,07/02/2019,TU,1654,01,HOWELL TWP PD,HOWELL TWP,0,0,0,0,P,I,N,N,03,2,LEMON RD,E,,,,,07,,01,04,02,01,01,01,05,01,,AT,,WEST FARMS RD,,,,40,40,26,,,N,,658
2019131919-35204-AC,MONMOUTH,HOWELL TWP,07/02/2019,TU,1721,01,HOWELL TWP PD,,0,1,0,0,I,I,N,N,01,3,US 9,S,9,,00000009__,106.71,02,,01,04,02,01,01,01,01,01,,AT,,STANLEY BLVD,,,,50,25,26,,,N,,
2019131919-35343-AC,MONMOUTH,HOWELL TWP,07/03/2019,WE,1204,01,HOWELL TWP PD,,0,0,0,0,P,I,N,N,07,2,GLEN ARDEN DR **,,,,13191241__,.93,07,,01,04,02,01,01,01,05,01,,AT,,LIBERTY CT,,,,25,25,26,,,N,,195
2019131919-35347-AC,MONMOUTH,HOWELL TWP,07/03/2019,WE,1228,01,HOWELL TWP PD,,0,0,0,0,P,B,N,N,05,2,NEWTONS CORNER RD,W,,,,,09,,01,04,02,01,01,01,05,01,120,FE,W,ALBATROSS DR,,,,25,25,26,,,N,,616
2019131919-35350-AC,MONMOUTH,HOWELL TWP,07/03/2019,WE,1252,01,HOWELL TWP PD,,0,0,0,0,P,I,N,N,03,2,NEWTONS CORNER RD,N,,,13191103__,1.42,07,,01,04,02,01,01,01,05,01,,AT,,RAMTOWN GREENVILLE RD,,,,40,25,26,,,N,,616
2019131919-35354-AC,MONMOUTH,HOWELL TWP,07/03/2019,WE,1313,01,HOWELL TWP PD,,0,0,0,0,P,B,N,N,06,2,4170 9 SB,S,,,,,09,,01,04,02,01,01,01,05,01,,,,,,,,15,,28,,,N,,197
2019131919-35363-AC,MONMOUTH,HOWELL TWP,07/03/2019,WE,1428,01,HOWELL TWP PD,,0,1,0,0,I,B,N,N,01,2,ROUTE 547,N,547,,00000547__,13.57,05,,01,04,02,01,01,01,05,01,500,FE,S,EASY ST,,,,50,45,26,,,N,,616
2019131919-35422-AC,MONMOUTH,HOWELL TWP,07/03/2019,WE,2056,01,HOWELL TWP PD,,0,0,0,0,P,I,N,N,12,1,FRIENDSHIP RD **,,,,13191075__,.98,07,,01,04,02,01,06,01,05,01,,AT,,PLYMOUTH DR,,,,40,25,24,,,N,,652
2019131919-35505-AC,MONMOUTH,HOWELL TWP,07/04/2019,TH,1100,01,HOWELL TWP PD,,0,0,0,0,P,I,N,N,01,2,US 9,E,9,,00000009__,104.00,02,,03,04,02,01,01,01,05,01,,AT,,ESTELLE LN,,,,25,50,26,,,N,,197
2019131919-3577-AC,MONMOUTH,HOWELL TWP,01/18/2019,FR,1419,01,HOWELL TWP PD,,0,1,0,0,I,B,N,N,01,2,ROUTE 524 ALTERNATE,,524,A,00000524A_,1.54,05,,01,04,02,01,01,01,05,01,500,FE,S,CR 21 / SOUTHARD AVE,,,,30,,26,,,N,,180
2019131919-35778-AC,MONMOUTH,HOWELL TWP,07/05/2019,FR,1619,01,HOWELL TWP PD,,0,0,0,0,P,I,N,N,04,2,US 9,,9,,00000009__,109.95,02,,01,04,02,01,01,01,01,01,,AT,,BERGERVILLE RD / CASINO DR,,,,55,35,26,,,N,,653
2019131919-3584-AC,MONMOUTH,HOWELL TWP,01/18/2019,FR,1511,01,HOWELL TWP PD,,0,4,0,0,I,B,N,N,01,2,US 9,,9,,00000009__,109.95,02,,01,04,02,01,01,01,01,01,10,FE,S,BERGERVILLE RD / CASINO DR,,,,55,45,26,,,N,,664
2019131919-3588-AC,MONMOUTH,HOWELL TWP,01/18/2019,FR,1521,01,HOWELL TWP PD,,0,0,0,0,P,B,N,N,01,2,US 9,,9,,00000009__,108.78,02,,01,04,02,02,01,01,01,01,600,FE,N,WEST FARM RD,,,,55,45,26,,,N,,672
2019131919-3591-AC,MONMOUTH,HOWELL TWP,01/18/2019,FR,1604,01,HOWELL TWP PD,,0,0,0,0,P,B,N,N,06,2,405 RT 524 A (SOUMKUM-YLLWBK),,,,,,09,,01,04,02,01,01,01,,,,,,,,,,40,,26,,,N,,668
2019131919-3599-AC,MONMOUTH,HOWELL TWP,01/18/2019,FR,1710,01,HOWELL TWP PD,,0,0,0,0,P,B,Y,N,11,1,WINDELER RD,W,,,13191053__,1.79,07,,01,04,02,02,03,01,05,01,200,FE,W,OAK GLEN RD / OLD TAVERN RD,,,,40,40,,,,N,LANDSCAPING - MARGARET STEINBERGER - 360 WINDELER RD HOWELL NJ 07731-8704,654
2019131919-36010-AC,MONMOUTH,HOWELL TWP,07/06/2019,SA,1719,01,HOWELL TWP PD,,0,0,0,0,P,I,N,N,11,1,ROUTE 524,,524,,00000524__,26.05,05,,01,04,02,01,01,01,,,,AT,,QUEENE ANNE BLVD,,,,40,25,,,,N,MAILBOX - UNKNOWN - 898 RT 524 (ADELPHIA-FARMDLE) HOWELL NJ 07731,668
2019131919-36019-AC,MONMOUTH,HOWELL TWP,07/06/2019,SA,1824,01,HOWELL TWP PD,,0,0,0,0,P,I,N,N,02,2,NJ 33,,33,,00000033__,34.82,02,,03,04,02,01,01,01,04,,,AT,,TINTON FALLS RD,,,,50,25,26,,,N,,668
2019131919-3607-AC,MONMOUTH,HOWELL TWP,01/18/2019,FR,1851,01,HOWELL TWP PD,,0,0,0,0,P,B,N,N,01,2,US 9,S,9,,00000009__,107.02,02,,01,04,02,01,06,01,01,01,150,FE,S,I-195,,,,50,65,26,,,N,,639
2019131919-36191-AC,MONMOUTH,HOWELL TWP,07/07/2019,SU,1554,01,HOWELL TWP PD,,0,0,0,0,P,B,N,N,02,2,US 9,,9,,00000009__,107.23,02,,01,04,02,01,01,01,01,01,20,FE,S,GEORGIA TAVERN RD / HULSE RD,,,,50,40,26,,,N,,661
2019131919-36352-AC,MONMOUTH,HOWELL TWP,07/08/2019,MO,1508,01,HOWELL TWP PD,,0,0,0,0,P,I,N,N,03,2,LANES MILL RD **,N,,,13191078__,.96,07,,01,04,02,01,01,01,05,01,,AT,,MAXIM SOUTHARD RD,,,,40,45,26,,,N,,624
2019131919-36383-AC,MONMOUTH,HOWELL TWP,07/08/2019,MO,1946,01,HOWELL TWP PD,,0,0,0,0,P,B,N,N,01,2,ROUTE 547,,547,,00000547__,18.91,05,,01,04,02,01,01,01,05,01,1000,FE,S,CRANBERRY RD,,,,45,45,26,,,N,,661
2019131919-3648-AC,MONMOUTH,HOWELL TWP,01/18/2019,FR,2345,01,HOWELL TWP PD,,0,0,0,0,P,B,N,N,12,1,ROUTE 524,E,524,,00000524__,26.84,05,,01,04,02,02,07,01,05,01,50,FE,E,HAVEN BRIDGE RD,,,,45,40,24,,,N,,678
2019131919-36913-AC,MONMOUTH,HOWELL TWP,07/11/2019,TH,1221,01,HOWELL TWP PD,,0,0,0,0,P,B,N,N,11,1,KENT RD **,N,,,13191087__,,07,,01,04,02,01,01,01,05,01,,,,,,,,35,,61,,,N,MAILBOX - IVAN ARELLANO - 321 KENT RD HOWELL NJ 07731,185
2019131919-3695-AC,MONMOUTH,HOWELL TWP,01/19/2019,SA,0534,01,HOWELL TWP PD,,0,1,0,0,I,B,N,N,14,1,MONMOUTH COUNTY 35,N,35,,13000035__,1.80,05,,01,04,02,01,05,01,05,01,15,FE,S,NJ 33,,,,40,50,26,,,N,,679
2019131919-37510-AC,MONMOUTH,HOWELL TWP,07/15/2019,MO,0235,01,HOWELL TWP PD,,0,0,0,0,P,I,N,N,12,1,ROUTE 547,,547,,00000547__,11.71,05,,01,04,02,01,06,01,05,01,,AT,,LINCOLN AVE,,,,50,25,24,,,N,,600
2019131919-37535-AC,MONMOUTH,HOWELL TWP,07/15/2019,MO,0837,01,HOWELL TWP PD,,0,0,0,0,P,I,N,N,01,2,FRIENDSHIP RD **,E,,,13191075__,.00,07,,03,05,02,01,01,01,02,01,,AT,,,F,US 9,SB,35,,26,,,N,,177
2019131919-37591-AC,MONMOUTH,HOWELL TWP,07/15/2019,MO,1400,01,HOWELL TWP PD,,0,1,0,0,I,B,N,N,01,2,US 9,N,9,,00000009__,108.67,02,,01,04,02,01,01,01,05,01,15,FE,S,WEST FARM RD,,,,50,40,26,,,N,,660
2019131919-37610-AC,MONMOUTH,HOWELL TWP,07/15/2019,MO,1613,01,HOWELL TWP PD,,0,0,0,0,P,B,N,N,01,2,FIVE POINTS RD,S,,,13091141__,3.24,07,,01,04,02,01,01,01,05,01,10,FE,N,NJ 33,,,,45,50,26,,,N,,346
2019131919-37791-AC,MONMOUTH,HOWELL TWP,07/16/2019,TU,1618,01,HOWELL TWP PD,,0,1,0,0,I,B,N,N,01,2,ROUTE 524,,524,,00000524__,25.87,05,,01,04,02,01,01,01,05,01,25,FE,E,CLAYTON AVE,,,,45,25,26,,,N,,659
2019131919-37792-AC,MONMOUTH,HOWELL TWP,07/16/2019,TU,1627,01,HOWELL TWP PD,,0,0,0,0,P,B,N,N,11,1,OAK GLEN RD,,,,,,07,,01,04,02,01,01,01,05,01,25,FE,N,WINDELER RD,,,,45,40,,,,N,,639
2019131919-3808-AC,MONMOUTH,HOWELL TWP,01/19/2019,SA,1858,01,HOWELL TWP PD,,0,0,0,0,P,B,N,N,12,1,ROUTE 524,,524,,00000524__,33.06,05,,01,04,02,02,06,02,05,01,50,FE,E,ROUTE 524 ALT/547/MAIN ST/SQUANKUM,,,,45,45,24,,,N,,670
2019131919-38166-AC,MONMOUTH,HOWELL TWP,07/18/2019,TH,1250,01,HOWELL TWP PD,,0,1,0,0,I,I,N,N,03,2,KENT RD **,S,,,13191087__,.35,07,,01,04,02,01,01,05,05,01,,AT,,CHURCH RD,,,,35,35,26,,,N,,347