Year(4)-CountyCode(2)-MunicipalityCode(2)-CaseNumber(9),County Name,Municipality Name,Crash Date,Crash Day of Week,Crash Time,Police Department Code,Police Department,Police Station,Total Killed,Total Injured,Pedestrians Killed,Pedestrians Injured,Severity,Intersection,Alcohol Involved,Hazmat Involved,Crash Type,Total Vehicles,Location,Location Direction,Route,Route Suffix,Std Rte Identifier,MilePost,Road System,Road Character,Road Horizontal Alignment,Road Grade,Road Surface Type,Surface Condition,Light Condition,Environmental Condition,Road Divided By,Temporary Traffic Control Zone,Distance To Cross Street,Unit Of Measurement,Direction From Cross Street,Cross Street Name,Is Ramp,Ramp To/From Route Name,Ramp To/From Route Direction,Posted Speed,Posted Speed Cross Street,First Harmful Event,Latitude,Longitude,Cell Phone In Use Flag,Other Property Damage,Reporting Badge No.
2019131919-56134-AC,MONMOUTH,HOWELL TWP,10/28/2019,MO,1901,01,HOWELL TWP PD,,0,0,0,0,P,B,Y,N,02,2,NJ 33,,33,,00000033__,34.78,02,,01,04,02,01,06,01,03,01,100,FE,W,TINTON FALLS RD,,,,50,25,26,,,N,,624
2019131919-56135-AC,MONMOUTH,HOWELL TWP,10/28/2019,MO,1902,01,HOWELL TWP PD,,0,1,0,0,I,B,N,N,01,2,US 9,N,9,,00000009__,103.45,02,,01,04,02,01,06,01,01,01,150,FE,S,ALEXANDER AVE,,,,50,35,26,,,N,,661
2019131919-56180-AC,MONMOUTH,HOWELL TWP,10/29/2019,TU,0636,01,HOWELL TWP PD,,0,0,0,0,P,B,N,N,01,2,NJ 34,N,34,,00000034__,8.77,02,,01,04,02,02,06,02,03,01,100,FE,W,TINTON FALLS RD,,,,50,25,26,,,N,,624
2019131919-56316-AC,MONMOUTH,HOWELL TWP,10/30/2019,WE,0107,01,HOWELL TWP PD,,0,0,0,0,P,B,N,N,11,1,NJ 34,N,34,,00000034__,8.84,02,,02,05,02,02,05,02,03,01,150,FE,E,NJ 33,,,,50,50,56,,,N,RT 33 WEST SIGN POST - STATE OF NEW JERSEY - PO BOX 600 TRENTON NJ 08625,621
2019131919-56446-AC,MONMOUTH,HOWELL TWP,10/30/2019,WE,1443,01,HOWELL TWP PD,,0,0,0,0,P,I,N,N,03,2,LAKEWOOD-ALLENWOOD RD,W,,,13191100__,.26,07,,02,04,02,01,01,01,05,01,,AT,,OAK GLEN RD,,,,45,40,26,,,N,,655
2019131919-56467-AC,MONMOUTH,HOWELL TWP,10/30/2019,WE,1659,01,HOWELL TWP PD,,0,0,0,0,P,I,N,N,01,2,US 9,N,9,,00000009__,106.71,02,,01,04,02,02,01,01,01,01,,AT,,NORTHWOODS PL,,,,50,25,26,,,N,,655
2019131919-56479-AC,MONMOUTH,HOWELL TWP,10/30/2019,WE,1831,01,HOWELL TWP PD,,0,0,0,0,P,B,N,N,01,3,CHURCH RD **,E,,,13191077__,,07,,01,04,02,02,05,02,05,01,150,FE,W,KENT RD,,,,40,40,26,,,N,,
2019131919-5673-AC,MONMOUTH,HOWELL TWP,01/30/2019,WE,0752,01,HOWELL TWP PD,,0,1,0,0,I,B,N,N,01,2,US 9,N,9,,00000009__,109.25,02,,01,04,02,01,01,01,01,01,25,FE,S,JUGHANDLE (BY NJ TRANSIT),,,,55,25,26,,,N,,185
2019131919-56783-AC,MONMOUTH,HOWELL TWP,11/01/2019,FR,1433,01,HOWELL TWP PD,,0,1,0,0,I,B,N,N,01,2,US 9,S,9,,00000009__,106.69,02,,01,04,02,01,01,01,01,01,100,FE,S,STANLEY BLVD,,,,50,25,26,,,N,,673
2019131919-56873-AC,MONMOUTH,HOWELL TWP,11/02/2019,SA,0359,01,HOWELL TWP PD,,0,0,0,0,P,B,N,N,12,1,NJ 33,E,33,,00000033__,33.34,02,,01,04,02,01,05,01,04,01,300,FE,W,CR 35 / COLTS NECK RD,,,,50,40,24,,,N,,646
2019131919-57025-AC,MONMOUTH,HOWELL TWP,11/03/2019,SU,0155,01,HOWELL TWP PD,,0,0,0,0,P,B,N,N,12,1,FAIRFIELD RD **,,,,13191040__,1.68,07,,01,04,02,01,06,01,04,01,500,FE,S,NJ 33,,,,40,50,25,,,N,,678
2019131919-57084-AC,MONMOUTH,HOWELL TWP,11/03/2019,SU,1237,01,HOWELL TWP PD,,0,1,0,0,I,B,N,N,01,2,US 9,N,9,,00000009__,105.72,02,,01,04,02,01,01,01,05,01,300,FE,S,SALEM HILL RD,,,,50,25,26,,,N,,660
2019131919-57192-AC,MONMOUTH,HOWELL TWP,11/04/2019,MO,0715,01,HOWELL TWP PD,,0,0,0,0,P,B,N,N,15,2,NJ 33,,33,,00000033__,33.80,02,,01,04,02,01,01,01,05,01,5280,FE,W,TINTON FALLS RD,,,,50,25,30,,,N,,648
2019131919-57275-AC,MONMOUTH,HOWELL TWP,11/04/2019,MO,1509,01,HOWELL TWP PD,,0,1,0,0,I,B,N,N,01,2,SALEM HILL RD **,W,,,13191021__,.01,07,,01,04,02,01,01,01,05,01,50,FE,E,US 9,,,,25,50,26,,,N,,660
2019131919-57367-AC,MONMOUTH,HOWELL TWP,11/05/2019,TU,0717,01,HOWELL TWP PD,,0,0,0,0,P,B,N,N,01,4,US 9,N,9,,00000009__,107.04,02,,01,04,02,02,01,01,01,01,50,FE,S,I-195,,,,50,35,26,,,N,,
2019131919-57510-AC,MONMOUTH,HOWELL TWP,11/05/2019,TU,2053,01,HOWELL TWP PD,,0,2,0,0,I,I,N,N,01,2,NJ 33,,33,,00000033__,33.40,02,,01,04,02,01,06,01,05,01,,AT,,CR 35 / COLTS NECK RD,,,,50,45,26,,,N,,615
2019131919-57647-AC,MONMOUTH,HOWELL TWP,11/06/2019,WE,1410,01,HOWELL TWP PD,,0,0,0,0,P,B,N,N,09,2,US 9,N,9,,00000009__,105.23,02,,01,04,02,01,01,01,01,01,25,FE,N,NEW FRIENDSHIP RD,,,,50,30,26,,,N,,177
2019131919-57685-AC,MONMOUTH,HOWELL TWP,11/06/2019,WE,1906,01,HOWELL TWP PD,,0,1,0,0,I,B,N,N,12,1,HOWELL RD,S,,,,,07,,01,04,02,01,07,01,05,01,1500,FE,S,NJ 33,,,,50,50,24,,,N,,614
2019131919-57704-AC,MONMOUTH,HOWELL TWP,11/07/2019,TH,0011,01,HOWELL TWP PD,,0,0,0,0,P,B,N,N,12,1,US 9,,9,,00000009__,110.04,02,,01,04,02,01,06,01,01,01,500,FE,N,BERGERVILLE RD / CASINO DR,,,,55,40,24,,,N,,670
2019131919-57711-AC,MONMOUTH,HOWELL TWP,11/07/2019,TH,0114,01,HOWELL TWP PD,,0,0,0,0,P,B,N,N,12,1,US 9,,9,,00000009__,108.58,02,,01,04,02,01,06,01,01,01,500,FE,S,WEST FARM RD,,,,55,45,24,,,N,,651
2019131919-57806-AC,MONMOUTH,HOWELL TWP,11/07/2019,TH,1706,01,HOWELL TWP PD,,0,0,0,0,P,B,N,N,01,2,US 9,N,9,,00000009__,105.72,02,,01,04,02,01,06,01,01,01,300,FE,S,SALEM HILL RD,,,,50,25,26,,,N,,235
2019131919-57880-AC,MONMOUTH,HOWELL TWP,11/08/2019,FR,0553,01,HOWELL TWP PD,,0,0,0,0,P,I,N,N,02,2,US 9,S,9,,00000009__,106.32,02,,01,04,02,01,03,01,05,01,,AT,,ALDRICH RD,,,,50,45,26,,,N,,680
2019131919-57885-AC,MONMOUTH,HOWELL TWP,11/08/2019,FR,0722,01,HOWELL TWP PD,,0,1,0,0,I,B,N,N,11,1,US 9,S,9,,00000009__,109.89,02,,01,04,02,01,01,01,01,01,300,FE,S,BERGERVILLE RD / CASINO DR,,,,55,35,56,,,N,,352
2019131919-57938-AC,MONMOUTH,HOWELL TWP,11/08/2019,FR,1336,01,HOWELL TWP PD,,0,0,0,0,P,B,N,N,02,2,US 9,S,9,,00000009__,106.71,02,,01,04,02,01,01,01,01,01,25,FE,S,STANLEY BLVD,,,,50,25,26,,,N,,177
2019131919-58064-AC,MONMOUTH,HOWELL TWP,11/09/2019,SA,1735,01,HOWELL TWP PD,,0,0,0,0,P,B,N,N,01,2,US 9,,9,,00000009__,106.67,02,,01,04,02,01,06,01,01,01,200,FE,S,STANLEY BLVD,,,,50,25,26,,,N,,661
2019131919-58135-AC,MONMOUTH,HOWELL TWP,11/10/2019,SU,1154,01,HOWELL TWP PD,,0,0,0,0,P,B,N,N,03,2,NEW FRIENDSHIP RD **,W,,,13191188__,.00,07,,01,04,02,01,01,01,05,01,300,FE,W,US 9,,,,35,50,26,,,N,,624
2019131919-58146-AC,MONMOUTH,HOWELL TWP,11/10/2019,SU,1424,01,HOWELL TWP PD,,0,0,0,0,P,B,N,N,01,2,US 9,,9,,00000009__,106.36,02,,01,04,02,01,01,01,01,,200,FE,N,ALDRICH RD,,,,55,40,26,,,N,,668
2019131919-58166-AC,MONMOUTH,HOWELL TWP,11/10/2019,SU,1746,01,HOWELL TWP PD,,0,0,0,0,P,B,N,N,02,2,US 9,,9,,00000009__,108.65,02,,01,04,02,01,06,01,01,,100,FE,S,WEST FARM RD,,,,55,40,26,,,N,,668
2019131919-58187-AC,MONMOUTH,HOWELL TWP,11/10/2019,SU,2059,01,HOWELL TWP PD,,0,0,0,0,P,B,N,N,12,1,US 9,S,9,,00000009__,109.67,02,,01,04,02,01,06,01,01,01,1500,FE,S,BERGERVILLE RD / CASINO DR,,,,55,40,24,,,N,,661
2019131919-58204-AC,MONMOUTH,HOWELL TWP,11/11/2019,MO,0257,01,HOWELL TWP PD,,0,0,0,0,P,B,N,N,12,1,US 9,,9,,00000009__,108.76,02,,01,04,02,01,06,01,01,,500,FE,N,WEST FARM RD,,,,50,40,24,,,N,,674
2019131919-5832-AC,MONMOUTH,HOWELL TWP,01/30/2019,WE,2156,01,HOWELL TWP PD,,0,0,0,0,P,I,N,N,11,1,MONTICELLO DR **,E,,,13191160__,.34,07,,01,04,02,01,06,01,,,,AT,S,SALEM HILL RD,,,,25,25,26,,,N,,644
2019131919-58331-AC,MONMOUTH,HOWELL TWP,11/11/2019,MO,2010,01,HOWELL TWP PD,,0,0,0,0,P,B,N,N,03,2,4881 9 NB,,,,,,08,,01,04,02,01,06,01,05,01,,,,,,,,50,,26,,,N,,652
2019131919-58412-AC,MONMOUTH,HOWELL TWP,11/12/2019,TU,0923,01,HOWELL TWP PD,,0,0,0,0,P,B,N,N,01,2,US 9,N,9,,00000009__,105.23,02,,01,04,02,02,01,02,01,01,25,FE,S,NEW FRIENDSHIP RD,,,,50,30,26,,,N,,177
2019131919-58419-AC,MONMOUTH,HOWELL TWP,11/12/2019,TU,1021,01,HOWELL TWP PD,,0,1,0,0,I,I,N,N,01,2,US 9,N,9,,00000009__,103.23,02,,01,04,02,02,01,02,04,01,,AT,,FORD RD,,,,50,35,26,,,N,,184
2019131919-58925-AC,MONMOUTH,HOWELL TWP,11/15/2019,FR,1513,01,HOWELL TWP PD,,0,0,0,0,P,B,N,N,02,2,US 9,,9,,00000009__,107.45,02,,01,04,02,01,01,01,01,01,250,FE,N,E 5TH ST / W 5TH ST,,,,50,25,26,,,N,,650
2019131919-58941-AC,MONMOUTH,HOWELL TWP,11/15/2019,FR,1706,01,HOWELL TWP PD,,0,0,0,0,P,B,N,N,11,1,LANES MILL RD **,E,,,13191078__,.23,07,,01,04,02,01,06,01,,,15,FE,E,US 9,,,,40,50,26,,,N,FIRE HYDRANT DAMAGED - NJ AMERICAN WATER - 100 JAMES ST LAKEWOOD NJ 08701,644
2019131919-58970-AC,MONMOUTH,HOWELL TWP,11/15/2019,FR,1948,01,HOWELL TWP PD,,0,0,0,0,P,B,N,N,02,2,E ALDRICH RD,W,,,13191056__,1.82,07,,01,04,02,01,06,01,05,,150,FE,E,US 9,,,,40,50,26,,,N,,346
2019131919-59368-AC,MONMOUTH,HOWELL TWP,11/18/2019,MO,0942,01,HOWELL TWP PD,,0,0,0,0,P,B,N,N,06,2,909 RT 33,,,,,,09,,01,04,02,02,01,02,,01,,,,,,,,15,,26,,,N,,676
2019131919-59433-AC,MONMOUTH,HOWELL TWP,11/18/2019,MO,1655,01,HOWELL TWP PD,,0,1,0,0,I,B,N,N,10,1,US 9,S,9,,00000009__,110.51,02,,01,04,02,02,06,02,01,01,750,FE,N,STRICKLAND RD,,,,55,35,,,,N,GRASS AREA IN FRONT OF BANK DAMAGED. PNC- 650 9SB HOWELL NJ 07731,662
2019131919-59442-AC,MONMOUTH,HOWELL TWP,11/18/2019,MO,1803,01,HOWELL TWP PD,,0,1,0,0,I,B,N,N,05,2,NJ 33,E,33,,00000033__,31.02,02,,01,04,02,02,06,02,05,01,2000,FE,E,FAIRFIELD RD,,,,50,45,26,,,N,,662
2019131919-59447-AC,MONMOUTH,HOWELL TWP,11/18/2019,MO,1826,01,HOWELL TWP PD,,0,0,0,0,P,B,N,N,02,2,US 9,S,9,,00000009__,106.41,02,,01,04,02,02,06,02,01,01,150,FE,S,REDWOOD RD,,,,50,25,26,,,N,,655
2019131919-59492-AC,MONMOUTH,HOWELL TWP,11/19/2019,TU,0732,01,HOWELL TWP PD,,0,0,0,0,P,B,N,N,01,3,US 9,,9,,00000009__,108.68,02,,01,04,02,02,01,01,05,01,50,FE,N,WEST FARM RD,,,,50,40,26,,,N,,
2019131919-59493-AC,MONMOUTH,HOWELL TWP,11/19/2019,TU,0735,01,HOWELL TWP PD,,0,0,0,0,P,B,N,N,01,2,US 9,S,9,,00000009__,109.31,02,,01,04,02,02,01,01,01,01,300,FE,N,JUGHANDLE (BY NJ TRANSIT),,,,55,55,26,,,N,,624
2019131919-59593-AC,MONMOUTH,HOWELL TWP,11/19/2019,TU,1755,01,HOWELL TWP PD,,0,0,0,0,P,B,N,N,01,2,US 9,S,9,,00000009__,108.86,02,,01,04,02,01,05,01,01,01,1000,FE,N,WEST FARM RD,,,,50,40,26,,,N,,652
2019131919-59618-AC,MONMOUTH,HOWELL TWP,11/19/2019,TU,2318,01,HOWELL TWP PD,,0,0,0,0,P,B,N,N,01,2,US 9,,9,,00000009__,106.41,02,,01,04,02,01,07,01,01,01,500,FE,N,ALDRICH RD,,,,50,40,26,,,N,,679
2019131919-5969-AC,MONMOUTH,HOWELL TWP,01/31/2019,TH,1739,01,HOWELL TWP PD,,0,0,0,0,P,B,N,N,01,2,FIVE POINTS RD,,,,13091141__,2.70,07,,01,04,02,01,07,01,,01,50,FE,S,LIONS CT,,,,45,25,26,,,N,,664
2019131919-5972-AC,MONMOUTH,HOWELL TWP,01/31/2019,TH,1758,01,HOWELL TWP PD,,0,0,0,0,P,B,N,N,01,2,FIVE POINTS RD,,,,13091141__,2.07,07,,01,04,02,01,07,01,05,01,500,FE,S,PETER FOREMAN DR / WINDSWEPT LN,,,,40,25,26,,,N,,614
2019131919-5974-AC,MONMOUTH,HOWELL TWP,01/31/2019,TH,1818,01,HOWELL TWP PD,,0,0,0,0,P,B,N,N,02,2,US 9,N,9,,00000009__,106.32,02,,01,04,02,01,06,01,01,01,15,FE,S,ALDRICH RD,,,,50,40,26,,,N,,185
2019131919-59817-AC,MONMOUTH,HOWELL TWP,11/20/2019,WE,2324,01,HOWELL TWP PD,,0,0,0,0,P,B,N,N,12,1,US 9,,9,,00000009__,103.99,02,,01,05,02,01,05,01,01,01,50,FE,S,ESTELLE LN,,,,50,25,24,,,N,,621
2019131919-59965-AC,MONMOUTH,HOWELL TWP,11/21/2019,TH,2157,01,HOWELL TWP PD,,0,1,0,1,I,I,N,N,13,1,ALDRICH RD / E ALDRICH RD / W ALDRICH RD,E,,,13191056__,1.79,07,,01,04,02,01,06,01,,,,AT,E,US 9,,,,40,50,22,,,N,,644
2019131919-60220-AC,MONMOUTH,HOWELL TWP,11/23/2019,SA,1211,01,HOWELL TWP PD,,0,3,0,0,I,B,N,N,01,4,US 9,,9,,00000009__,108.95,02,,01,04,02,01,01,01,01,01,5280,FE,S,BERGERVILLE RD / CASINO DR,,,,55,45,26,,,N,,
2019131919-60261-AC,MONMOUTH,HOWELL TWP,11/23/2019,SA,1735,01,HOWELL TWP PD,,0,1,0,0,I,B,N,N,01,3,US 9,,9,,00000009__,106.80,02,,01,04,02,02,06,02,01,01,500,FE,N,STANLEY BLVD,,,,55,35,26,,,N,,
2019131919-60313-AC,MONMOUTH,HOWELL TWP,11/24/2019,SU,0802,01,HOWELL TWP PD,,0,0,0,0,P,B,N,N,11,1,US 9,,9,,00000009__,106.44,02,,01,04,02,00,00,00,01,01,500,FE,S,HOWELL LN,,,,50,25,00,,,N,50 MPH SPEED LIMIT SIGN - NEW JERSEY DEPARTMENT OF TRANSPORTATION - 200 DANIELS?,352
2019131919-60438-AC,MONMOUTH,HOWELL TWP,11/25/2019,MO,0650,01,HOWELL TWP PD,,0,0,0,0,P,B,N,N,01,2,US 9,,9,,00000009__,109.03,02,,01,04,02,01,01,01,05,01,800,FE,S,JUGHANDLE (BY NJ TRANSIT),,,,55,25,26,,,N,,660
2019131919-60525-AC,MONMOUTH,HOWELL TWP,11/25/2019,MO,1547,01,HOWELL TWP PD,,0,0,0,0,P,B,N,N,01,2,US 9,,9,,00000009__,107.32,02,,01,04,02,01,03,01,01,01,50,FE,N,E 6TH ST / W 6TH ST,,,,50,25,26,,,N,,661
2019131919-60532-AC,MONMOUTH,HOWELL TWP,11/25/2019,MO,1659,01,HOWELL TWP PD,,0,0,0,0,P,B,N,N,03,2,LANES MILL RD **,,,,13191078__,.14,07,,01,04,02,01,05,01,05,01,500,FE,W,US 9,,,,40,50,26,,,N,,652
2019131919-60535-AC,MONMOUTH,HOWELL TWP,11/25/2019,MO,1721,01,HOWELL TWP PD,,0,0,0,0,P,B,N,N,12,1,NJ 33,,33,,00000033__,30.23,02,,01,04,02,01,05,01,03,01,1000,FE,E,HOWELL RD,,,,55,45,24,,,N,,615
2019131919-60565-AC,MONMOUTH,HOWELL TWP,11/25/2019,MO,2153,01,HOWELL TWP PD,,0,1,0,0,I,B,N,N,12,1,NJ 33,,33,,00000033__,34.61,02,,01,04,02,01,06,01,05,01,1000,FE,W,TINTON FALLS RD,,,,50,25,24,,,N,,672
2019131919-60628-AC,MONMOUTH,HOWELL TWP,11/26/2019,TU,0805,01,HOWELL TWP PD,,0,3,0,0,I,B,N,N,01,2,NJ 33,E,33,,00000033__,30.45,02,,01,05,02,01,01,01,05,01,1000,FE,W,FAIRFIELD RD,,,,50,45,26,,,N,,624
2019131919-60761-AC,MONMOUTH,HOWELL TWP,11/26/2019,TU,2148,01,HOWELL TWP PD,HOWELL TWP,0,0,0,0,P,B,N,N,01,2,US 9,S,9,,00000009__,106.32,02,,01,04,02,01,06,01,01,01,20,FE,N,ALDRICH RD,,,,50,40,26,,,N,,658
2019131919-61059-AC,MONMOUTH,HOWELL TWP,11/29/2019,FR,1305,01,HOWELL TWP PD,,0,0,0,0,P,B,N,N,02,2,NJ 33,E,33,,00000033__,30.04,02,,01,04,02,01,01,01,05,01,20,FE,S,HOWELL RD,,,,30,50,26,,,N,,669
2019131919-6123-AC,MONMOUTH,HOWELL TWP,02/01/2019,FR,1232,01,HOWELL TWP PD,,0,0,0,0,P,B,N,N,07,2,WYCKOFF RD **,S,,,13191036__,.73,07,,01,04,02,01,01,01,05,01,20,FE,N,CLAYTON AVE,,,,35,25,26,,,N,,673
2019131919-61382-AC,MONMOUTH,HOWELL TWP,12/01/2019,SU,1342,01,HOWELL TWP PD,,0,1,0,0,I,I,N,N,02,2,US 9,S,9,,00000009__,103.23,02,,01,04,02,02,01,02,05,01,,AT,,FORD RD,,,,50,40,26,,,N,,660
2019131919-61384-AC,MONMOUTH,HOWELL TWP,12/01/2019,SU,1414,01,HOWELL TWP PD,,0,0,0,0,P,I,N,N,03,2,US 9,,9,,00000009__,108.67,02,,01,04,02,02,01,02,01,01,,AT,,WEST FARM RD,,,,55,40,26,,,Y,,683
2019131919-61398-AC,MONMOUTH,HOWELL TWP,12/01/2019,SU,1726,01,HOWELL TWP PD,,0,0,0,0,P,I,N,N,02,2,NJ 33,E,33,,00000033__,34.80,02,,01,04,02,02,06,02,02,01,,AT,,TINTON FALLS RD,,,,50,25,26,,,N,,684
2019131919-61399-AC,MONMOUTH,HOWELL TWP,12/01/2019,SU,1732,01,HOWELL TWP PD,,0,1,0,0,I,B,N,N,03,2,LANES MILL RD **,,,,13191078__,.18,07,,01,04,02,02,05,02,05,01,250,FE,W,US 9,,,,40,50,26,,,N,,652
2019131919-61414-AC,MONMOUTH,HOWELL TWP,12/02/2019,MO,0001,01,HOWELL TWP PD,,0,0,0,0,P,I,N,N,01,2,US 9,,9,,00000009__,104.49,02,,01,05,02,02,06,02,01,01,,AT,,LANES MILL RD,,,,50,35,26,,,N,,677
2019131919-6148-AC,MONMOUTH,HOWELL TWP,02/01/2019,FR,1434,01,HOWELL TWP PD,,0,0,0,0,P,B,N,N,06,2,2999 9 NB,,,,,,09,,01,04,02,01,01,01,,,,,,,,,,55,,26,,,N,,668
2019131919-6154-AC,MONMOUTH,HOWELL TWP,02/01/2019,FR,1509,01,HOWELL TWP PD,,0,1,0,0,I,I,N,N,01,2,US 9,,9,,00000009__,104.49,02,,01,04,02,01,01,01,02,01,,AT,N,LANES MILL RD,,,,50,45,26,,,N,,671
2019131919-61573-AC,MONMOUTH,HOWELL TWP,12/03/2019,TU,0719,01,HOWELL TWP PD,,0,1,0,0,I,B,N,N,01,2,US 9,N,9,,00000009__,106.32,02,,01,04,02,02,01,01,01,01,15,FE,S,ALDRICH RD,,,,50,40,26,,,N,,177
2019131919-61737-AC,MONMOUTH,HOWELL TWP,12/04/2019,WE,0638,01,HOWELL TWP PD,,0,0,0,0,P,B,N,N,12,1,COLTS NECK RD **,S,,,13191059__,.28,07,,01,04,02,01,03,01,05,01,1500,FE,N,NJ 33,,,,45,50,24,,,N,,624
2019131919-61849-AC,MONMOUTH,HOWELL TWP,12/04/2019,WE,2000,01,HOWELL TWP PD,,0,0,0,0,P,B,N,N,01,2,US 9,,9,,00000009__,105.03,02,,01,04,02,02,06,02,01,01,500,FE,S,LOCUST AVE,,,,50,35,26,,,N,,650
2019131919-61992-AC,MONMOUTH,HOWELL TWP,12/05/2019,TH,1650,01,HOWELL TWP PD,,0,0,0,0,P,B,N,N,01,2,US 9,,9,,00000009__,106.13,02,,01,04,02,01,06,01,01,01,1000,FE,S,ALDRICH RD,,,,50,45,26,,,N,,353
2019131919-61996-AC,MONMOUTH,HOWELL TWP,12/05/2019,TH,1746,01,HOWELL TWP PD,,0,0,0,0,P,B,N,N,03,2,E ALDRICH RD,,,,13191056__,1.77,07,,01,04,02,01,06,01,05,01,115,FE,W,US 9,,,,40,50,26,,,N,,353
2019131919-62088-AC,MONMOUTH,HOWELL TWP,12/06/2019,FR,0707,01,HOWELL TWP PD,,0,0,0,0,P,B,N,N,01,2,LANES MILL RD **,,,,13191078__,.14,07,,01,04,02,01,01,01,04,,500,FE,W,US 9,,,,35,50,26,,,N,,351
2019131919-621-AC,MONMOUTH,HOWELL TWP,01/04/2019,FR,0529,01,HOWELL TWP PD,,0,0,0,0,P,B,N,N,12,1,ROUTE 549,,549,,00000549__,16.21,05,,01,04,02,01,06,01,05,01,1000,FE,S,NEWTON CORNER RD,,,,45,35,24,,,N,,179
2019131919-62161-AC,MONMOUTH,HOWELL TWP,12/06/2019,FR,1453,01,HOWELL TWP PD,,0,0,0,0,P,I,N,N,01,2,US 9,N,9,,00000009__,104.49,02,,03,05,02,01,01,01,01,,,AT,,LANES MILL RD,,,,50,40,26,,,N,,667
2019131919-62287-AC,MONMOUTH,HOWELL TWP,12/07/2019,SA,1115,01,HOWELL TWP PD,,0,0,0,0,P,I,N,N,03,2,LANES MILL RD **,E,,,13191078__,.23,07,,01,04,02,01,01,01,02,,,AT,,,F,US 9,SB,45,,26,,,N,,675
2019131919-62425-AC,MONMOUTH,HOWELL TWP,12/08/2019,SU,1508,01,HOWELL TWP PD,,0,0,0,0,P,B,N,N,01,2,E ALDRICH RD,,,,13191056__,1.83,07,,01,04,02,01,01,01,05,01,200,FE,E,US 9,,,,40,55,26,,,N,,672
2019131919-6261-AC,MONMOUTH,HOWELL TWP,02/02/2019,SA,0700,01,HOWELL TWP PD,,0,0,0,0,P,I,N,N,11,1,NEWTONS CORNER RD,E,,,13191103__,1.42,07,,03,04,02,01,02,01,05,,,AT,,RAMTOWN GREENVILLE RD,,,,35,40,56,,,N,,616
2019131919-6264-AC,MONMOUTH,HOWELL TWP,02/02/2019,SA,0734,01,HOWELL TWP PD,,0,2,0,0,I,I,N,N,03,2,MAXIM SOUTHARD RD **,S,,,13191084__,1.94,07,,01,04,02,01,01,01,05,01,,AT,,LOCUST AVE,,,,40,40,26,,,N,,616
2019131919-62689-AC,MONMOUTH,HOWELL TWP,12/10/2019,TU,0955,01,HOWELL TWP PD,,0,0,0,0,P,B,N,N,05,2,NJ 33,,33,,00000033__,32.72,02,,01,04,01,02,01,01,05,01,1000,FE,E,W RENAISSANCE BLVD,,,,50,25,26,,,N,,686
2019131919-62917-AC,MONMOUTH,HOWELL TWP,12/11/2019,WE,1705,01,HOWELL TWP PD,,0,0,0,0,P,B,N,N,03,2,NJ 33 BUSINESS,E,33,B,00000033B_,6.18,02,,01,04,02,01,06,01,05,01,500,FE,E,FIVE POINTS RD / HOWELL RD,,,,50,40,26,,,N,,654
2019131919-63071-AC,MONMOUTH,HOWELL TWP,12/12/2019,TH,1700,01,HOWELL TWP PD,,0,1,0,0,I,B,N,N,01,2,NJ 33 BUSINESS,E,33,B,00000033B_,6.65,02,,01,04,02,02,06,02,05,01,2500,FE,E,BRICKYARD RD / FAIRFIELD RD,,,,50,35,26,,,N,,664
2019131919-63073-AC,MONMOUTH,HOWELL TWP,12/12/2019,TH,1705,01,HOWELL TWP PD,,0,1,0,0,I,B,N,N,01,2,NJ 33,E,33,,00000033__,33.27,02,,01,04,02,01,06,01,04,01,20,FE,E,EAST HASTINGS LN,,,,50,25,26,,,N,,177
2019131919-63119-AC,MONMOUTH,HOWELL TWP,12/13/2019,FR,0013,01,HOWELL TWP PD,,0,0,0,0,P,B,N,N,12,1,US 9,S,9,,00000009__,110.41,02,,01,04,02,01,06,01,05,01,200,FE,N,STRICKLAND RD,,,,50,45,24,,,N,,680
2019131919-63175-AC,MONMOUTH,HOWELL TWP,12/13/2019,FR,0849,01,HOWELL TWP PD,,0,1,0,0,I,I,N,N,07,2,NJ 33,E,33,,00000033__,32.13,02,,01,04,02,02,01,02,05,01,,AT,,YELLOW BROOK RD,,,,50,50,26,,,N,,195
2019131919-6349-AC,MONMOUTH,HOWELL TWP,02/02/2019,SA,1818,01,HOWELL TWP PD,,0,0,0,0,P,B,N,N,02,2,US 9,,9,,00000009__,108.65,02,,01,04,02,01,06,01,01,01,100,FE,S,WEST FARM RD,,,,50,40,26,,,N,,661
2019131919-63644-AC,MONMOUTH,HOWELL TWP,12/16/2019,MO,1404,01,HOWELL TWP PD,,0,0,0,0,P,B,N,N,01,2,US 9,S,9,,00000009__,106.43,02,,01,04,02,02,01,06,01,01,1500,FE,S,STANLEY BLVD,,,,50,25,26,,,N,,624
2019131919-63675-AC,MONMOUTH,HOWELL TWP,12/16/2019,MO,1748,01,HOWELL TWP PD,,0,0,0,0,P,B,N,N,01,2,US 9,N,9,,00000009__,106.34,02,,01,04,02,02,06,01,01,01,100,FE,N,ALDRICH RD,,,,50,40,26,,,N,,655
2019131919-63676-AC,MONMOUTH,HOWELL TWP,12/16/2019,MO,1750,01,HOWELL TWP PD,,0,1,0,0,I,I,N,N,01,2,US 9,S,9,,00000009__,107.23,02,,01,04,02,02,06,02,01,01,,AT,,GEORGIA TAVERN RD / HULSE RD,,,,50,35,26,,,N,,662
2019131919-63677-AC,MONMOUTH,HOWELL TWP,12/16/2019,MO,1753,01,HOWELL TWP PD,,0,0,0,0,P,B,N,N,01,2,US 9,S,9,,00000009__,105.21,02,,01,04,02,02,06,01,01,01,100,FE,S,NEW FRIENDSHIP RD,,,,50,35,26,,,N,,655
2019131919-63731-AC,MONMOUTH,HOWELL TWP,12/17/2019,TU,0626,01,HOWELL TWP PD,,0,1,0,0,I,I,N,N,99,2,US 9,N,9,,00000009__,108.67,02,,01,04,02,02,06,07,01,01,,AT,,WEST FARM RD,,,,55,45,26,,,N,MEDIAN ATTENUATOR - NJDOT- PO BOX 600 TRENTON NJ 08625,621