Year(4)-CountyCode(2)-MunicipalityCode(2)-CaseNumber(9),County Name,Municipality Name,Crash Date,Crash Day of Week,Crash Time,Police Department Code,Police Department,Police Station,Total Killed,Total Injured,Pedestrians Killed,Pedestrians Injured,Severity,Intersection,Alcohol Involved,Hazmat Involved,Crash Type,Total Vehicles,Location,Location Direction,Route,Route Suffix,Std Rte Identifier,MilePost,Road System,Road Character,Road Horizontal Alignment,Road Grade,Road Surface Type,Surface Condition,Light Condition,Environmental Condition,Road Divided By,Temporary Traffic Control Zone,Distance To Cross Street,Unit Of Measurement,Direction From Cross Street,Cross Street Name,Is Ramp,Ramp To/From Route Name,Ramp To/From Route Direction,Posted Speed,Posted Speed Cross Street,First Harmful Event,Latitude,Longitude,Cell Phone In Use Flag,Other Property Damage,Reporting Badge No.
20191319C060-2019-00190A,MONMOUTH,HOWELL TWP,02/12/2019,TU,1035,02,NEW JERSEY STATE POLICE,HAMILTON-SUB -,0,0,0,0,P,B,N,N,11,1,I-195,W,195,,00000195__,31.80,01,,03,04,02,05,01,03,01,01,,,,,T,ROUTE / 524,,,,46,40.348650,74.348960,N,,8120
20191319C060-2019-00198A,MONMOUTH,HOWELL TWP,02/12/2019,TU,1634,02,NEW JERSEY STATE POLICE,HAMILTON-SUB -,0,0,0,0,P,B,N,N,11,1,I-195,W,195,,00000195__,25.80,01,,01,04,02,05,01,03,01,01,,,,,,,,65,,46,40.156040,74.257060,N,Minor damage to metal guardrail face,7693
20191319C060-2019-00266A,MONMOUTH,HOWELL TWP,02/20/2019,WE,1234,02,NEW JERSEY STATE POLICE,HAMILTON-SUB -,0,0,0,0,P,B,N,N,02,2,I-195,E,195,,00000195__,31.20,01,,01,04,02,03,01,03,01,01,,,,,,,,65,,26,40.163800,74.160150,N,,7982
20191319C060-2019-00277A,MONMOUTH,HOWELL TWP,02/20/2019,WE,1211,02,NEW JERSEY STATE POLICE,HAMILTON-SUB -,0,0,0,0,P,B,N,N,01,2,I-195,W,195,,00000195__,31.80,01,,01,04,02,03,01,03,01,01,,,,,,,,65,,26,40.163480,74.148870,N,,7346
20191319C060-2019-00295A,MONMOUTH,HOWELL TWP,02/24/2019,SU,1819,02,NEW JERSEY STATE POLICE,HAMILTON-SUB -,0,5,0,0,I,B,N,N,01,5,I-195,E,195,,00000195__,27.00,01,,01,04,02,01,03,01,03,01,,,,,,,,65,,26,40.162950,74.237680,N,None observed.,8204
20191319C060-2019-00296A,MONMOUTH,HOWELL TWP,02/24/2019,SU,1721,02,NEW JERSEY STATE POLICE,HAMILTON-SUB -,0,1,0,0,I,B,Y,N,11,1,I-195,E,195,,00000195__,28.00,01,,01,04,02,01,01,01,01,01,,,,,,,,65,,01,40.166630,74.220230,N,,8238
20191319C060-2019-00307A,MONMOUTH,HOWELL TWP,02/28/2019,TH,1503,02,NEW JERSEY STATE POLICE,HAMILTON-SUB -,0,0,0,0,P,B,N,N,02,2,I-195,W,195,,00000195__,31.00,01,,01,04,02,01,01,01,01,01,,,,,,,,65,,26,40.164600,74.163900,N,,8145
20191319C060-2019-00348A,MONMOUTH,HOWELL TWP,03/07/2019,TH,0801,02,NEW JERSEY STATE POLICE,HAMILTON-SUB -,0,0,0,0,P,B,N,N,01,2,I-195,E,195,,00000195__,30.00,01,,01,04,02,01,01,01,01,01,,,,,,,,65,,26,40.166430,74.182600,N,,7941
20191319C060-2019-00350A,MONMOUTH,HOWELL TWP,03/07/2019,TH,0755,02,NEW JERSEY STATE POLICE,HAMILTON-SUB -,0,2,0,0,I,B,N,N,01,3,I-195,E,195,,00000195__,31.60,01,,01,04,02,01,01,01,01,01,,,,,,,,65,,26,40.163320,74.152530,N,,7941
20191319C060-2019-00378A,MONMOUTH,HOWELL TWP,03/17/2019,SU,1210,02,NEW JERSEY STATE POLICE,HAMILTON-SUB -,0,0,0,0,P,B,N,N,11,1,I-195,E,195,,00000195__,31.00,01,,01,04,02,01,01,01,01,01,,,,,,,,65,,26,40.163400,74.153010,N,Exit Sign 31B,8178
20191319C060-2019-00414A,MONMOUTH,HOWELL TWP,03/23/2019,SA,1104,02,NEW JERSEY STATE POLICE,HAMILTON-SUB -,0,0,0,0,P,B,N,N,12,1,I-195,W,195,,00000195__,31.00,01,,01,04,02,01,01,01,03,01,,,,,,,,65,,25,40.164600,74.163900,N,,8257
20191319C060-2019-00416A,MONMOUTH,HOWELL TWP,03/28/2019,TH,0806,02,NEW JERSEY STATE POLICE,HAMILTON-SUB -,0,0,0,0,P,B,N,N,15,2,I-195,E,195,,00000195__,28.60,01,,01,04,02,01,01,01,01,01,,,,,,,,65,,30,40.166780,74.208930,N,No damage was observed to other property.,7997
20191319C060-2019-00447A,MONMOUTH,HOWELL TWP,04/04/2019,TH,0633,02,NEW JERSEY STATE POLICE,HAMILTON-SUB -,0,0,0,0,P,B,N,N,11,1,I-195,W,195,,00000195__,27.60,01,,01,04,02,01,01,01,01,01,,,,,,,,65,,46,40.166880,74.227900,N,,8150
20191319C060-2019-00475A,MONMOUTH,HOWELL TWP,04/12/2019,FR,1059,02,NEW JERSEY STATE POLICE,HAMILTON-SUB -,0,0,0,0,P,B,N,N,12,1,I-195,E,195,,00000195__,30.00,01,,01,04,02,01,01,01,01,01,,,,,,,,65,,25,40.170230,74.125210,N,,8140
20191319C060-2019-00501A,MONMOUTH,HOWELL TWP,04/18/2019,TH,1839,02,NEW JERSEY STATE POLICE,HAMILTON-SUB -,0,0,0,0,P,B,N,N,04,2,I-195,E,195,,00000195__,31.00,01,,03,04,02,01,01,01,05,01,,,,,T,ROUTE 547,,,,26,40.162120,74.151890,N,,8150
20191319C060-2019-00507A,MONMOUTH,HOWELL TWP,04/20/2019,SA,1921,02,NEW JERSEY STATE POLICE,HAMILTON-SUB -,0,1,0,0,I,B,N,N,01,2,I-195,W,195,,00000195__,27.80,01,,01,04,02,01,01,01,03,01,,,,,,,,65,,26,40.166940,74.224120,N,,8204
20191319C060-2019-00552A,MONMOUTH,HOWELL TWP,05/05/2019,SU,0349,02,NEW JERSEY STATE POLICE,HAMILTON-SUB -,0,0,0,0,P,B,N,N,02,2,I-195,E,195,,00000195__,31.00,01,,01,04,02,01,05,01,04,01,,,,,,,,65,,26,40.163520,74.155000,N,,8206
20191319C060-2019-00554A,MONMOUTH,HOWELL TWP,05/05/2019,SU,0810,02,NEW JERSEY STATE POLICE,HAMILTON-SUB -,0,1,0,0,I,B,N,N,11,1,I-195,E,195,,00000195__,32.00,01,,01,04,99,02,01,02,01,01,,,,,,,,65,,46,40.316280,74.146940,N,,7738
20191319C060-2019-00583A,MONMOUTH,HOWELL TWP,05/10/2019,FR,2019,02,NEW JERSEY STATE POLICE,HAMILTON-SUB -,0,0,0,0,P,B,N,N,11,1,I-195,E,195,,00000195__,32.21,01,,01,04,02,02,05,02,01,01,,,,,,,,,,46,40.156860,74.245640,N,GAURDRAIL,8247
20191319C060-2019-00618A,MONMOUTH,HOWELL TWP,05/14/2019,TU,1702,02,NEW JERSEY STATE POLICE,HAMILTON-SUB -,0,1,0,0,I,B,N,N,01,2,I-195,W,195,,00000195__,30.60,01,,01,06,02,02,01,02,01,01,,,,,,,,65,,26,40.165610,74.172500,N,,7738
20191319C060-2019-00637A,MONMOUTH,HOWELL TWP,05/19/2019,SU,1350,02,NEW JERSEY STATE POLICE,HAMILTON-SUB -,0,0,0,0,P,B,N,N,01,2,I-195,E,195,,00000195__,31.00,01,,01,04,02,01,01,01,05,01,,,,,,,,65,,26,40.164240,74.163940,N,,8117
20191319C060-2019-00652A,MONMOUTH,HOWELL TWP,05/21/2019,TU,1428,02,NEW JERSEY STATE POLICE,HAMILTON-SUB -,0,0,0,0,P,B,N,N,01,2,I-195,E,195,,00000195__,27.80,01,,01,04,02,01,01,01,01,01,,,,,,,,65,,26,40.166580,74.224000,N,,7623
20191319C060-2019-00732A,MONMOUTH,HOWELL TWP,06/05/2019,WE,2014,02,NEW JERSEY STATE POLICE,HAMILTON-SUB -,0,0,0,0,P,B,N,N,11,1,I-195,W,195,,00000195__,31.00,01,,01,04,02,02,05,02,01,01,,,,,,,,65,,60,40.165040,74.167640,N,,8111
20191319C060-2019-00741A,MONMOUTH,HOWELL TWP,06/07/2019,FR,1749,02,NEW JERSEY STATE POLICE,HAMILTON-SUB -,0,0,0,0,P,B,N,N,02,2,I-195,W,195,,00000195__,26.00,01,,01,04,02,01,01,01,03,01,,,,,,,,65,,26,40.156150,74.253250,N,,8165
20191319C060-2019-00750A,MONMOUTH,HOWELL TWP,06/08/2019,SA,2145,02,NEW JERSEY STATE POLICE,HAMILTON-SUB -,0,1,0,0,I,B,N,N,11,1,I-195,W,195,,00000195__,26.20,01,,01,04,02,01,01,01,01,01,,,,,,,,65,,47,40.156450,74.249480,N,Center median guard rail damaged at I-195 westbound MP 26.2.,8168
20191319C060-2019-00763A,MONMOUTH,HOWELL TWP,06/11/2019,TU,0531,02,NEW JERSEY STATE POLICE,HAMILTON-SUB -,0,0,0,0,P,B,N,N,11,1,I-195,W,195,,00000195__,32.00,01,,02,06,02,02,01,02,01,01,,,,,,,,65,,46,40.163670,74.145080,N,,8198
20191319C060-2019-00775A,MONMOUTH,HOWELL TWP,06/12/2019,WE,1839,02,NEW JERSEY STATE POLICE,HAMILTON-SUB -,0,1,0,0,I,B,N,N,10,1,I-195,W,195,,00000195__,26.60,01,,03,04,02,01,01,01,01,01,,,,,,,,65,,01,40.191780,74.199590,N,,7727
20191319C060-2019-00776A,MONMOUTH,HOWELL TWP,06/13/2019,TH,0804,02,NEW JERSEY STATE POLICE,HAMILTON-SUB -,0,0,0,0,P,B,N,N,11,1,I-195,E,195,,00000195__,27.40,01,,01,04,02,02,01,02,01,01,,,,,,,,65,,46,40.166030,74.231430,N,GUIDERAIL FACE,7346
20191319C060-2019-00880A,MONMOUTH,HOWELL TWP,06/27/2019,TH,0757,02,NEW JERSEY STATE POLICE,HAMILTON-SUB -,0,1,0,0,I,B,N,N,11,1,ALEXANDER AVE **,N,,,13191091__,.32,07,,02,04,02,01,01,01,05,01,1584,FE,S,LARRABEE RD,,,,40,40,60,40.116610,74.208870,N,,7960
20191319C060-2019-00905A,MONMOUTH,HOWELL TWP,07/01/2019,MO,0742,02,NEW JERSEY STATE POLICE,HAMILTON-SUB -,0,0,0,0,P,B,N,N,02,2,I-195,E,195,,00000195__,27.20,01,,01,04,02,01,01,01,01,01,,,,,,,,65,,26,40.164800,74.234870,N,,8182
20191319C060-2019-00954A,MONMOUTH,HOWELL TWP,07/10/2019,WE,2216,02,NEW JERSEY STATE POLICE,HAMILTON-SUB -,0,0,0,0,P,B,N,N,02,2,I-195,E,195,,00000195__,28.60,01,,01,04,02,01,05,01,01,01,,,,,,,,65,,26,40.166800,74.212990,N,,8184
20191319C060-2019-00974A,MONMOUTH,HOWELL TWP,07/14/2019,SU,2351,02,NEW JERSEY STATE POLICE,HAMILTON-SUB -,0,0,0,0,P,B,N,N,12,1,I-195,W,195,,00000195__,26.20,01,,01,04,01,01,05,01,01,01,,,,,,,,65,,24,40.156450,74.249480,N,,8237
20191319C060-2019-00986A,MONMOUTH,HOWELL TWP,07/15/2019,MO,1648,02,NEW JERSEY STATE POLICE,HAMILTON-SUB -,0,0,0,0,P,B,N,N,01,2,I-195,W,195,,00000195__,28.50,01,,01,04,01,01,01,01,03,01,,,,,,,,65,,26,40.167120,74.210890,N,,7667
20191319C060-2019-00999A,MONMOUTH,HOWELL TWP,07/18/2019,TH,1617,02,NEW JERSEY STATE POLICE,HAMILTON-SUB -,0,0,0,0,P,B,N,N,11,1,I-195,E,195,,00000195__,27.00,01,,03,04,02,02,02,02,03,01,,,,,,,,65,,46,40.162950,74.237680,N,,8198
20191319C060-2019-01016A,MONMOUTH,HOWELL TWP,07/21/2019,SU,1147,02,NEW JERSEY STATE POLICE,HAMILTON-SUB -,0,0,0,0,P,B,N,N,01,2,I-195,E,195,,00000195__,31.50,01,,01,04,02,01,01,01,01,01,,,,,,,,65,,26,40.163400,74.153010,N,,8249
20191319C060-2019-01027A,MONMOUTH,HOWELL TWP,07/23/2019,TU,1101,02,NEW JERSEY STATE POLICE,HAMILTON-SUB -,0,0,0,0,P,B,N,N,11,1,I-195,W,195,,00000195__,27.40,01,,03,05,02,02,01,02,05,01,,,,US 9,,,NB,25,,60,40.166400,74.233500,N,,8237
20191319C060-2019-01095A,MONMOUTH,HOWELL TWP,08/02/2019,FR,1846,02,NEW JERSEY STATE POLICE,HAMILTON-SUB -,0,2,0,0,I,B,N,N,01,2,I-195,E,195,,00000195__,28.00,01,,01,04,02,01,01,01,05,01,,,,,,,,65,,26,40.166630,74.220230,N,,8249
20191319C060-2019-01124A,MONMOUTH,HOWELL TWP,08/07/2019,WE,1649,02,NEW JERSEY STATE POLICE,HAMILTON-SUB -,0,0,0,0,P,B,N,N,15,1,I-195,W,195,,00000195__,27.00,01,,01,04,02,01,01,01,03,01,,,,,,,,65,,39,40.164500,74.208200,N,,8249
20191319C060-2019-01130A,MONMOUTH,HOWELL TWP,08/07/2019,WE,1951,02,NEW JERSEY STATE POLICE,HAMILTON-SUB -,0,1,0,0,I,B,N,N,11,1,I-195,E,195,,00000195__,28.00,01,,01,04,02,02,04,02,01,01,,,,,,,,65,,46,40.166630,74.220230,N,Guardrail Face.,8184
20191319C060-2019-01157A,MONMOUTH,HOWELL TWP,08/12/2019,MO,0852,02,NEW JERSEY STATE POLICE,HAMILTON-SUB -,0,0,0,0,P,B,N,N,01,2,I-195,E,195,,00000195__,29.60,01,,01,04,02,01,01,01,01,01,,,,,,,,65,,26,40.167010,74.190070,N,,7960
20191319C060-2019-01193A,MONMOUTH,HOWELL TWP,08/18/2019,SU,1738,02,NEW JERSEY STATE POLICE,HAMILTON-SUB -,0,1,0,0,I,B,N,N,11,1,I-195,E,195,,00000195__,32.00,01,,01,04,02,01,01,01,01,01,,,,,,,,65,,46,40.163300,74.145010,N,Guardrail (50Ft),8252
20191319C060-2019-01195A,MONMOUTH,HOWELL TWP,08/05/2019,MO,1745,02,NEW JERSEY STATE POLICE,HAMILTON-SUB -,0,0,0,0,P,B,N,N,15,3,I-195,E,195,,00000195__,31.00,01,,01,04,02,01,01,01,03,01,,,,,,,,65,,30,40.163330,74.153770,N,,8113
20191319C060-2019-01264A,MONMOUTH,HOWELL TWP,09/02/2019,MO,1535,02,NEW JERSEY STATE POLICE,HAMILTON-SUB -,0,0,0,0,P,B,N,N,11,1,I-195,W,195,,00000195__,27.40,01,,03,04,02,02,01,02,05,01,,,,,F,ROUTE 9,SB,65,,46,40.162750,74.238000,N,,8187
20191319C060-2019-01265A,MONMOUTH,HOWELL TWP,09/03/2019,TU,0244,02,NEW JERSEY STATE POLICE,HAMILTON-SUB -,0,0,0,0,P,B,N,N,12,1,I-195,E,195,,00000195__,32.00,01,,01,04,02,01,05,01,01,01,,,,,,,,65,,24,40.163300,74.145010,N,,7893
20191319C060-2019-01269A,MONMOUTH,HOWELL TWP,09/03/2019,TU,1217,02,NEW JERSEY STATE POLICE,HAMILTON-SUB -,0,0,0,0,P,B,N,N,01,2,ROUTE 524,W,524,,00000524__,31.21,05,,01,04,02,01,01,01,05,01,100,FE,W,NJ 18 / BELMAR RD,,,,25,35,26,40.190560,74.162860,N,,8035
20191319C060-2019-01341A,MONMOUTH,HOWELL TWP,09/15/2019,SU,0251,02,NEW JERSEY STATE POLICE,HAMILTON-SUB -,0,0,0,0,P,B,N,N,11,1,I-195,W,195,,00000195__,30.40,01,,01,04,02,02,05,02,01,01,,,,,,,,65,,46,40.164610,74.164390,N,Approximately five feet of Guardrail;NJDOT ;1035 Parkway Ave  Trenton  NJ,8349
20191319C060-2019-01375A,MONMOUTH,HOWELL TWP,09/22/2019,SU,2342,02,NEW JERSEY STATE POLICE,HAMILTON-SUB -,0,0,0,0,P,B,N,N,02,2,I-195,W,195,,00000195__,31.60,01,,01,04,02,01,05,01,03,01,,,,,,,,65,,26,40.164520,74.140380,N,,8198
20191319C060-2019-01415A,MONMOUTH,HOWELL TWP,09/29/2019,SU,1729,02,NEW JERSEY STATE POLICE,HAMILTON-SUB -,0,0,0,0,P,B,N,N,02,2,I-195,E,195,,00000195__,27.60,01,,03,04,02,01,01,01,01,01,,,,,,,,65,,26,40.166450,74.228820,N,,8352
20191319C060-2019-01416A,MONMOUTH,HOWELL TWP,09/30/2019,MO,1242,02,NEW JERSEY STATE POLICE,HAMILTON-SUB -,0,0,0,0,P,B,N,N,11,1,I-195,W,195,,00000195__,27.40,01,,02,04,02,01,01,01,01,02,,,,,,,,65,,48,40.166370,74.231630,N,Damage to Guardrail End;NJ DOT;1035 Parkway Ave  Ewing  NJ 08618,8111
20191319C060-2019-01508A,MONMOUTH,HOWELL TWP,10/15/2019,TU,0223,02,NEW JERSEY STATE POLICE,HAMILTON-SUB -,0,0,0,0,P,B,N,N,12,1,I-195,E,195,,00000195__,31.80,01,,01,04,02,01,06,01,03,01,,,,,,,,65,,24,40.164600,74.208300,N,,8350
20191319C060-2019-01523A,MONMOUTH,HOWELL TWP,10/16/2019,WE,1730,02,NEW JERSEY STATE POLICE,HAMILTON-SUB -,0,0,0,0,P,B,N,N,02,3,I-195,E,195,,00000195__,27.40,01,,01,04,02,02,03,02,03,01,,,,,,,,65,,26,40.166030,74.231430,N,,8360
20191319C060-2019-01536A,MONMOUTH,HOWELL TWP,10/17/2019,TH,2356,02,NEW JERSEY STATE POLICE,HAMILTON-SUB -,0,0,0,0,P,B,N,N,11,1,I-195,W,195,,00000195__,25.80,01,,01,04,02,01,05,01,01,01,,,,,,,,65,,46,40.166830,74.207940,N,Guardrail (20ft),8252
20191319C060-2019-01612A,MONMOUTH,HOWELL TWP,10/27/2019,SU,1159,02,NEW JERSEY STATE POLICE,HAMILTON-SUB -,0,0,0,0,P,B,N,N,11,1,I-195,E,195,,00000195__,32.00,01,,01,04,02,02,01,02,01,01,,,,,,,,65,,48,40.163130,74.148990,N,,8252
20191319C060-2019-01623A,MONMOUTH,HOWELL TWP,10/27/2019,SU,1236,02,NEW JERSEY STATE POLICE,HAMILTON-SUB -,0,0,0,0,P,B,N,N,11,2,I-195,E,195,,00000195__,32.00,01,,01,04,02,02,01,02,01,01,,,,,,,,65,,46,40.163300,74.145010,N,GUARD RAIL,8182
20191319C060-2019-01638A,MONMOUTH,HOWELL TWP,10/31/2019,TH,1020,02,NEW JERSEY STATE POLICE,HAMILTON-SUB -,0,0,0,0,P,B,N,N,06,2,I-195,E,195,,00000195__,28.00,01,,03,04,02,01,01,01,01,01,,,,,F,US HWY 9,NB,65,,28,40.162750,74.238000,N,,8182
20191319C060-2019-01687A,MONMOUTH,HOWELL TWP,11/05/2019,TU,2314,02,NEW JERSEY STATE POLICE,HAMILTON-SUB -,0,0,0,0,P,B,N,N,12,1,I-195,W,195,,00000195__,30.40,01,,01,04,02,01,06,01,01,01,,,,,,,,65,,24,40.165920,74.175110,N,,8309
20191319C060-2019-01711A,MONMOUTH,HOWELL TWP,11/05/2019,TU,0809,02,NEW JERSEY STATE POLICE,HAMILTON-SUB -,0,0,0,0,P,B,N,N,12,1,I-195,E,195,,00000195__,28.40,01,,01,04,02,01,01,01,03,01,,,,,,,,65,,24,40.166720,74.212700,N,,8342
20191319C060-2019-01724A,MONMOUTH,HOWELL TWP,11/10/2019,SU,1948,02,NEW JERSEY STATE POLICE,HAMILTON-SUB -,0,0,0,0,P,B,N,N,12,1,I-195,E,195,,00000195__,27.40,01,,01,04,02,01,07,01,01,01,,,,,,,,65,,24,40.166030,74.231930,N,,8375
20191319C060-2019-01738A,MONMOUTH,HOWELL TWP,11/12/2019,TU,1154,02,NEW JERSEY STATE POLICE,HAMILTON-SUB -,0,0,0,0,P,B,N,N,12,1,I-195,E,195,,00000195__,27.40,01,,01,04,01,01,01,01,05,01,,,,,,,,65,,24,40.166030,74.231430,N,,8237
20191319C060-2019-01742A,MONMOUTH,HOWELL TWP,11/12/2019,TU,1908,02,NEW JERSEY STATE POLICE,HAMILTON-SUB -,0,0,0,0,P,B,N,N,12,1,I-195,W,195,,00000195__,28.20,01,,01,04,02,01,07,01,03,01,,,,,,,,65,,24,40.167040,74.216560,N,,8117
20191319C060-2019-01743A,MONMOUTH,HOWELL TWP,11/13/2019,WE,2342,02,NEW JERSEY STATE POLICE,HAMILTON-SUB -,0,0,0,0,P,B,N,N,12,1,I-195,E,195,,00000195__,29.60,01,,01,04,02,01,05,01,03,01,,,,,,,,65,,24,40.164600,74.208300,N,,8350
20191319C060-2019-01765A,MONMOUTH,HOWELL TWP,11/12/2019,TU,1849,02,NEW JERSEY STATE POLICE,HAMILTON-SUB -,0,0,0,0,P,B,N,N,12,1,I-195,E,195,,00000195__,28.60,01,,01,04,02,01,05,01,01,01,,,,,,,,65,,24,40.166780,74.208930,N,,7074
20191319C060-2019-01766A,MONMOUTH,HOWELL TWP,11/16/2019,SA,1741,02,NEW JERSEY STATE POLICE,HAMILTON-SUB -,0,0,0,0,P,B,N,N,12,1,I-195,E,195,,00000195__,26.60,01,,01,04,02,01,05,01,01,01,,,,,,,,65,,24,40.167120,74.192900,N,,7074
20191319C060-2019-01831A,MONMOUTH,HOWELL TWP,11/28/2019,TH,0325,02,NEW JERSEY STATE POLICE,HAMILTON-SUB -,0,2,0,0,I,B,N,N,11,1,I-195,E,195,,00000195__,26.40,01,,01,04,02,01,06,01,03,01,,,,,,,,65,,60,40.156860,74.245640,N,,7941
20191319C060-2019-01842A,MONMOUTH,HOWELL TWP,12/01/2019,SU,0156,02,NEW JERSEY STATE POLICE,HAMILTON-SUB -,0,0,0,0,P,B,N,N,12,1,I-195,E,195,,00000195__,31.00,01,,01,04,02,01,04,01,01,01,,,,,,,,65,,24,40.164240,74.163940,N,,8272
20191319C060-2019-01845A,MONMOUTH,HOWELL TWP,11/30/2019,SA,0435,02,NEW JERSEY STATE POLICE,HAMILTON-SUB -,0,0,0,0,P,B,N,N,11,1,I-195,E,195,,00000195__,27.20,01,,01,04,02,01,06,01,01,02,,,,,,,,65,,47,40.163650,74.236800,N,Guardrail;DOT Trenton;140 E Front St #7;Trenton  NJ 08608,8111
20191319C060-2019-01848A,MONMOUTH,HOWELL TWP,12/01/2019,SU,1749,02,NEW JERSEY STATE POLICE,HAMILTON-SUB -,0,0,0,0,P,B,N,N,11,1,I-195,W,195,,00000195__,28.00,01,,03,04,02,02,01,02,03,01,,,,,T,US-9 NORTH FREEHOLD,WB,65,,56,40.164730,74.235710,N,NJ DOT 200 DANIELS WAY FREEHOLD NJ 07728/ GUARDRAIL FACE 10 FEET.,8144
20191319C060-2019-01883A,MONMOUTH,HOWELL TWP,12/05/2019,TH,0438,02,NEW JERSEY STATE POLICE,HAMILTON-SUB -,0,0,0,0,P,B,N,N,12,1,I-195,W,195,,00000195__,30.80,01,,01,04,02,01,05,01,01,01,,,,,,,,65,,24,40.165040,74.167640,N,,8303
20191319C060-2019-01891A,MONMOUTH,HOWELL TWP,12/06/2019,FR,0351,02,NEW JERSEY STATE POLICE,HAMILTON-SUB -,0,1,0,0,I,B,N,N,12,1,I-195,W,195,,00000195__,30.40,01,,01,04,02,01,06,01,03,01,,,,,,,,65,,24,40.165920,74.175110,N,,7738
20191319C060-2019-01897A,MONMOUTH,HOWELL TWP,12/08/2019,SU,0319,02,NEW JERSEY STATE POLICE,HAMILTON-SUB -,0,0,0,0,P,B,N,N,11,1,I-195,W,195,,00000195__,31.40,01,,01,04,02,01,07,01,01,01,,,,,,,,65,,50,40.163910,74.156410,N,Exit 31B sign,8375
20191319C060-2019-01913A,MONMOUTH,HOWELL TWP,12/10/2019,TU,,02,NEW JERSEY STATE POLICE,HAMILTON-SUB -,0,1,0,0,I,B,N,N,11,1,I-195,E,195,,00000195__,28.20,01,,01,04,02,02,05,02,03,01,,,,,,,,65,,46,40.166680,74.216470,N,,8206
20191319C060-2019-01932A,MONMOUTH,HOWELL TWP,12/12/2019,TH,1812,02,NEW JERSEY STATE POLICE,HAMILTON-SUB -,0,0,0,0,P,B,N,N,01,2,I-195,E,195,,00000195__,28.00,01,,01,04,02,01,05,01,03,01,,,,,,,,65,,26,40.167000,74.190200,N,,8041
20191319C060-2019-01942A,MONMOUTH,HOWELL TWP,12/14/2019,SA,1047,02,NEW JERSEY STATE POLICE,HAMILTON-SUB -,0,0,0,0,P,B,N,N,11,1,I-195,E,195,,00000195__,27.40,01,,03,04,01,02,01,01,05,01,,,,,,,,65,,60,40.165830,74.232060,N,,8237
20191319C060-2019-01948A,MONMOUTH,HOWELL TWP,12/13/2019,FR,2215,02,NEW JERSEY STATE POLICE,HAMILTON-SUB -,0,0,0,0,P,B,N,N,11,1,I-195,E,195,,00000195__,26.40,01,,01,04,02,02,06,02,01,01,,,,,,,,65,,46,40.156260,74.263060,N,,8117
20191319C060-2019-01966A,MONMOUTH,HOWELL TWP,12/17/2019,TU,1559,02,NEW JERSEY STATE POLICE,HAMILTON-SUB -,0,0,0,0,P,B,N,N,11,1,I-195,E,195,,00000195__,27.80,01,,03,04,02,02,01,02,01,01,,,,,T,ROUTE 9,NB,65,,46,40.166940,74.224120,N,Guardrail. Owner - NJDOT. Address - 1035 Parkway ave  Trenton  NJ 08638,8041
20191319C060-2019-01995A,MONMOUTH,HOWELL TWP,12/23/2019,MO,0828,02,NEW JERSEY STATE POLICE,HAMILTON-SUB -,0,1,0,0,I,I,N,N,11,1,I-195,W,195,,00000195__,27.17,01,,03,04,02,01,01,01,01,01,,AT,,,T,US HIGHWAY 9,SB,25,,46,40.164730,74.235700,N,GUARDRAIL,7809
20191319C060-2019-01998A,MONMOUTH,HOWELL TWP,12/23/2019,MO,1500,02,NEW JERSEY STATE POLICE,HAMILTON-SUB -,0,1,0,0,I,B,N,N,11,1,I-195,E,195,,00000195__,29.40,01,,01,04,02,01,01,01,03,01,,,,,,,,65,,60,40.166980,74.193850,N,,8206
20191319C060-2019-02012A,MONMOUTH,HOWELL TWP,12/28/2019,SA,1048,02,NEW JERSEY STATE POLICE,HAMILTON-SUB -,0,1,0,0,I,B,N,N,10,1,I-195,W,195,,00000195__,26.40,01,,01,04,02,01,01,01,03,01,,,,,,,,65,,01,40.157180,74.245880,N,,7809