Year(4)-CountyCode(2)-MunicipalityCode(2)-CaseNumber(9),County Name,Municipality Name,Crash Date,Crash Day of Week,Crash Time,Police Department Code,Police Department,Police Station,Total Killed,Total Injured,Pedestrians Killed,Pedestrians Injured,Severity,Intersection,Alcohol Involved,Hazmat Involved,Crash Type,Total Vehicles,Location,Location Direction,Route,Route Suffix,Std Rte Identifier,MilePost,Road System,Road Character,Road Horizontal Alignment,Road Grade,Road Surface Type,Surface Condition,Light Condition,Environmental Condition,Road Divided By,Temporary Traffic Control Zone,Distance To Cross Street,Unit Of Measurement,Direction From Cross Street,Cross Street Name,Is Ramp,Ramp To/From Route Name,Ramp To/From Route Direction,Posted Speed,Posted Speed Cross Street,First Harmful Event,Latitude,Longitude,Cell Phone In Use Flag,Other Property Damage,Reporting Badge No.
201913212019008564,MONMOUTH,KEANSBURG BORO,09/04/2019,WE,1847,01,KEANSBURG PD,,0,0,0,0,P,B,N,N,03,2,MAIN ST,S,,,13211001__,.48,07,,01,04,02,02,01,01,05,01,3,FE,S,SEELEY AVE,,,,30,25,26,40.448664,74.129183,N,,0088
201913212019008585,MONMOUTH,KEANSBURG BORO,09/05/2019,TH,1020,01,KEANSBURG PD,,0,1,0,0,I,B,N,N,11,1,MONMOUTH COUNTY 7 I,S,7,1,130000071_,1.97,05,,01,04,02,01,01,01,05,01,25,FE,S,LINTON PL,,,,25,25,52,40.439034,74.130531,N,MODERATE DAMAGE TO UTILITY POLE #BT40235.,0093
201913212019008591,MONMOUTH,KEANSBURG BORO,09/05/2019,TH,1617,01,KEANSBURG PD,,0,1,0,0,I,B,N,N,03,2,BAY AVE **,W,,,13211008__,.19,07,,01,04,02,01,01,01,05,01,15,FE,W,CR 56 / CARR AVE,,,,25,25,26,40.454456,74.136073,N,,0093
201913212019008719,MONMOUTH,KEANSBURG BORO,09/09/2019,MO,0933,01,KEANSBURG PD,,0,0,0,0,P,B,N,N,06,2,MAPLE AVE **,W,,,,,07,,01,04,02,00,00,00,05,01,,,,,,,,25,,28,40.446996,74.135611,N,,0088
201913212019008753,MONMOUTH,KEANSBURG BORO,09/10/2019,TU,0712,01,KEANSBURG PD,,0,0,0,0,P,B,N,N,06,2,CHURCH ST **,,,,13211052__,,07,,01,04,02,01,01,01,05,01,,,,,,,,,,28,40.441796,74.133332,N,,0092
201913212019008785,MONMOUTH,KEANSBURG BORO,09/11/2019,WE,0746,01,KEANSBURG PD,,0,0,0,0,P,B,N,N,06,2,LEOLA AVE **,,,,13211053__,.14,07,,01,04,02,01,01,01,05,01,15,FE,E,MAIN ST,,,,25,25,26,40.443514,74.129553,N,,0554
201913212019008896,MONMOUTH,KEANSBURG BORO,09/13/2019,FR,2321,01,KEANSBURG PD,,0,0,0,0,P,B,N,N,06,2,PARK AVE **,W,,,13211111__,.39,07,,01,04,02,01,07,01,05,01,15,FE,E,SUNSET ST,,,,25,25,28,40.445113,74.118376,N,,0093
201913212019009006,MONMOUTH,KEANSBURG BORO,09/17/2019,TU,1008,01,KEANSBURG PD,,0,0,0,0,P,B,N,N,08,2,SEELEY AVE **,W,,,13211032__,.62,07,,01,04,02,01,01,01,05,01,200,FE,W,MAIN ST,,,,25,25,26,40.449200,74.130730,N,,0556
201913212019009012,MONMOUTH,KEANSBURG BORO,09/17/2019,TU,1417,01,KEANSBURG PD,,0,0,0,0,P,B,N,N,06,2,FRANCES PL **,,,,13211056__,,07,,01,04,02,01,01,01,05,01,,,,,,,,25,,26,40.443890,74.132160,N,,0554
201913212019009153,MONMOUTH,KEANSBURG BORO,09/21/2019,SA,1156,01,KEANSBURG PD,,0,0,0,0,P,B,N,N,08,2,BEACON TER **,S,,,13211116__,,07,,01,04,02,01,01,01,05,01,,,,,,,,,,26,40.442931,74.122338,N,,0085
201913212019009271,MONMOUTH,KEANSBURG BORO,09/24/2019,TU,1436,01,KEANSBURG PD,,0,0,0,0,P,B,N,N,01,2,MONMOUTH COUNTY 7 II,,7,2,130000072_,.25,05,,01,04,02,01,01,01,05,01,10,FE,W,FOREST AVE,,,,25,25,26,40.441713,74.125571,N,,0092
201913212019009418,MONMOUTH,KEANSBURG BORO,09/28/2019,SA,1623,01,KEANSBURG PD,,0,0,0,0,P,I,N,N,14,1,MAIN ST,,,,13211001__,.48,07,,01,04,02,01,01,01,05,01,,AT,,SEELEY AVE,,,,25,25,21,40.448664,74.129183,N,,0064
201913212019009459,MONMOUTH,KEANSBURG BORO,09/29/2019,SU,1230,01,KEANSBURG PD,,0,0,0,0,P,B,N,N,06,2,GROVE PL **,S,,,13211104__,,07,,01,04,02,01,01,01,05,01,,,,,,,,25,,26,40.448406,74.127249,N,,0089
201913212019009461,MONMOUTH,KEANSBURG BORO,09/29/2019,SU,1458,01,KEANSBURG PD,,0,0,0,0,P,I,N,N,01,2,MAIN ST,N,,,13211001__,,07,,01,04,02,01,01,01,05,01,,AT,,HENRY HUDSON TRAIL,,,,25,,26,40.441165,74.130202,N,,0089
201913212019009502,MONMOUTH,KEANSBURG BORO,09/30/2019,MO,1519,01,KEANSBURG PD,,0,0,0,0,P,B,N,N,06,2,MONMOUTH COUNTY 56,S,56,,13000056__,.55,05,,01,04,02,01,01,01,05,01,100,FE,S,MAPLE AVE,,,,,25,26,40.447559,74.133446,N,,0083
201913212019009572,MONMOUTH,KEANSBURG BORO,10/02/2019,WE,1414,01,KEANSBURG PD,,0,0,0,0,P,B,N,N,05,2,CREEK RD **,,,,13211064__,.36,07,,01,04,02,01,01,01,05,01,100,FE,,KENNEDY WAY,,,,25,25,26,40.446463,74.137707,N,,0079
201913212019009646,MONMOUTH,KEANSBURG BORO,10/04/2019,FR,1343,01,KEANSBURG PD,,0,0,0,0,P,I,N,N,13,1,MONMOUTH COUNTY 7 I,,7,1,130000071_,1.89,05,,01,04,02,01,01,01,05,01,,AT,,MORAN PL,,,,25,,26,40.437899,74.130780,N,,0546
201913212019009649,MONMOUTH,KEANSBURG BORO,10/04/2019,FR,1547,01,KEANSBURG PD,,0,0,0,0,P,I,N,N,01,2,MONMOUTH COUNTY 7 I,W,7,1,130000071_,1.77,05,,01,04,02,01,01,01,05,01,,AT,,LORRAINE PL,,,,25,25,26,40.436110,74.131146,N,,0086
201913212019009750,MONMOUTH,KEANSBURG BORO,10/07/2019,MO,1308,01,KEANSBURG PD,,0,0,0,0,P,B,N,N,06,2,MONMOUTH COUNTY 7 I,S,7,1,130000071_,1.89,05,,01,04,02,01,01,01,05,01,10,FE,N,MORAN PL,,,,25,25,28,40.438200,74.130690,N,,0093
201913212019009853,MONMOUTH,KEANSBURG BORO,10/11/2019,FR,0836,01,KEANSBURG PD,,0,0,0,0,P,I,N,N,03,2,MONMOUTH COUNTY 7 I,S,7,1,130000071_,1.77,05,,01,04,02,01,01,01,05,01,,AT,,LORRAINE PL,,,,25,25,26,40.436110,74.131146,N,,0093
201913212019009895,MONMOUTH,KEANSBURG BORO,10/12/2019,SA,1716,01,KEANSBURG PD,,0,1,0,1,I,B,N,N,13,1,BELLEVIEW AVE / RARITAN AVE **,N,,,13211006__,.12,07,,01,04,02,01,01,01,05,01,20,FE,N,E SHORE ST,,,,25,25,22,,,N,,0093
201913212019009956,MONMOUTH,KEANSBURG BORO,10/14/2019,MO,1055,01,KEANSBURG PD,,0,1,0,0,I,I,N,N,03,2,OAKWOOD PL **,E,,,13211016__,.05,07,,01,00,01,01,01,02,05,01,,AT,E,SEABREEZE WAY,,,,25,25,26,40.451340,74.140240,N,,0094
201913212019010087,MONMOUTH,KEANSBURG BORO,10/17/2019,TH,2352,01,KEANSBURG PD,,0,0,0,0,P,I,N,N,11,1,COMMODORE AVE **,S,,,13211037__,.00,07,,01,04,02,01,06,01,05,01,,AT,W,MAIN ST,,,,25,30,26,40.446925,74.131364,N,,0069
201913212019010135,MONMOUTH,KEANSBURG BORO,10/19/2019,SA,0250,01,KEANSBURG PD,,0,0,0,0,P,I,N,N,06,2,TWILIGHT AVE **,S,,,13211110__,.39,07,,01,04,02,01,06,01,05,01,,AT,S,PARK AVE,,,,,,26,40.444673,74.124293,N,,0628
201913212019010150,MONMOUTH,KEANSBURG BORO,10/19/2019,SA,1529,01,KEANSBURG PD,,0,0,0,0,P,I,N,N,06,2,MONMOUTH COUNTY 56,S,56,,13000056__,.81,05,,01,04,02,01,01,01,05,01,,AT,,FRANCES PL,,,,25,25,26,40.443896,74.132167,N,,0083
201913212019010270,MONMOUTH,KEANSBURG BORO,10/23/2019,WE,0752,01,KEANSBURG PD,,0,0,0,0,P,I,N,N,01,2,MONMOUTH COUNTY 7 I,N,7,1,130000071_,2.09,05,,01,04,02,01,01,01,04,01,,AT,,CR 7 / PORT MONMOUTH RD,,,,25,25,26,40.440666,74.130189,N,,0086
201913212019010402,MONMOUTH,KEANSBURG BORO,10/26/2019,SA,1713,01,KEANSBURG PD,,0,0,0,0,P,I,N,N,03,2,RAMSEY AVE **,W,,,13211062__,.35,07,,01,04,02,01,01,01,05,01,,AT,,WASHINGTON AVE,,,,25,25,26,40.447596,74.135541,N,,0093
201913212019010422,MONMOUTH,KEANSBURG BORO,10/27/2019,SU,1507,01,KEANSBURG PD,,0,0,0,0,P,B,N,N,06,2,HANCOCK ST **,,,,13211046__,.00,07,,01,04,02,02,01,05,05,01,100,FE,W,FRAZEE AVE,,,,25,25,28,40.440293,74.128591,N,,0093
201913212019010448,MONMOUTH,KEANSBURG BORO,10/28/2019,MO,1004,01,KEANSBURG PD,,0,0,0,0,P,B,N,N,08,2,LANCASTER AVE **,W,,,13211051__,.06,07,,01,04,02,01,01,01,05,01,30,FE,W,HARDING AVE,,,,25,25,26,40.442474,74.128851,N,,0085
201913212019010463,MONMOUTH,KEANSBURG BORO,10/28/2019,MO,1959,01,KEANSBURG PD,,0,0,0,0,P,B,N,N,05,2,MAIN ST,,,,,,07,,01,04,02,01,06,01,05,01,,,,,,,,,,26,40.445152,74.130183,N,,0083
201913212019010586,MONMOUTH,KEANSBURG BORO,11/01/2019,FR,0801,01,KEANSBURG PD,,0,0,0,0,P,I,N,N,03,2,MONMOUTH COUNTY 56,,56,,13000056__,.57,05,,01,04,02,01,01,01,05,01,,AT,,MAPLE AVE,,,,25,25,26,40.447308,74.133234,N,,0554
201913212019010763,MONMOUTH,KEANSBURG BORO,11/07/2019,TH,0525,01,KEANSBURG PD,,0,0,0,0,P,I,N,N,03,2,HARDING AVE **,,,,13211043__,.07,07,,01,04,02,01,07,01,05,01,,AT,,LANCASTER AVE,,,,25,25,26,40.442679,74.128361,N,,0083
201913212019010812,MONMOUTH,KEANSBURG BORO,11/08/2019,FR,1550,01,KEANSBURG PD,,0,0,0,0,P,B,N,N,06,2,POPLAR ST **,,,,13211079__,,07,,01,04,02,00,00,00,05,01,,,,,,,,,,26,40.439445,74.131770,N,,0092
201913212019010903,MONMOUTH,KEANSBURG BORO,11/11/2019,MO,0753,01,KEANSBURG PD,,0,0,0,0,P,I,N,N,01,2,MAIN ST,S,,,13211001__,.16,07,,01,04,02,01,01,01,05,01,,AT,,PARK AVE,,,,,,26,40.444197,74.129681,N,,0628
201913212019010909,MONMOUTH,KEANSBURG BORO,11/11/2019,MO,1128,01,KEANSBURG PD,,0,0,0,0,P,B,N,N,06,2,MONMOUTH COUNTY 56,,56,,13000056__,.14,05,,01,04,02,01,01,01,05,01,45,FE,N,HIGHLAND BLVD,,,,25,25,28,40.453475,74.135159,N,,0556
201913212019010917,MONMOUTH,KEANSBURG BORO,11/11/2019,MO,1458,01,KEANSBURG PD,,0,0,0,0,P,I,N,N,06,2,MONMOUTH COUNTY 56,,56,,13000056__,.24,05,,01,04,02,01,01,01,05,01,,AT,,JAHN ST,,,,25,25,26,40.451972,74.134689,N,,0556
201913212019010949,MONMOUTH,KEANSBURG BORO,11/12/2019,TU,1143,01,KEANSBURG PD,,0,0,0,0,P,B,N,N,08,2,FOREST AVE / SEAWOOD AVE **,S,,,13211105__,,07,,01,04,02,01,01,01,05,01,,,,,,,,,,26,40.445731,74.126495,N,,0628
201913212019010979,MONMOUTH,KEANSBURG BORO,11/13/2019,WE,1222,01,KEANSBURG PD,,0,0,0,0,P,B,N,N,02,2,MAIN ST,N,,,13211001__,.23,07,,01,04,02,01,01,01,05,01,50,FE,S,LAWRENCE AVE,,,,30,25,26,40.445784,74.129944,N,,0069
201913212019011151,MONMOUTH,KEANSBURG BORO,11/19/2019,TU,0931,01,KEANSBURG PD,,0,0,0,0,P,B,N,N,01,2,MONMOUTH COUNTY 7 I,,7,1,130000071_,2.30,05,,01,04,02,02,01,05,05,01,75,FE,W,MYRTLE AVE,,,,25,25,26,40.441754,74.133161,N,,0092
201913212019011347,MONMOUTH,KEANSBURG BORO,11/26/2019,TU,0651,01,KEANSBURG PD,,0,0,0,0,P,B,N,N,06,2,RAMSEY AVE **,,,,13211062__,.17,07,,01,04,02,01,01,01,05,01,100,FE,,TERRACE PL,,,,25,25,28,40.444508,74.134785,N,,0093
201913212019011366,MONMOUTH,KEANSBURG BORO,11/26/2019,TU,1856,01,KEANSBURG PD,,0,0,0,0,P,B,Y,N,13,1,MONMOUTH COUNTY 7 I,,7,1,130000071_,2.31,05,,01,04,02,01,06,01,04,01,25,FE,E,MYRTLE AVE,,,,25,25,26,40.441513,74.132189,N,,0094
201913212019011394,MONMOUTH,KEANSBURG BORO,11/27/2019,WE,1208,01,KEANSBURG PD,,0,1,0,0,I,I,N,N,03,2,MONMOUTH COUNTY 56,N,56,,13000056__,.87,05,,01,04,02,01,01,01,04,01,,AT,,MANNING PL,,,,25,25,26,40.443108,74.131923,N,,0089
201913212019011401,MONMOUTH,KEANSBURG BORO,11/27/2019,WE,1734,01,KEANSBURG PD,,0,0,0,0,P,B,N,N,01,2,LORRAINE PL,,,,,,07,,01,04,02,02,06,01,05,01,,,,,,,,,,26,40.435737,74.130966,N,,0092
201913212019011792,MONMOUTH,KEANSBURG BORO,12/09/2019,MO,1424,01,KEANSBURG PD,,0,0,0,0,P,B,N,N,11,1,MAIN ST,,,,13211001__,.48,07,,01,04,02,02,01,02,05,01,5,FE,N,SEELEY AVE,,,,25,25,52,,,N,MINOR DAMAGE TO TELEPHONE POLE # BT90298,0081
201913212019011843,MONMOUTH,KEANSBURG BORO,12/11/2019,WE,1200,01,KEANSBURG PD,,0,0,0,0,P,I,N,N,02,2,NJ 36,N,36,,00000036__,20.42,02,,01,04,02,02,01,03,05,01,,AT,,CR 7 / MAIN ST / PALMER AVE,,,,30,30,26,,,N,,0552
201913212019011850,MONMOUTH,KEANSBURG BORO,12/11/2019,WE,1800,01,KEANSBURG PD,,0,1,0,0,I,I,N,N,01,3,MONMOUTH COUNTY 7 I,N,7,1,130000071_,1.96,05,,01,04,02,01,06,01,05,01,,AT,,MASON PL,,,,25,25,26,40.438850,74.130571,N,,
201913212019011868,MONMOUTH,KEANSBURG BORO,12/12/2019,TH,0828,01,KEANSBURG PD,,0,1,0,0,I,B,N,N,08,2,LINTON PL **,E,,,13211080__,.11,07,,01,04,02,01,01,01,05,01,100,FE,E,HORNER PL,,,,25,25,26,40.438738,74.132176,N,,0093
201913212019011979,MONMOUTH,KEANSBURG BORO,12/16/2019,MO,0108,01,KEANSBURG PD,,0,0,0,0,P,I,N,N,11,1,MONMOUTH COUNTY 7 I,,7,1,130000071_,2.41,05,,01,04,02,01,07,01,04,01,,AT,,CHURCH ST / CREEK RD,,,,25,25,26,40.441497,74.134485,N,STRUCK TEMPORARY STREET SIGN,0085
201913212019012042,MONMOUTH,KEANSBURG BORO,12/17/2019,TU,1940,01,KEANSBURG PD,,0,1,0,0,I,I,N,N,03,3,MONMOUTH COUNTY 56,S,56,,13000056__,.40,05,,01,04,02,02,06,02,04,01,,AT,,SEELEY AVE,,,,25,25,26,40.449623,74.133954,N,,
201913212019012067,MONMOUTH,KEANSBURG BORO,12/18/2019,WE,1431,01,KEANSBURG PD,,0,0,0,0,P,I,N,N,03,2,MAIN ST,,,,13211001__,.11,07,,01,04,02,01,01,01,05,01,,AT,,MANNING PL / LEOLA AVE,,,,25,25,26,40.443514,74.129584,N,,0081
201913212019012093,MONMOUTH,KEANSBURG BORO,12/19/2019,TH,0813,01,KEANSBURG PD,,0,0,0,0,P,I,N,N,06,2,FRANCES PL **,E,,,13211056__,.25,07,,01,04,02,01,01,01,05,01,,AT,,RAMSEY AVE,,,,25,25,26,40.443520,74.134270,N,,0086
201913212019012134,MONMOUTH,KEANSBURG BORO,12/20/2019,FR,1305,01,KEANSBURG PD,,0,0,0,0,P,B,N,N,06,2,MONMOUTH COUNTY 56,S,56,,13000056__,.88,05,,01,04,02,01,01,01,05,01,50,FE,N,MANNING PL,,,,25,25,26,40.443544,74.132288,N,,0093
201913212019012187,MONMOUTH,KEANSBURG BORO,12/22/2019,SU,0106,01,KEANSBURG PD,,0,0,0,0,P,I,N,N,03,2,FOURTH ST / KENNEDY WAY **,,,,13211118__,.11,07,,01,04,02,01,06,01,05,01,,AT,,RAMSEY AVE,,,,,,26,40.446571,74.133008,N,,0092
201913212019012203,MONMOUTH,KEANSBURG BORO,12/22/2019,SU,1820,01,KEANSBURG PD,,0,0,0,0,P,B,N,N,08,2,MONMOUTH COUNTY 7 I,W,7,1,130000071_,,05,,01,04,02,01,06,01,05,01,,,,,,,,25,,26,40.441637,74.132021,N,,0088
201913212019012249,MONMOUTH,KEANSBURG BORO,12/24/2019,TU,1608,01,KEANSBURG PD,,0,0,0,0,P,I,N,N,06,2,OAK ST / SEAVIEW AVE / ST MARKS PL **,E,,,13211027__,.03,07,,01,04,02,01,01,01,05,01,,AT,,ROOSEVELT AVE,,,,25,25,26,40.450163,74.138119,N,,0094
201913212019012305,MONMOUTH,KEANSBURG BORO,12/26/2019,TH,1433,01,KEANSBURG PD,,0,0,0,0,P,B,N,N,06,2,MANNING PL,,,,,,07,,01,04,02,01,01,01,05,01,,,,,,,,,,28,40.442771,74.134687,N,,0552
201913212019012336,MONMOUTH,KEANSBURG BORO,12/27/2019,FR,1643,01,KEANSBURG PD,,0,0,0,0,P,B,Y,N,06,2,CENTER AVE,E,,,13211119__,.26,07,,02,04,02,01,06,01,05,01,25,FE,E,PINEVIEW AVE,,,,25,25,26,40.452620,74.133580,N,,0083
201913212019012409,MONMOUTH,KEANSBURG BORO,12/30/2019,MO,1704,01,KEANSBURG PD,,0,0,0,0,P,I,N,N,06,2,MAIN ST,,,,13211001__,.11,07,,01,04,02,02,06,03,05,01,,AT,,MANNING PL / LEOLA AVE,,,,25,25,28,40.450094,74.128170,N,,0092
201913212019012412,MONMOUTH,KEANSBURG BORO,12/30/2019,MO,1921,01,KEANSBURG PD,,0,0,0,0,P,B,N,N,02,2,MONMOUTH COUNTY 7 I,S,7,1,130000071_,1.72,05,,01,04,02,02,06,02,05,01,25,FE,N,NJ 36,,,,25,50,26,40.435715,74.131516,N,,0556
2019132219-1001,MONMOUTH,KEYPORT BORO,02/02/2019,SA,2052,01,KEYPORT PD,KEYPORT,0,0,0,0,P,B,N,N,06,2,BEERS ST **,N,,,13221060__,.58,07,,01,04,02,01,06,01,05,01,5,FE,E,ST GEORGE PL,,,,25,25,26,,,N,,39
2019132219-1068,MONMOUTH,KEYPORT BORO,02/05/2019,TU,0928,01,KEYPORT PD,,0,0,0,0,P,B,N,N,02,2,ROUTE 516,E,516,,00000516__,9.20,05,,01,04,02,01,01,01,05,01,100,FE,W,NJ 35,,,,25,55,26,,,N,,37
2019132219-1126,MONMOUTH,KEYPORT BORO,02/06/2019,WE,2256,01,KEYPORT PD,,0,0,0,0,P,B,N,N,06,2,MONMOUTH COUNTY 6 IV,E,6,4,130000064_,.27,05,,01,04,02,02,06,02,,01,100,FE,W,GREEN GROVE AVE,,,,30,25,28,,,N,,16
2019132219-1139,MONMOUTH,KEYPORT BORO,02/07/2019,TH,1100,01,KEYPORT PD,KEYPORT,0,0,0,0,P,I,N,N,01,2,ROUTE 516,S,516,,00000516__,9.22,05,,03,04,02,01,01,01,04,,,AT,S,NJ 35,,,,35,,26,,,N,,36
2019132219-1179,MONMOUTH,KEYPORT BORO,02/08/2019,FR,1731,01,KEYPORT PD,,0,0,0,0,P,B,N,N,06,2,MUNICIPAL PARKING LOT,E,,,,,09,,01,04,02,01,01,01,05,01,200,FE,W,BROAD STREET,,,,15,25,26,,,N,,34
2019132219-123,MONMOUTH,KEYPORT BORO,01/05/2019,SA,1930,01,KEYPORT PD,,0,0,0,0,P,B,N,N,02,2,NJ 35,S,35,,00000035__,43.30,02,,02,04,02,02,06,01,01,01,100,FE,S,GARDEN STATE PARKWAY RAMP,,,,50,50,26,,,N,,32
2019132219-1265,MONMOUTH,KEYPORT BORO,02/11/2019,MO,0729,01,KEYPORT PD,KEYPORT,0,1,0,0,I,I,N,N,01,2,NJ 36,S,36,,00000036__,24.33,02,,01,04,02,02,01,03,04,01,,AT,S,,T,NJ 35,SB,55,,26,,,N,,36
2019132219-1303,MONMOUTH,KEYPORT BORO,02/12/2019,TU,0956,01,KEYPORT PD,KEYPORT,0,0,0,0,P,B,N,N,11,1,MONMOUTH COUNTY 6 I,E,6,1,130000061_,.65,05,,02,04,02,02,01,03,04,01,400,FE,W,NJ 62 / BROADWAY,,,,35,35,59,,,N,,36
2019132219-1304,MONMOUTH,KEYPORT BORO,02/12/2019,TU,1035,01,KEYPORT PD,,0,0,0,0,P,B,N,N,11,1,NJ 35,N,35,,00000035__,43.72,02,,03,05,02,05,01,07,01,01,160,FE,W,NJ 3 / BROADWAY,,,,50,35,48,,,N,,24
2019132219-1313,MONMOUTH,KEYPORT BORO,02/12/2019,TU,1554,01,KEYPORT PD,KEYPORT,0,0,0,0,P,I,N,N,01,2,NJ 35,S,35,,00000035__,43.82,02,,01,04,02,02,01,03,04,01,,AT,S,ROUTE 516,,,,35,55,26,,,N,,36
2019132219-1325,MONMOUTH,KEYPORT BORO,02/13/2019,WE,0834,01,KEYPORT PD,,0,0,0,0,P,B,N,N,01,2,NJ 35,S,35,,00000035__,43.82,02,,01,04,02,01,01,01,01,01,10,FE,N,ROUTE 516,,,,55,35,26,,,N,,37
2019132219-1403,MONMOUTH,KEYPORT BORO,02/15/2019,FR,1928,01,KEYPORT PD,,0,0,0,0,P,I,N,N,05,2,BEERS ST **,S,,,13221060__,.23,07,,02,04,02,01,06,01,05,01,,AT,,ELIZABETH ST,,,,25,25,26,,,N,,38
2019132219-1433,MONMOUTH,KEYPORT BORO,02/17/2019,SU,1455,01,KEYPORT PD,,0,0,0,0,P,B,N,N,01,2,NJ 35,W,35,,00000035__,43.82,02,,03,04,02,01,01,01,02,01,15,FE,S,,F,ROUTE 516,SB,30,,26,,,N,,24
2019132219-1447,MONMOUTH,KEYPORT BORO,02/17/2019,SU,2304,01,KEYPORT PD,KEYPORT,0,0,0,0,P,B,N,N,11,1,MONMOUTH COUNTY 3,N,3,,13000003__,13.13,05,,02,04,02,01,04,01,04,01,5,FE,N,ROUTE 516 / MAPLE PL / MAY ST,,,,35,35,56,,,N,,39
2019132219-1465,MONMOUTH,KEYPORT BORO,02/18/2019,MO,1903,01,KEYPORT PD,,0,0,0,0,P,B,N,N,02,2,NJ 35,N,35,,00000035__,43.11,02,,01,04,01,01,06,01,05,01,50,FE,N,NJ 35,,,,50,50,26,,,N,,27
2019132219-1510,MONMOUTH,KEYPORT BORO,02/20/2019,WE,1223,01,KEYPORT PD,,0,0,0,0,P,B,N,N,01,2,NJ 35,E,35,,00000035__,43.82,02,,03,04,02,02,01,03,02,01,15,FE,S,,F,ROUTE 516,SB,30,,26,,,N,,24
2019132219-1512,MONMOUTH,KEYPORT BORO,02/20/2019,WE,1252,01,KEYPORT PD,KEYPORT,0,0,0,0,P,I,N,N,01,2,HURLEY ST,E,,,,,07,,01,04,02,03,01,03,05,01,,AT,,OSBORN ST,,,,35,25,26,,,N,,30
2019132219-1522,MONMOUTH,KEYPORT BORO,02/21/2019,TH,0817,01,KEYPORT PD,,0,0,0,0,P,B,N,N,09,2,NJ 35,S,35,,00000035__,42.93,02,,01,04,02,01,01,01,01,01,110,FE,W,CLARK ST,,,,50,25,26,,,N,,24
2019132219-1566,MONMOUTH,KEYPORT BORO,02/22/2019,FR,1050,01,KEYPORT PD,,0,0,0,0,P,B,N,N,01,2,NJ 35,S,35,,00000035__,43.82,02,,01,04,02,01,01,01,01,01,10,FE,S,ROUTE 516,,,,50,25,,,,N,,34
2019132219-1637,MONMOUTH,KEYPORT BORO,02/24/2019,SU,1051,01,KEYPORT PD,,0,0,0,0,P,B,N,N,02,2,ATLANTIC ST **,N,,,13221027__,.49,07,,01,04,02,01,01,05,05,01,30,FE,N,HURLEY ST,,,,25,25,,,,N,,34
2019132219-1742,MONMOUTH,KEYPORT BORO,02/27/2019,WE,1047,01,KEYPORT PD,,0,0,0,0,P,B,N,N,06,2,MONMOUTH COUNTY 6 IV,W,6,4,130000064_,.38,05,,01,04,02,01,01,01,05,01,25,FE,S,PROSPECT ST,,,,25,25,,,,N,VEHICLE #1 IMACTED THE FRONT OF HOUSE AT 192 FIRST STREET CAUSING SIGNIFICANT D?,34
2019132219-1769,MONMOUTH,KEYPORT BORO,02/28/2019,TH,0803,01,KEYPORT PD,,0,0,0,0,P,B,N,N,11,1,MONMOUTH COUNTY 6 I,W,6,1,130000061_,.62,05,,03,06,01,04,01,01,,,300,FE,W,WASHINGTON ST,,,,30,25,56,,,N,,20
2019132219-1809,MONMOUTH,KEYPORT BORO,03/01/2019,FR,1647,01,KEYPORT PD,KEYPORT,0,0,0,0,P,B,N,N,01,2,NJ 36,S,36,,00000036__,23.91,02,,01,04,02,01,01,01,01,01,300,FE,S,VAN DORN ST,,,,55,25,26,,,N,,36
2019132219-1904,MONMOUTH,KEYPORT BORO,03/04/2019,MO,1331,01,KEYPORT PD,,0,0,0,0,P,I,N,N,03,2,MONMOUTH COUNTY 6 IV,W,6,4,130000064_,.29,05,,01,04,02,01,01,01,05,01,,AT,,GREEN GROVE AVE,,,,30,25,26,,,N,,20
2019132219-1918,MONMOUTH,KEYPORT BORO,03/05/2019,TU,0656,01,KEYPORT PD,,0,2,0,0,I,B,N,N,01,2,NJ 35,S,35,,00000035__,43.86,02,,02,06,02,01,01,01,01,01,200,FE,N,ROUTE 516,,,,50,25,,,,N,,34
2019132219-196,MONMOUTH,KEYPORT BORO,01/08/2019,TU,1512,01,KEYPORT PD,,0,3,0,2,I,B,N,N,13,1,MAIN ST **,N,,,13221035__,.37,07,,01,04,02,01,01,05,05,01,25,FE,E,BUTLER ST,,,,25,25,,,,N,STREET SIGN BUTLER ST POLE ON MAPLE/MAIN ST #JC 446 KP,
2019132219-1965,MONMOUTH,KEYPORT BORO,02/24/2019,SU,0437,01,KEYPORT PD,,0,1,0,0,I,I,N,N,11,1,MONMOUTH COUNTY 3,N,3,,13000003__,13.13,05,,02,04,02,02,06,02,02,01,,AT,,ROUTE 516 / MAPLE PL / MAY ST,,,,25,25,56,,,N,FIRE HYDRANT STRUCK  2 RED CONCRETE POSTS STRUCK  STOP SIGN STRUCK  MADE MINOR ?,38
2019132219-202,MONMOUTH,KEYPORT BORO,01/08/2019,TU,1858,01,KEYPORT PD,,0,0,0,0,P,B,N,N,02,2,NJ 35,S,35,,00000035__,43.33,02,,01,04,02,01,06,01,03,01,50,FE,N,,,,,50,,26,,,N,,38
2019132219-243,MONMOUTH,KEYPORT BORO,01/10/2019,TH,0808,01,KEYPORT PD,,0,0,0,0,P,B,N,N,01,2,NJ 35,N,35,,00000035__,43.82,02,,03,04,02,02,01,01,02,01,10,FE,S,,F,ROUTE 516,SB,35,,26,,,N,,24