Year(4)-CountyCode(2)-MunicipalityCode(2)-CaseNumber(9),County Name,Municipality Name,Crash Date,Crash Day of Week,Crash Time,Police Department Code,Police Department,Police Station,Total Killed,Total Injured,Pedestrians Killed,Pedestrians Injured,Severity,Intersection,Alcohol Involved,Hazmat Involved,Crash Type,Total Vehicles,Location,Location Direction,Route,Route Suffix,Std Rte Identifier,MilePost,Road System,Road Character,Road Horizontal Alignment,Road Grade,Road Surface Type,Surface Condition,Light Condition,Environmental Condition,Road Divided By,Temporary Traffic Control Zone,Distance To Cross Street,Unit Of Measurement,Direction From Cross Street,Cross Street Name,Is Ramp,Ramp To/From Route Name,Ramp To/From Route Direction,Posted Speed,Posted Speed Cross Street,First Harmful Event,Latitude,Longitude,Cell Phone In Use Flag,Other Property Damage,Reporting Badge No.
2019132219-25586-AC,MONMOUTH,KEYPORT BORO,12/17/2019,TU,1113,01,HOLMDEL PD,,0,0,0,0,P,B,N,N,03,2,BEERS ST / N BEERS ST **,N,,,13221060__,1.60,07,,01,04,02,02,01,02,05,,800,FE,W,HOLMDEL RD,,,,35,35,26,,,N,,0085
2019132219-26,MONMOUTH,KEYPORT BORO,01/02/2019,WE,1353,01,KEYPORT PD,,0,0,0,0,P,I,N,N,02,2,NJ 35,S,35,,00000035__,43.33,02,,02,04,02,01,01,01,05,01,,AT,,,T,NJ 36,SB,50,,26,,,N,,20
2019132219-260,MONMOUTH,KEYPORT BORO,01/10/2019,TH,1530,01,KEYPORT PD,KEYPORT,0,0,0,0,P,B,N,N,02,2,NJ 35,N,35,,00000035__,43.25,02,,01,05,02,01,01,01,04,01,200,FE,S,,,,,50,,26,,,N,,36
2019132219-263,MONMOUTH,KEYPORT BORO,01/10/2019,TH,1646,01,KEYPORT PD,KEYPORT,0,0,0,0,P,I,N,N,01,2,NJ 35,N,35,,00000035__,43.33,02,,01,06,02,01,03,01,04,01,,AT,N,,F,NJ 36,NB,55,,26,,,N,,36
2019132219-313,MONMOUTH,KEYPORT BORO,01/12/2019,SA,0155,01,KEYPORT PD,KEYPORT,0,0,0,0,P,B,N,N,01,2,MONMOUTH COUNTY 4 II,S,4,2,130000042_,8.87,05,,01,04,02,01,06,01,04,01,30,FE,N,ROUTE 516 / MAPLE PL,,,,30,30,26,,,N,,31
2019132219-33,MONMOUTH,KEYPORT BORO,01/02/2019,WE,1620,01,KEYPORT PD,,0,0,0,0,P,B,N,N,01,2,NJ 36,S,36,,00000036__,24.13,02,,01,04,02,01,03,01,01,01,50,FE,E,CR 4 / BROAD ST,,,,55,25,26,,,N,,37
2019132219-346,MONMOUTH,KEYPORT BORO,01/13/2019,SU,1222,01,KEYPORT PD,,0,0,0,0,P,B,N,N,01,2,ROUTE 516,N,516,,00000516__,9.14,05,,01,04,02,01,01,01,05,01,10,FE,S,CR 3 / MAPLE PL / MAY ST / NAPPI ST,,,,25,25,,,,N,,34
2019132219-357,MONMOUTH,KEYPORT BORO,01/13/2019,SU,2025,01,KEYPORT PD,KEYPORT,0,1,0,0,I,B,N,N,99,1,NJ 35,S,35,,00000035__,43.21,02,,01,04,02,01,06,01,03,01,100,FE,S,BEERS ST,,,,30,50,58,,,N,,31
2019132219-377,MONMOUTH,KEYPORT BORO,01/14/2019,MO,1455,01,KEYPORT PD,,0,0,0,0,P,B,N,N,01,2,NJ 36,S,36,,00000036__,24.22,02,,01,04,02,01,01,01,01,01,300,FE,N,MAIN ST,,,,50,30,26,,,N,,35
2019132219-419,MONMOUTH,KEYPORT BORO,01/15/2019,TU,1546,01,KEYPORT PD,KEYPORT,0,1,0,0,I,B,N,N,01,2,NAPPI PL **,E,,,13221092__,.00,07,,03,04,02,01,01,01,04,01,20,FE,W,BROADWAY,,,,35,35,26,,,N,,36
2019132219-427,MONMOUTH,KEYPORT BORO,01/15/2019,TU,1956,01,KEYPORT PD,KEYPORT,0,1,0,0,I,B,N,N,01,2,ROUTE 516,N,516,,00000516__,9.14,05,,01,04,02,01,05,01,04,01,5,FE,S,CR 3 / MAPLE PL / MAY ST / NAPPI ST,,,,35,35,26,,,N,,#39
2019132219-455,MONMOUTH,KEYPORT BORO,01/16/2019,WE,1819,01,KEYPORT PD,,0,0,0,0,P,I,N,N,01,2,NJ 35,S,35,,00000035__,43.82,02,,01,04,02,01,06,01,05,01,,AT,,ROUTE 516,,,,50,35,26,,,N,,37
2019132219-534,MONMOUTH,KEYPORT BORO,01/18/2019,FR,1517,01,KEYPORT PD,KEYPORT,0,0,0,0,P,I,N,N,01,2,MONMOUTH COUNTY 3,S,3,,13000003__,13.21,05,,03,04,02,01,01,01,03,,,AT,N,NJ 35,,,,35,55,26,,,N,,36
2019132219-538,MONMOUTH,KEYPORT BORO,01/18/2019,FR,1731,01,KEYPORT PD,,0,0,0,0,P,B,N,N,02,2,NJ 35,N,35,,00000035__,43.75,02,,01,04,02,01,06,01,01,01,10,FE,S,NJ 3 / BROADWAY,,,,50,30,26,,,N,,35
2019132219-550,MONMOUTH,KEYPORT BORO,01/19/2019,SA,0220,01,KEYPORT PD,KEYPORT,0,2,0,0,I,B,Y,N,06,3,MONMOUTH COUNTY 4 II,S,4,2,130000042_,8.86,05,,01,04,02,01,04,01,05,01,25,FE,N,ROUTE 516 / MAPLE PL,,,,25,35,26,,,N,MONMOUTH COUNTY SIGN (JCT  MONMOUTH COUNTY 516),#39
2019132219-6,MONMOUTH,KEYPORT BORO,01/01/2019,TU,1344,01,KEYPORT PD,KEYPORT,0,0,0,0,P,I,N,N,03,2,ROUTE 516,W,516,,00000516__,9.14,05,,01,04,02,01,01,01,04,01,,AT,,CR 3 / MAPLE PL / MAY ST / NAPPI ST,,,,30,30,26,,,N,,31
2019132219-644,MONMOUTH,KEYPORT BORO,01/22/2019,TU,1549,01,KEYPORT PD,,0,0,0,0,P,B,N,N,01,2,ROUTE 516,W,516,,00000516__,9.14,05,,01,04,02,01,01,01,05,01,15,FE,N,CR 3 / MAPLE PL / MAY ST / NAPPI ST,,,,25,25,,,,N,,34
2019132219-740,MONMOUTH,KEYPORT BORO,01/24/2019,TH,1703,01,KEYPORT PD,,0,0,0,0,P,B,N,N,02,2,NJ 35,N,35,,00000035__,43.22,02,,02,04,02,01,03,01,02,01,30,FE,S,BEERS ST,,,,50,30,26,,,N,,35
2019132219-773,MONMOUTH,KEYPORT BORO,01/25/2019,FR,1549,01,KEYPORT PD,,0,0,0,0,P,I,N,N,01,2,NJ 35,N,35,,00000035__,43.75,02,,01,04,02,01,01,01,01,01,,AT,E,NJ 3 / BROADWAY,,,,55,25,26,,,N,,37
2019132219-862,MONMOUTH,KEYPORT BORO,01/29/2019,TU,0705,01,KEYPORT PD,,0,0,0,0,P,B,N,N,01,2,NJ 35,S,35,,00000035__,43.20,02,,01,04,02,01,02,01,01,01,150,FE,S,BEERS ST,,,,50,30,26,,,N,,35
2019132219-870,MONMOUTH,KEYPORT BORO,01/29/2019,TU,1031,01,KEYPORT PD,,0,0,0,0,P,B,N,N,01,2,ROUTE 516,E,516,,00000516__,9.14,05,,02,05,02,01,01,01,05,01,25,FE,W,CR 3 / MAPLE PL / MAY ST / NAPPI ST,,,,35,35,26,,,N,,24
2019132219-89,MONMOUTH,KEYPORT BORO,01/04/2019,FR,1154,01,KEYPORT PD,KEYPORT,0,0,0,0,P,B,N,N,01,2,NJ 35,N,35,,00000035__,43.11,02,,02,04,02,01,01,01,03,01,5,FE,S,,T,NJ 35,NB,25,,26,,,N,,31
2019132219-894,MONMOUTH,KEYPORT BORO,01/30/2019,WE,0815,01,KEYPORT PD,,0,0,0,0,P,B,N,N,02,2,NJ 36,S,36,,00000036__,24.17,02,,01,04,02,01,01,01,01,01,50,FE,N,MAIN ST,,,,50,25,,,,N,,34
2019132219-932,MONMOUTH,KEYPORT BORO,01/31/2019,TH,1429,01,KEYPORT PD,,0,0,0,0,P,B,N,N,11,1,ROUTE 516,N,516,,00000516__,10.52,05,,01,04,02,01,01,01,05,01,10,FE,S,WILLIAMSON ST,,,,25,25,,,,N,A FIRE HYDRANT AT GREEN GROVE AND WILLIAMSON ST.,34
2019132219-959,MONMOUTH,KEYPORT BORO,02/01/2019,FR,1326,01,KEYPORT PD,,0,0,0,0,P,B,N,N,02,2,MONMOUTH COUNTY 6 I,E,6,1,130000061_,1.18,05,,01,04,02,01,01,01,04,01,20,FE,W,CR 4 / BROAD ST,,,,30,30,26,,,N,,35
2019132219-96,MONMOUTH,KEYPORT BORO,01/04/2019,FR,1622,01,KEYPORT PD,,0,0,0,0,P,B,N,N,08,2,MONROE ST **,E,,,13221045__,.28,07,,01,04,02,01,01,01,05,01,60,FE,W,CR 4 II,,,,25,25,26,,,N,,24
2019132219BR00487,MONMOUTH,KEYPORT BORO,01/17/2019,TH,1745,01,BRIELLE PD,,0,0,0,0,P,I,N,N,01,2,NJ 35,S,35,,00000035__,43.24,02,,01,04,02,01,03,01,05,02,,AT,,,T,NJ 35,SB,30,,26,,,N,,99241
2019132219BR04082,MONMOUTH,KEYPORT BORO,05/27/2019,MO,1726,01,BRIELLE PD,,0,0,0,0,P,B,N,N,01,2,NJ 35,S,35,,00000035__,43.26,02,,01,06,02,01,01,01,01,02,,,,,,,,50,,26,40.107158,74.055797,N,,99171
2019132219KP02023,MONMOUTH,KEYPORT BORO,03/06/2019,WE,0745,01,KEYPORT PD,,0,0,0,0,P,B,N,N,01,2,ROUTE 516,S,516,,00000516__,9.22,05,,03,05,02,01,01,01,02,,20,FE,N,,T,NJ 35,NB,35,,26,40.428820,74.211180,N,,22024
2019132219KP02024,MONMOUTH,KEYPORT BORO,03/06/2019,WE,0806,01,KEYPORT PD,,0,2,0,0,I,I,N,N,01,4,NJ 35,N,35,,00000035__,43.16,02,,01,06,02,01,01,01,04,01,,AT,,NJ 35,,,,50,50,26,40.425540,74.198100,N,,
2019132219KP02025,MONMOUTH,KEYPORT BORO,03/06/2019,WE,0818,01,KEYPORT PD,,0,0,0,0,P,B,N,N,01,2,NJ 35,N,35,,00000035__,43.09,02,,02,06,02,01,01,01,02,,180,FE,W,NJ 36,,,,50,50,26,40.428000,74.208200,N,,22024
2019132219KP02140,MONMOUTH,KEYPORT BORO,03/09/2019,SA,1454,01,KEYPORT PD,,0,0,0,0,P,B,N,N,03,2,MAIN ST **,N,,,13221035__,.64,07,,01,04,02,01,01,01,05,01,100,FE,S,ST PETERS PL,,,,25,25,,,,N,,22034
2019132219KP02190,MONMOUTH,KEYPORT BORO,03/11/2019,MO,1101,01,KEYPORT PD,KEYPORT,0,0,0,0,P,B,N,N,01,2,ROUTE 516,S,516,,00000516__,9.14,05,,01,04,02,01,01,01,04,,20,FE,N,CR 3 / MAPLE PL / MAY ST / NAPPI ST,,,,25,25,26,40.427540,74.212040,N,,22036
2019132219KP02205,MONMOUTH,KEYPORT BORO,03/12/2019,TU,0705,01,KEYPORT PD,KEYPORT,0,0,0,0,P,I,N,N,01,2,ROUTE 516,W,516,,00000516__,9.14,05,,01,04,02,01,01,01,04,,,AT,W,CR 3 / MAPLE PL / MAY ST / NAPPI ST,,,,25,25,26,40.427540,74.212040,N,,22036
2019132219KP02283,MONMOUTH,KEYPORT BORO,03/14/2019,TH,0657,01,KEYPORT PD,,0,1,0,0,I,I,N,N,04,2,ROUTE 516,E,516,,00000516__,9.14,05,,01,04,02,01,01,01,04,01,,AT,,CR 3 / MAPLE PL / MAY ST / NAPPI ST,,,,25,25,26,40.426740,74.212120,N,,22037
2019132219KP02348,MONMOUTH,KEYPORT BORO,03/15/2019,FR,1532,01,KEYPORT PD,,0,0,0,0,P,B,N,N,02,2,ST PETERS PL **,W,,,13221044__,.19,07,,01,04,02,01,01,01,05,01,45,FE,W,MAIN ST,,,,25,25,26,40.437120,74.203430,N,,22024
2019132219KP02375,MONMOUTH,KEYPORT BORO,03/16/2019,SA,1051,01,KEYPORT PD,KEYPORT,0,0,0,0,P,I,N,N,06,2,CEDAR ST **,S,,,13221010__,.13,07,,01,04,02,01,01,01,05,01,,AT,,CR 64,,,,25,25,28,40.439770,74.193460,N,,22036
2019132219KP02387,MONMOUTH,KEYPORT BORO,03/16/2019,SA,1759,01,KEYPORT PD,KEYPORT,0,1,0,0,I,B,N,N,01,2,NJ 36,N,36,,00000036__,23.96,02,,01,04,02,01,01,01,04,01,300,FE,S,ATLANTIC ST,,,,50,25,26,40.427560,74.195050,N,,22036
2019132219KP02395,MONMOUTH,KEYPORT BORO,03/17/2019,SU,0223,01,KEYPORT PD,KEYPORT PD,0,0,0,0,P,B,N,N,11,1,MONMOUTH COUNTY 3,S,3,,13000003__,12.80,05,,01,04,02,01,05,01,04,01,1000,FE,N,CLARK ST,,,,35,25,52,40.424720,74.211470,N,VERIZON TELEPHONE POLE,22039
2019132219KP02409,MONMOUTH,KEYPORT BORO,03/17/2019,SU,1304,01,KEYPORT PD,KEYPORT,0,0,0,0,P,B,N,N,06,2,MONMOUTH COUNTY 4 II,S,4,2,130000042_,9.12,05,,01,04,02,01,01,01,04,01,200,FE,N,3RD ST / W 3RD ST,,,,30,25,28,40.426780,74.196570,N,,22036
2019132219KP02410,MONMOUTH,KEYPORT BORO,03/17/2019,SU,1452,01,KEYPORT PD,,0,0,0,0,P,B,N,N,06,2,MONMOUTH COUNTY 4 II,S,4,2,130000042_,8.98,05,,01,04,02,01,01,01,05,01,100,FE,S,WARREN ST,,,,25,25,28,,,N,,22032
2019132219KP02411,MONMOUTH,KEYPORT BORO,03/17/2019,SU,1515,01,KEYPORT PD,KEYPORT,0,0,0,0,P,B,N,N,02,2,NJ 35,N,35,,00000035__,43.26,02,,01,04,02,01,01,01,04,01,200,FE,S,,,,,55,,26,40.425680,74.202450,N,,22036
2019132219KP02416,MONMOUTH,KEYPORT BORO,03/17/2019,SU,1815,01,KEYPORT PD,,0,0,0,0,P,B,N,N,01,2,ROUTE 516,N,516,,00000516__,9.22,05,,03,04,02,01,01,01,05,01,25,FE,N,NJ 35,,,,25,50,26,40.427800,74.210430,N,,22032
2019132219KP02479,MONMOUTH,KEYPORT BORO,03/19/2019,TU,1507,01,KEYPORT PD,,0,0,0,0,P,B,N,N,02,2,NJ 35,N,35,,00000035__,43.42,02,,02,04,02,01,01,01,01,01,120,FE,N,CASS ST,,,,50,25,,40.427770,74.207240,N,,22020
2019132219KP02534,MONMOUTH,KEYPORT BORO,03/21/2019,TH,1435,01,KEYPORT PD,,0,0,0,0,P,B,N,N,02,2,BROADWAY **,S,,,13221069__,.05,07,,01,04,02,02,01,05,05,01,25,FE,S,ROUTE 516,,,,35,25,26,40.428820,74.211180,N,,22032
2019132219KP02554,MONMOUTH,KEYPORT BORO,03/22/2019,FR,0759,01,KEYPORT PD,,0,0,0,0,P,B,N,N,02,2,NJ 35,N,35,,00000035__,43.11,02,,02,06,02,02,01,02,03,01,50,FE,N,NJ 35,,,,50,50,,40.424110,74.197150,N,,22034
2019132219KP02558,MONMOUTH,KEYPORT BORO,03/22/2019,FR,1016,01,KEYPORT PD,,0,0,0,0,P,I,N,N,11,1,MONMOUTH COUNTY 4 II,S,4,2,130000042_,8.53,05,,01,04,02,01,01,01,05,01,,AT,,JACKSON ST,,,,25,25,,40.428670,74.197530,N,UTILITY POLE #JC124KP,22034
2019132219KP02596,MONMOUTH,KEYPORT BORO,03/23/2019,SA,0858,01,KEYPORT PD,,0,0,0,0,P,B,N,N,01,2,NJ 35,S,35,,00000035__,43.82,02,,01,04,02,01,01,01,05,01,10,FE,S,ROUTE 516,,,,50,35,26,40.427800,74.210430,N,,22037
2019132219KP02665,MONMOUTH,KEYPORT BORO,03/24/2019,SU,2029,01,KEYPORT PD,,0,1,0,0,I,I,N,N,03,2,MONMOUTH COUNTY 4 II,S,4,2,130000042_,8.34,05,,01,04,02,01,03,01,02,01,,AT,,RARITAN AVE,,,,35,25,26,40.426230,74.195660,N,,22038
2019132219KP02688,MONMOUTH,KEYPORT BORO,03/25/2019,MO,1422,01,KEYPORT PD,KEG-345,0,0,0,0,P,B,N,N,09,2,NJ 35,N,35,,00000035__,43.42,02,,03,05,02,01,01,01,03,,100,FE,E,CASS ST,,,,50,25,26,40.425690,74.202300,N,,22024
2019132219KP02691,MONMOUTH,KEYPORT BORO,03/25/2019,MO,1459,01,KEYPORT PD,KEYPORT,0,0,0,0,P,B,N,N,01,2,NJ 35,S,35,,00000035__,43.33,02,,01,04,02,01,01,01,04,01,10,FE,S,,,,,50,,26,40.425060,74.204940,N,,22036
2019132219KP02727,MONMOUTH,KEYPORT BORO,03/26/2019,TU,1607,01,KEYPORT PD,KEG-345,0,0,0,0,P,I,N,N,09,2,NJ 36,W,36,,00000036__,24.16,02,,01,04,02,01,01,01,01,,,AT,,MAIN ST,,,,50,25,26,40.426950,74.198130,N,,22024
2019132219KP02766,MONMOUTH,KEYPORT BORO,03/27/2019,WE,1821,01,KEYPORT PD,,0,0,0,0,P,B,N,N,12,1,NJ 35,N,35,,00000035__,44.00,02,,01,04,02,01,01,01,01,01,1320,FE,N,NJ 3 / BROADWAY,,,,50,25,,40.426650,74.199750,N,,22037
2019132219KP02780,MONMOUTH,KEYPORT BORO,03/28/2019,TH,0816,01,KEYPORT PD,,0,0,0,0,P,B,N,N,01,2,BEERS ST **,N,,,13221060__,.74,07,,03,04,02,01,01,01,03,01,10,FE,S,NJ 35,,,,25,50,,40.424040,74.200540,N,,22037
2019132219KP02783,MONMOUTH,KEYPORT BORO,03/28/2019,TH,1141,01,KEYPORT PD,,0,0,0,0,P,B,N,N,01,2,BEERS ST **,N,,,13221060__,.74,07,,03,04,02,01,01,01,03,01,10,FE,S,NJ 35,,,,25,50,,40.424040,74.200540,N,,22037
2019132219KP02827,MONMOUTH,KEYPORT BORO,03/29/2019,FR,1458,01,KEYPORT PD,KEYPORT,0,0,0,0,P,B,N,N,01,2,NJ 35,S,35,,00000035__,43.82,02,,03,04,02,01,01,01,04,,20,FE,N,ROUTE 516,,,,50,30,26,40.427800,74.210430,N,,22036
2019132219KP02841,MONMOUTH,KEYPORT BORO,03/29/2019,FR,2036,01,KEYPORT PD,,0,0,0,0,P,B,N,N,08,2,CHINGARORA AVE **,E,,,13221071__,.17,07,,01,04,02,01,07,01,05,,30,FE,W,NJ 35,,,,25,50,28,40.428270,74.209890,N,,22026
2019132219KP02856,MONMOUTH,KEYPORT BORO,03/30/2019,SA,1051,01,KEYPORT PD,KEYPORT,0,0,0,0,P,I,N,N,02,2,ROUTE 516,E,516,,00000516__,9.14,05,,02,04,02,01,01,01,05,01,,AT,,CR 3 / MAPLE PL / MAY ST / NAPPI ST,,,,30,25,26,40.427540,74.212040,N,,22031
2019132219KP02896,MONMOUTH,KEYPORT BORO,03/31/2019,SU,2311,01,KEYPORT PD,,0,0,0,0,P,B,N,N,01,2,NJ 36,N,36,,00000036__,24.02,02,,01,04,02,01,06,01,01,01,25,FE,S,ATLANTIC ST,,,,50,25,26,40.436490,74.203970,N,,22032
2019132219KP02922,MONMOUTH,KEYPORT BORO,04/01/2019,MO,0745,01,KEYPORT PD,,0,0,0,0,P,B,N,N,01,2,NJ 36,N,36,,00000036__,24.03,02,,01,04,02,01,01,01,01,01,50,FE,E,ATLANTIC ST,,,,55,25,26,40.427590,74.195730,N,,22037
2019132219KP02936,MONMOUTH,KEYPORT BORO,04/01/2019,MO,1551,01,KEYPORT PD,,0,0,0,0,P,I,N,N,01,2,ROUTE 516,E,516,,00000516__,9.22,05,,03,04,02,01,01,01,,01,,AT,,NJ 35,,,,30,50,26,40.428260,74.210590,N,,22020
2019132219KP02977,MONMOUTH,KEYPORT BORO,04/03/2019,WE,0041,01,KEYPORT PD,,0,0,0,0,P,B,N,N,01,2,NJ 36,S,36,,00000036__,24.12,02,,01,04,01,02,06,02,04,01,10,FE,N,CR 4 / BROAD ST,,,,50,35,26,40.428670,74.197530,N,,22027
2019132219KP02993,MONMOUTH,KEYPORT BORO,04/03/2019,WE,1236,01,KEYPORT PD,KEG-345,0,0,0,0,P,B,N,N,06,2,MONMOUTH COUNTY 6 IV,E,6,4,130000064_,.49,05,,01,04,02,01,01,01,05,,20,FE,W,CEDAR ST,,,,30,25,28,40.438930,74.193070,N,,22024
2019132219KP03023,MONMOUTH,KEYPORT BORO,04/04/2019,TH,1116,01,KEYPORT PD,KEYPORT,0,0,0,0,P,I,N,N,01,2,NJ 35,S,35,,00000035__,43.23,02,,03,04,02,01,01,01,04,,,AT,,BEERS ST,,,,50,25,26,40.424040,74.200540,N,,22036
2019132219KP03140,MONMOUTH,KEYPORT BORO,04/07/2019,SU,0919,01,KEYPORT PD,,0,0,0,0,P,I,N,N,02,2,NJ 35,N,35,,00000035__,43.75,02,,01,04,02,01,01,01,,01,,AT,S,NJ 3 / BROADWAY,,,,50,30,26,40.428820,74.211180,N,,22020
2019132219KP03151,MONMOUTH,KEYPORT BORO,04/07/2019,SU,1709,01,KEYPORT PD,,0,0,0,0,P,B,N,N,01,2,NJ 35,S,35,,00000035__,43.19,02,,01,04,02,01,01,01,01,01,200,FE,W,BEERS ST,,,,55,35,26,40.424080,74.202800,N,,22037
2019132219KP03164,MONMOUTH,KEYPORT BORO,04/08/2019,MO,1214,01,KEYPORT PD,KEYPORT,0,0,0,0,P,I,N,N,01,2,NJ 35,S,35,,00000035__,43.82,02,,01,04,02,01,01,01,04,,,AT,,ROUTE 516,,,,50,35,26,40.427800,74.210430,N,,22036
2019132219KP03176,MONMOUTH,KEYPORT BORO,04/08/2019,MO,1619,01,KEYPORT PD,KEYPORT,0,0,0,0,P,I,N,N,01,2,NJ 35,S,35,,00000035__,43.82,02,,01,04,02,01,01,01,04,,,AT,,ROUTE 516,,,,50,35,26,40.427800,74.210430,N,,#36
2019132219KP03289,MONMOUTH,KEYPORT BORO,04/11/2019,TH,1824,01,KEYPORT PD,,0,0,0,0,P,B,N,N,01,2,MONMOUTH COUNTY 3,S,3,,13000003__,13.21,05,,01,04,02,01,01,01,05,01,20,FE,W,NJ 35,,,,25,55,26,40.428820,74.211180,N,,22037
2019132219KP03292,MONMOUTH,KEYPORT BORO,04/11/2019,TH,1954,01,KEYPORT PD,,0,1,0,1,I,B,N,N,13,1,MONMOUTH COUNTY 4 II,S,4,2,130000042_,8.34,05,,02,04,02,01,03,01,04,01,5,FE,S,RARITAN AVE,,,,25,25,22,40.426230,74.195660,N,,22031
2019132219KP03401,MONMOUTH,KEYPORT BORO,04/14/2019,SU,1635,01,KEYPORT PD,KEG-345,0,0,0,0,P,B,N,N,01,2,MONMOUTH COUNTY 6 I,W,6,1,130000061_,.96,05,,01,04,02,01,01,01,05,01,110,FE,W,LEGION DR,,,,25,15,26,40.435310,74.207010,N,,22024
2019132219KP03411,MONMOUTH,KEYPORT BORO,04/14/2019,SU,2122,01,KEYPORT PD,,0,0,0,0,P,B,Y,N,01,2,NJ 35,N,35,,00000035__,43.26,02,,03,04,02,01,06,01,01,01,25,FE,S,BEERS ST,,,,50,25,26,,,N,,22032
2019132219KP03420,MONMOUTH,KEYPORT BORO,04/15/2019,MO,1133,01,KEYPORT PD,,0,0,0,0,P,B,N,N,11,1,NJ 35,S,35,,00000035__,43.84,02,,01,04,02,02,01,02,01,01,500,FE,E,NJ 3 / BROADWAY,,,,55,35,48,40.427800,74.210550,N,,22037
2019132219KP03451,MONMOUTH,KEYPORT BORO,04/16/2019,TU,0127,01,KEYPORT PD,,0,0,0,0,P,B,Y,N,06,2,MONMOUTH COUNTY 6 IV,W,6,4,130000064_,.25,05,,01,04,02,02,06,01,04,01,250,FE,E,ATLANTIC ST,,,,30,25,28,40.438740,74.197240,N,,22031
2019132219KP03461,MONMOUTH,KEYPORT BORO,04/16/2019,TU,1208,01,KEYPORT PD,,0,2,0,0,I,I,N,N,03,2,NJ 36,S,36,,00000036__,24.12,02,,01,04,02,01,01,01,05,01,,AT,,CR 4 / BROAD ST,,,,50,30,26,40.428670,74.197530,N,,22020
2019132219KP03507,MONMOUTH,KEYPORT BORO,04/17/2019,WE,1902,01,KEYPORT PD,,0,0,0,0,P,I,N,N,03,2,MONMOUTH COUNTY 4 II,S,4,2,130000042_,8.76,05,,01,04,02,01,01,01,05,01,,AT,,HURLEY ST,,,,35,25,26,40.431820,74.199120,N,,22032
2019132219KP03526,MONMOUTH,KEYPORT BORO,04/18/2019,TH,0946,01,KEYPORT PD,KEYPORT PD,0,0,0,0,P,I,N,N,03,2,ROUTE 516,N,516,,00000516__,9.14,05,,01,04,02,01,01,01,04,01,,AT,,CR 3 / MAPLE PL / MAY ST / NAPPI ST,,,,25,25,26,40.427540,74.212040,N,,22036
2019132219KP03541,MONMOUTH,KEYPORT BORO,04/18/2019,TH,1605,01,KEYPORT PD,KEYPORT,0,0,0,0,P,I,N,N,01,2,ROUTE 516,E,516,,00000516__,9.14,05,,01,04,02,01,01,01,04,,,AT,,CR 3 / MAPLE PL / MAY ST / NAPPI ST,,,,25,25,26,40.427540,74.212040,N,,22036
2019132219KP03548,MONMOUTH,KEYPORT BORO,04/18/2019,TH,1826,01,KEYPORT PD,KEYPORT,0,0,0,0,P,B,N,N,04,2,AMERICAN LEGION DR **,N,,,13221085__,.01,07,,03,04,02,01,01,01,04,,50,FE,N,CR 6,,,,25,30,26,40.437780,74.204110,N,,22039
2019132219KP03627,MONMOUTH,KEYPORT BORO,04/20/2019,SA,1914,01,KEYPORT PD,,0,2,0,0,I,B,N,N,08,2,MONMOUTH COUNTY 4 II,S,4,2,130000042_,8.52,05,,01,04,02,01,01,01,04,,40,FE,S,JACKSON ST,,,,30,25,26,40.428290,74.197760,N,,22031
2019132219KP03680,MONMOUTH,KEYPORT BORO,04/22/2019,MO,1728,01,KEYPORT PD,KEYPORT,0,1,0,0,I,B,N,N,02,2,NJ 35,S,35,,00000035__,43.55,02,,01,04,02,02,01,02,01,,634,FE,S,LUPPATATONG AVE,,,,50,25,48,40.425690,74.202300,N,DAMAGE TO THE GUARDRAIL,22036
2019132219KP03743,MONMOUTH,KEYPORT BORO,04/24/2019,WE,1401,01,KEYPORT PD,,0,1,0,0,I,I,N,N,03,2,ATLANTIC ST **,,,,13221027__,.16,07,,01,04,02,01,01,01,05,01,,AT,,THIRD ST,,,,25,25,26,40.436650,74.199600,N,,22020
2019132219KP03750,MONMOUTH,KEYPORT BORO,04/24/2019,WE,1823,01,KEYPORT PD,,0,0,0,0,P,I,N,N,03,2,ROUTE 516,W,516,,00000516__,10.11,05,,01,04,02,01,01,01,05,,,AT,,ATLANTIC ST,,,,35,25,26,40.433980,74.196970,N,,22020
2019132219KP03805,MONMOUTH,KEYPORT BORO,04/26/2019,FR,1944,01,KEYPORT PD,,0,1,0,0,I,I,N,N,07,2,MONMOUTH COUNTY 3,N,3,,13000003__,12.78,05,,01,04,02,02,06,02,,01,,AT,,CLARK ST,,,,40,25,26,40.422610,74.211850,N,,22032
2019132219KP03939,MONMOUTH,KEYPORT BORO,04/30/2019,TU,1416,01,KEYPORT PD,,0,0,0,0,P,B,N,N,03,2,ROUTE 516,W,516,,00000516__,9.03,05,,01,04,02,01,01,01,,,150,FE,W,ORCHARD ST,,,,35,25,26,40.426530,74.213650,N,,22020
2019132219KP03988,MONMOUTH,KEYPORT BORO,05/01/2019,WE,1514,01,KEYPORT PD,KEYPORT,0,0,0,0,P,I,N,N,02,2,ROUTE 516,W,516,,00000516__,9.95,05,,01,04,02,01,01,01,04,,,AT,E,CR 4 / BROAD ST,,,,35,25,26,40.433160,74.199800,N,,22036
2019132219KP04015,MONMOUTH,KEYPORT BORO,05/02/2019,TH,1134,01,KEYPORT PD,KEYPORT,0,1,0,0,I,B,N,N,01,2,NJ 36,N,36,,00000036__,24.08,02,,01,04,02,01,01,01,01,,200,FE,S,CR 4 / BROAD ST,,,,50,25,26,40.428670,74.197530,N,,22036