Year(4)-CountyCode(2)-MunicipalityCode(2)-CaseNumber(9),County Name,Municipality Name,Crash Date,Crash Day of Week,Crash Time,Police Department Code,Police Department,Police Station,Total Killed,Total Injured,Pedestrians Killed,Pedestrians Injured,Severity,Intersection,Alcohol Involved,Hazmat Involved,Crash Type,Total Vehicles,Location,Location Direction,Route,Route Suffix,Std Rte Identifier,MilePost,Road System,Road Character,Road Horizontal Alignment,Road Grade,Road Surface Type,Surface Condition,Light Condition,Environmental Condition,Road Divided By,Temporary Traffic Control Zone,Distance To Cross Street,Unit Of Measurement,Direction From Cross Street,Cross Street Name,Is Ramp,Ramp To/From Route Name,Ramp To/From Route Direction,Posted Speed,Posted Speed Cross Street,First Harmful Event,Latitude,Longitude,Cell Phone In Use Flag,Other Property Damage,Reporting Badge No.
2019132219KP09804,MONMOUTH,KEYPORT BORO,10/24/2019,TH,1425,01,KEYPORT PD,,0,1,0,0,I,I,N,N,14,1,ATLANTIC ST **,S,,,13221027__,.09,07,,01,04,02,01,03,01,,,,AT,,SECOND ST,,,,25,25,26,,,N,,22040
2019132219KP09860,MONMOUTH,KEYPORT BORO,10/26/2019,SA,1304,01,KEYPORT PD,,0,0,0,0,P,B,N,N,01,2,ROUTE 516,E,516,,00000516__,9.22,05,,03,04,02,01,01,01,02,,5,FE,W,NJ 35,,,,35,50,26,,,N,,22040
2019132219KP09862,MONMOUTH,KEYPORT BORO,10/26/2019,SA,1322,01,KEYPORT PD,,0,2,0,0,I,B,N,N,02,2,NJ 35,S,35,,00000035__,43.00,02,,01,04,02,01,01,01,01,,50,FE,E,BEERS ST,,,,50,25,26,,,N,,22040
2019132219KP09898,MONMOUTH,KEYPORT BORO,10/27/2019,SU,2107,01,KEYPORT PD,,0,0,0,0,P,B,N,N,11,1,NJ 35,S,35,,00000035__,43.58,02,,03,07,02,02,05,01,01,01,500,FE,S,LUPPATATONG AVE,,,,50,25,46,40.432270,74.216900,N,GUARD RAIL ON HIGHWAY 35 SOUTH. PROPERTY OF NJDOT.,22032
2019132219KP09904,MONMOUTH,KEYPORT BORO,10/28/2019,MO,0939,01,KEYPORT PD,,0,0,0,0,P,B,N,N,01,2,ROUTE 516,E,516,,00000516__,9.22,05,,01,04,02,01,01,01,,,20,FE,E,NJ 35,,,,30,50,26,40.428400,74.211390,N,,22020
2019132219KP09985,MONMOUTH,KEYPORT BORO,10/30/2019,WE,1651,01,KEYPORT PD,KEYPORT,0,0,0,0,P,B,N,N,02,2,ROUTE 516,W,516,,00000516__,9.96,05,,01,04,02,02,01,04,04,01,40,FE,E,CR 4 / BROAD ST,,,,35,30,26,40.433160,74.199800,N,,22031
2019132219KP10045,MONMOUTH,KEYPORT BORO,10/31/2019,TH,2355,01,KEYPORT PD,KEYPORT,0,0,0,0,P,B,N,N,06,2,MONMOUTH COUNTY 6 IV,E,6,4,130000064_,.69,05,,01,04,02,02,06,02,04,01,50,FE,W,WALNUT ST,,,,30,25,28,40.439610,74.190570,N,,22039
2019132219KP10117,MONMOUTH,KEYPORT BORO,11/03/2019,SU,2322,01,KEYPORT PD,,0,0,0,0,P,B,N,N,01,2,MONMOUTH COUNTY 6 IV,E,6,4,130000064_,.29,05,,01,04,01,01,06,01,04,01,200,FE,,GREEN GROVE AVE,,,,30,35,26,,,N,,22027
2019132219KP10158,MONMOUTH,KEYPORT BORO,11/04/2019,MO,1608,01,KEYPORT PD,KEYPROT,0,0,0,0,P,B,N,N,02,2,NJ 35,S,35,,00000035__,44.10,02,,01,04,02,01,01,01,01,01,1500,FE,N,ROUTE 516,,,,50,30,26,,,N,,22031
2019132219KP10160,MONMOUTH,KEYPORT BORO,11/04/2019,MO,1346,01,KEYPORT PD,KEYPORT,0,0,0,0,P,B,N,N,08,2,ATLANTIC ST **,S,,,13221027__,.75,07,,01,04,02,01,01,01,05,01,400,FE,S,NJ 36,,,,25,50,28,,,N,,22245
2019132219KP10224,MONMOUTH,KEYPORT BORO,11/06/2019,WE,1443,01,KEYPORT PD,,0,0,0,0,P,B,N,N,01,2,NJ 35,E,35,,00000035__,43.77,02,,01,04,02,01,01,01,01,01,,,,MAPLE PL,,,,50,35,26,40.428140,74.209000,N,,22037
2019132219KP10297,MONMOUTH,KEYPORT BORO,11/08/2019,FR,2008,01,KEYPORT PD,KEYPORT,0,0,0,0,P,B,N,N,02,2,NJ 35,N,35,,00000035__,43.20,02,,01,06,02,01,07,01,05,,300,FE,S,BEERS ST,,,,50,25,26,40.428060,74.208380,N,BENT GUARDRAIL - NJDOT,22039
2019132219KP10435,MONMOUTH,KEYPORT BORO,11/13/2019,WE,0204,01,KEYPORT PD,,0,1,0,0,I,B,N,N,06,2,ATLANTIC ST **,,,,13221027__,.17,07,,01,04,02,01,06,01,05,01,30,FE,N,THIRD ST,,,,25,25,28,40.436650,74.199600,N,,22038
2019132219KP10530,MONMOUTH,KEYPORT BORO,11/16/2019,SA,0903,01,KEYPORT PD,,0,0,0,0,P,B,N,N,01,2,NJ 35,E,35,,00000035__,43.77,02,,01,04,02,01,01,01,01,01,,,,MAPLE PL,,,,50,35,26,40.428270,74.209890,N,,22037
2019132219KP10572,MONMOUTH,KEYPORT BORO,11/18/2019,MO,0721,01,KEYPORT PD,KEYPORT,0,0,0,0,P,I,N,N,08,2,WARREN ST **,E,,,13221021__,.32,07,,01,04,02,09,01,05,05,02,,AT,,CR 4 II / BROAD ST,,,,25,25,26,40.434970,74.200710,N,,22031
2019132219KP10597,MONMOUTH,KEYPORT BORO,11/18/2019,MO,1933,01,KEYPORT PD,,0,0,0,0,P,I,N,N,03,2,ROUTE 516,W,516,,00000516__,9.14,05,,01,04,02,02,06,02,04,01,,AT,,WEST FOURTH STREET,,,,35,25,26,,,N,,22026
2019132219KP10620,MONMOUTH,KEYPORT BORO,11/19/2019,TU,1252,01,KEYPORT PD,KEYPORT,0,0,0,0,P,B,N,N,11,1,MONMOUTH COUNTY 4 II,S,4,2,130000042_,8.55,05,,01,04,02,01,01,01,04,01,100,FE,N,JACKSON ST,,,,25,25,52,40.429920,74.196470,N,,22031
2019132219KP10646,MONMOUTH,KEYPORT BORO,11/20/2019,WE,0958,01,KEYPORT PD,,0,0,0,0,P,B,N,N,01,2,NJ 36,W,36,,00000036__,24.21,02,,01,04,02,01,01,01,03,01,500,FE,E,CR 4 / BROAD ST,,,,50,25,26,40.426650,74.199750,N,,22037
2019132219KP10647,MONMOUTH,KEYPORT BORO,11/20/2019,WE,1026,01,KEYPORT PD,,0,0,0,0,P,B,N,N,01,2,ROUTE 516,S,516,,00000516__,10.53,05,,01,04,02,01,01,01,04,,75,FE,N,WILLIAMSON ST,,,,35,25,26,,,N,,22040
2019132219KP10777,MONMOUTH,KEYPORT BORO,11/24/2019,SU,1651,01,KEYPORT PD,,0,2,0,0,I,I,N,N,04,2,ROUTE 516,W,516,,00000516__,9.31,05,,01,04,02,01,03,01,05,01,,AT,,CR 6 II / BROADWAY,,,,35,35,,40.429690,74.210560,N,,22032
2019132219KP10778,MONMOUTH,KEYPORT BORO,11/24/2019,SU,2024,01,KEYPORT PD,,0,0,0,0,P,B,N,N,01,2,NJ 35,S,35,,00000035__,43.17,02,,01,04,02,01,07,01,03,01,500,FE,S,BEERS ST,,,,50,25,26,,,N,,22032
2019132219KP10801,MONMOUTH,KEYPORT BORO,11/25/2019,MO,1544,01,KEYPORT PD,,0,0,0,0,P,B,N,N,01,2,MONMOUTH COUNTY 4 II,N,4,2,130000042_,8.36,05,,01,04,02,01,01,01,05,01,10,FE,W,MAIN ST,,,,25,35,26,40.426230,74.195660,N,,22037
2019132219KP10824,MONMOUTH,KEYPORT BORO,11/26/2019,TU,1036,01,KEYPORT PD,,0,0,0,0,P,B,N,N,01,2,ROUTE 516,E,516,,00000516__,9.14,05,,01,04,02,01,01,01,05,,20,FE,W,CR 3 / MAPLE PL / MAY ST / NAPPI ST,,,,30,25,26,40.427540,74.212040,N,,22020
2019132219KP10843,MONMOUTH,KEYPORT BORO,11/26/2019,TU,1654,01,KEYPORT PD,,0,0,0,0,P,B,N,N,01,2,NJ 36,E,36,,00000036__,24.03,02,,01,04,02,01,03,01,01,01,500,FE,W,CR 4 / BROAD ST,,,,50,35,26,,,N,,22037
2019132219KP10867,MONMOUTH,KEYPORT BORO,11/27/2019,WE,1031,01,KEYPORT PD,KEYPORT PD,0,0,0,0,P,B,N,N,01,2,NJ 36,S,36,,00000036__,24.12,02,,01,04,02,01,01,05,01,01,5,FE,N,CR 4 / BROAD ST,,,,50,30,26,40.428670,74.197530,N,,22031
2019132219KP10990,MONMOUTH,KEYPORT BORO,12/02/2019,MO,1149,01,KEYPORT PD,KEYPORT PD,0,0,0,0,P,B,N,N,03,2,SECOND ST / WALNUT ST **,N,,,13221001__,.11,07,,01,04,01,02,01,03,05,01,30,FE,N,PINE ST,,,,25,25,26,40.441210,74.191930,N,,22031
2019132219KP10991,MONMOUTH,KEYPORT BORO,12/02/2019,MO,1235,01,KEYPORT PD,KEYPORT,0,0,0,0,P,B,N,N,01,2,ROUTE 516,N,516,,00000516__,9.22,05,,03,04,02,05,01,06,04,01,5,FE,N,NJ 35,,,,35,50,26,,,N,,22245
2019132219KP11042,MONMOUTH,KEYPORT BORO,12/04/2019,WE,1558,01,KEYPORT PD,,0,2,0,0,I,I,N,N,01,3,NJ 35,S,35,,00000035__,43.75,02,,01,04,02,01,01,01,01,01,,AT,,CR 3 / BROADWAY,,,,50,35,26,,,N,,
2019132219KP11170,MONMOUTH,KEYPORT BORO,12/09/2019,MO,0948,01,KEYPORT PD,,0,0,0,0,P,B,N,N,06,2,MONMOUTH COUNTY 4 II,N,4,2,130000042_,9.17,05,,01,04,02,02,01,02,04,,100,FE,S,CR 6 / E FRONT ST,,,,25,25,26,,,N,,22040
2019132219KP11229,MONMOUTH,KEYPORT BORO,12/11/2019,WE,1050,01,KEYPORT PD,KEYPORT,0,0,0,0,P,I,N,N,03,2,ROUTE 516,W,516,,00000516__,9.72,05,,01,04,02,02,01,01,04,01,,AT,,BEERS ST,,,,35,25,26,,,N,,22245
2019132219KP11240,MONMOUTH,KEYPORT BORO,12/11/2019,WE,1451,01,KEYPORT PD,KEYPORT PD,0,0,0,0,P,B,N,N,01,2,MONMOUTH COUNTY 3,N,3,,13000003__,13.13,05,,02,04,02,01,01,01,05,01,15,FE,S,ROUTE 516 / MAPLE PL / MAY ST,,,,30,25,26,40.427800,74.210430,N,,22031
2019132219KP11341,MONMOUTH,KEYPORT BORO,12/15/2019,SU,0113,01,KEYPORT PD,,0,0,0,0,P,I,N,N,04,2,ROUTE 516,E,516,,00000516__,9.14,05,,01,04,02,01,06,01,05,01,,AT,,CR 3 / MAPLE PL / MAY ST / NAPPI ST,,,,25,,26,40.427540,74.212040,N,,22038
2019132219KP11395,MONMOUTH,KEYPORT BORO,12/17/2019,TU,1010,01,KEYPORT PD,KEYPORT PD,0,1,0,0,I,B,N,N,11,1,NJ 35,N,35,,00000035__,43.83,02,,03,05,02,02,01,02,01,01,50,FE,N,ROUTE 516,,,,50,30,48,40.429630,74.214160,N,,22031
2019132219KP11399,MONMOUTH,KEYPORT BORO,12/17/2019,TU,1320,01,KEYPORT PD,KEYPORT PD,0,0,0,0,P,B,N,N,06,2,MONMOUTH COUNTY 4 II,S,4,2,130000042_,9.09,05,,01,06,02,02,01,02,04,01,40,FE,N,3RD ST / W 3RD ST,,,,25,25,28,40.436170,74.201400,N,,22031
2019132219KP11406,MONMOUTH,KEYPORT BORO,12/17/2019,TU,1719,01,KEYPORT PD,KEYPORT PD,0,0,0,0,P,I,N,N,03,2,THIRD ST **,S,,,13221005__,.27,07,,01,04,02,02,06,02,04,01,,AT,,GREEN GROVE AVE,,,,25,25,26,40.437220,74.196490,N,,22031
2019132219KP11445,MONMOUTH,KEYPORT BORO,12/19/2019,TH,0853,01,KEYPORT PD,,0,0,0,0,P,I,N,N,01,3,NJ 36,W,36,,00000036__,24.02,02,,01,04,02,01,01,01,01,01,,AT,N,ATLANTIC ST,,,,50,25,26,40.427560,74.195050,N,,22037
2019132219KP11474,MONMOUTH,KEYPORT BORO,12/20/2019,FR,0859,01,KEYPORT PD,KEYPORT,0,1,0,0,I,B,N,N,01,2,ROUTE 516,E,516,,00000516__,9.22,05,,03,04,02,01,01,01,04,,10,FE,S,NJ 35,,,,35,50,26,,,N,,22245
2019132219KP11580,MONMOUTH,KEYPORT BORO,12/24/2019,TU,0821,01,KEYPORT PD,,0,0,0,0,P,I,N,N,01,2,ROUTE 516,E,516,,00000516__,9.22,05,,03,04,02,01,01,01,02,,,AT,,NJ 35,,,,25,50,26,,,N,,22040
2019132219KP11583,MONMOUTH,KEYPORT BORO,12/24/2019,TU,1121,01,KEYPORT PD,,0,0,0,0,P,I,N,N,01,2,NJ 35,E,35,,00000035__,43.75,02,,01,04,02,01,01,01,01,01,,AT,S,CR 3 / BROADWAY,,,,50,35,26,40.428820,74.211180,N,,22037
2019132219KP11598,MONMOUTH,KEYPORT BORO,12/25/2019,WE,0636,01,KEYPORT PD,KEYPORT,0,1,0,0,I,I,N,N,04,3,NJ 36,N,36,,00000036__,24.12,02,,01,04,02,01,02,05,01,,,AT,,CR 4 / BROAD ST,,,,50,25,26,40.428670,74.197530,N,,22036
2019132219KP11618,MONMOUTH,KEYPORT BORO,12/26/2019,TH,0952,01,KEYPORT PD,KEYPORT PD,0,0,0,0,P,B,N,N,01,2,BEERS ST **,N,,,13221038__,.74,07,,03,04,02,01,01,05,04,01,5,FE,S,NJ 35,,,,25,50,26,,,N,,22245
2019132219KP11634,MONMOUTH,KEYPORT BORO,12/26/2019,TH,1533,01,KEYPORT PD,KEYPORT PD,0,1,0,0,I,I,N,N,01,2,NJ 35,N,35,,00000035__,43.11,02,,02,04,02,01,01,01,03,01,,AT,,NJ 36,,,,50,50,26,40.424040,74.200540,N,,22031
2019132219KP11705,MONMOUTH,KEYPORT BORO,12/29/2019,SU,0005,01,KEYPORT PD,KEYPORT,0,0,0,0,P,I,N,N,03,2,SECOND ST / WALNUT ST **,S,,,13221001__,.50,07,,01,04,02,01,06,01,05,01,,AT,,FULTON ST,,,,25,25,26,40.438360,74.192580,N,,22039
2019132219KP11737,MONMOUTH,KEYPORT BORO,12/30/2019,MO,1445,01,KEYPORT PD,KEYPORT PD,0,0,0,0,P,B,N,N,01,2,ROUTE 516,E,516,,00000516__,9.22,05,,03,04,02,02,01,02,03,01,5,FE,W,NJ 35,,,,25,50,26,40.427800,74.210430,N,,22031
2019132219KP11760,MONMOUTH,KEYPORT BORO,12/31/2019,TU,1521,01,KEYPORT PD,KEYPORT PD,0,0,0,0,P,B,N,N,01,2,NJ 35,N,35,,00000035__,43.12,02,,02,04,02,01,01,01,03,01,5,FE,E,NJ 36,,,,25,50,26,,,N,,22031
20191323I-2019-000342,MONMOUTH,LITTLE SILVER BORO,01/07/2019,MO,1448,01,LITTLE SILVER PD,,0,0,0,0,P,B,N,N,01,2,ROUTE 520,,520,,00000520__,18.82,05,,01,04,02,01,01,01,05,05,100,FE,W,VISTA DR,,,,35,25,26,,,N,,125
20191323I-2019-000392,MONMOUTH,LITTLE SILVER BORO,01/08/2019,TU,0941,01,LITTLE SILVER PD,,0,0,0,0,P,B,N,N,01,2,MONMOUTH COUNTY 11 II,,11,2,130000112_,2.33,05,,01,04,02,02,01,01,05,01,20,FE,N,ROUTE 520 / RUMSON RD,,,,35,35,26,,,N,,142
20191323I-2019-000412,MONMOUTH,LITTLE SILVER BORO,01/08/2019,TU,1729,01,LITTLE SILVER PD,,0,0,0,0,P,I,N,N,03,2,MONMOUTH COUNTY 13B II,,13,2,13000013B2,.28,05,,01,05,02,01,06,01,05,01,,AT,,QUEENS LN,,,,30,25,26,,,N,,130
20191323I-2019-000522,MONMOUTH,LITTLE SILVER BORO,01/10/2019,TH,1035,01,LITTLE SILVER PD,,0,0,0,0,P,B,N,N,01,2,EASTVIEW AVE **,,,,13231089__,.27,07,,01,04,02,01,01,01,05,01,25,FE,E,CR 11 II / OCEANPORT AVE,,,,25,35,26,,,N,,129
20191323I-2019-000606,MONMOUTH,LITTLE SILVER BORO,01/11/2019,FR,1722,01,LITTLE SILVER PD,,0,2,0,0,I,I,N,N,04,2,ROUTE 520,,520,,00000520__,18.64,05,,01,04,02,01,06,01,05,01,,AT,,HARDING RD,,,,35,35,26,,,N,,130
20191323I-2019-000607,MONMOUTH,LITTLE SILVER BORO,01/11/2019,FR,1832,01,LITTLE SILVER PD,,0,0,0,0,P,I,N,N,03,2,ROUTE 520,,520,,00000520__,18.64,05,,01,04,02,01,06,01,05,01,,AT,,HARDING RD,,,,35,35,26,,,N,,142
20191323I-2019-000777,MONMOUTH,LITTLE SILVER BORO,01/14/2019,MO,1438,01,LITTLE SILVER PD,,0,0,0,0,P,I,N,N,03,2,SILVERSIDE AVE,,,,13231113__,.04,07,,01,04,02,01,01,01,05,01,,AT,,FAIRVIEW AVE,,,,35,25,26,,,N,,139
20191323I-2019-001118,MONMOUTH,LITTLE SILVER BORO,01/21/2019,MO,0730,01,LITTLE SILVER PD,,0,0,0,0,P,I,N,N,11,1,MONMOUTH COUNTY 11 II,,11,2,130000112_,2.33,05,,01,04,02,04,01,01,05,01,,AT,,ROUTE 520 / RUMSON RD,,,,35,25,56,,,N,DRIVER OF VEHICLE 1 DROVE OFF THE ROADWAY AND STRUCK A TRAFFIC SIGN ON THE SIDE?,141
20191323I-2019-001126,MONMOUTH,LITTLE SILVER BORO,01/21/2019,MO,1604,01,LITTLE SILVER PD,,0,0,0,0,P,I,N,N,02,2,SILVERSIDE AVE,,,,13231113__,,07,,01,04,02,01,01,01,05,01,,AT,,ALWIN TERRACE,,,,35,25,26,,,N,,141
20191323I-2019-001240,MONMOUTH,LITTLE SILVER BORO,01/23/2019,WE,1322,01,LITTLE SILVER PD,,0,1,0,0,I,B,N,N,06,3,LOVETT AVE **,,,,13231177__,.00,07,,01,04,02,01,01,01,05,01,300,FE,,MARKUM PL,,,,25,25,28,,,N,,124
20191323I-2019-001528,MONMOUTH,LITTLE SILVER BORO,01/28/2019,MO,1444,01,LITTLE SILVER PD,,0,0,0,0,P,B,N,N,01,2,ROUTE 520,,520,,00000520__,18.20,05,,01,04,02,01,01,01,05,01,10,FE,W,CR 13 B / PROSPECT AVE,,,,35,30,26,,,N,,139
20191323I-2019-001628,MONMOUTH,LITTLE SILVER BORO,01/30/2019,WE,1530,01,LITTLE SILVER PD,LITTLE SILVER ?,0,0,0,0,P,B,N,N,11,1,CONOVER PL **,,,,13231090__,.15,07,,01,04,02,01,01,01,05,01,50,FE,N,SILVERSIDE AVE,,,,25,35,62,,,N,,137
20191323I-2019-001682,MONMOUTH,LITTLE SILVER BORO,01/31/2019,TH,1746,01,LITTLE SILVER PD,LITTLE SILVER,0,0,0,0,P,B,N,N,11,1,MONMOUTH COUNTY 33,,33,,13000033__,1.96,05,,01,04,02,01,06,01,05,01,15,FE,S,SILVERSIDE AVE,,,,40,35,56,,,N,A TREE LOCATED ON THE CORNER OF SEVEN BRIDGE ROAD AND SILVERSIDE AVENUE WAS DAM?,137
20191323I-2019-001723,MONMOUTH,LITTLE SILVER BORO,02/01/2019,FR,1439,01,LITTLE SILVER PD,,0,0,0,0,P,B,N,N,01,2,ROUTE 520,,520,,00000520__,18.60,05,,01,04,02,01,01,01,05,01,10,FE,E,CR 33 / SEVEN BRIDGES RD,,,,35,40,26,,,N,,139
20191323I-2019-001921,MONMOUTH,LITTLE SILVER BORO,02/05/2019,TU,1231,01,LITTLE SILVER PD,LITTLE SILVER ?,0,0,0,0,P,B,N,N,08,2,MONMOUTH COUNTY 13B II,,13,2,13000013B2,.00,05,,01,04,02,01,01,01,05,01,20,FE,E,CR 13B / PROSPECT AVE,,,,35,30,26,,,N,,137
20191323I-2019-001934,MONMOUTH,LITTLE SILVER BORO,02/05/2019,TU,1742,01,LITTLE SILVER PD,,0,0,0,0,P,B,N,N,08,2,WOODBINE AVE **,,,,13231035__,.14,07,,01,04,02,01,03,01,05,01,140,FE,W,CROSS ST,,,,25,25,28,,,N,,141
20191323I-2019-002057,MONMOUTH,LITTLE SILVER BORO,02/07/2019,TH,1750,01,LITTLE SILVER PD,,0,0,0,0,P,B,Y,N,01,2,MONMOUTH COUNTY 11 II,,11,2,130000112_,2.33,05,,01,04,02,01,06,01,05,01,15,FE,N,ROUTE 520 / RUMSON RD,,,,35,35,26,,,N,,120
20191323I-2019-002107,MONMOUTH,LITTLE SILVER BORO,02/08/2019,FR,1134,01,LITTLE SILVER PD,,0,1,0,0,I,I,N,N,11,1,SILVERSIDE AVE,,,,13231113__,.24,07,,01,04,02,02,01,05,05,01,,AT,,EDGEWOOD AVE,,,,35,25,56,,,N,SEE BELOW IN CRASH DESCRIPTION.,141
20191323I-2019-002378,MONMOUTH,LITTLE SILVER BORO,02/13/2019,WE,1200,01,LITTLE SILVER PD,,0,0,0,0,P,B,N,N,01,2,AYERS LN **,,,,13231100__,.13,07,,01,04,02,01,01,01,05,01,10,FE,N,CR 11 II / OCEANPORT AVE,,,,25,35,26,,,N,,142
20191323I-2019-003169,MONMOUTH,LITTLE SILVER BORO,02/28/2019,TH,2100,01,LITTLE SILVER PD,,0,0,0,0,P,B,Y,N,02,2,SPRING ST **,N,,,13231042__,.01,07,,01,06,02,01,06,01,05,01,50,FE,N,CR 11 II / BRANCH AVE,,,,25,35,26,,,N,,141
20191323I-2019-003219,MONMOUTH,LITTLE SILVER BORO,03/02/2019,SA,0117,01,LITTLE SILVER PD,,0,1,0,0,I,B,N,N,11,1,MONMOUTH COUNTY 11 II,,11,2,130000112_,2.67,05,,03,04,02,02,07,02,05,01,70,FE,N,ROUTE 520 / PINCKNEY RD,,,,35,35,56,,,N,TELEPHONE POLE #JC333LSB ON BRANCH AV NEAR SPRING ST,120
20191323I-2019-003238,MONMOUTH,LITTLE SILVER BORO,03/02/2019,SA,1423,01,LITTLE SILVER PD,,0,0,0,0,P,B,N,N,12,1,MONMOUTH COUNTY 13B I,,13,1,13000013B1,.51,05,,01,04,02,02,01,05,05,01,75,FE,W,LOVETT AVE,,,,35,25,24,,,N,,140
20191323I-2019-003394,MONMOUTH,LITTLE SILVER BORO,03/06/2019,WE,0905,01,LITTLE SILVER PD,,0,0,0,0,P,I,N,N,01,2,MONMOUTH COUNTY 11 II,,11,2,130000112_,1.48,05,,01,04,02,01,01,01,05,01,,AT,,CR 13 A / SYCAMORE DR / WILLOW DR,,,,35,40,26,,,N,,140
20191323I-2019-003513,MONMOUTH,LITTLE SILVER BORO,03/08/2019,FR,1502,01,LITTLE SILVER PD,,0,0,0,0,P,B,N,N,01,2,MONMOUTH COUNTY 11 II,,11,2,130000112_,1.14,05,,01,04,02,01,01,01,05,01,20,FE,N,TINTON PL,,,,35,25,26,,,Y,,142
20191323I-2019-003689,MONMOUTH,LITTLE SILVER BORO,03/11/2019,MO,1731,01,LITTLE SILVER PD,,0,0,0,0,P,B,N,N,08,2,PROSPECT AVE **,,,,13231014__,.07,07,,01,04,02,01,01,01,05,01,30,FE,S,TABOR ST,,,,35,25,26,,,N,,139
20191323I-2019-003739,MONMOUTH,LITTLE SILVER BORO,03/12/2019,TU,1713,01,LITTLE SILVER PD,,0,0,0,0,P,B,N,N,11,1,MONMOUTH COUNTY 13B I,,13,1,13000013B1,.11,05,,01,04,02,01,01,01,05,01,20,FE,N,PARKER AVE,,,,35,25,52,,,N,UTILITY POLE:BT60124LS HEAVILY DAMAGED,139
20191323I-2019-003931,MONMOUTH,LITTLE SILVER BORO,03/15/2019,FR,1735,01,LITTLE SILVER PD,,0,0,0,0,P,B,N,N,01,2,WHITE RD,,,,13451114__,.81,07,,01,04,02,01,01,01,05,01,50,FE,W,CR 11 II / BRANCH AVE,,,,35,35,26,,,N,,133
20191323I-2019-004245,MONMOUTH,LITTLE SILVER BORO,03/21/2019,TH,0630,01,LITTLE SILVER PD,,0,0,0,0,P,I,N,N,09,2,MONMOUTH COUNTY 11 II,,11,2,130000112_,2.26,05,,01,04,02,02,02,02,05,01,,AT,,WHITE RD,,,,35,35,26,,,N,,140
20191323I-2019-004326,MONMOUTH,LITTLE SILVER BORO,03/22/2019,FR,2130,01,LITTLE SILVER PD,,0,0,0,0,P,B,N,N,06,2,LOVETT AVE **,,,,13231177__,.08,07,,01,04,02,01,05,01,05,01,50,FE,S,MONROE AVE,,,,25,25,28,,,N,,130
20191323I-2019-004389,MONMOUTH,LITTLE SILVER BORO,03/24/2019,SU,1617,01,LITTLE SILVER PD,LITTLE SILVER,0,0,0,0,P,B,N,N,06,2,MONMOUTH COUNTY 13B II,,13,2,13000013B2,.00,05,,01,04,02,01,01,01,05,01,20,FE,E,CR 13B / PROSPECT AVE,,,,35,30,28,,,N,,137
20191323I-2019-004550,MONMOUTH,LITTLE SILVER BORO,03/27/2019,WE,1904,01,LITTLE SILVER PD,,0,0,0,0,P,B,N,N,03,4,MONMOUTH COUNTY 11 II,,11,2,130000112_,1.16,05,,01,04,02,01,01,01,05,01,100,FE,N,TINTON PL,,,,35,25,26,,,N,DAMAGED TO BLACK ALUMINUM FENCING.,130
20191323I-2019-004637,MONMOUTH,LITTLE SILVER BORO,03/29/2019,FR,0906,01,LITTLE SILVER PD,,0,0,0,0,P,B,N,N,03,2,PROSPECT AVE **,,,,13231014__,.21,07,,01,04,02,01,01,01,05,01,5,FE,N,WOODBINE AVE,,,,35,25,26,,,N,,139
20191323I-2019-004659,MONMOUTH,LITTLE SILVER BORO,03/29/2019,FR,2004,01,LITTLE SILVER PD,,0,0,0,0,P,B,N,N,07,2,MONMOUTH COUNTY 13 A,,13,A,13000013A_,3.76,05,,01,04,02,01,06,01,05,01,10,FE,W,CR 11 / BRANCH AVE,,,,40,35,26,,,N,,129
20191323I-2019-004693,MONMOUTH,LITTLE SILVER BORO,03/30/2019,SA,1115,01,LITTLE SILVER PD,,0,0,0,0,P,B,N,N,01,2,MONMOUTH COUNTY 11 II,,11,2,130000112_,2.33,05,,01,04,02,01,01,01,05,01,10,FE,S,ROUTE 520 / RUMSON RD,,,,35,35,26,,,N,,139
20191323I-2019-004813,MONMOUTH,LITTLE SILVER BORO,04/01/2019,MO,1900,01,LITTLE SILVER PD,,0,0,0,0,P,B,N,N,01,2,SILVERSIDE AVE,,,,13231113__,.89,07,,01,04,02,01,01,01,05,01,10,FE,W,CR 33 / SEVEN BRIDGE RD,,,,35,40,26,,,N,,142
20191323I-2019-004944,MONMOUTH,LITTLE SILVER BORO,04/03/2019,WE,1832,01,LITTLE SILVER PD,,0,0,0,0,P,B,N,N,02,2,MONMOUTH COUNTY 11 II,,11,2,130000112_,2.33,05,,01,04,02,01,01,01,05,01,20,FE,N,ROUTE 520 / RUMSON RD,,,,35,35,26,,,N,,131
20191323I-2019-004987,MONMOUTH,LITTLE SILVER BORO,04/04/2019,TH,1339,01,LITTLE SILVER PD,,0,0,0,0,P,B,N,N,01,2,MONMOUTH COUNTY 11 II,,11,2,130000112_,1.48,05,,01,04,02,01,01,01,05,01,10,FE,N,CR 13 A / SYCAMORE DR / WILLOW DR,,,,35,40,26,,,N,,139
20191323I-2019-004997,MONMOUTH,LITTLE SILVER BORO,04/04/2019,TH,1605,01,LITTLE SILVER PD,,0,0,0,0,P,B,N,N,08,2,WOODLAND ST **,,,,13231066__,.00,07,,01,04,02,01,01,01,05,04,5,FE,S,WHITE RD,,,,25,35,28,,,N,,131