Year(4)-CountyCode(2)-MunicipalityCode(2)-CaseNumber(9),County Name,Municipality Name,Crash Date,Crash Day of Week,Crash Time,Police Department Code,Police Department,Police Station,Total Killed,Total Injured,Pedestrians Killed,Pedestrians Injured,Severity,Intersection,Alcohol Involved,Hazmat Involved,Crash Type,Total Vehicles,Location,Location Direction,Route,Route Suffix,Std Rte Identifier,MilePost,Road System,Road Character,Road Horizontal Alignment,Road Grade,Road Surface Type,Surface Condition,Light Condition,Environmental Condition,Road Divided By,Temporary Traffic Control Zone,Distance To Cross Street,Unit Of Measurement,Direction From Cross Street,Cross Street Name,Is Ramp,Ramp To/From Route Name,Ramp To/From Route Direction,Posted Speed,Posted Speed Cross Street,First Harmful Event,Latitude,Longitude,Cell Phone In Use Flag,Other Property Damage,Reporting Badge No.
20191323I-2019-005095,MONMOUTH,LITTLE SILVER BORO,04/06/2019,SA,1557,01,LITTLE SILVER PD,,0,0,0,0,P,B,N,N,01,2,WHITE RD,,,,13451114__,.81,07,,01,04,02,01,01,01,05,01,30,FE,W,CR 11 II / BRANCH AVE,,,,35,35,26,,,N,,141
20191323I-2019-005290,MONMOUTH,LITTLE SILVER BORO,04/10/2019,WE,1720,01,LITTLE SILVER PD,,0,0,0,0,P,B,N,N,08,2,SOUTH SUNNYCREST DR **,,,,13231058__,.11,07,,01,04,02,01,01,01,05,01,100,FE,E,N SUNNYCREST DR,,,,25,25,26,,,N,,125
20191323I-2019-005360,MONMOUTH,LITTLE SILVER BORO,04/11/2019,TH,1631,01,LITTLE SILVER PD,,0,0,0,0,P,B,N,N,01,2,ROUTE 520,,520,,00000520__,17.55,05,,01,04,02,01,01,01,05,01,30,FE,S,FOX HILL DR,,,,35,25,26,,,N,,130
20191323I-2019-005364,MONMOUTH,LITTLE SILVER BORO,04/11/2019,TH,1750,01,LITTLE SILVER PD,,0,0,0,0,P,B,N,N,01,3,MONMOUTH COUNTY 11 II,,11,2,130000112_,1.70,05,,01,04,02,01,01,01,05,01,100,FE,N,RUDDY CT,,,,35,25,26,,,N,,142
20191323I-2019-005517,MONMOUTH,LITTLE SILVER BORO,04/14/2019,SU,1932,01,LITTLE SILVER PD,,0,0,0,0,P,B,N,N,12,1,MONMOUTH COUNTY 33,,33,,13000033__,3.01,05,,01,04,02,01,03,01,05,01,20,FE,S,KINGS RD,,,,40,25,24,,,N,,139
20191323I-2019-005537,MONMOUTH,LITTLE SILVER BORO,04/15/2019,MO,0508,01,LITTLE SILVER PD,,0,0,0,0,P,B,N,N,11,1,ROUTE 520,,520,,00000520__,18.64,05,,01,04,02,02,06,02,05,01,5,FE,W,HARDING RD,,,,35,35,56,,,N,,139
20191323I-2019-005550,MONMOUTH,LITTLE SILVER BORO,04/15/2019,MO,1203,01,LITTLE SILVER PD,,0,0,0,0,P,B,N,N,11,1,SILVERSIDE AVE,,,,,,07,,01,04,02,01,01,01,05,01,100,FE,W,ALWIN TERRACE,,,,35,25,61,,,N,71 SILVERSIDE AVE  MAIL BOX,142
20191323I-2019-005597,MONMOUTH,LITTLE SILVER BORO,04/16/2019,TU,0727,01,LITTLE SILVER PD,LITTLE SILVER,0,0,0,0,P,I,N,N,07,2,MONMOUTH COUNTY 34,,34,,13000034__,.77,05,,01,05,02,01,01,01,05,01,,AT,,PROSPECT AVE,,,,40,35,26,,,N,,137
20191323I-2019-005827,MONMOUTH,LITTLE SILVER BORO,04/21/2019,SU,1319,01,LITTLE SILVER PD,,0,0,0,0,P,I,N,N,03,2,MONMOUTH COUNTY 11 II,,11,2,130000112_,2.66,05,,01,06,02,01,01,01,05,01,,AT,,ROUTE 520 / PINCKNEY RD,,,,35,35,26,,,N,,142
20191323I-2019-005970,MONMOUTH,LITTLE SILVER BORO,04/24/2019,WE,0831,01,LITTLE SILVER PD,,0,0,0,0,P,I,N,N,03,2,MONMOUTH COUNTY 11 II,,11,2,130000112_,1.48,05,,01,04,02,01,01,01,05,01,,AT,,CR 13 A / SYCAMORE DR / WILLOW DR,,,,35,40,26,,,N,,125
20191323I-2019-006147,MONMOUTH,LITTLE SILVER BORO,04/29/2019,MO,0624,01,LITTLE SILVER PD,,0,0,0,0,P,I,N,N,07,2,MONMOUTH COUNTY 11 II,,11,2,130000112_,2.26,05,,01,04,02,01,01,01,05,01,,AT,,WHITE RD,,,,35,35,26,,,N,,139
20191323I-2019-006201,MONMOUTH,LITTLE SILVER BORO,04/30/2019,TU,0802,01,LITTLE SILVER PD,,0,0,0,0,P,B,N,N,06,2,LIPPINCOTT RD **,,,,13231005__,.61,07,,01,04,02,01,01,01,05,01,200,FE,S,LITTLE SILVER POINT RD,,,,25,25,26,,,N,,142
20191323I-2019-006229,MONMOUTH,LITTLE SILVER BORO,04/30/2019,TU,1648,01,LITTLE SILVER PD,,0,1,0,0,I,B,N,N,01,2,ROUTE 520,W,520,,00000520__,18.67,05,,01,04,02,01,01,01,04,01,150,FE,E,HARDING RD,,,,35,35,26,,,N,,142
20191323I-2019-006339,MONMOUTH,LITTLE SILVER BORO,05/02/2019,TH,1853,01,LITTLE SILVER PD,,0,0,0,0,P,B,N,N,01,2,AYERS LN **,,,,13231100__,.13,07,,01,04,02,01,01,01,05,01,10,FE,N,CR 11 II / OCEANPORT AVE,,,,25,35,26,,,N,,131
20191323I-2019-006479,MONMOUTH,LITTLE SILVER BORO,05/05/2019,SU,2347,01,LITTLE SILVER PD,,0,0,0,0,P,I,N,N,02,2,SILVERSIDE AVE,,,,13231113__,.89,07,,01,04,02,02,06,02,05,01,,AT,,CR 33 / SEVEN BRIDGE RD,,,,35,40,26,,,N,,141
20191323I-2019-006520,MONMOUTH,LITTLE SILVER BORO,05/06/2019,MO,1618,01,LITTLE SILVER PD,,0,0,0,0,P,B,N,N,01,2,MONMOUTH COUNTY 11 II,,11,2,130000112_,2.26,05,,01,04,02,01,01,01,05,01,5,FE,S,WHITE RD,,,,35,35,26,,,N,,139
20191323I-2019-006618,MONMOUTH,LITTLE SILVER BORO,05/08/2019,WE,0827,01,LITTLE SILVER PD,LITTLE SILVER ?,0,0,0,0,P,B,N,N,01,3,MONMOUTH COUNTY 33,,33,,13000033__,2.95,05,,01,04,02,01,01,01,05,01,60,FE,N,PINE DR,,,,40,25,26,,,N,,137
20191323I-2019-006639,MONMOUTH,LITTLE SILVER BORO,05/08/2019,WE,1802,01,LITTLE SILVER PD,,0,0,0,0,P,B,N,N,08,2,100 AYERS LANE (PARKING LOT),,,,,,09,,01,04,02,01,01,01,05,01,,,,,,,,,,26,,,N,,126
20191323I-2019-006732,MONMOUTH,LITTLE SILVER BORO,05/10/2019,FR,1046,01,LITTLE SILVER PD,,0,0,0,0,P,B,N,N,08,2,MONMOUTH COUNTY 13 A,,13,A,13000013A_,3.70,05,,01,04,02,01,01,01,05,01,5,FE,W,AYERS LN,,,,35,25,26,,,N,,139
20191323I-2019-006795,MONMOUTH,LITTLE SILVER BORO,05/11/2019,SA,1424,01,LITTLE SILVER PD,,0,0,0,0,P,B,N,N,01,2,SILVERSIDE AVE,,,,13231113__,.89,07,,01,04,02,01,01,01,05,01,10,FE,W,CR 33 / SEVEN BRIDGE RD,,,,35,40,26,,,N,,139
20191323I-2019-006923,MONMOUTH,LITTLE SILVER BORO,05/13/2019,MO,2240,01,LITTLE SILVER PD,,0,1,0,0,I,B,N,N,06,2,ROUTE 520,,520,,00000520__,17.42,05,,01,04,02,02,07,01,05,01,500,FE,W,CR 11 / BRANCH AVE,,,,35,35,28,,,Y,,142
20191323I-2019-007053,MONMOUTH,LITTLE SILVER BORO,05/16/2019,TH,1137,01,LITTLE SILVER PD,,0,0,0,0,P,B,N,N,08,2,MONMOUTH COUNTY 13B II,,13,2,13000013B2,.01,05,,01,04,02,01,01,01,05,01,75,FE,E,CR 13B / PROSPECT AVE,,,,35,30,26,,,N,,139
20191323I-2019-007057,MONMOUTH,LITTLE SILVER BORO,05/16/2019,TH,1354,01,LITTLE SILVER PD,,0,0,0,0,P,B,N,N,01,2,ROUTE 520,,520,,00000520__,18.64,05,,01,04,02,01,01,01,05,01,20,FE,E,HARDING RD,,,,35,35,26,,,N,,131
20191323I-2019-007069,MONMOUTH,LITTLE SILVER BORO,05/16/2019,TH,1940,01,LITTLE SILVER PD,,0,0,0,0,P,I,N,N,02,2,MONMOUTH COUNTY 34,,34,,13000034__,1.52,05,,01,04,02,01,01,01,05,01,,AT,W,HANCE ROAD,,,,40,25,26,,,N,,129
20191323I-2019-007129,MONMOUTH,LITTLE SILVER BORO,05/17/2019,FR,1449,01,LITTLE SILVER PD,,0,0,0,0,P,B,N,N,08,2,101 RIDGE ROAD (PARKING LOT),,,,,,09,,01,04,02,01,01,01,05,01,,,,,,,,,,28,,,N,,141
20191323I-2019-007270,MONMOUTH,LITTLE SILVER BORO,05/20/2019,MO,0810,01,LITTLE SILVER PD,,0,0,0,0,P,B,N,N,08,2,PARKER AVE **,,,,,,07,,01,04,02,01,01,01,05,01,75,FE,E,WILLOW DRIVE,,,,25,35,26,,,N,,139
20191323I-2019-007409,MONMOUTH,LITTLE SILVER BORO,05/22/2019,WE,1447,01,LITTLE SILVER PD,LITTLE SILVER,0,0,0,0,P,B,N,N,08,2,101 RIDGE ROAD (PARKING LOT),,,,,,09,,01,04,02,01,01,01,05,01,,,,,,,,,,26,,,N,,137
20191323I-2019-007577,MONMOUTH,LITTLE SILVER BORO,05/25/2019,SA,1257,01,LITTLE SILVER PD,,0,0,0,0,P,B,N,N,11,1,ROUTE 520,,520,,00000520__,17.51,05,,01,04,02,01,01,01,05,01,15,FE,E,CR 11 / BRANCH AVE,,,,35,35,56,,,N,POLE # JC57LSB WAS STRUCK BY VEHICLE #1,139
20191323I-2019-007765,MONMOUTH,LITTLE SILVER BORO,05/29/2019,WE,0736,01,LITTLE SILVER PD,,0,0,0,0,P,B,N,N,02,2,101 RIDGE ROAD (PARKING LOT),,,,,,08,,01,04,02,01,01,01,05,01,,,,,,,,,,26,,,N,,134
20191323I-2019-007879,MONMOUTH,LITTLE SILVER BORO,05/31/2019,FR,0929,01,LITTLE SILVER PD,,0,0,0,0,P,B,N,N,08,2,MONMOUTH COUNTY 11 II,,11,2,130000112_,1.25,05,,01,04,02,01,01,01,05,03,50,FE,S,SILVERSIDE AVE,,,,35,35,26,,,N,,126
20191323I-2019-007993,MONMOUTH,LITTLE SILVER BORO,06/02/2019,SU,1247,01,LITTLE SILVER PD,,0,0,0,0,P,B,N,N,02,2,ROUTE 520,,520,,00000520__,18.64,05,,01,04,02,01,01,01,05,01,15,FE,E,HARDING RD,,,,35,35,26,,,N,,141
20191323I-2019-008126,MONMOUTH,LITTLE SILVER BORO,06/04/2019,TU,1532,01,LITTLE SILVER PD,,0,0,0,0,P,B,N,N,03,2,MONMOUTH COUNTY 34,,34,,13000034__,1.01,05,,01,04,02,01,01,01,05,01,10,FE,E,HARRISON AVE,,,,40,25,26,,,N,,140
20191323I-2019-008179,MONMOUTH,LITTLE SILVER BORO,06/05/2019,WE,1853,01,LITTLE SILVER PD,,0,0,0,0,P,B,N,N,03,2,MONMOUTH COUNTY 11 II,,11,2,130000112_,1.47,05,,01,04,02,02,01,02,05,01,75,FE,S,CR 13 A / SYCAMORE DR / WILLOW DR,,,,35,40,26,,,N,,141
20191323I-2019-008344,MONMOUTH,LITTLE SILVER BORO,06/08/2019,SA,1314,01,LITTLE SILVER PD,,0,0,0,0,P,B,N,N,02,2,MONMOUTH COUNTY 13B I,,13,1,13000013B1,.90,05,,01,04,02,01,01,01,05,01,100,FE,N,MARKHAM PL,,,,30,25,26,,,N,,140
20191323I-2019-008347,MONMOUTH,LITTLE SILVER BORO,06/08/2019,SA,1525,01,LITTLE SILVER PD,,0,1,0,0,I,I,N,N,07,2,MONMOUTH COUNTY 11 II,,11,2,130000112_,1.26,05,,01,04,02,01,01,01,05,01,,AT,,SILVERSIDE AVE,,,,35,35,26,,,N,,140
20191323I-2019-008349,MONMOUTH,LITTLE SILVER BORO,06/08/2019,SA,1619,01,LITTLE SILVER PD,,0,0,0,0,P,B,N,N,08,2,CAROLYN ROAD,,,,,,07,,02,04,02,01,01,01,05,01,200,FE,,JUDITH ROAD,,,,25,25,28,,,N,,124
20191323I-2019-008354,MONMOUTH,LITTLE SILVER BORO,06/08/2019,SA,2217,01,LITTLE SILVER PD,,0,0,0,0,P,B,N,N,01,2,ROUTE 520,,520,,00000520__,17.51,05,,01,04,02,01,07,01,05,01,5,FE,E,CR 11 / BRANCH AVE,,,,35,35,26,,,N,,139
20191323I-2019-008417,MONMOUTH,LITTLE SILVER BORO,06/10/2019,MO,1452,01,LITTLE SILVER PD,,0,0,0,0,P,B,N,N,08,2,101 RIDGE ROAD (PARKING LOT),,,,,,09,,01,04,02,01,01,01,05,01,,,,,,,,,,26,,,N,,134
20191323I-2019-008643,MONMOUTH,LITTLE SILVER BORO,06/14/2019,FR,1511,01,LITTLE SILVER PD,,0,0,0,0,P,I,N,N,03,2,MONMOUTH COUNTY 33,,33,,13000033__,3.01,05,,01,04,02,01,01,01,05,01,,AT,,KINGS RD,,,,40,25,26,,,N,,130
20191323I-2019-008704,MONMOUTH,LITTLE SILVER BORO,06/15/2019,SA,1543,01,LITTLE SILVER PD,,0,0,0,0,P,B,N,N,01,2,MONMOUTH COUNTY 33,,33,,13000033__,1.90,05,,01,05,02,01,01,01,05,01,300,FE,S,SILVERSIDE AVE,,,,40,35,26,,,N,,142
20191323I-2019-008839,MONMOUTH,LITTLE SILVER BORO,06/18/2019,TU,1608,01,LITTLE SILVER PD,,0,0,0,0,P,I,N,N,03,2,MONMOUTH COUNTY 13B I,,13,1,13000013B1,.88,05,,01,04,02,02,01,02,05,01,,AT,,MARKHAM PL,,,,30,25,26,,,N,,140
20191323I-2019-009076,MONMOUTH,LITTLE SILVER BORO,06/24/2019,MO,1427,01,LITTLE SILVER PD,,0,2,0,0,I,B,N,N,01,2,MONMOUTH COUNTY 11 II,,11,2,130000112_,1.65,05,,01,04,02,01,01,01,05,01,175,FE,S,RUDDY CT,,,,35,25,26,,,N,,117
20191323I-2019-009136,MONMOUTH,LITTLE SILVER BORO,06/25/2019,TU,1228,01,LITTLE SILVER PD,,0,1,0,0,I,I,N,N,07,2,ROUTE 520,,520,,00000520__,18.20,05,,01,04,02,01,01,01,05,01,,AT,,CR 13 B / PROSPECT AVE,,,,35,30,26,,,N,,125
20191323I-2019-009138,MONMOUTH,LITTLE SILVER BORO,06/25/2019,TU,2016,01,LITTLE SILVER PD,,0,2,0,0,I,B,N,N,01,2,WHITE RD,,,,13451114__,,07,,01,04,02,01,01,01,05,01,450,MI,N,HERITAGE DRIVE,,,,35,25,26,,,N,,141
20191323I-2019-009182,MONMOUTH,LITTLE SILVER BORO,06/26/2019,WE,2058,01,LITTLE SILVER PD,,0,0,0,0,P,B,N,N,11,1,MONMOUTH COUNTY 13 A,,13,A,13000013A_,3.76,05,,01,04,02,01,06,01,05,01,20,FE,W,CR 11 / BRANCH AVE,,,,40,35,56,,,N,,139
20191323I-2019-009224,MONMOUTH,LITTLE SILVER BORO,06/27/2019,TH,1054,01,LITTLE SILVER PD,,0,1,0,0,I,B,N,N,02,2,MONMOUTH COUNTY 13B I,,13,1,13000013B1,.79,05,,01,04,02,01,01,01,05,01,500,FE,S,MARKHAM PL,,,,30,25,26,,,N,,140
20191323I-2019-009270,MONMOUTH,LITTLE SILVER BORO,06/28/2019,FR,0857,01,LITTLE SILVER PD,,0,0,0,0,P,B,N,N,08,2,MONMOUTH COUNTY 13B I,,13,1,13000013B1,.11,05,,01,04,02,01,01,01,05,01,20,FE,E,PARKER AVE,,,,35,25,26,,,N,,130
20191323I-2019-009326,MONMOUTH,LITTLE SILVER BORO,06/29/2019,SA,1704,01,LITTLE SILVER PD,,0,0,0,0,P,B,N,N,08,2,BREEZY PT **,,,,13231096__,.00,07,,01,04,02,01,01,01,05,01,200,FE,S,SILVERMAN AVE,,,,25,35,28,,,N,,142
20191323I-2019-009560,MONMOUTH,LITTLE SILVER BORO,07/04/2019,TH,1610,01,LITTLE SILVER PD,LITTLE SILVER,0,0,0,0,P,B,N,N,01,2,SILVERSIDE AVE,,,,13231113__,.89,07,,01,04,02,01,01,01,05,01,1,FE,W,CR 33 / SEVEN BRIDGE RD,,,,35,40,26,,,N,,137
20191323I-2019-009593,MONMOUTH,LITTLE SILVER BORO,07/05/2019,FR,0936,01,LITTLE SILVER PD,,0,0,0,0,P,B,N,N,01,2,AYERS LN **,,,,13231100__,.13,07,,01,04,02,01,01,01,05,01,15,FE,N,CR 11 II / OCEANPORT AVE,,,,25,35,26,,,N,,139
20191323I-2019-009657,MONMOUTH,LITTLE SILVER BORO,07/06/2019,SA,2348,01,LITTLE SILVER PD,,0,1,0,0,I,I,N,N,11,1,MONMOUTH COUNTY 11 II,,11,2,130000112_,1.48,05,,01,05,02,01,06,01,05,01,,AT,,CR 13 A / SYCAMORE DR / WILLOW DR,,,,35,40,56,,,N,VEHICLE 1 STRUCK TRAFFIC SIGNAL STANCHION  WHICH WAS KNOCKED TO THE ROADWAY DAM?,140
20191323I-2019-009796,MONMOUTH,LITTLE SILVER BORO,07/09/2019,TU,1202,01,LITTLE SILVER PD,,0,0,0,0,P,I,N,N,12,1,MONMOUTH COUNTY 11 II,,11,2,130000112_,1.93,05,,01,04,02,01,01,01,05,01,,AT,,BROOKSIDE LN,,,,35,25,24,,,N,,126
20191323I-2019-009935,MONMOUTH,LITTLE SILVER BORO,07/12/2019,FR,1002,01,LITTLE SILVER PD,,0,0,0,0,P,I,N,N,03,2,MONMOUTH COUNTY 11 II,,11,2,130000112_,1.98,05,,01,04,02,01,01,01,05,01,,AT,,S SUNNYCREST DR,,,,35,25,26,,,N,,141
20191323I-2019-009946,MONMOUTH,LITTLE SILVER BORO,07/12/2019,FR,1229,01,LITTLE SILVER PD,LITTLE SILVER,0,0,0,0,P,B,N,N,01,2,SILVERSIDE AVE,,,,13231113__,.89,07,,01,04,02,01,01,01,05,01,10,FE,W,CR 33 / SEVEN BRIDGE RD,,,,35,40,26,,,N,,137
20191323I-2019-010017,MONMOUTH,LITTLE SILVER BORO,07/13/2019,SA,2133,01,LITTLE SILVER PD,,0,1,0,0,I,B,N,N,01,2,ROUTE 520,,520,,00000520__,17.51,05,,01,04,02,01,07,01,05,01,5,FE,E,CR 11 / BRANCH AVE,,,,35,35,26,,,N,,120
20191323I-2019-010215,MONMOUTH,LITTLE SILVER BORO,07/17/2019,WE,1410,01,LITTLE SILVER PD,,0,2,0,0,I,R,N,N,01,2,MONMOUTH COUNTY 11 II,,11,2,130000112_,1.27,05,,01,04,02,01,01,01,05,01,75,FE,N,SILVERSIDE AVE,,,,35,35,26,,,N,,
20191323I-2019-010255,MONMOUTH,LITTLE SILVER BORO,07/18/2019,TH,1248,01,LITTLE SILVER PD,,0,0,0,0,P,I,N,N,01,2,SPRING ST **,,,,13231042__,.00,07,,03,05,02,01,01,01,05,01,,AT,,CR 11 II / BRANCH AVE,,,,25,,26,,,N,,141
20191323I-2019-010265,MONMOUTH,LITTLE SILVER BORO,07/18/2019,TH,1826,01,LITTLE SILVER PD,LITTLE SILVER,0,0,0,0,P,B,N,N,01,2,MONMOUTH COUNTY 33,,33,,13000033__,2.63,05,,01,04,02,02,01,02,05,01,15,FE,N,LITTLE SILVER POINT RD,,,,40,25,26,,,N,,137
20191323I-2019-010440,MONMOUTH,LITTLE SILVER BORO,07/22/2019,MO,1253,01,LITTLE SILVER PD,,0,0,0,0,P,I,N,N,03,2,PROSPECT AVE **,,,,13231014__,.21,07,,01,04,02,01,01,01,05,01,,AT,,WOODBINE AVE,,,,35,25,26,,,N,,141
20191323I-2019-010477,MONMOUTH,LITTLE SILVER BORO,07/22/2019,MO,2020,01,LITTLE SILVER PD,LITTLE SILVER ?,0,1,0,0,I,B,N,N,04,3,ROUTE 520,,520,,00000520__,17.98,05,,01,04,02,02,04,02,05,01,15,FE,W,N LOVETT AVE,,,,35,25,26,,,N,,137
20191323I-2019-010592,MONMOUTH,LITTLE SILVER BORO,07/24/2019,WE,2200,01,LITTLE SILVER PD,,0,0,0,0,P,B,N,N,11,1,LITTLE SILVER PT RD **,,,,13231001__,.18,07,,01,04,02,01,06,01,05,01,5,FE,W,PARKER AVE,,,,25,25,69,,,N,,140
20191323I-2019-010677,MONMOUTH,LITTLE SILVER BORO,07/26/2019,FR,1238,01,LITTLE SILVER PD,,0,0,0,0,P,B,N,N,06,2,MONMOUTH COUNTY 13B II,,13,2,13000013B2,.00,05,,01,04,02,01,01,01,05,01,25,FE,E,CR 13B / PROSPECT AVE,,,,35,30,28,,,N,,141
20191323I-2019-010682,MONMOUTH,LITTLE SILVER BORO,07/26/2019,FR,1342,01,LITTLE SILVER PD,,0,0,0,0,P,B,N,N,01,2,MONMOUTH COUNTY 11 II,,11,2,130000112_,1.62,05,,01,04,02,01,01,01,05,01,300,FE,S,RUDDY CT,,,,35,25,26,,,N,,141
20191323I-2019-010791,MONMOUTH,LITTLE SILVER BORO,07/28/2019,SU,1705,01,LITTLE SILVER PD,LITTLE SILVER ?,0,0,0,0,P,B,N,N,01,2,SILVERSIDE AVE,,,,13231113__,.89,07,,01,04,02,01,01,01,05,01,10,FE,W,CR 33 / SEVEN BRIDGE RD,,,,35,40,26,,,N,,137
20191323I-2019-010890,MONMOUTH,LITTLE SILVER BORO,07/30/2019,TU,1749,01,LITTLE SILVER PD,,0,0,0,0,P,B,N,N,01,2,SILVERSIDE AVE,,,,13231113__,.89,07,,01,04,02,01,01,01,05,01,10,FE,W,CR 33 / SEVEN BRIDGE RD,,,,35,40,26,,,N,,140
20191323I-2019-010912,MONMOUTH,LITTLE SILVER BORO,07/31/2019,WE,0239,01,LITTLE SILVER PD,,0,0,0,0,P,B,N,N,12,1,MONMOUTH COUNTY 33,,33,,13000033__,2.54,05,,01,04,02,01,07,01,05,01,500,FE,S,LITTLE SILVER POINT RD,,,,40,25,24,,,N,,131
20191323I-2019-010917,MONMOUTH,LITTLE SILVER BORO,07/31/2019,WE,0753,01,LITTLE SILVER PD,,0,0,0,0,P,I,N,N,11,2,MONMOUTH COUNTY 11 II,,11,2,130000112_,2.66,05,,01,04,02,01,01,01,05,01,,AT,,ROUTE 520 / PINCKNEY RD,,,,35,35,56,,,N,JAMES KEANE  210 PINCKNEY RD. LITTLE SILVER  NJ. (732-470-9549) DAMAGE TO LANDS?,142
20191323I-2019-010933,MONMOUTH,LITTLE SILVER BORO,07/31/2019,WE,1500,01,LITTLE SILVER PD,,0,1,0,0,I,B,N,N,01,3,ROUTE 520,,520,,00000520__,18.33,05,,01,04,02,02,01,02,05,01,10,FE,W,CHURCH LN,,,,35,25,26,,,N,,130
20191323I-2019-011028,MONMOUTH,LITTLE SILVER BORO,08/02/2019,FR,1232,01,LITTLE SILVER PD,,0,0,0,0,P,B,N,N,06,2,LITTLE SILVER PT RD / S POINT RD **,,,,13231001__,.53,07,,01,04,02,01,01,01,05,01,200,FE,E,WESTWOOD RD,,,,25,25,26,,,N,,124
20191323I-2019-011035,MONMOUTH,LITTLE SILVER BORO,08/02/2019,FR,1936,01,LITTLE SILVER PD,,0,1,0,0,I,B,N,N,01,2,SILVERSIDE AVE,,,,13231113__,.89,07,,01,04,02,01,03,01,05,01,5,FE,W,CR 33 / SEVEN BRIDGE RD,,,,35,40,26,,,N,,131
20191323I-2019-011289,MONMOUTH,LITTLE SILVER BORO,08/08/2019,TH,1739,01,LITTLE SILVER PD,,0,0,0,0,P,I,N,N,01,2,SILVERSIDE AVE,,,,13231113__,.89,07,,01,04,02,01,01,01,05,01,,AT,,CR 33 / SEVEN BRIDGE RD,,,,35,40,26,,,N,,140
20191323I-2019-011330,MONMOUTH,LITTLE SILVER BORO,08/09/2019,FR,1523,01,LITTLE SILVER PD,,0,0,0,0,P,B,N,N,01,2,ROUTE 520,,520,,00000520__,18.75,05,,01,04,02,01,01,01,05,01,10,FE,E,MITCHELL PL / N MITCHELL PL,,,,35,25,26,,,N,,130
20191323I-2019-011362,MONMOUTH,LITTLE SILVER BORO,08/10/2019,SA,1053,01,LITTLE SILVER PD,,0,0,0,0,P,B,N,N,03,2,MONMOUTH COUNTY 11 II,,11,2,130000112_,1.48,05,,01,04,02,01,01,01,05,01,25,FE,S,CR 13 A / SYCAMORE DR / WILLOW DR,,,,35,40,26,,,N,,130
20191323I-2019-011412,MONMOUTH,LITTLE SILVER BORO,08/11/2019,SU,1247,01,LITTLE SILVER PD,,0,0,0,0,P,B,N,N,01,2,AYERS LN **,,,,13231100__,.13,07,,01,04,02,01,01,01,05,01,5,FE,N,CR 11 II / OCEANPORT AVE,,,,25,35,26,,,N,,130
20191323I-2019-011414,MONMOUTH,LITTLE SILVER BORO,08/11/2019,SU,1450,01,LITTLE SILVER PD,,0,0,0,0,P,B,N,N,11,1,ROUTE 520,,520,,00000520__,18.33,05,,01,05,02,01,01,01,05,01,5,FE,W,CHURCH LN,,,,35,25,52,,,N,,125
20191323I-2019-011461,MONMOUTH,LITTLE SILVER BORO,08/12/2019,MO,1635,01,LITTLE SILVER PD,,0,0,0,0,P,B,N,N,01,2,MONMOUTH COUNTY 11 II,,11,2,130000112_,2.21,05,,01,04,02,01,01,01,05,01,25,FE,S,CARLILE TER,,,,35,25,26,,,N,,129
20191323I-2019-011642,MONMOUTH,LITTLE SILVER BORO,08/16/2019,FR,1819,01,LITTLE SILVER PD,,0,0,0,0,P,B,N,N,01,2,ROUTE 520,,520,,00000520__,18.64,05,,01,04,02,01,01,01,05,01,25,FE,W,HARDING RD,,,,35,35,26,,,N,,140
20191323I-2019-011665,MONMOUTH,LITTLE SILVER BORO,08/17/2019,SA,0724,01,LITTLE SILVER PD,,0,0,0,0,P,B,N,N,03,2,MONMOUTH COUNTY 13B I,,13,1,13000013B1,.12,05,,01,04,02,01,01,05,05,01,50,FE,N,PARKER AVE,,,,35,25,26,,,N,,140
20191323I-2019-011813,MONMOUTH,LITTLE SILVER BORO,08/20/2019,TU,1307,01,LITTLE SILVER PD,,0,0,0,0,P,B,N,N,02,2,MONMOUTH COUNTY 11 II,,11,2,130000112_,1.46,05,,01,04,02,01,01,01,05,01,100,FE,S,CR 13 A / SYCAMORE DR / WILLOW DR,,,,35,35,26,,,N,,130
20191323I-2019-011897,MONMOUTH,LITTLE SILVER BORO,08/22/2019,TH,1226,01,LITTLE SILVER PD,,0,0,0,0,P,B,N,N,01,2,MONMOUTH COUNTY 11 II,,11,2,130000112_,1.47,05,,01,04,02,01,01,01,05,01,40,FE,S,CR 13 A / SYCAMORE DR / WILLOW DR,,,,35,35,26,,,N,,140
20191323I-2019-012214,MONMOUTH,LITTLE SILVER BORO,08/30/2019,FR,1351,01,LITTLE SILVER PD,,0,1,0,0,I,B,N,N,02,2,MONMOUTH COUNTY 13B II,,13,2,13000013B2,.10,05,,01,04,02,01,01,01,05,01,300,FE,W,CHURCH LN,,,,35,25,26,,,N,,134
20191323I-2019-012218,MONMOUTH,LITTLE SILVER BORO,08/30/2019,FR,1546,01,LITTLE SILVER PD,,0,0,0,0,P,B,N,N,08,2,PAAG CIR / PAAG LN **,,,,13231008__,.00,07,,01,04,02,01,01,01,05,01,5,FE,E,CR 33 / SEVEN BRIDGE RD,,,,25,40,26,,,N,,139
20191323I-2019-012302,MONMOUTH,LITTLE SILVER BORO,09/01/2019,SU,1239,01,LITTLE SILVER PD,,0,1,0,0,I,B,N,N,03,2,ROUTE 520,,520,,00000520__,18.60,05,,01,04,02,01,01,01,05,01,2,FE,E,CR 33 / SEVEN BRIDGES RD,,,,35,40,26,,,N,,139