Year(4)-CountyCode(2)-MunicipalityCode(2)-CaseNumber(9),County Name,Municipality Name,Crash Date,Crash Day of Week,Crash Time,Police Department Code,Police Department,Police Station,Total Killed,Total Injured,Pedestrians Killed,Pedestrians Injured,Severity,Intersection,Alcohol Involved,Hazmat Involved,Crash Type,Total Vehicles,Location,Location Direction,Route,Route Suffix,Std Rte Identifier,MilePost,Road System,Road Character,Road Horizontal Alignment,Road Grade,Road Surface Type,Surface Condition,Light Condition,Environmental Condition,Road Divided By,Temporary Traffic Control Zone,Distance To Cross Street,Unit Of Measurement,Direction From Cross Street,Cross Street Name,Is Ramp,Ramp To/From Route Name,Ramp To/From Route Direction,Posted Speed,Posted Speed Cross Street,First Harmful Event,Latitude,Longitude,Cell Phone In Use Flag,Other Property Damage,Reporting Badge No.
20191323I-2019-012330,MONMOUTH,LITTLE SILVER BORO,09/02/2019,MO,1329,01,LITTLE SILVER PD,,0,0,0,0,P,B,N,N,01,2,WHITE RD,,,,13451114__,.82,07,,01,04,02,01,01,01,05,01,10,FE,W,CR 11 II / BRANCH AVE,,,,35,35,26,,,N,,141
20191323I-2019-012450,MONMOUTH,LITTLE SILVER BORO,09/05/2019,TH,1630,01,LITTLE SILVER PD,,0,0,0,0,P,B,N,N,01,2,SILVERSIDE AVE,,,,13231113__,.89,07,,01,04,02,01,01,01,05,01,5,FE,W,CR 33 / SEVEN BRIDGE RD,,,,35,40,26,,,N,,139
20191323I-2019-012519,MONMOUTH,LITTLE SILVER BORO,09/07/2019,SA,1041,01,LITTLE SILVER PD,,0,0,0,0,P,I,N,N,03,2,MONMOUTH COUNTY 11 II,,11,2,130000112_,2.16,05,,01,04,02,01,01,01,05,01,,AT,,MARKHAM PL,,,,35,25,26,,,N,,141
20191323I-2019-012600,MONMOUTH,LITTLE SILVER BORO,09/09/2019,MO,1659,01,LITTLE SILVER PD,,0,0,0,0,P,B,N,N,11,1,MONMOUTH COUNTY 11 II,,11,2,130000112_,2.66,05,,01,04,02,01,01,01,05,01,50,FE,S,ROUTE 520 / PINCKNEY RD,,,,35,35,56,,,N,VEHICLE #1 STRUCK A COUNTY 520 ROADWAY SIGN,139
20191323I-2019-012683,MONMOUTH,LITTLE SILVER BORO,09/11/2019,WE,1355,01,LITTLE SILVER PD,LITTLE SILVER ?,0,0,0,0,P,B,N,N,08,2,LIPPINCOTT RD **,,,,13231005__,.61,07,,01,04,02,01,01,01,05,01,200,FE,S,LITTLE SILVER POINT RD,,,,25,25,28,,,N,,137
20191323I-2019-012694,MONMOUTH,LITTLE SILVER BORO,09/11/2019,WE,1907,01,LITTLE SILVER PD,,0,0,0,0,P,B,N,N,01,2,MONMOUTH COUNTY 11 II,,11,2,130000112_,2.32,05,,01,04,02,01,01,01,05,01,50,FE,S,ROUTE 520 / RUMSON RD,,,,35,35,26,,,N,,142
20191323I-2019-012812,MONMOUTH,LITTLE SILVER BORO,09/13/2019,FR,1801,01,LITTLE SILVER PD,,0,0,0,0,P,B,N,N,08,2,FAIRVIEW AVE **,,,,13231098__,.01,07,,01,04,02,01,01,01,05,01,45,FE,S,SILVERSIDE AVE,,,,25,35,26,,,N,,139
20191323I-2019-012877,MONMOUTH,LITTLE SILVER BORO,09/15/2019,SU,0010,01,LITTLE SILVER PD,,0,0,0,0,P,B,N,N,08,2,WINDING WAY / WINDING WAY S **,,,,13231006__,.03,07,,01,04,02,01,07,01,05,01,300,FE,S,WESTWOOD RD,,,,25,25,28,,,N,,131
20191323I-2019-012881,MONMOUTH,LITTLE SILVER BORO,09/15/2019,SU,1613,01,LITTLE SILVER PD,,0,0,0,0,P,I,N,N,03,2,MONMOUTH COUNTY 11 II,,11,2,130000112_,2.66,05,,01,04,02,01,01,01,05,01,,AT,,ROUTE 520 / PINCKNEY RD,,,,35,35,26,,,N,,139
20191323I-2019-012882,MONMOUTH,LITTLE SILVER BORO,09/15/2019,SU,1634,01,LITTLE SILVER PD,,0,0,0,0,P,B,N,N,01,2,MONMOUTH COUNTY 33,,33,,13000033__,3.34,05,,01,04,02,01,01,01,05,01,5,FE,S,ROUTE 520 / RUMSON RD,,,,40,35,26,,,N,,139
20191323I-2019-012928,MONMOUTH,LITTLE SILVER BORO,09/16/2019,MO,1618,01,LITTLE SILVER PD,,0,0,0,0,P,B,N,N,01,2,MONMOUTH COUNTY 11 II,,11,2,130000112_,2.66,05,,01,04,02,01,01,01,05,01,10,FE,W,ROUTE 520 / PINCKNEY RD,,,,35,35,26,,,N,,141
20191323I-2019-012982,MONMOUTH,LITTLE SILVER BORO,09/17/2019,TU,1246,01,LITTLE SILVER PD,,0,0,0,0,P,I,N,N,15,1,SILVERSIDE AVE,,,,13231113__,.27,07,,01,04,02,01,01,01,05,01,,AT,,JUDITH RD / SUNLANDS CT,,,,35,25,30,,,N,,126
20191323I-2019-012991,MONMOUTH,LITTLE SILVER BORO,09/17/2019,TU,1643,01,LITTLE SILVER PD,,0,0,0,0,P,I,N,N,02,2,SILVERSIDE AVE,,,,13231113__,.89,07,,01,04,02,01,01,01,05,01,,AT,,CR 33 / SEVEN BRIDGE RD,,,,35,40,26,,,N,,141
20191323I-2019-013124,MONMOUTH,LITTLE SILVER BORO,09/20/2019,FR,0951,01,LITTLE SILVER PD,,0,0,0,0,P,B,N,N,01,2,ROUTE 520,,520,,00000520__,17.52,05,,01,04,02,01,01,01,05,01,50,FE,E,CR 11 / BRANCH AVE,,,,35,35,26,,,N,,141
20191323I-2019-013260,MONMOUTH,LITTLE SILVER BORO,09/23/2019,MO,1401,01,LITTLE SILVER PD,,0,0,0,0,P,B,N,N,06,2,MONMOUTH COUNTY 13B I,,13,1,13000013B1,.62,05,,01,05,02,01,01,01,05,01,50,FE,W,BROOK AVE,,,,35,25,28,,,N,,129
20191323I-2019-013399,MONMOUTH,LITTLE SILVER BORO,09/26/2019,TH,0804,01,LITTLE SILVER PD,,0,1,0,0,I,B,N,N,01,2,AYERS LN **,,,,13231100__,.13,07,,01,04,02,01,01,01,05,01,10,FE,N,CR 11 II / OCEANPORT AVE,,,,25,35,26,,,N,,142
20191323I-2019-013490,MONMOUTH,LITTLE SILVER BORO,09/28/2019,SA,1227,01,LITTLE SILVER PD,,0,0,0,0,P,B,N,N,01,2,MONMOUTH COUNTY 13B I,,13,1,13000013B1,.96,05,,01,04,02,01,01,01,05,01,75,FE,N,CR 13B / CHURCH ST,,,,30,35,26,,,N,,140
20191323I-2019-013587,MONMOUTH,LITTLE SILVER BORO,10/01/2019,TU,0907,01,LITTLE SILVER PD,,0,0,0,0,P,B,N,N,06,2,N LOVETT AVE **,,,,13231076__,.04,07,,01,04,02,01,07,01,05,01,225,FE,S,ROUTE 520 / RUMSON RD,,,,25,35,28,,,N,,125
20191323I-2019-013613,MONMOUTH,LITTLE SILVER BORO,10/01/2019,TU,1743,01,LITTLE SILVER PD,,0,0,0,0,P,B,N,N,08,2,WHITE RD,,,,13451114__,.81,07,,01,04,02,01,01,01,05,01,50,FE,W,CR 11 II / BRANCH AVE,,,,35,35,26,,,N,,142
20191323I-2019-013658,MONMOUTH,LITTLE SILVER BORO,10/02/2019,WE,1611,01,LITTLE SILVER PD,,0,0,0,0,P,B,N,N,08,2,MONMOUTH COUNTY 11 II,,11,2,130000112_,1.22,05,,01,04,02,01,01,01,99,02,200,FE,S,SILVERSIDE AVE,,,,35,25,26,,,N,,125
20191323I-2019-013805,MONMOUTH,LITTLE SILVER BORO,10/05/2019,SA,2358,01,LITTLE SILVER PD,,0,0,0,0,P,B,N,N,08,2,LOVETT AVE **,,,,13231177__,.16,07,,01,04,02,01,06,01,05,01,20,FE,N,ORCHARD PL,,,,25,25,28,,,N,,141
20191323I-2019-013867,MONMOUTH,LITTLE SILVER BORO,10/07/2019,MO,1441,01,LITTLE SILVER PD,,0,0,0,0,P,B,N,N,01,2,MONMOUTH COUNTY 13 A,,13,A,13000013A_,3.71,05,,01,04,02,01,01,01,05,01,50,FE,E,AYERS LN,,,,35,25,26,,,N,,129
20191323I-2019-014208,MONMOUTH,LITTLE SILVER BORO,10/15/2019,TU,1732,01,LITTLE SILVER PD,,0,0,0,0,P,B,N,N,12,1,MONMOUTH COUNTY 33,,33,,13000033__,2.20,05,,01,04,02,01,01,01,05,01,200,FE,N,PAAG LN,,,,40,25,24,,,N,,125
20191323I-2019-014252,MONMOUTH,LITTLE SILVER BORO,10/16/2019,WE,0932,01,LITTLE SILVER PD,,0,0,0,0,P,B,N,N,08,2,MONMOUTH COUNTY 11 II,,11,2,130000112_,1.99,05,,01,04,02,01,01,01,05,02,75,FE,N,S SUNNYCREST DR,,,,35,25,28,,,N,,129
20191323I-2019-014362,MONMOUTH,LITTLE SILVER BORO,10/18/2019,FR,1720,01,LITTLE SILVER PD,,0,1,0,0,I,I,N,N,03,2,MONMOUTH COUNTY 11 II,,11,2,130000112_,2.66,05,,01,05,02,01,01,01,05,01,,AT,,ROUTE 520 / PINCKNEY RD,,,,35,35,26,,,N,,142
20191323I-2019-014386,MONMOUTH,LITTLE SILVER BORO,10/19/2019,SA,1147,01,LITTLE SILVER PD,,0,0,0,0,P,I,N,N,03,2,MONMOUTH COUNTY 11 II,,11,2,130000112_,2.26,05,,01,04,02,01,01,01,05,01,,AT,,WHITE RD,,,,35,35,26,,,N,,142
20191323I-2019-014420,MONMOUTH,LITTLE SILVER BORO,10/20/2019,SU,1104,01,LITTLE SILVER PD,,0,0,0,0,P,B,N,N,01,2,SPRING ST **,,,,13231042__,.00,07,,01,04,02,01,01,01,05,01,5,FE,E,CR 11 II / BRANCH AVE,,,,25,35,26,,,N,,131
20191323I-2019-014540,MONMOUTH,LITTLE SILVER BORO,10/23/2019,WE,0752,01,LITTLE SILVER PD,LITTLE SILVER ?,0,0,0,0,P,B,N,N,01,2,MONMOUTH COUNTY 11 II,,11,2,130000112_,2.33,05,,01,04,02,01,01,01,05,01,40,FE,N,ROUTE 520 / RUMSON RD,,,,35,35,26,,,N,,137
20191323I-2019-014978,MONMOUTH,LITTLE SILVER BORO,11/01/2019,FR,0756,01,LITTLE SILVER PD,,0,0,0,0,P,B,N,N,12,1,MONMOUTH COUNTY 13B I,,13,1,13000013B1,.37,05,,01,04,02,01,01,01,05,01,200,FE,W,AMELIA CIR,,,,35,,24,,,N,,126
20191323I-2019-015089,MONMOUTH,LITTLE SILVER BORO,11/03/2019,SU,1718,01,LITTLE SILVER PD,,0,0,0,0,P,B,N,N,12,1,MONMOUTH COUNTY 33,,33,,13000033__,2.99,05,,01,05,02,01,07,01,05,01,100,FE,S,KINGS RD,,,,40,25,24,,,N,,126
20191323I-2019-015132,MONMOUTH,LITTLE SILVER BORO,11/04/2019,MO,1206,01,LITTLE SILVER PD,,0,0,0,0,P,B,N,N,06,2,484 PROSPECT AVE (PARKING LOT),,,,,,08,,01,04,02,01,01,01,05,01,,,,,,,,,,28,,,N,,139
20191323I-2019-015201,MONMOUTH,LITTLE SILVER BORO,11/05/2019,TU,1904,01,LITTLE SILVER PD,,0,0,0,0,P,B,N,N,12,1,MONMOUTH COUNTY 33,,33,,13000033__,2.96,05,,01,06,02,01,06,01,05,01,100,FE,N,PINE DR,,,,40,25,24,,,N,,140
20191323I-2019-015225,MONMOUTH,LITTLE SILVER BORO,11/06/2019,WE,1215,01,LITTLE SILVER PD,,0,0,0,0,P,B,N,N,06,2,705 BRANCH AVENUE (PARKING LOT),,,,,,08,,01,04,02,01,01,01,05,01,,,,,,,,,,28,,,N,,141
20191323I-2019-015268,MONMOUTH,LITTLE SILVER BORO,11/07/2019,TH,1142,01,LITTLE SILVER PD,,0,0,0,0,P,B,N,N,06,2,FAIRVIEW AVE **,,,,13231098__,.02,07,,01,04,02,01,01,01,05,01,100,FE,S,SILVERSIDE AVE,,,,25,35,28,,,N,,141
20191323I-2019-015306,MONMOUTH,LITTLE SILVER BORO,11/08/2019,FR,1823,01,LITTLE SILVER PD,,0,1,0,0,I,B,Y,N,11,1,MONMOUTH COUNTY 11 II,,11,2,130000112_,1.66,05,,01,04,02,01,06,01,05,01,100,FE,S,RUDDY CT,,,,35,25,56,,,N,VEHICLE 1 STRUCK A VERIZON UTILITY POLE BEARING # 40327 LSB. MINOR DAMAGE WAS C?,140
20191323I-2019-015439,MONMOUTH,LITTLE SILVER BORO,11/12/2019,TU,0728,01,LITTLE SILVER PD,,0,0,0,0,P,I,N,N,03,2,MONMOUTH COUNTY 34,,34,,13000034__,1.33,05,,01,04,02,01,01,02,05,01,,AT,,CAMBRIDGE AVE,,,,40,25,26,,,N,,134
20191323I-2019-015592,MONMOUTH,LITTLE SILVER BORO,11/15/2019,FR,1656,01,LITTLE SILVER PD,,0,0,0,0,P,B,N,N,03,2,SPRING ST **,,,,13231042__,.01,07,,01,04,02,01,06,01,02,01,50,FE,E,CR 11 II / BRANCH AVE,,,,25,35,26,,,N,,141
20191323I-2019-015641,MONMOUTH,LITTLE SILVER BORO,11/16/2019,SA,1403,01,LITTLE SILVER PD,,0,0,0,0,P,B,N,N,01,2,SILVERSIDE AVE,,,,13231113__,.89,07,,01,04,02,01,01,01,05,01,10,FE,W,CR 33 / SEVEN BRIDGE RD,,,,35,40,26,,,N,,126
20191323I-2019-015645,MONMOUTH,LITTLE SILVER BORO,11/16/2019,SA,1645,01,LITTLE SILVER PD,,0,0,0,0,P,B,N,N,01,3,MONMOUTH COUNTY 33,,33,,13000033__,3.23,05,,01,04,02,01,07,01,05,01,75,FE,N,PIRATES COVE,,,,40,25,26,,,N,,141
20191323I-2019-015693,MONMOUTH,LITTLE SILVER BORO,11/17/2019,SU,1211,01,LITTLE SILVER PD,,0,0,0,0,P,B,N,N,08,2,705 BRANCH AVE (PARKING LOT),,,,,,08,,01,04,02,01,01,05,05,01,,,,,,,,,,26,,,N,,126
20191323I-2019-015751,MONMOUTH,LITTLE SILVER BORO,11/18/2019,MO,1736,01,LITTLE SILVER PD,,0,0,0,0,P,I,N,N,07,2,ROUTE 520,,520,,00000520__,18.20,05,,01,04,02,02,06,02,05,01,,AT,,CR 13 B / PROSPECT AVE,,,,35,30,26,,,N,VEHICLE 2 CAME TO REST ON THE PROPERTY OF 140 RUMSON ROAD. AS A RESULT  THE LAN?,140
20191323I-2019-016190,MONMOUTH,LITTLE SILVER BORO,11/27/2019,WE,1232,01,LITTLE SILVER PD,,0,0,0,0,P,B,N,N,01,2,WHITE RD,,,,13451114__,.81,07,,01,04,02,01,01,05,05,01,50,FE,W,CR 11 II / BRANCH AVE,,,,35,35,26,,,N,,140
20191323I-2019-016198,MONMOUTH,LITTLE SILVER BORO,11/27/2019,WE,1529,01,LITTLE SILVER PD,,0,0,0,0,P,I,N,N,03,2,MONMOUTH COUNTY 11 II,,11,2,130000112_,2.16,05,,01,04,02,01,01,01,05,01,,AT,,MARKHAM PL,,,,35,25,26,,,N,,129
20191323I-2019-016287,MONMOUTH,LITTLE SILVER BORO,11/29/2019,FR,2218,01,LITTLE SILVER PD,,0,0,0,0,P,B,N,N,12,1,WHITE RD,,,,13451114__,.34,07,,01,04,02,01,06,01,05,01,200,FE,W,MEGAN DR,,,,35,25,24,,,N,,140
20191323I-2019-016391,MONMOUTH,LITTLE SILVER BORO,12/02/2019,MO,0805,01,LITTLE SILVER PD,,0,0,0,0,P,B,N,N,01,2,ROUTE 520,,520,,00000520__,18.03,05,,01,04,02,02,01,02,05,01,50,FE,E,CROSS ST,,,,35,25,26,,,N,,140
20191323I-2019-016440,MONMOUTH,LITTLE SILVER BORO,12/03/2019,TU,1317,01,LITTLE SILVER PD,,0,0,0,0,P,I,N,N,09,2,ROUTE 520,,520,,00000520__,18.35,05,,01,04,02,02,01,01,05,01,,AT,,HARRISON AVE,,,,35,25,26,,,N,,140
20191323I-2019-016445,MONMOUTH,LITTLE SILVER BORO,12/03/2019,TU,1541,01,LITTLE SILVER PD,,0,0,0,0,P,B,N,N,01,2,ROUTE 520,,520,,00000520__,18.25,05,,01,04,02,01,01,01,05,01,101,FE,W,LAURELWOOD DR,,,,35,25,26,,,N,,140
20191323I-2019-016498,MONMOUTH,LITTLE SILVER BORO,12/04/2019,WE,2243,01,LITTLE SILVER PD,,0,0,0,0,P,B,N,N,08,2,RIVERVIEW AVE **,,,,13231091__,.18,07,,01,04,02,01,06,01,05,01,200,FE,N,SILVERSIDE AVE,,,,25,35,28,,,N,,141
20191323I-2019-016541,MONMOUTH,LITTLE SILVER BORO,12/05/2019,TH,1326,01,LITTLE SILVER PD,,0,0,0,0,P,B,N,N,06,2,697 BRANCH AVE (PRIVATE PROPER,,,,,,09,,01,04,02,01,01,01,05,01,,,,,,,,,,28,,,N,,142
20191323I-2019-016637,MONMOUTH,LITTLE SILVER BORO,12/07/2019,SA,1436,01,LITTLE SILVER PD,,0,1,0,0,I,B,N,N,01,2,MONMOUTH COUNTY 11 II,,11,2,130000112_,2.33,05,,01,04,02,01,01,01,05,01,75,FE,N,ROUTE 520 / RUMSON RD,,,,35,35,26,,,N,,129
20191323I-2019-016764,MONMOUTH,LITTLE SILVER BORO,12/11/2019,WE,0757,01,LITTLE SILVER PD,,0,1,0,0,I,I,N,N,07,2,MONMOUTH COUNTY 11 II,,11,2,130000112_,2.26,05,,01,04,02,02,01,03,05,01,,AT,,WHITE RD,,,,35,35,26,,,N,,140
20191323I-2019-016883,MONMOUTH,LITTLE SILVER BORO,12/13/2019,FR,1716,01,LITTLE SILVER PD,,0,0,0,0,P,I,N,N,07,2,MONMOUTH COUNTY 33,,33,,13000033__,3.34,05,,01,04,02,02,06,02,05,01,,AT,,ROUTE 520 / RUMSON RD,,,,40,35,26,,,N,,142
20191323I-2019-016895,MONMOUTH,LITTLE SILVER BORO,12/14/2019,SA,1219,01,LITTLE SILVER PD,,0,2,0,0,I,B,N,N,01,3,SILVERSIDE AVE,,,,13231113__,.07,07,,01,06,02,02,01,02,05,01,50,FE,W,CONOVER PL,,,,35,25,26,,,N,,142
20191323I-2019-017012,MONMOUTH,LITTLE SILVER BORO,12/16/2019,MO,1824,01,LITTLE SILVER PD,,0,0,0,0,P,B,N,N,08,2,SILVERTON AVE **,,,,13231036__,.04,07,,01,04,02,02,06,02,05,01,200,FE,N,ROUTE 520 / BRANCH AVE,,,,25,35,28,,,N,,139
20191323I-2019-017074,MONMOUTH,LITTLE SILVER BORO,12/17/2019,TU,1412,01,LITTLE SILVER PD,,0,0,0,0,P,I,N,N,01,2,MONMOUTH COUNTY 33,,33,,13000033__,2.82,05,,01,04,02,02,01,02,05,01,,AT,,HOLLY DR,,,,40,25,26,,,N,,139
20191323I-2019-017159,MONMOUTH,LITTLE SILVER BORO,12/19/2019,TH,0802,01,LITTLE SILVER PD,,0,0,0,0,P,B,N,N,01,2,ROUTE 520,,520,,00000520__,18.64,05,,01,04,02,01,01,01,05,01,10,FE,E,HARDING RD,,,,35,35,26,,,N,,141
20191323I-2019-017183,MONMOUTH,LITTLE SILVER BORO,12/19/2019,TH,1941,01,LITTLE SILVER PD,,0,0,0,0,P,B,N,N,03,2,SPRING ST **,,,,13231042__,.01,07,,01,04,02,01,06,01,05,01,65,FE,E,CR 11 II / BRANCH AVE,,,,25,35,26,,,N,,130
20191323I-2019-017394,MONMOUTH,LITTLE SILVER BORO,12/24/2019,TU,1726,01,LITTLE SILVER PD,,0,0,0,0,P,B,N,N,06,2,MARKHAM PL **,,,,13231074__,.36,07,,01,04,02,01,06,01,05,01,25,FE,E,CR 11 II / BRANCH AVE,,,,25,35,28,,,N,,141
20191323I-2019-017475,MONMOUTH,LITTLE SILVER BORO,12/27/2019,FR,1502,01,LITTLE SILVER PD,,0,0,0,0,P,B,N,N,02,2,MONMOUTH COUNTY 11 II,,11,2,130000112_,1.26,05,,01,04,02,01,01,01,05,01,10,FE,N,SILVERSIDE AVE,,,,35,35,26,,,N,,141
20191323I-2019-017555,MONMOUTH,LITTLE SILVER BORO,12/29/2019,SU,0854,01,LITTLE SILVER PD,,0,0,0,0,P,I,N,N,07,2,MONMOUTH COUNTY 13B I,,13,1,13000013B1,.88,05,,01,04,02,01,01,01,05,01,,AT,,MARKHAM PL,,,,30,25,26,,,N,,141
20191323I-2019-017636,MONMOUTH,LITTLE SILVER BORO,12/31/2019,TU,1139,01,LITTLE SILVER PD,,0,0,0,0,P,B,N,N,01,2,MONMOUTH COUNTY 11 II,,11,2,130000112_,2.26,05,,01,04,02,01,01,01,05,01,25,FE,N,WHITE RD,,,,35,35,26,,,N,,139
20191323I-2019-10215,MONMOUTH,LITTLE SILVER BORO,07/17/2019,WE,1410,01,LITTLE SILVER PD,,0,0,0,0,P,R,N,N,99,1,MONMOUTH COUNTY 11 II,,11,2,130000112_,,05,,01,04,02,01,01,01,05,01,,,,,,,,,,26,,,N,,141
20191324LAPD2019-000178,MONMOUTH,LOCH ARBOUR VILLAGE,02/03/2019,SU,2213,01,DEAL PD,DEAL POLICE DE?,0,0,0,0,P,B,Y,N,06,2,NJ 71,N,71,,00000071__,9.53,02,,01,04,02,01,06,01,04,01,200,FE,S,EUCLID AVE,,,,35,25,28,,,N,,131
20191324LAPD2019-001345,MONMOUTH,LOCH ARBOUR VILLAGE,09/22/2019,SU,1359,01,DEAL PD,,0,0,0,0,P,I,N,N,03,2,OCEAN AVE,S,,,13031088__,1.22,07,,01,04,02,01,01,01,04,01,,AT,W,EUCLID AVE,,,,25,25,26,,,N,,136
2019132519LB00296,MONMOUTH,LONG BRANCH CITY,01/04/2019,FR,1429,01,LONG BRANCH PD,MUNICIPAL,0,1,0,0,I,I,N,N,03,2,WASHINGTON AVE **,W,,,13251244__,.24,07,,01,04,02,01,01,01,05,,,AT,,HARRISON ST,,,,25,25,26,40.303670,74.000550,N,,25366
2019132519LB00656,MONMOUTH,LONG BRANCH CITY,01/09/2019,WE,1351,01,LONG BRANCH PD,MUNICIPAL,0,0,0,0,P,I,N,N,01,2,NJ 71,N,71,,00000071__,12.67,02,,01,04,02,01,01,01,05,,,AT,,CLARENCE AVE,,,,35,25,,,,N,PROPERTY DAMAGE TO LBC STOP SIGN.,25299
2019132519LB00776,MONMOUTH,LONG BRANCH CITY,01/10/2019,TH,1909,01,LONG BRANCH PD,MUNICIPAL,0,1,0,0,I,I,N,N,03,2,EASTBOURNE AVE **,N,,,13251107__,.19,07,,01,04,02,01,07,01,05,,,AT,N,WESTWOOD AVE,,,,25,25,26,40.292240,73.993520,N,,25344
2019132519LB00932,MONMOUTH,LONG BRANCH CITY,01/12/2019,SA,1749,01,LONG BRANCH PD,MUNICIPAL,0,0,0,0,P,I,N,N,03,2,DUDLEY ST **,S,,,13251247__,.08,07,,01,06,02,01,06,01,05,,,AT,,HAMPTON AVE,,,,25,25,26,,,N,,25328
2019132519LB01229,MONMOUTH,LONG BRANCH CITY,01/16/2019,WE,0757,01,LONG BRANCH PD,MUNICIPAL,0,1,0,0,I,B,N,N,01,2,BATH AVE,,,,13251314__,.43,07,,01,04,02,01,01,01,05,,25,FE,,PROSPECT ST,,,,25,25,26,40.296010,73.996080,N,,25373
2019132519LB01466,MONMOUTH,LONG BRANCH CITY,01/18/2019,FR,1646,01,LONG BRANCH PD,MUNICIPAL,0,0,0,0,P,B,N,N,02,2,MONMOUTH COUNTY 29,E,29,,13000029__,1.19,05,,01,04,02,02,03,01,05,,100,FE,E,COLEMAN AVE,,,,35,25,26,40.311280,74.000440,N,,25370
2019132519LB01537,MONMOUTH,LONG BRANCH CITY,01/19/2019,SA,1158,01,LONG BRANCH PD,MUNICIPAL,0,0,0,0,P,B,N,N,02,2,BRIGHTON AVE,E,,,13251311__,1.05,07,,01,04,02,,01,01,05,,75,FE,W,CR 57 / OCEAN AVE,,,,25,35,26,40.284640,73.988400,N,,25299
2019132519LB01853,MONMOUTH,LONG BRANCH CITY,01/23/2019,WE,0759,01,LONG BRANCH PD,MUNICIPAL,0,0,0,0,P,I,N,N,03,2,GRAND AVE **,,,,13251178__,.23,07,,01,04,02,01,01,01,05,,,AT,,KENNEDY ST,,,,25,25,26,40.302680,74.004800,N,,25316
2019132519LB01884,MONMOUTH,LONG BRANCH CITY,01/23/2019,WE,1115,01,LONG BRANCH PD,MUNICIPAL,0,0,0,0,P,B,N,N,11,1,JACKSON ST **,,,,13251174__,.02,07,,01,04,02,01,01,01,05,,100,FE,N,ROUTE 537 / BROADWAY,,,,25,25,69,40.299720,74.005300,N,GARAGE STRUCTURE #12 JACKSON ST  PROPERTY OWNER LEE'S GARAGE #857 BROADWAY WLB,25316
2019132519LB01888,MONMOUTH,LONG BRANCH CITY,01/23/2019,WE,1209,01,LONG BRANCH PD,MUNICIPAL,0,0,0,0,P,I,N,N,03,2,COTTAGE PL **,,,,13251116__,.14,07,,03,04,02,01,01,01,05,,,AT,,SECOND AVE,,,,25,25,26,40.290500,73.984590,N,,25267
2019132519LB02307,MONMOUTH,LONG BRANCH CITY,01/27/2019,SU,1330,01,LONG BRANCH PD,MUNICIPAL,0,0,0,0,P,I,N,N,03,2,LONG BRANCH AVE,S,,,13251316__,.41,07,,01,04,02,01,01,01,05,,,AT,,SEAVIEW AVE,,,,25,25,26,40.311100,73.983830,N,,25365
2019132519LB02400,MONMOUTH,LONG BRANCH CITY,01/28/2019,MO,2036,01,LONG BRANCH PD,MUNICIPAL,0,0,0,0,P,B,Y,N,06,4,MONMOUTH COUNTY 29,W,29,,13000029__,1.65,05,,01,04,02,01,06,01,05,,200,FE,W,LIBERTY ST,,,,35,25,28,40.314820,73.993670,N,,25359
2019132519LB02662,MONMOUTH,LONG BRANCH CITY,01/31/2019,TH,1542,01,LONG BRANCH PD,MUNICIPAL,0,0,0,0,P,I,N,N,03,2,MONMOUTH COUNTY 25 I,,25,1,130000251_,.09,05,,01,04,02,01,01,01,,,,AT,,CR 25 / NORWOOD AVE,,,,40,35,26,40.281650,74.001600,N,,25314
2019132519LB02751,MONMOUTH,LONG BRANCH CITY,02/01/2019,FR,1436,01,LONG BRANCH PD,MUNICIPAL,0,1,0,0,I,B,N,N,01,2,NJ 36,W,36,,00000036__,4.76,02,,01,04,02,01,01,01,05,,200,FE,E,SEVENTH AVE,,,,35,25,26,40.308700,73.996310,N,,25365
2019132519LB02879,MONMOUTH,LONG BRANCH CITY,02/08/2019,FR,1515,01,LONG BRANCH PD,MUNICIPAL,0,0,0,0,P,B,N,N,06,2,LOWDEN CT **,,,,13251124__,.01,07,,01,04,02,01,01,01,05,,50,FE,N,BATH AVE,,,,25,25,28,,,N,,25374
2019132519LB02905,MONMOUTH,LONG BRANCH CITY,02/04/2019,MO,0054,01,LONG BRANCH PD,MUNICIPAL,0,0,0,0,P,B,N,N,06,2,DIVISION ST **,N,,,13251148__,.20,07,,01,04,02,01,06,01,05,,20,FE,N,SPRING ST,,,,25,25,28,40.297390,73.996330,N,,25371
2019132519LB03044,MONMOUTH,LONG BRANCH CITY,02/05/2019,TU,1326,01,LONG BRANCH PD,MUNICIPAL,0,0,0,0,P,B,N,N,01,2,MONMOUTH COUNTY 57,S,57,,13000057__,.23,05,,01,04,02,01,01,01,05,,100,FE,S,MONTGOMERY AVE,,,,35,25,26,,,N,,25361
2019132519LB03051,MONMOUTH,LONG BRANCH CITY,02/05/2019,TU,1412,01,LONG BRANCH PD,MUNICIPAL,0,0,0,0,P,B,N,N,08,2,WASHINGTON AVE **,,,,13251244__,.00,07,,01,04,02,01,01,01,,,20,FE,,NJ 36 / JOLINE AVE,,,,25,35,26,40.306720,74.002400,N,,25373