Year(4)-CountyCode(2)-MunicipalityCode(2)-CaseNumber(9),County Name,Municipality Name,Crash Date,Crash Day of Week,Crash Time,Police Department Code,Police Department,Police Station,Total Killed,Total Injured,Pedestrians Killed,Pedestrians Injured,Severity,Intersection,Alcohol Involved,Hazmat Involved,Crash Type,Total Vehicles,Location,Location Direction,Route,Route Suffix,Std Rte Identifier,MilePost,Road System,Road Character,Road Horizontal Alignment,Road Grade,Road Surface Type,Surface Condition,Light Condition,Environmental Condition,Road Divided By,Temporary Traffic Control Zone,Distance To Cross Street,Unit Of Measurement,Direction From Cross Street,Cross Street Name,Is Ramp,Ramp To/From Route Name,Ramp To/From Route Direction,Posted Speed,Posted Speed Cross Street,First Harmful Event,Latitude,Longitude,Cell Phone In Use Flag,Other Property Damage,Reporting Badge No.
2019132519LB18657,MONMOUTH,LONG BRANCH CITY,07/20/2019,SA,1715,01,LONG BRANCH PD,MUNICIPAL,0,3,0,0,I,I,N,N,01,4,BROADWAY,W,,,13251351__,.08,07,,01,04,02,01,01,01,05,,,AT,,HOWLAND PL,,,,25,25,26,40.299210,74.005010,N,,
2019132519LB18792,MONMOUTH,LONG BRANCH CITY,07/21/2019,SU,1712,01,LONG BRANCH PD,MUNICIPAL,0,1,0,0,I,B,N,N,01,2,NJ 36,E,36,,00000036__,5.23,02,,01,04,02,01,01,01,05,,40,FE,W,LIBERTY ST,,,,40,25,26,40.311660,73.988620,N,,25377
2019132519LB18875,MONMOUTH,LONG BRANCH CITY,07/22/2019,MO,1334,01,LONG BRANCH PD,MUNICIPAL,0,0,0,0,P,I,N,N,11,1,BROADWAY,,,,13251351__,.23,07,,01,04,02,01,01,01,05,,,AT,,CR 25 / NORWOOD AVE,,,,25,25,51,40.299390,74.002900,N,MONMOUTH COUNTY DOT TRAFFIC LIGHT POLE,25316
2019132519LB18877,MONMOUTH,LONG BRANCH CITY,07/22/2019,MO,1358,01,LONG BRANCH PD,MUNICIPAL,0,3,0,0,I,B,N,N,04,3,AVENEL BLVD **,N,,,13251020__,.23,07,,01,04,02,01,01,01,05,,10,FE,W,LONG BRANCH AVE,,,,25,25,26,40.317250,73.985040,N,,
2019132519LB18994,MONMOUTH,LONG BRANCH CITY,07/23/2019,TU,1220,01,LONG BRANCH PD,MUNICIPAL,0,2,0,0,I,I,N,N,03,2,BATH AVE,E,,,13251314__,.98,07,,01,04,02,02,01,02,05,,,AT,,SAIRS AVE,,,,25,25,26,40.275020,73.984710,N,,25313
2019132519LB19093,MONMOUTH,LONG BRANCH CITY,07/24/2019,WE,1244,01,LONG BRANCH PD,MUNICIPAL,0,0,0,0,P,B,N,N,08,2,BROADWAY **,W,,,13251353__,.03,07,,01,04,02,01,01,01,05,,50,FE,W,LONGBRANCH AVE,,,,25,25,28,40.305780,73.982360,N,,25359
2019132519LB19760,MONMOUTH,LONG BRANCH CITY,07/29/2019,MO,2008,01,LONG BRANCH PD,MUNICIPAL,0,0,0,0,P,B,N,N,01,2,NJ 36,W,36,,00000036__,3.99,02,,02,04,02,01,03,01,04,,50,FE,W,MYRTLE AVE,,,,40,25,26,40.304070,74.010140,N,,25376
2019132519LB19837,MONMOUTH,LONG BRANCH CITY,07/30/2019,TU,1406,01,LONG BRANCH PD,MUNICIPAL,0,0,0,0,P,I,N,N,07,2,MONMOUTH COUNTY 25 II,,25,2,130000252_,.60,05,,01,04,02,01,01,01,05,,,AT,,BRIGHTON AVE,,,,40,25,26,40.290290,74.001740,N,,25310
2019132519LB19851,MONMOUTH,LONG BRANCH CITY,07/30/2019,TU,1558,01,LONG BRANCH PD,MUNICIPAL,0,1,0,0,I,B,Y,N,06,2,LONG BRANCH AVE,,,,13251316__,.07,07,,01,04,02,01,01,01,05,,200,FE,N,BROADWAY,,,,25,25,26,40.305780,73.982360,N,,25325
2019132519LB19861,MONMOUTH,LONG BRANCH CITY,07/30/2019,TU,1737,01,LONG BRANCH PD,MUNICIPAL,0,0,0,0,P,I,N,N,01,2,NJ 71,N,71,,00000071__,12.96,02,,03,04,02,01,01,01,05,,,AT,,CR 25 / CEDAR AVE,,,,35,40,26,40.281750,74.003380,N,,25311
2019132519LB19926,MONMOUTH,LONG BRANCH CITY,07/31/2019,WE,1052,01,LONG BRANCH PD,MUNICIPAL,0,0,0,0,P,I,N,N,06,2,BROADWAY,W,,,13251351__,.80,07,,01,04,02,01,01,01,05,,,AT,S,SEVENTH AVE,,,,25,25,28,,,N,,
2019132519LB19927,MONMOUTH,LONG BRANCH CITY,07/31/2019,WE,1059,01,LONG BRANCH PD,MUNICIPAL,0,0,0,0,P,B,N,N,06,2,344 BROADWAY,E,,,,,08,,01,04,02,01,01,01,05,,,,,,,,,10,,28,40.303150,73.993370,N,,25328
2019132519LB19944,MONMOUTH,LONG BRANCH CITY,07/31/2019,WE,1418,01,LONG BRANCH PD,MUNICIPAL,0,2,0,0,I,B,N,N,01,3,NJ 36,E,36,,00000036__,5.01,02,,01,04,02,02,01,02,05,,75,FE,E,N FIFTH AVE,,,,30,25,26,40.309800,73.992640,N,,
2019132519LB19958,MONMOUTH,LONG BRANCH CITY,07/31/2019,WE,1819,01,LONG BRANCH PD,MUNICIPAL,0,0,0,0,P,B,N,N,03,2,LONG BRANCH AVE,N,,,13251316__,.41,07,,01,04,02,02,01,02,05,,10,FE,N,SEAVIEW AVE,,,,25,25,26,40.310950,73.983990,N,,25367
2019132519LB20008,MONMOUTH,LONG BRANCH CITY,08/01/2019,TH,0809,01,LONG BRANCH PD,MUNICIPAL,0,1,0,0,I,I,N,N,03,2,MONMOUTH COUNTY 57,,57,,13000057__,.20,05,,01,04,02,01,01,01,05,,,AT,,BRIGHTON AVE,,,,35,25,26,40.284560,73.984090,N,,25330
2019132519LB20044,MONMOUTH,LONG BRANCH CITY,08/01/2019,TH,1513,01,LONG BRANCH PD,MUNICIPAL,0,0,0,0,P,I,N,N,03,2,MONMOUTH COUNTY 25 I,W,25,1,130000251_,.26,05,,01,04,02,01,01,01,05,,,AT,,WESTWOOD AVE,,,,40,35,26,40.281410,73.998280,N,,25311
2019132519LB20063,MONMOUTH,LONG BRANCH CITY,08/01/2019,TH,1842,01,LONG BRANCH PD,MUNICIPAL,0,0,0,0,P,B,N,N,06,2,LIPPINCOTT AVE,,,,,,07,,01,04,02,01,01,01,05,,250,FE,S,NJ 36,,,,25,35,28,40.308500,73.995100,N,,
2019132519LB20143,MONMOUTH,LONG BRANCH CITY,08/02/2019,FR,1254,01,LONG BRANCH PD,MUNICIPAL,0,0,0,0,P,I,N,N,03,2,NJ 36,,36,,00000036__,5.24,02,,01,04,02,01,01,01,05,,,AT,,LIBERTY ST,,,,35,25,26,40.311630,73.988600,N,,25316
2019132519LB20175,MONMOUTH,LONG BRANCH CITY,08/02/2019,FR,1758,01,LONG BRANCH PD,MUNICIPAL,0,1,0,0,I,I,Y,N,14,1,BRANCHPORT AVE,W,,,13251315__,.13,07,,01,04,02,01,01,01,05,,,AT,,HAMPTON AVE,,,,25,25,21,40.301700,74.002000,N,,25371
2019132519LB20236,MONMOUTH,LONG BRANCH CITY,08/03/2019,SA,0815,01,LONG BRANCH PD,MUNICIPAL,0,0,0,0,P,B,N,N,14,1,MONMOUTH COUNTY 57,N,57,,13000057__,,05,,01,04,02,01,01,01,05,05,,,,,,,,25,,21,40.282060,73.984180,N,,25318
2019132519LB20429,MONMOUTH,LONG BRANCH CITY,08/04/2019,SU,1923,01,LONG BRANCH PD,MUNICIPAL,0,0,0,0,P,B,N,N,01,2,BATH AVE,,,,13251314__,.00,07,,01,04,02,01,01,01,05,,25,FE,,CR 25 II / NORWOOD AVE,,,,25,25,26,40.300730,73.997890,N,,25373
2019132519LB20591,MONMOUTH,LONG BRANCH CITY,08/06/2019,TU,0845,01,LONG BRANCH PD,MUNICIPAL,0,0,0,0,P,B,N,N,11,1,NJ 36,,36,,00000036__,4.54,02,,01,04,02,01,01,01,05,,100,FE,W,EDWARDS AVE,,,,35,25,54,40.307510,74.000270,N,GUIDE WIRE FOR POLE #JC109LDR.,25327
2019132519LB20826,MONMOUTH,LONG BRANCH CITY,08/08/2019,TH,1056,01,LONG BRANCH PD,MUNICIPAL,0,0,0,0,P,I,N,N,03,2,MONMOUTH COUNTY 29,,29,,13000029__,1.69,05,,01,04,02,01,01,01,05,,,AT,,LIBERTY ST,,,,35,25,26,40.320560,73.978360,N,,25357
2019132519LB21147,MONMOUTH,LONG BRANCH CITY,08/11/2019,SU,1152,01,LONG BRANCH PD,MUNICIPAL,0,0,0,0,P,B,N,N,01,2,BROADWAY,E,,,13251351__,.19,07,,01,04,02,01,01,01,05,,20,FE,W,GRAND AVE,,,,25,25,26,40.299480,74.003720,N,,25358
2019132519LB21148,MONMOUTH,LONG BRANCH CITY,08/11/2019,SU,1157,01,LONG BRANCH PD,MUNICIPAL,0,0,0,0,P,B,N,N,08,2,LONG BRANCH AVE,,,,13251316__,.07,07,,01,04,02,01,01,01,05,,200,FE,N,BROADWAY,,,,25,25,28,40.305220,73.982010,N,,25330
2019132519LB21178,MONMOUTH,LONG BRANCH CITY,08/11/2019,SU,1901,01,LONG BRANCH PD,MUNICIPAL,0,0,0,0,P,B,N,N,01,2,MONMOUTH COUNTY 29,W,29,,13000029__,2.22,05,,01,04,02,01,01,01,,,5,FE,E,LONG BRANCH AVE,,,,25,25,26,40.319910,73.985540,N,,25336
2019132519LB21268,MONMOUTH,LONG BRANCH CITY,08/12/2019,MO,1400,01,LONG BRANCH PD,MUNICIPAL,0,0,0,0,P,B,N,N,01,3,NJ 36,,36,,00000036__,4.84,02,,01,04,02,01,01,01,05,,100,FE,,LIPPONCOTT AVE / SPRUCE ST,,,,35,25,26,40.304270,74.009800,N,,
2019132519LB21566,MONMOUTH,LONG BRANCH CITY,08/15/2019,TH,0814,01,LONG BRANCH PD,MUNICIPAL,0,0,0,0,P,I,N,N,07,2,SECOND AVE **,,,,13251099__,1.42,07,,01,04,02,01,01,01,04,,,AT,,CHELSEA AVE,,,,25,25,26,40.301460,73.982680,N,,25357
2019132519LB21643,MONMOUTH,LONG BRANCH CITY,08/15/2019,TH,1933,01,LONG BRANCH PD,MUNICIPAL,0,0,0,0,P,B,N,N,02,2,BATH AVE,,,,13251314__,.15,07,,01,04,02,01,01,05,05,,80,FE,N,PEARL ST,,,,25,25,26,40.298350,74.000820,N,,25325
2019132519LB22178,MONMOUTH,LONG BRANCH CITY,08/20/2019,TU,0805,01,LONG BRANCH PD,MUNICIPAL,0,0,0,0,P,B,N,N,01,2,WESTWOOD AVE,N,,,13251312__,1.26,07,,01,04,02,01,01,01,,,25,FE,S,MORRIS AVE,,,,25,25,26,40.297250,73.989690,N,,25359
2019132519LB22388,MONMOUTH,LONG BRANCH CITY,08/22/2019,TH,0733,01,LONG BRANCH PD,MUNICIPAL,0,0,0,0,P,B,N,N,03,2,NJ 36,E,36,,00000036__,4.33,02,,01,04,02,01,01,01,05,,20,FE,E,BRANCHPORT AVE,,,,25,25,26,40.306060,74.004160,N,,25358
2019132519LB22447,MONMOUTH,LONG BRANCH CITY,08/22/2019,TH,1701,01,LONG BRANCH PD,MUNICIPAL,0,0,0,0,P,B,N,N,01,2,BROADWAY,E,,,13251351__,.79,07,,01,05,02,01,01,01,,,50,FE,W,SEVENTH AVE,,,,25,25,26,40.308350,73.997460,N,,25359
2019132519LB22513,MONMOUTH,LONG BRANCH CITY,08/17/2019,SA,0900,01,LONG BRANCH PD,MUNICIPAL,0,0,0,0,P,B,N,N,11,1,OCEAN TER **,,,,13251232__,.17,07,,01,04,02,01,01,01,,,40,FE,,CR 57 / OCEAN BLVD,,,,25,40,26,40.310280,73.980030,N,S WOODEN BOARDS (EXTERIOR WALL),25327
2019132519LB22661,MONMOUTH,LONG BRANCH CITY,08/24/2019,SA,1710,01,LONG BRANCH PD,MUNICIPAL,0,0,0,0,P,B,N,N,06,4,522 ATLANTIC AVE; SACCO'S,E,,,,,09,,01,04,02,01,01,02,05,,200,FE,E,BRANCHPORT AVE,,,,35,,28,40.310080,74.004480,N,DAMAGE TO PVC FENCE AT 522 ATLANTIC AVE; SACCO'S PIZZA.,
2019132519LB22720,MONMOUTH,LONG BRANCH CITY,08/25/2019,SU,0631,01,LONG BRANCH PD,MUNICIPAL,0,1,0,0,I,B,N,N,11,1,BRANCHPORT AVE,S,,,13251315__,.56,07,,02,04,02,01,01,01,05,,75,FE,N,WARDELL ST,,,,25,25,52,40.308340,74.005260,N,UTILITY POLE #40303LB JCP&L WAS NOTIFIED,25366
2019132519LB22787,MONMOUTH,LONG BRANCH CITY,08/25/2019,SU,2221,01,LONG BRANCH PD,MUNICIPAL,0,0,0,0,P,I,Y,N,03,2,THIRD AVE,,,,13251126__,.05,07,,01,04,02,01,06,01,05,,,AT,,CHELSEA AVE,,,,25,25,26,40.300910,73.987380,N,TRAFFIC POLE #STD 868 WAS KNOCKED DOWN DUE TO THE ACCIDENT.,25373
2019132519LB23075,MONMOUTH,LONG BRANCH CITY,08/29/2019,TH,0723,01,LONG BRANCH PD,MUNICPAL,0,0,0,0,P,B,N,N,11,1,NJ 36,N,36,,00000036__,5.72,02,,01,04,02,01,01,01,02,,10,FE,N,JOLINE AVE,,,,40,25,69,40.313460,73.980240,N,TRAFFIC SIGNAL,25359
2019132519LB23219,MONMOUTH,LONG BRANCH CITY,08/30/2019,FR,1100,01,LONG BRANCH PD,MUNICIPAL,0,0,0,0,P,I,N,N,03,2,CAMPBELL AVE **,W,,,13251199__,.19,07,,01,04,02,01,01,01,05,,,AT,,OAKWOOD AVE,,,,25,25,26,40.293560,74.005080,N,,25313
2019132519LB23254,MONMOUTH,LONG BRANCH CITY,08/30/2019,FR,1602,01,LONG BRANCH PD,MUNICIPAL,0,0,0,0,P,I,N,N,01,2,NJ 71,N,71,,00000071__,12.18,02,,01,04,02,01,01,01,05,01,,AT,S,PARK AVE,,,,35,25,26,40.263960,74.000350,N,,25370
2019132519LB23376,MONMOUTH,LONG BRANCH CITY,08/31/2019,SA,1850,01,LONG BRANCH PD,MUNICIPAL,0,0,0,0,P,I,N,N,01,2,MONMOUTH COUNTY 57,S,57,,13000057__,.07,05,,01,04,02,01,01,01,05,,,AT,N,NEW CT,,,,40,25,26,40.282760,73.984510,N,,25372
2019132519LB23465,MONMOUTH,LONG BRANCH CITY,09/01/2019,SU,1450,01,LONG BRANCH PD,MUNICIPAL,0,1,0,0,I,I,N,N,14,1,MONMOUTH COUNTY 57,E,57,,13000057__,.72,05,,01,04,02,01,01,01,04,,,AT,S,S BATH AVE,,,,40,25,21,40.321670,73.977500,N,,25372
2019132519LB23698,MONMOUTH,LONG BRANCH CITY,09/03/2019,TU,2028,01,LONG BRANCH PD,MUNICIPAL,0,0,0,0,P,B,N,N,08,2,SIXTH AVE **,W,,,13251208__,,07,,01,04,02,01,06,01,05,,70,FE,S,PACIFIC ST,,,,25,25,28,40.310700,73.994450,N,,25371
2019132519LB23997,MONMOUTH,LONG BRANCH CITY,09/06/2019,FR,2349,01,LONG BRANCH PD,MUNICIPAL,0,0,0,0,P,B,Y,N,11,1,MONMOUTH COUNTY 29,W,29,,13000029__,2.27,05,,01,04,02,01,06,01,05,,50,FE,W,CATHERINE ST,,,,25,25,52,,,N,DAMAGE TO UTILITY POLE #BT40898LB AT ATLANTIC AVE/CATHERINE ST,25361
2019132519LB24047,MONMOUTH,LONG BRANCH CITY,09/07/2019,SA,1458,01,LONG BRANCH PD,MUNICIPAL,0,0,0,0,P,I,N,N,01,2,MONMOUTH COUNTY 57,,57,,13000057__,.29,05,,01,04,02,01,01,01,02,,,AT,,WEST END AVE,,,,35,25,26,40.285100,73.984130,N,,25346
2019132519LB24149,MONMOUTH,LONG BRANCH CITY,09/08/2019,SU,0200,01,LONG BRANCH PD,MUNICIPAL,0,0,0,0,P,B,N,N,06,2,BATH AVE,W,,,13251314__,.36,07,,01,04,02,01,07,01,05,,15,FE,E,SPRINGDALE AVE,,,,25,25,28,40.296780,73.996920,N,,25369
2019132519LB24200,MONMOUTH,LONG BRANCH CITY,09/08/2019,SU,2019,01,LONG BRANCH PD,MUNICIPAL,0,0,0,0,P,B,Y,N,11,1,BATH AVE,W,,,13251314__,.93,07,,01,04,02,01,07,01,05,,100,FE,W,3RD AVE,,,,25,25,69,40.292140,73.987790,N,NJ TRANSIT RAILROAD CROSSING ARM #: 856-914P ON BATH AVENUE,25372
2019132519LB24326,MONMOUTH,LONG BRANCH CITY,09/10/2019,TU,0715,01,LONG BRANCH PD,MUNICIPAL,0,0,0,0,P,B,N,N,01,2,BROADWAY,W,,,13251351__,.64,07,,01,04,02,01,01,01,05,,50,FE,W,DUDLEY ST,,,,25,25,26,40.302080,73.996390,N,,25369
2019132519LB24369,MONMOUTH,LONG BRANCH CITY,09/10/2019,TU,1244,01,LONG BRANCH PD,MUNICIPAL,0,2,0,0,I,B,N,N,01,2,NJ 36,,36,,00000036__,4.63,02,,01,04,02,01,01,01,05,,100,FE,W,COLEMAN AVE,,,,35,25,26,40.307950,73.998720,Y,,25330
2019132519LB24387,MONMOUTH,LONG BRANCH CITY,09/10/2019,TU,1501,01,LONG BRANCH PD,MUNICIPAL,0,1,0,1,I,B,N,N,13,1,INDIANA AVE,S,,,,,07,,01,04,02,01,01,01,05,,75,FE,S,BATH AVE,,,,25,25,22,,,N,,25351
2019132519LB24485,MONMOUTH,LONG BRANCH CITY,09/11/2019,WE,1311,01,LONG BRANCH PD,MUNICIPAL,0,0,0,0,P,B,N,N,11,1,BROADWAY,,,,13251351__,.29,07,,01,04,02,01,01,01,05,,20,FE,,BRANCHPORT AVE,,,,35,25,60,40.299820,74.001870,N,STREET TREE,25340
2019132519LB24487,MONMOUTH,LONG BRANCH CITY,09/11/2019,WE,1340,01,LONG BRANCH PD,MUNICIPAL,0,0,0,0,P,B,N,N,14,1,MONMOUTH COUNTY 57,N,57,,13000057__,.15,05,,01,04,02,01,01,01,02,,250,FE,S,BRIGHTON AVE,,,,30,25,21,,,N,,25346
2019132519LB24738,MONMOUTH,LONG BRANCH CITY,09/13/2019,FR,1935,01,LONG BRANCH PD,MUNICIPAL,0,1,0,0,I,I,N,N,03,2,CHELSEA AVE **,N,,,13251137__,.72,07,,03,04,02,01,05,01,05,,,AT,E,MORRIS AVE,,,,25,25,26,40.300040,73.995010,N,,25376
2019132519LB24783,MONMOUTH,LONG BRANCH CITY,09/14/2019,SA,0354,01,LONG BRANCH PD,MUNICIPAL,0,1,0,0,I,B,N,N,06,3,PATTEN AVE,E,,,13251318__,.14,07,,01,04,02,01,06,01,05,,50,FE,W,BAYVIEW CT,,,,25,25,28,40.321410,73.992100,N,,
2019132519LB24928,MONMOUTH,LONG BRANCH CITY,09/15/2019,SU,1644,01,LONG BRANCH PD,MUNICIPAL,0,0,0,0,P,B,N,N,06,2,SPRING ST **,E,,,13251154__,.04,07,,01,04,02,01,01,01,05,,200,FE,E,DIVISION ST,,,,25,25,28,40.297640,73.997660,N,,25374
2019132519LB25023,MONMOUTH,LONG BRANCH CITY,09/16/2019,MO,1618,01,LONG BRANCH PD,MUNICIPAL,0,0,0,0,P,I,N,N,01,3,MONMOUTH COUNTY 57,,57,,13000057__,.12,05,,01,04,02,01,01,01,05,,,AT,,RIVIERA DR / WEST END CT,,,,35,25,26,40.283450,73.984420,N,,
2019132519LB25032,MONMOUTH,LONG BRANCH CITY,09/16/2019,MO,1723,01,LONG BRANCH PD,MUNICIPAL,0,0,0,0,P,I,Y,N,01,2,LIBERTY ST,S,,,,,07,,01,04,02,01,01,05,,,,AT,N,UNION AVENUE,,,,25,25,26,40.305740,73.985950,N,,25372
2019132519LB25038,MONMOUTH,LONG BRANCH CITY,09/16/2019,MO,1838,01,LONG BRANCH PD,MUNICIPAL,0,0,0,0,P,B,N,N,01,2,BATH AVE,,,,13251314__,,07,,03,04,02,01,01,01,05,,40,FE,W,RAILROAD TRACKS,,,,25,,26,40.299390,74.002900,N,,25325
2019132519LB25126,MONMOUTH,LONG BRANCH CITY,09/17/2019,TU,1904,01,LONG BRANCH PD,MUNICIPAL,0,0,0,0,P,I,N,N,05,2,THIRD AVE,W,,,13251126__,.05,07,,01,04,02,01,03,01,05,,,AT,,CHELSEA AVE,,,,25,25,26,40.300910,73.987380,N,,25374
2019132519LB25241,MONMOUTH,LONG BRANCH CITY,09/18/2019,WE,2025,01,LONG BRANCH PD,MUNICIPAL,0,0,0,0,P,B,N,N,06,2,CHELSEA AVE **,S,,,13251137__,.72,07,,01,04,02,01,06,01,05,,25,FE,E,MORRIS AVE,,,,25,,28,40.300040,73.995010,N,,25370
2019132519LB25628,MONMOUTH,LONG BRANCH CITY,09/22/2019,SU,1016,01,LONG BRANCH PD,MUNICIPAL,0,0,0,0,P,I,N,N,06,2,COTTAGE PL **,W,,,13251116__,.14,07,,01,04,02,01,06,01,05,,,AT,S,SECOND AVE,,,,25,25,28,40.290240,73.984360,N,,25313
2019132519LB25843,MONMOUTH,LONG BRANCH CITY,09/24/2019,TU,1817,01,LONG BRANCH PD,MUNICIPAL,0,0,0,0,P,I,N,N,03,2,HOLLYWOOD AVE **,S,,,13251303__,.13,07,,01,04,02,01,03,01,05,,,AT,,WESTWOOD AVE,,,,25,25,26,40.286260,73.998720,N,,25371
2019132519LB26038,MONMOUTH,LONG BRANCH CITY,09/26/2019,TH,0711,01,LONG BRANCH PD,MUNICIPAL,0,0,0,0,P,I,N,N,02,2,BROADWAY,E,,,13251351__,1.15,07,,01,04,02,01,01,01,05,,,AT,S,THIRD AVE,,,,25,25,26,40.300730,73.997890,N,,25359
2019132519LB26113,MONMOUTH,LONG BRANCH CITY,09/26/2019,TH,1711,01,LONG BRANCH PD,MUNICIPAL,0,1,0,1,I,I,N,N,13,1,OAKWOOD AVE **,S,,,13251253__,.53,07,,01,06,02,01,01,01,05,,,AT,S,ROUTE 537 / BROADWAY,,,,25,25,22,40.298650,74.007790,N,,25376
2019132519LB26208,MONMOUTH,LONG BRANCH CITY,09/27/2019,FR,1352,01,LONG BRANCH PD,MUNICIPAL,0,1,0,0,I,B,N,N,04,2,JOHN GUIRE DR,,,,,,07,,01,04,02,01,01,01,05,,20,FE,S,CR 25,,,,25,35,26,40.281550,73.999970,N,,25278
2019132519LB26276,MONMOUTH,LONG BRANCH CITY,09/28/2019,SA,0557,01,LONG BRANCH PD,MUNICIPAL,0,0,0,0,P,B,N,N,06,2,SIXTH AVE **,S,,,13251208__,.00,07,,01,04,02,01,02,01,05,,200,FE,,ROUTE 537 / BROADWAY,,,,25,25,28,,,N,,25361
2019132519LB26468,MONMOUTH,LONG BRANCH CITY,09/30/2019,MO,0521,01,LONG BRANCH PD,MUNICIPAL,0,0,0,0,P,B,N,N,06,2,MONMOUTH COUNTY 25 II,N,25,2,130000252_,1.13,05,,01,04,02,01,07,01,05,,15,FE,N,MORFORD AVE,,,,35,25,28,40.297360,74.002460,N,,25366
2019132519LB26507,MONMOUTH,LONG BRANCH CITY,09/30/2019,MO,1215,01,LONG BRANCH PD,MUNICIPAL,0,0,0,0,P,I,N,N,03,2,HAMPTON AVE **,,,,13251249__,.09,07,,01,04,02,01,01,01,05,,,AT,W,WASHINGTON ST,,,,25,25,26,40.301770,74.000420,N,,25327
2019132519LB26610,MONMOUTH,LONG BRANCH CITY,10/01/2019,TU,1907,01,LONG BRANCH PD,MUNICIPAL,0,2,0,0,I,I,N,N,07,2,BROADWAY,W,,,13251351__,.13,07,,01,04,02,01,06,01,05,,,AT,,GROVE ST,,,,25,25,26,40.299250,74.004710,N,,25374
2019132519LB26682,MONMOUTH,LONG BRANCH CITY,10/02/2019,WE,1023,01,LONG BRANCH PD,MUNICIPAL,0,1,0,0,I,I,N,N,01,2,MONMOUTH COUNTY 25 I,,25,1,130000251_,.09,05,,01,04,02,01,01,01,05,,,AT,,CR 25 / NORWOOD AVE,,,,35,40,26,,,N,,25316
2019132519LB26787,MONMOUTH,LONG BRANCH CITY,10/03/2019,TH,0853,01,LONG BRANCH PD,MUNICIPAL,0,0,0,0,P,B,N,N,06,2,UNION AVE,,,,,,07,,01,04,02,02,01,02,05,,75,FE,W,N. SECOND AVE,,,,25,25,28,40.306250,73.983850,N,,25327
2019132519LB26788,MONMOUTH,LONG BRANCH CITY,10/03/2019,TH,0903,01,LONG BRANCH PD,MUNICIPAL,0,0,0,0,P,B,N,N,06,2,CONOVER PL **,S,,,13251197__,.00,07,,01,04,02,02,00,02,05,,200,FE,S,HENDRICKSON AVE,,,,25,25,28,40.306730,73.998470,N,,25376
2019132519LB26796,MONMOUTH,LONG BRANCH CITY,10/03/2019,TH,1001,01,LONG BRANCH PD,MUNICIPAL,0,1,0,0,I,B,N,N,04,2,FLORENCE AVE,,,,13251317__,.21,07,,01,04,02,02,01,02,05,,20,FE,N,CHELTON AVE,,,,25,25,26,40.315590,73.988240,N,,25327
2019132519LB26801,MONMOUTH,LONG BRANCH CITY,10/03/2019,TH,1133,01,LONG BRANCH PD,MUNICIPAL,0,1,0,0,I,B,N,N,01,2,MONMOUTH COUNTY 25 I,,25,1,130000251_,.09,05,,01,04,02,02,01,02,05,,25,FE,E,CR 25 / NORWOOD AVE,,,,35,40,26,40.281650,74.001600,N,,25316
2019132519LB26812,MONMOUTH,LONG BRANCH CITY,10/03/2019,TH,1456,01,LONG BRANCH PD,MUNICIPAL,0,0,0,0,P,B,N,N,01,2,BROADWAY,E,,,13251351__,.03,07,,01,04,02,02,01,02,05,,150,FE,E,CR 29A / MYRTLE AVE,,,,25,25,26,40.298770,74.006340,N,,25376
2019132519LB26817,MONMOUTH,LONG BRANCH CITY,10/03/2019,TH,1519,01,LONG BRANCH PD,MUNICIPAL,0,0,0,0,P,I,N,N,03,2,NJ 36,,36,,00000036__,5.00,02,,01,04,02,02,01,02,05,,,AT,,N FIFTH AVE,,,,40,25,26,40.309800,73.992640,N,,25377
2019132519LB26855,MONMOUTH,LONG BRANCH CITY,10/03/2019,TH,2346,01,LONG BRANCH PD,MUNICIPAL,0,0,0,0,P,B,N,N,06,3,BRIGHTON AVE,E,,,13251311__,.97,07,,01,04,02,02,06,02,05,,200,FE,E,2ND AVE,,,,35,35,28,40.284340,73.985740,N,,
2019132519LB27963,MONMOUTH,LONG BRANCH CITY,10/16/2019,WE,0718,01,LONG BRANCH PD,MUNICIPAL,0,0,0,0,P,I,N,N,02,2,THIRD AVE,N,,,13251126__,.19,07,,01,04,02,01,01,01,05,,,AT,,MORRIS AVE,,,,25,25,26,40.296360,73.988160,N,,25369
2019132519LB27992,MONMOUTH,LONG BRANCH CITY,10/16/2019,WE,1301,01,LONG BRANCH PD,MUNICIPAL,0,0,0,0,P,B,N,N,03,2,MONTGOMERY AVE **,,,,13251111__,.01,07,,01,04,02,01,01,05,05,,75,FE,E,SECOND AVE,,,,25,25,26,40.284910,73.985830,N,,25310
2019132519LB28027,MONMOUTH,LONG BRANCH CITY,10/16/2019,WE,1839,01,LONG BRANCH PD,MUNICIPAL,0,0,0,0,P,I,N,N,03,2,SECOND AVE **,W,,,13251099__,1.50,07,,01,04,02,02,06,02,05,,,AT,W,GARFIELD AVE,,,,25,25,26,40.302880,73.982810,N,,25372
2019132519LB28100,MONMOUTH,LONG BRANCH CITY,10/17/2019,TH,1301,01,LONG BRANCH PD,MUNICIPAL,0,0,0,0,P,B,N,N,02,2,BATH AVE,W,,,13251314__,.49,07,,01,04,02,01,01,05,05,,50,FE,S,HIGH ST,,,,35,25,26,40.295420,73.994920,N,,25369