Year(4)-CountyCode(2)-MunicipalityCode(2)-CaseNumber(9),County Name,Municipality Name,Crash Date,Crash Day of Week,Crash Time,Police Department Code,Police Department,Police Station,Total Killed,Total Injured,Pedestrians Killed,Pedestrians Injured,Severity,Intersection,Alcohol Involved,Hazmat Involved,Crash Type,Total Vehicles,Location,Location Direction,Route,Route Suffix,Std Rte Identifier,MilePost,Road System,Road Character,Road Horizontal Alignment,Road Grade,Road Surface Type,Surface Condition,Light Condition,Environmental Condition,Road Divided By,Temporary Traffic Control Zone,Distance To Cross Street,Unit Of Measurement,Direction From Cross Street,Cross Street Name,Is Ramp,Ramp To/From Route Name,Ramp To/From Route Direction,Posted Speed,Posted Speed Cross Street,First Harmful Event,Latitude,Longitude,Cell Phone In Use Flag,Other Property Damage,Reporting Badge No.
2019132619MN07618,MONMOUTH,MANALAPAN TWP,03/31/2019,SU,0032,01,MANALAPAN TWP PD,,0,0,0,0,P,B,N,N,12,1,NJ 33,W,33,,00000033__,22.70,02,,01,04,02,01,05,01,03,01,528,FE,E,WOODWARD RD,,,,55,35,24,40.254350,74.367750,N,,26153
2019132619MN07743,MONMOUTH,MANALAPAN TWP,04/01/2019,MO,1708,01,MANALAPAN TWP PD,,0,0,0,0,P,I,N,N,03,2,ROUTE 527 ALTERNATE,N,527,A,00000527A_,.98,07,,01,04,02,01,01,01,05,01,,AT,,BAIRD RD / LAMB LN,,,,45,25,26,40.242360,74.384230,N,THE FRONT LAWN OF 260 SMITHBURG ROAD,26143
2019132619MN07765,MONMOUTH,MANALAPAN TWP,04/01/2019,MO,2009,01,MANALAPAN TWP PD,,0,0,0,0,P,B,N,N,12,1,UNION HILL RD,N,,,13261104__,.10,07,,01,04,02,01,07,01,05,01,528,FE,N,PEASE RD,,,,35,35,24,40.321410,74.353990,N,,26149
2019132619MN07798,MONMOUTH,MANALAPAN TWP,04/02/2019,TU,0351,01,MANALAPAN TWP PD,,0,0,0,0,P,B,N,N,12,1,US 9,N,9,,00000009__,117.50,02,,01,04,02,01,07,01,02,01,264,FE,N,TAYLORS MILLS RD,,,,55,35,24,40.302680,74.303060,N,,26153
2019132619MN07855,MONMOUTH,MANALAPAN TWP,04/02/2019,TU,1642,01,MANALAPAN TWP PD,,0,1,0,0,I,B,N,N,12,1,ROUTE 522,,522,,00000522__,15.28,05,,01,04,02,01,01,01,,,500,FE,W,TAYLORS MILL RD,,,,45,25,24,40.290160,74.343490,N,,26155
2019132619MN07867,MONMOUTH,MANALAPAN TWP,04/02/2019,TU,1928,01,MANALAPAN TWP PD,,0,0,0,0,P,B,N,N,12,1,PINE BROOK RD,,,,13261428__,1.24,07,,01,04,02,01,05,01,04,,1320,FE,W,WINTHROP DR,,,,35,25,24,,,N,,26134
2019132619MN07889,MONMOUTH,MANALAPAN TWP,04/03/2019,WE,0709,01,MANALAPAN TWP PD,,0,1,0,0,I,B,N,N,01,3,US 9,,9,,00000009__,116.75,02,,01,04,02,01,01,01,02,01,3960,FE,S,UNION HILL ROAD,,,,55,25,26,40.327110,74.305620,N,,
2019132619MN07911,MONMOUTH,MANALAPAN TWP,04/03/2019,WE,1114,01,MANALAPAN TWP PD,,0,1,0,0,I,B,N,N,01,2,US 9,S,9,,00000009__,117.00,02,,02,04,02,01,01,01,02,02,,,S,GORDONS CORNER ROAD,,,,55,45,26,40.319470,74.305450,N,,26099
2019132619MN07940,MONMOUTH,MANALAPAN TWP,04/03/2019,WE,1553,01,MANALAPAN TWP PD,,0,0,0,0,P,B,N,N,01,2,MONMOUTH COUNTY 3,S,3,,13000003__,.30,05,,01,04,02,01,01,01,05,01,1584,FE,S,FREEHOLD ROAD,,,,40,40,26,40.281590,74.330580,N,,140
2019132619MN07959,MONMOUTH,MANALAPAN TWP,04/03/2019,WE,2009,01,MANALAPAN TWP PD,,0,0,0,0,P,B,N,N,12,1,ROUTE 527,S,527,,00000527__,27.26,05,,01,04,02,01,04,01,,,200,FE,N,HIDDEN POND CT,,,,35,25,,40.262230,74.341470,N,,26098
2019132619MN08060,MONMOUTH,MANALAPAN TWP,04/04/2019,TH,1702,01,MANALAPAN TWP PD,,0,0,0,0,P,I,N,N,03,2,ROUTE 522,E,522,,00000522__,16.29,05,,01,04,02,01,01,01,,01,,AT,,NJ 3 / MAIN ST / TENNANT ST,,,,45,35,26,40.281590,74.330580,N,,26146
2019132619MN08161,MONMOUTH,MANALAPAN TWP,04/05/2019,FR,1554,01,MANALAPAN TWP PD,,0,1,0,0,I,I,N,N,01,2,MONMOUTH COUNTY 22,E,22,,13000022__,.19,05,,01,04,02,02,01,02,05,01,,AT,,PENSION RD,,,,35,35,26,40.302540,74.352850,N,,26093
2019132619MN08162,MONMOUTH,MANALAPAN TWP,04/05/2019,FR,1603,01,MANALAPAN TWP PD,,0,0,0,0,P,B,N,N,01,3,GORDONS CORNER RD,,,,13261107__,.75,07,,01,05,02,02,01,02,05,01,50,FE,N,PEACE RD,,,,35,35,26,40.313380,74.313430,N,,
2019132619MN08169,MONMOUTH,MANALAPAN TWP,04/05/2019,FR,1741,01,MANALAPAN TWP PD,,0,0,0,0,P,B,N,N,01,2,NJ 33,W,33,,00000033__,24.20,02,,01,04,02,02,01,02,03,,1000,FE,E,ROUTE 527 / MILLHURST RD / SWEETMAN,,,,35,40,,40.253280,74.340320,N,,26098
2019132619MN08250,MONMOUTH,MANALAPAN TWP,04/06/2019,SA,1702,01,MANALAPAN TWP PD,,0,3,0,0,I,B,N,N,01,2,US 9,N,9,,00000009__,119.03,02,,01,04,02,01,01,01,02,01,2640,FE,N,CR 3 / MORGANVILLE RD / TENNENT RD,,,,55,40,26,40.327110,74.305620,N,,26151
2019132619MN08294,MONMOUTH,MANALAPAN TWP,04/07/2019,SU,1102,01,MANALAPAN TWP PD,,0,0,0,0,P,B,N,N,02,2,GORDONS CORNER RD,E,,,13261107__,.17,07,,01,04,02,01,01,01,05,01,1000,FE,W,WARWICK DR / WESTBROOK WAY,,,,40,25,26,,,N,,26118
2019132619MN08324,MONMOUTH,MANALAPAN TWP,04/07/2019,SU,1611,01,MANALAPAN TWP PD,,0,0,0,0,P,I,N,N,01,2,US 9,S,9,,00000009__,117.45,02,,01,04,02,01,01,01,02,01,,AT,,TAYLORS MILLS RD,,,,55,35,26,40.302680,74.303060,N,,26149
2019132619MN08333,MONMOUTH,MANALAPAN TWP,04/07/2019,SU,2007,01,MANALAPAN TWP PD,,0,0,0,0,P,B,N,N,02,2,US 9,N,9,,00000009__,117.70,02,,01,04,02,01,07,01,02,01,1320,FE,N,TAYLORS MILLS RD,,,,55,35,26,40.314370,74.304060,N,,26149
2019132619MN08406,MONMOUTH,MANALAPAN TWP,04/08/2019,MO,1449,01,MANALAPAN TWP PD,,0,2,0,0,I,B,N,N,01,4,US 9,S,9,,00000009__,117.55,02,,01,04,02,01,01,01,02,,528,FE,N,TAYLORS MILLS RD,,,,55,25,26,40.302680,74.303060,N,,
2019132619MN08540,MONMOUTH,MANALAPAN TWP,04/10/2019,WE,0722,01,MANALAPAN TWP PD,MANALAPAN,0,0,0,0,P,B,N,N,08,2,COUNTRY OAKS DR **,N,,,13261404__,.45,07,,01,04,02,01,01,01,05,01,50,FE,N,PINE BROOK RD,,,,25,35,26,40.317740,74.347360,N,,26113
2019132619MN08627,MONMOUTH,MANALAPAN TWP,04/10/2019,WE,2257,01,MANALAPAN TWP PD,,0,2,0,0,I,B,N,N,06,3,HERON COURT,E,,,,,07,,01,04,02,01,07,01,,,528,FE,N,FINCH COURT,,,,25,25,28,40.301910,74.371430,N,LIGHT POLE IN FRONT OF 83 HERON COURT,26146
2019132619MN08734,MONMOUTH,MANALAPAN TWP,04/11/2019,TH,1709,01,MANALAPAN TWP PD,,0,0,0,0,P,B,N,N,01,2,MONMOUTH COUNTY 3,N,3,,13000003__,.55,05,,01,04,02,01,01,01,05,01,1320,FE,S,ROUTE 522,,,,40,40,26,40.278820,74.335530,N,,140
2019132619MN08841,MONMOUTH,MANALAPAN TWP,04/12/2019,FR,1601,01,MANALAPAN TWP PD,,0,1,0,0,I,B,N,N,04,2,GORDONS CORNER RD,,,,13261107__,.01,07,,02,04,02,01,01,01,05,01,50,FE,E,CONMACK LN,,,,35,25,26,40.303010,74.334980,N,,26151
2019132619MN08848,MONMOUTH,MANALAPAN TWP,04/12/2019,FR,1722,01,MANALAPAN TWP PD,,0,0,0,0,P,B,N,N,01,2,UNION HILL RD,,,,13261104__,.44,07,,01,05,02,02,01,05,05,01,50,FE,E,BLENHEIM RD,,,,35,25,26,40.332170,74.325820,N,,26143
2019132619MN08856,MONMOUTH,MANALAPAN TWP,04/12/2019,FR,2022,01,MANALAPAN TWP PD,,0,0,0,0,P,B,Y,N,11,1,OAKLAND MILLS RD **,E,,,13261174__,.36,07,,01,05,02,02,07,02,05,01,300,FE,W,KUDYBA CT,,,,35,25,,40.232900,74.363390,N,JCPL POLE #222/MAILBOX OF 159 OAKLAND MILLS ROAD,26148
2019132619MN08864,MONMOUTH,MANALAPAN TWP,04/12/2019,FR,2345,01,MANALAPAN TWP PD,,0,1,0,0,I,I,N,N,04,2,NJ 33,W,33,,00000033__,22.60,02,,01,04,02,02,06,02,02,01,,AT,,WOODWARD RD,,,,55,35,26,40.253810,74.368340,N,,26143
2019132619MN08893,MONMOUTH,MANALAPAN TWP,04/13/2019,SA,1149,01,MANALAPAN TWP PD,1326,0,0,0,0,P,B,N,N,01,2,UNION HILL RD,,,,13261104__,.26,07,,01,04,02,01,01,01,05,01,5,FE,E,PENSION RD,,,,35,25,26,40.322300,74.351680,N,,26155
2019132619MN08914,MONMOUTH,MANALAPAN TWP,04/13/2019,SA,1710,01,MANALAPAN TWP PD,,0,0,0,0,P,I,N,N,01,3,MONMOUTH COUNTY 22,N,22,,13000022__,.19,05,,01,06,02,01,01,01,05,01,,AT,,PENSION RD,,,,35,35,26,40.302750,74.353230,N,,26149
2019132619MN08971,MONMOUTH,MANALAPAN TWP,04/14/2019,SU,1346,01,MANALAPAN TWP PD,,0,0,0,0,P,B,N,N,02,2,WILD TURKEY WAY,N,,,13261181__,.00,07,,01,04,02,01,01,01,05,01,1000,FE,S,UNION HILL RD,,,,25,35,26,,,N,,26118
2019132619MN09000,MONMOUTH,MANALAPAN TWP,04/14/2019,SU,2131,01,MANALAPAN TWP PD,,0,0,0,0,P,B,N,N,11,1,APACHE DR **,S,,,13261395__,.00,07,,01,04,02,02,05,02,05,,50,FE,S,PEASE RD,,,,25,35,,40.323190,74.328710,N,MAILBOX OF 2 APACHE DRIVE,26149
2019132619MN09124,MONMOUTH,MANALAPAN TWP,04/16/2019,TU,0713,01,MANALAPAN TWP PD,,0,0,0,0,P,B,N,N,01,3,TAYLORS MILLS RD,E,,,13261530__,1.72,07,,01,04,02,01,01,01,05,01,100,FE,E,PEASE RD,,,,35,35,26,40.299390,74.317700,N,,26126
2019132619MN09226,MONMOUTH,MANALAPAN TWP,04/17/2019,WE,0549,01,MANALAPAN TWP PD,MANALAPAN,0,0,0,0,P,I,N,N,01,2,US 9,N,9,,00000009__,116.75,02,,01,04,02,01,02,01,,,,AT,,RYAN RD / SYMMES RD,,,,55,25,26,40.328960,74.305690,N,,26147
2019132619MN09251,MONMOUTH,MANALAPAN TWP,04/17/2019,WE,1049,01,MANALAPAN TWP PD,1326,0,0,0,0,P,B,N,N,11,1,KINNEY RD,,,,13261176__,.02,07,,01,04,02,01,01,01,05,01,100,FE,E,ROUTE 527 / SWEETMANS LN,,,,35,45,50,40.250000,74.341000,N,,26155
2019132619MN09324,MONMOUTH,MANALAPAN TWP,04/17/2019,WE,1810,01,MANALAPAN TWP PD,,0,1,0,0,I,I,N,N,03,2,MONMOUTH COUNTY 3,W,3,,13000003__,2.22,05,,01,04,02,01,01,01,05,01,,AT,,TAYLORS MILLS RD,,,,35,40,26,40.299390,74.317700,N,,140
2019132619MN09328,MONMOUTH,MANALAPAN TWP,04/17/2019,WE,1912,01,MANALAPAN TWP PD,,0,0,0,0,P,B,N,N,01,2,ROUTE 527,,527,,00000527__,26.60,05,,01,06,02,01,01,01,04,,50,FE,S,NJ 33,,,,45,,26,,,N,,26134
2019132619MN09391,MONMOUTH,MANALAPAN TWP,04/18/2019,TH,1127,01,MANALAPAN TWP PD,,0,0,0,0,P,B,N,N,01,2,US 9,N,9,,00000009__,117.55,02,,01,04,02,01,01,05,02,01,550,FE,N,TAYLORS MILLS RD,,,,55,35,26,40.303700,74.303260,N,,26144
2019132619MN09399,MONMOUTH,MANALAPAN TWP,04/18/2019,TH,1215,01,MANALAPAN TWP PD,MANALAPAN TWP,0,0,0,0,P,B,N,N,01,2,US 9,N,9,,00000009__,117.20,02,,01,04,02,01,01,01,03,01,1320,FE,S,TAYLORS MILLS RD,,,,55,35,26,40.299460,74.302700,N,,26113
2019132619MN09409,MONMOUTH,MANALAPAN TWP,04/18/2019,TH,1625,01,MANALAPAN TWP PD,1326,0,0,0,0,P,B,N,N,02,2,US 9,S,9,,00000009__,117.70,02,,01,04,02,01,01,01,02,01,1320,FE,N,TAYLORS MILLS RD,,,,55,35,26,40.305020,74.303680,N,,26155
2019132619MN09437,MONMOUTH,MANALAPAN TWP,04/18/2019,TH,2005,01,MANALAPAN TWP PD,,0,1,0,1,I,I,N,N,13,1,WOODWARD RD,,,,13261001__,2.10,07,,01,04,02,01,07,01,05,01,,AT,,NJ 33,,,,35,,22,40.253810,74.368340,N,,26149
2019132619MN09533,MONMOUTH,MANALAPAN TWP,04/19/2019,FR,1709,01,MANALAPAN TWP PD,,0,0,0,0,P,B,N,N,01,2,NJ 33,W,33,,00000033__,22.35,02,,01,04,02,01,01,05,03,01,1320,FE,W,WOODWARD RD,,,,55,25,26,40.255570,74.379810,N,,26143
2019132619MN09583,MONMOUTH,MANALAPAN TWP,04/20/2019,SA,1534,01,MANALAPAN TWP PD,1326,0,0,0,0,P,B,N,N,01,2,NJ 33,E,33,,00000033__,24.51,02,,01,04,02,01,01,01,03,01,2640,FE,E,ROUTE 527 / MILLHURST RD / SWEETMAN,,,,55,35,26,40.254060,74.335660,N,,26155
2019132619MN09687,MONMOUTH,MANALAPAN TWP,04/21/2019,SU,2052,01,MANALAPAN TWP PD,MANALAPAN PD,0,0,0,0,P,B,N,N,12,1,US 9,N,9,,00000009__,118.78,02,,01,05,02,01,07,01,02,01,100,FE,N,PINE BROOK RD,,,,55,35,,40.319870,74.305620,N,,26142
2019132619MN09690,MONMOUTH,MANALAPAN TWP,04/21/2019,SU,2148,01,MANALAPAN TWP PD,,0,0,0,0,P,B,N,N,01,2,US 9,N,9,,00000009__,117.35,02,,01,04,02,01,07,01,02,01,528,FE,S,TAYLORS MILLS RD,,,,55,35,26,40.303100,74.303210,N,,26153
2019132619MN09722,MONMOUTH,MANALAPAN TWP,04/22/2019,MO,1041,01,MANALAPAN TWP PD,,0,1,0,0,I,B,N,N,06,2,MONMOUTH COUNTY 3,N,3,,13000003__,.03,05,,01,04,02,01,01,05,05,01,150,FE,N,ROUTE 527 / MILLHURST RD,,,,40,45,28,40.274740,74.342730,N,,26139
2019132619MN09723,MONMOUTH,MANALAPAN TWP,04/22/2019,MO,1104,01,MANALAPAN TWP PD,,0,0,0,0,P,B,N,N,01,2,US 9,S,9,,00000009__,117.03,02,,01,04,02,01,01,01,02,01,1500,FE,N,RYAN RD / SYMMES RD,,,,55,35,26,,,N,,26118
2019132619MN09738,MONMOUTH,MANALAPAN TWP,04/22/2019,MO,1432,01,MANALAPAN TWP PD,,0,0,0,0,P,I,N,N,03,2,MONMOUTH COUNTY 3,N,3,,13000003__,1.21,05,,01,04,02,02,01,02,05,01,,AT,,CRAIG RD,,,,35,35,26,,,N,,26118
2019132619MN09765,MONMOUTH,MANALAPAN TWP,04/22/2019,MO,2141,01,MANALAPAN TWP PD,,0,0,0,0,P,B,N,N,08,2,OXFORD RD **,,,,13261031__,.25,07,,01,04,02,01,07,01,,,1320,FE,N,OLD QUEENS BLVD,,,,25,25,28,,,N,,26134
2019132619MN09798,MONMOUTH,MANALAPAN TWP,04/23/2019,TU,1022,01,MANALAPAN TWP PD,,0,1,0,0,I,I,N,N,03,2,ROUTE 527,N,527,,00000527__,26.36,05,,02,04,02,01,01,01,,,,AT,,KINNEY RD,,,,45,35,26,40.249920,74.341890,N,,26099
2019132619MN09825,MONMOUTH,MANALAPAN TWP,04/23/2019,TU,1739,01,MANALAPAN TWP PD,,0,0,0,0,P,B,N,N,01,2,NJ 33,E,33,,00000033__,23.82,02,,01,04,02,01,01,01,03,01,1000,FE,W,ROUTE 527 / MILLHURST RD / SWEETMAN,,,,55,40,26,,,N,,26118
2019132619MN09826,MONMOUTH,MANALAPAN TWP,04/23/2019,TU,1754,01,MANALAPAN TWP PD,MANALAPAN,0,0,0,0,P,I,N,N,01,2,LAFAYETTE MILLS RD,S,,,,,07,,01,04,02,01,01,01,,,,AT,,CHAMBER LANE,,,,35,25,26,40.309140,74.290360,N,,26147
2019132619MN09827,MONMOUTH,MANALAPAN TWP,04/23/2019,TU,1824,01,MANALAPAN TWP PD,,0,0,0,0,P,B,N,N,02,2,US 9,S,9,,00000009__,118.17,02,,01,04,02,01,01,01,03,,1000,FE,N,CENTER DR,,,,55,25,,40.313210,74.306430,N,,26098
2019132619MN09882,MONMOUTH,MANALAPAN TWP,04/24/2019,WE,1327,01,MANALAPAN TWP PD,1326,0,0,0,0,P,B,N,N,01,2,SMALLWOOD LN **,,,,13261147__,.00,07,,01,04,02,01,01,01,05,01,5,FE,E,US 9,,,,25,55,26,40.299470,74.302660,N,,26155
2019132619MN09928,MONMOUTH,MANALAPAN TWP,04/25/2019,TH,0001,01,MANALAPAN TWP PD,,0,0,0,0,P,B,N,N,05,3,DEER WAY **,E,,,13261421__,.21,07,,03,04,02,01,06,01,05,01,100,FE,E,DOE DR,,,,25,25,26,40.318660,74.354740,N,,
2019132619MN09950,MONMOUTH,MANALAPAN TWP,04/25/2019,TH,1005,01,MANALAPAN TWP PD,MANALAPAN PD,0,0,0,0,P,B,N,N,02,2,NRYAN ROAD,W,,,,,07,,01,04,02,01,01,01,05,,50,FE,E,US 9,,,,25,55,26,40.293260,74.298670,N,,26142
2019132619MN09955,MONMOUTH,MANALAPAN TWP,04/25/2019,TH,1054,01,MANALAPAN TWP PD,,0,1,0,0,I,B,N,N,09,2,MONMOUTH COUNTY 3,S,3,,13000003__,3.64,05,,01,04,01,01,01,01,05,01,100,FE,N,GORDONS CORNER RD,,,,40,40,26,40.313380,74.313430,N,,26116
2019132619MN10050,MONMOUTH,MANALAPAN TWP,04/26/2019,FR,1301,01,MANALAPAN TWP PD,STATION,0,1,0,0,I,I,N,N,11,1,OXFORD RD **,W,,,13261031__,.00,07,,01,04,02,02,01,02,04,,,AT,E,OLD QUEENS BLVD,,,,25,,,40.311880,74.335860,N,STOP SIGN NEAR OXFORD RD/OLD QUEENS BLVD  FRONT LAWN OF 1 OXFORD RD,26097
2019132619MN10059,MONMOUTH,MANALAPAN TWP,04/26/2019,FR,1440,01,MANALAPAN TWP PD,1326,0,0,0,0,P,B,N,N,03,2,SYMMES DR,,,,13261138__,.71,07,,01,04,02,02,01,02,05,01,792,FE,E,ALEXANDRIA DR,,,,35,25,26,40.293380,74.303780,N,,26155
2019132619MN10071,MONMOUTH,MANALAPAN TWP,04/26/2019,FR,1734,01,MANALAPAN TWP PD,,0,0,0,0,P,B,N,N,01,2,NJ 33,E,33,,00000033__,23.99,02,,01,04,02,02,01,01,03,01,100,FE,W,ROUTE 527 / MILLHURST RD / SWEETMAN,,,,55,35,26,40.254000,74.341660,N,,26151
2019132619MN10151,MONMOUTH,MANALAPAN TWP,04/27/2019,SA,1801,01,MANALAPAN TWP PD,,0,0,0,0,P,B,N,N,06,2,DEER WAY **,W,,,13261421__,.00,07,,01,04,02,01,01,01,,,500,FE,W,PENSION RD,,,,25,25,28,,,N,,26136
2019132619MN10282,MONMOUTH,MANALAPAN TWP,04/28/2019,SU,1225,01,MANALAPAN TWP PD,,0,0,0,0,P,B,N,N,02,2,RYAN ROAD,W,,,,,07,,01,06,02,02,01,02,05,01,150,FE,E,US 9,,,,25,55,26,40.293260,74.298670,N,,26139
2019132619MN10421,MONMOUTH,MANALAPAN TWP,04/29/2019,MO,0815,01,MANALAPAN TWP PD,,0,0,0,0,P,B,N,N,01,2,US 9,S,9,,00000009__,117.70,02,,01,04,02,01,01,01,02,01,1320,FE,N,TAYLORS MILLS RD,,,,55,25,26,40.301400,74.304130,N,,26116
2019132619MN10439,MONMOUTH,MANALAPAN TWP,04/29/2019,MO,1112,01,MANALAPAN TWP PD,,0,0,0,0,P,B,N,N,05,2,PINE BROOK RD,W,,,13261428__,.00,07,,03,04,02,01,01,01,,,1056,FE,W,US 9,,,,35,55,26,40.321320,74.322760,N,,26099
2019132619MN10509,MONMOUTH,MANALAPAN TWP,04/29/2019,MO,1713,01,MANALAPAN TWP PD,,0,0,0,0,P,I,N,N,01,2,CAITLIN WAY **,,,,13261339__,.17,07,,01,06,02,01,01,01,05,,,AT,,CR 3 / TENNENT RD,,,,25,40,26,,,N,,26134
2019132619MN10591,MONMOUTH,MANALAPAN TWP,04/30/2019,TU,0812,01,MANALAPAN TWP PD,,0,0,0,0,P,B,N,N,03,2,ROUTE 527,S,527,,00000527__,28.19,05,,01,04,02,01,01,01,05,01,528,FE,N,CR 3 / MAIN ST / WOODWARD RD,,,,35,35,26,40.274150,74.341950,N,,26155
2019132619MN10714,MONMOUTH,MANALAPAN TWP,05/01/2019,WE,0955,01,MANALAPAN TWP PD,,0,0,0,0,P,B,N,N,03,2,MONMOUTH COUNTY 3,,3,,13000003__,3.82,05,,01,04,02,01,01,01,05,01,792,FE,N,GORDENS CORNER RD,,,,40,45,26,40.319760,74.304770,N,,26155
2019132619MN10787,MONMOUTH,MANALAPAN TWP,05/01/2019,WE,1909,01,MANALAPAN TWP PD,,0,0,0,0,P,B,N,N,01,2,TAYLORS MILLS RD,,,,13261530__,.87,07,,01,04,02,02,03,02,05,01,100,FE,W,US 9,,,,35,55,26,40.302680,74.303060,N,,26151
2019132619MN10794,MONMOUTH,MANALAPAN TWP,05/01/2019,WE,2113,01,MANALAPAN TWP PD,,0,1,0,0,I,B,N,N,01,2,US 9,S,9,,00000009__,117.70,02,,01,04,02,02,07,02,02,01,1320,FE,N,TAYLORS MILLS RD,,,,55,35,26,40.308880,74.304700,N,,26149
2019132619MN10913,MONMOUTH,MANALAPAN TWP,05/02/2019,TH,1643,01,MANALAPAN TWP PD,,0,2,0,0,I,B,N,N,02,2,UNION HILL RD,W,,,,,07,,01,04,02,01,01,01,,,528,FE,W,BUR COURT,,,,35,25,26,40.325890,74.336000,N,DAMAGE TO GRASS AND SIDEWALK DIRECTLY IN FRONT OF 224 UNION HILL ROAD,26146
2019132619MN10929,MONMOUTH,MANALAPAN TWP,05/02/2019,TH,2010,01,MANALAPAN TWP PD,,0,0,0,0,P,B,N,N,08,2,TAYLORS MILLS RD,E,,,13261530__,.90,07,,01,04,02,01,06,01,,01,50,FE,E,US 9,,,,35,55,26,40.299390,74.317700,N,,26146
2019132619MN10960,MONMOUTH,MANALAPAN TWP,05/03/2019,FR,0032,01,MANALAPAN TWP PD,,0,0,0,0,P,B,N,N,12,1,US 9,S,9,,00000009__,117.70,02,,01,04,02,01,06,01,05,01,1320,FE,N,TAYLORS MILLS RD,,,,55,35,24,40.302020,74.304100,N,,26104
2019132619MN11007,MONMOUTH,MANALAPAN TWP,05/03/2019,FR,1139,01,MANALAPAN TWP PD,,0,2,0,0,I,B,N,N,01,2,MONMOUTH COUNTY 3,N,3,,13000003__,.80,05,,01,04,02,01,01,01,05,01,792,FE,S,FREEHOLD ROAD,,,,40,45,26,40.280170,74.332080,N,,26155
2019132619MN11008,MONMOUTH,MANALAPAN TWP,05/03/2019,FR,1152,01,MANALAPAN TWP PD,,0,1,0,0,I,B,N,N,01,3,RYAN RD,W,,,,,07,,01,06,02,01,01,05,05,01,100,FE,E,US 9,,,,35,55,26,40.293260,74.298670,N,,
2019132619MN11122,MONMOUTH,MANALAPAN TWP,05/04/2019,SA,1343,01,MANALAPAN TWP PD,,0,0,0,0,P,B,N,N,02,2,US 9,N,9,,00000009__,116.84,02,,01,04,02,01,01,01,02,01,500,FE,N,RYAN RD / SYMMES RD,,,,55,25,26,40.295210,74.299300,N,,26139
2019132619MN11151,MONMOUTH,MANALAPAN TWP,05/04/2019,SA,1834,01,MANALAPAN TWP PD,,0,2,0,0,I,B,N,N,03,2,SYMMES DR,W,,,13261138__,.60,07,,01,04,02,01,03,01,05,01,200,FE,E,ALEXANDRIA DR,,,,35,25,26,40.291080,74.301930,N,,26152
2019132619MN11204,MONMOUTH,MANALAPAN TWP,05/05/2019,SU,1339,01,MANALAPAN TWP PD,,0,1,0,0,I,B,N,N,11,1,ROUTE 527 ALTERNATE,N,527,A,00000527A_,4.79,05,,01,04,02,02,01,02,05,01,200,FE,S,MT VERNON RD,,,,45,25,,40.286450,74.371070,Y,DAMAGE TO THE MAILBOX OF 142 IRON ORE ROAD,140
2019132619MN11237,MONMOUTH,MANALAPAN TWP,05/05/2019,SU,1915,01,MANALAPAN TWP PD,,0,0,0,0,P,B,N,N,11,1,MONMOUTH COUNTY 3,N,3,,13000003__,2.26,05,,01,04,02,02,03,02,05,,200,FE,N,TAYLORS MILLS RD,,,,40,35,,40.303030,74.315980,N,,26152
2019132619MN11289,MONMOUTH,MANALAPAN TWP,05/06/2019,MO,1231,01,MANALAPAN TWP PD,,0,1,0,0,I,B,N,N,01,3,US 9,S,9,,00000009__,117.65,02,,01,04,02,01,01,01,02,01,1056,FE,N,TAYLORS MILLS RD,,,,55,25,26,40.311060,74.304550,N,,26099
2019132619MN11372,MONMOUTH,MANALAPAN TWP,05/07/2019,TU,0728,01,MANALAPAN TWP PD,,0,0,0,0,P,B,N,N,12,2,MONMOUTH COUNTY 22,W,22,,13000022__,.61,05,,01,05,02,01,01,01,05,,20,FE,E,COOPERHAWK DR,,,,35,25,24,40.303170,74.345370,N,,26116
2019132619MN11413,MONMOUTH,MANALAPAN TWP,05/07/2019,TU,1520,01,MANALAPAN TWP PD,,0,2,0,0,I,I,N,N,03,2,ROUTE 527 ALTERNATE,S,527,A,00000527A_,4.79,05,,01,04,02,01,01,01,05,01,,AT,,DEY GROVE RD,,,,45,30,26,40.283420,74.376460,N,,26148
2019132619MN11414,MONMOUTH,MANALAPAN TWP,05/07/2019,TU,1523,01,MANALAPAN TWP PD,,0,0,0,0,P,B,N,N,01,2,MONMOUTH COUNTY 3,S,3,,13000003__,3.67,05,,01,06,02,01,01,01,05,01,20,FE,S,GORDENS CORNER RD,,,,40,45,26,40.317730,74.306580,N,,26131
2019132619MN11416,MONMOUTH,MANALAPAN TWP,05/07/2019,TU,1532,01,MANALAPAN TWP PD,,0,0,0,0,P,B,N,N,01,2,MONMOUTH COUNTY 3,,3,,13000003__,3.27,05,,01,04,02,01,01,01,05,01,150,FE,N,TOWNE DR,,,,35,25,26,40.314880,74.306650,N,,26151