Year(4)-CountyCode(2)-MunicipalityCode(2)-CaseNumber(9),County Name,Municipality Name,Crash Date,Crash Day of Week,Crash Time,Police Department Code,Police Department,Police Station,Total Killed,Total Injured,Pedestrians Killed,Pedestrians Injured,Severity,Intersection,Alcohol Involved,Hazmat Involved,Crash Type,Total Vehicles,Location,Location Direction,Route,Route Suffix,Std Rte Identifier,MilePost,Road System,Road Character,Road Horizontal Alignment,Road Grade,Road Surface Type,Surface Condition,Light Condition,Environmental Condition,Road Divided By,Temporary Traffic Control Zone,Distance To Cross Street,Unit Of Measurement,Direction From Cross Street,Cross Street Name,Is Ramp,Ramp To/From Route Name,Ramp To/From Route Direction,Posted Speed,Posted Speed Cross Street,First Harmful Event,Latitude,Longitude,Cell Phone In Use Flag,Other Property Damage,Reporting Badge No.
2019132619MN17382,MONMOUTH,MANALAPAN TWP,07/12/2019,FR,1316,01,MANALAPAN TWP PD,,0,2,0,0,I,B,N,N,01,2,NJ 33,E,33,,00000033__,22.60,02,,01,04,02,01,01,01,03,,0,FE,W,WOODWARD RD,,,,55,35,26,40.253810,74.368340,N,,26099
2019132619MN17396,MONMOUTH,MANALAPAN TWP,07/12/2019,FR,1559,01,MANALAPAN TWP PD,,0,0,0,0,P,I,N,N,01,2,LAFAYETTE RD,S,,,,,07,,01,07,02,01,01,01,05,,,AT,,TAYLORS MILLS RD,,,,35,25,26,,,N,,26134
2019132619MN17422,MONMOUTH,MANALAPAN TWP,07/12/2019,FR,2202,01,MANALAPAN TWP PD,,0,0,0,0,P,B,N,N,99,2,US 9,N,9,,00000009__,116.99,02,,01,04,02,01,05,01,02,04,1320,FE,S,SMALLWOOD LN / PLAZA CT,,,,55,25,26,,,N,,26134
2019132619MN17440,MONMOUTH,MANALAPAN TWP,07/13/2019,SA,0402,01,MANALAPAN TWP PD,,0,0,0,0,P,B,N,N,11,1,TAYLORS MILLS RD,S,,,13261530__,.10,07,,01,04,02,01,07,01,05,01,528,FE,N,ROUTE 522,,,,35,45,56,40.292050,74.343060,N,MULTIPLE UTILITY POLES/WIRES BELONGING TO JCP&L AND VERIZON ALONG TAYLORS MILLS,26153
2019132619MN17463,MONMOUTH,MANALAPAN TWP,07/13/2019,SA,1141,01,MANALAPAN TWP PD,,0,0,0,0,P,B,N,N,01,2,PINE BROOK RD,E,,,13261428__,.00,07,,01,04,02,01,01,01,05,01,5,FE,W,US 9,,,,35,55,26,40.321250,74.305670,N,,26139
2019132619MN17470,MONMOUTH,MANALAPAN TWP,07/13/2019,SA,1245,01,MANALAPAN TWP PD,,0,0,0,0,P,B,N,N,02,2,GORDONS CORNER RD,W,,,,,07,,01,04,02,01,01,01,05,01,200,FE,W,US 9,,,,45,,26,40.313380,74.313430,N,,26139
2019132619MN17498,MONMOUTH,MANALAPAN TWP,07/13/2019,SA,2132,01,MANALAPAN TWP PD,MANALAPAN,0,0,0,0,P,B,N,N,01,2,NJ 33,W,33,,00000033__,24.01,02,,01,04,02,01,06,01,03,,15,FE,E,ROUTE 527 / MILLHURST RD / SWEETMAN,,,,55,40,26,40.254000,74.341660,N,,26147
2019132619MN17554,MONMOUTH,MANALAPAN TWP,07/14/2019,SU,1843,01,MANALAPAN TWP PD,,0,4,0,0,I,B,N,N,01,5,NJ 33,W,33,,00000033__,24.16,02,,01,04,02,01,01,01,03,01,792,FE,E,ROUTE 527 / MILLHURST RD / SWEETMAN,,,,55,45,26,40.254000,74.341660,N,,
2019132619MN17617,MONMOUTH,MANALAPAN TWP,07/15/2019,MO,1456,01,MANALAPAN TWP PD,,0,0,0,0,P,B,N,N,02,2,US 9,S,9,,00000009__,116.50,02,,01,04,01,01,01,01,02,01,1320,FE,N,CRAIG ROAD,,,,55,40,26,40.287070,74.294890,N,,26131
2019132619MN17663,MONMOUTH,MANALAPAN TWP,07/16/2019,TU,0922,01,MANALAPAN TWP PD,,0,0,0,0,P,B,N,N,06,2,MONMOUTH COUNTY 22,E,22,,13000022__,.17,05,,01,04,02,01,01,01,05,01,100,FE,W,PENSION RD,,,,35,35,28,40.301960,74.353990,N,,26144
2019132619MN17684,MONMOUTH,MANALAPAN TWP,07/16/2019,TU,1207,01,MANALAPAN TWP PD,,0,0,0,0,P,B,N,N,01,2,ROUTE 527 ALTERNATE,N,527,A,00000527A_,2.92,05,,01,05,02,01,01,01,05,01,50,FE,N,ROUTE 537,,,,45,50,26,40.209800,74.352870,N,,26131
2019132619MN17699,MONMOUTH,MANALAPAN TWP,07/16/2019,TU,1405,01,MANALAPAN TWP PD,,0,0,0,0,P,B,N,N,01,2,US 9,S,9,,00000009__,116.95,02,,01,04,02,01,01,01,05,01,2640,FE,S,TAYLORS MILLS RD,,,,55,35,26,40.308460,74.306000,N,,26131
2019132619MN17706,MONMOUTH,MANALAPAN TWP,07/16/2019,TU,1706,01,MANALAPAN TWP PD,,0,0,0,0,P,B,N,N,08,2,LONGBOW DR **,,,,13261076__,.04,07,,02,04,02,01,01,01,05,01,200,FE,E,MADIGAN LN,,,,25,25,26,40.325610,74.325940,N,,26151
2019132619MN17745,MONMOUTH,MANALAPAN TWP,07/17/2019,WE,0853,01,MANALAPAN TWP PD,,0,1,0,0,I,B,N,N,11,1,LAMB LN,E,,,,,07,,01,04,02,01,01,01,05,01,100,FE,W,AUTUMN DR,,,,35,25,56,40.242500,74.373470,N,,26144
2019132619MN17747,MONMOUTH,MANALAPAN TWP,07/17/2019,WE,0928,01,MANALAPAN TWP PD,,0,0,0,0,P,B,N,N,99,1,ROUTE 527 ALTERNATE,N,527,A,00000527A_,4.73,05,,01,04,02,01,01,,,,528,FE,S,MT VERNON RD,,,,45,25,,40.277240,74.382990,N,MAILBOX LOCATED AT 134 IRON ORE ROAD.,26099
2019132619MN17783,MONMOUTH,MANALAPAN TWP,07/17/2019,WE,1546,01,MANALAPAN TWP PD,,0,1,0,0,I,B,N,N,01,2,US 9,N,9,,00000009__,116.74,02,,01,04,02,01,01,01,05,01,50,FE,S,RYAN RD / SYMMES RD,,,,55,25,26,40.293150,74.298590,N,,26152
2019132619MN17838,MONMOUTH,MANALAPAN TWP,07/18/2019,TH,1037,01,MANALAPAN TWP PD,,0,0,0,0,P,B,N,N,01,2,US 9,N,9,,00000009__,117.40,02,,01,04,02,01,01,01,02,01,1,FE,S,TAYLORS MILL RD.,,,,55,25,26,40.303110,74.303220,N,,26116
2019132619MN17872,MONMOUTH,MANALAPAN TWP,07/18/2019,TH,1647,01,MANALAPAN TWP PD,,0,0,0,0,P,B,N,N,01,2,RYAN ROAD,E,,,,,07,,01,05,02,02,01,02,05,01,100,FE,W,MERCER LANE,,,,25,25,26,40.293260,74.298670,N,,26152
2019132619MN17875,MONMOUTH,MANALAPAN TWP,07/18/2019,TH,1701,01,MANALAPAN TWP PD,,0,2,0,0,I,I,N,N,07,2,MONMOUTH COUNTY 3,,3,,13000003__,2.22,05,,01,04,02,02,01,02,05,01,,AT,,TAYLORS MILLS RD,,,,40,35,26,40.299390,74.317700,N,,26156
2019132619MN17908,MONMOUTH,MANALAPAN TWP,07/19/2019,FR,0224,01,MANALAPAN TWP PD,,0,2,0,0,I,B,N,N,01,2,NJ 33,E,33,,00000033__,23.91,02,,01,04,02,02,06,02,03,01,528,FE,W,ROUTE 527 / MILLHURST RD / SWEETMAN,,,,55,45,26,,,N,,26155
2019132619MN17954,MONMOUTH,MANALAPAN TWP,07/19/2019,FR,1305,01,MANALAPAN TWP PD,MANALAPAN,0,0,0,0,P,B,N,N,01,2,LAFAYETTE MILLS RD,S,,,,,07,,01,04,02,01,01,01,05,01,5,FE,N,TAYLORS MILLS RD,,,,35,25,26,40.302820,74.286680,N,,26113
2019132619MN17966,MONMOUTH,MANALAPAN TWP,07/19/2019,FR,1535,01,MANALAPAN TWP PD,,0,0,0,0,P,B,N,N,03,2,MONMOUTH COUNTY 3,N,3,,13000003__,3.57,05,,01,04,02,01,01,01,04,01,528,FE,S,GORDENS CORNER RD,,,,45,45,26,40.315600,74.307820,N,,26153
2019132619MN17984,MONMOUTH,MANALAPAN TWP,07/19/2019,FR,1911,01,MANALAPAN TWP PD,,0,0,0,0,P,B,Y,N,11,1,ROUTE 527,N,527,,00000527__,23.51,05,,01,04,02,01,01,01,05,01,400,FE,N,RIFKIN CT,,,,40,25,,40.222880,74.361130,N,96 SMITHBURG ROAD MAILBOX AND TREES,26148
2019132619MN18038,MONMOUTH,MANALAPAN TWP,07/20/2019,SA,1124,01,MANALAPAN TWP PD,,0,0,0,0,P,B,N,N,01,2,US 9,S,9,,00000009__,117.55,02,,01,04,02,01,01,01,02,01,550,FE,N,TAYLORS MILLS RD,,,,55,35,26,40.302680,74.303060,N,,26116
2019132619MN18070,MONMOUTH,MANALAPAN TWP,07/20/2019,SA,1948,01,MANALAPAN TWP PD,,0,1,0,0,I,B,N,N,10,1,OAKLAND MILLS RD **,,,,13261174__,.09,07,,03,08,02,01,01,01,05,01,500,FE,E,ROUTE 527,,,,35,45,01,40.233280,74.367280,N,"PHILLIES"""" BASKETBALL WAS POPPED",26151
2019132619MN18128,MONMOUTH,MANALAPAN TWP,07/21/2019,SU,1543,01,MANALAPAN TWP PD,,0,0,0,0,P,B,Y,N,11,1,MONMOUTH COUNTY 3,N,3,,13000003__,2.32,05,,01,04,02,01,01,01,,01,528,FE,N,TAYLORS MILLS RD,,,,40,35,,40.302730,74.315640,N,REFLECTOR LIGHT ON GUARD RAIL,26146
2019132619MN18214,MONMOUTH,MANALAPAN TWP,07/22/2019,MO,1755,01,MANALAPAN TWP PD,,0,0,0,0,P,B,N,N,08,2,TIMBER LN **,W,,,13261223__,.00,07,,01,04,02,01,01,01,05,,500,FE,W,MANOR CT,,,,25,25,26,40.306310,74.317750,N,,26149
2019132619MN18253,MONMOUTH,MANALAPAN TWP,07/22/2019,MO,2005,01,MANALAPAN TWP PD,,0,0,0,0,P,B,N,N,01,2,US 9,S,9,,00000009__,116.40,02,,01,04,02,02,05,02,02,01,1056,FE,N,CRAIG RD,,,,55,35,26,40.287430,74.296550,N,,26151
2019132619MN18350,MONMOUTH,MANALAPAN TWP,07/23/2019,TU,1331,01,MANALAPAN TWP PD,,0,0,0,0,P,B,N,N,01,2,UNION HILL RD,W,,,13261104__,.93,07,,01,04,02,01,01,01,05,01,30,FE,E,WILD TURKEY WAY,,,,35,25,26,40.336860,74.318900,N,,26099
2019132619MN18370,MONMOUTH,MANALAPAN TWP,07/23/2019,TU,1714,01,MANALAPAN TWP PD,,0,0,0,0,P,B,N,N,06,2,TIMBER LN **,N,,,13261223__,.09,07,,01,04,02,01,01,01,05,01,450,FE,N,MANOR CT,,,,25,25,26,40.307860,74.316800,N,,26145
2019132619MN18384,MONMOUTH,MANALAPAN TWP,07/23/2019,TU,2107,01,MANALAPAN TWP PD,,0,0,0,0,P,I,N,N,03,2,MCCAFFERY RD **,,,,13261167__,1.74,07,,01,04,02,02,07,02,05,01,,AT,,WOODWARD RD,,,,35,25,26,40.253810,74.368340,N,,26156
2019132619MN18432,MONMOUTH,MANALAPAN TWP,07/24/2019,WE,0933,01,MANALAPAN TWP PD,,0,0,0,0,P,B,N,N,01,2,MONMOUTH COUNTY 22,W,22,,13000022__,.34,05,,01,04,02,01,01,01,05,01,1000,FE,W,WHITMAN BLVD,,,,40,25,26,40.303740,74.346790,N,,26116
2019132619MN18488,MONMOUTH,MANALAPAN TWP,07/24/2019,WE,1903,01,MANALAPAN TWP PD,,0,0,0,0,P,B,N,N,01,2,GORDONS CORNER RD,E,,,13261107__,.74,07,,01,04,02,01,01,01,05,01,25,FE,W,PEACE RD,,,,40,35,26,40.336180,74.319240,N,,26145
2019132619MN18554,MONMOUTH,MANALAPAN TWP,07/25/2019,TH,1229,01,MANALAPAN TWP PD,,0,0,0,0,P,I,N,N,02,2,CHURCH LN **,N,,,13261108__,,07,,01,04,02,01,01,01,05,01,,AT,,FREEHOLD RD,,,,25,40,26,40.291030,74.340880,N,,26126
2019132619MN18556,MONMOUTH,MANALAPAN TWP,07/25/2019,TH,1233,01,MANALAPAN TWP PD,,0,0,0,0,P,B,N,N,01,2,ROUTE 527 ALTERNATE,N,527,A,00000527A_,1.95,07,,01,06,02,01,01,01,05,01,1584,FE,S,NJ 33,,,,45,55,26,40.243580,74.385570,N,,26099
2019132619MN18568,MONMOUTH,MANALAPAN TWP,07/25/2019,TH,1444,01,MANALAPAN TWP PD,,0,0,0,0,P,B,N,N,02,2,WELLINGTON CT,N,,,,,09,,01,04,02,01,01,01,05,,,,,,,,,25,,26,40.312170,74.308670,N,,26128
2019132619MN18571,MONMOUTH,MANALAPAN TWP,07/25/2019,TH,1520,01,MANALAPAN TWP PD,,0,0,0,0,P,B,N,N,01,2,MONMOUTH COUNTY 3,S,3,,13000003__,1.05,05,,03,04,02,01,01,01,,01,100,FE,S,CHURCH LN,,,,35,25,26,40.284480,74.327280,N,,26146
2019132619MN18594,MONMOUTH,MANALAPAN TWP,07/25/2019,TH,1926,01,MANALAPAN TWP PD,,0,2,0,0,I,B,N,N,11,1,CRAIG RD,W,,,13161137__,1.02,07,,01,04,02,01,03,01,05,01,50,FE,W,ADAMS CT,,,,40,25,,40.285430,74.316330,N,TREE,26152
2019132619MN18652,MONMOUTH,MANALAPAN TWP,07/26/2019,FR,1257,01,MANALAPAN TWP PD,MANALAPAN,0,0,0,0,P,I,N,N,10,1,UNION HILL RD,W,,,13261104__,.69,07,,01,04,02,01,01,01,,,,AT,,COUNTRY OAKS DR,,,,40,25,,40.322770,74.344790,N,COBBLESTONE ON CORENER OF UNION HILL AND COUNTRY OAKS BROKEN/RIPPED OFF BLOCK,26147
2019132619MN18654,MONMOUTH,MANALAPAN TWP,07/26/2019,FR,1315,01,MANALAPAN TWP PD,,0,0,0,0,P,B,N,N,11,1,US 9,S,9,,00000009__,117.88,02,,01,04,02,01,01,01,02,01,528,FE,S,CENTER DR,,,,55,25,,40.308450,74.306000,N,,26146
2019132619MN18660,MONMOUTH,MANALAPAN TWP,07/26/2019,FR,1444,01,MANALAPAN TWP PD,,0,0,0,0,P,B,N,N,03,2,ROUTE 527,N,527,,00000527__,26.61,05,,01,04,02,01,01,01,05,01,20,FE,N,NJ 33,,,,45,55,26,40.254040,74.341240,N,,26131
2019132619MN18662,MONMOUTH,MANALAPAN TWP,07/26/2019,FR,1456,01,MANALAPAN TWP PD,,0,1,0,0,I,B,N,N,11,1,ROUTE 527 ALTERNATE,N,527,A,00000527A_,.73,07,,01,04,02,01,01,01,02,,1320,FE,S,BAIRD RD / LAMB LN,,,,45,25,52,40.242360,74.384230,N,JCP&L POLE JC2067MPN,26134
2019132619MN18671,MONMOUTH,MANALAPAN TWP,07/26/2019,FR,1623,01,MANALAPAN TWP PD,,0,0,0,0,P,B,N,N,01,2,US 9,N,9,,00000009__,116.74,02,,01,04,02,01,01,01,05,01,50,FE,S,RYAN RD / SYMMES RD,,,,55,25,26,40.293260,74.298670,N,,26152
2019132619MN18695,MONMOUTH,MANALAPAN TWP,07/26/2019,FR,2351,01,MANALAPAN TWP PD,,0,0,0,0,P,B,N,N,12,2,ROUTE 522,,522,,00000522__,16.04,05,,01,04,02,01,07,01,05,,1320,FE,W,NJ 3 / MAIN ST / TENNANT ST,,,,45,25,24,40.291030,74.340880,N,,26125
2019132619MN18896,MONMOUTH,MANALAPAN TWP,07/29/2019,MO,1328,01,MANALAPAN TWP PD,,0,1,0,0,I,B,N,N,01,2,US 9,S,9,,00000009__,117.47,02,,01,04,02,01,01,01,02,01,100,FE,N,TAYLORS MILLS RD,,,,55,35,26,40.302680,74.303060,N,,26126
2019132619MN18915,MONMOUTH,MANALAPAN TWP,07/29/2019,MO,1724,01,MANALAPAN TWP PD,,0,0,0,0,P,B,N,N,01,2,NJ 33,W,33,,00000033__,24.03,02,,01,04,02,01,01,01,03,01,100,FE,E,ROUTE 527 / MILLHURST RD / SWEETMAN,,,,55,40,26,40.254000,74.341660,N,,26149
2019132619MN18921,MONMOUTH,MANALAPAN TWP,07/29/2019,MO,0745,01,MANALAPAN TWP PD,,0,0,0,0,P,B,N,N,15,1,GORDONS CORNER RD,,,,13261107__,1.35,07,,01,04,02,01,01,02,05,01,50,FE,E,SHILLING RD,,,,45,25,39,40.313380,74.313430,N,,26151
2019132619MN19009,MONMOUTH,MANALAPAN TWP,07/30/2019,TU,1512,01,MANALAPAN TWP PD,,0,3,0,0,I,B,N,N,02,5,US 9,S,9,,00000009__,117.95,02,,01,04,02,01,01,01,02,01,2640,FE,N,TAYLORS MILLS RD,,,,55,35,26,40.302680,74.303060,N,,26118
2019132619MN19019,MONMOUTH,MANALAPAN TWP,07/30/2019,TU,1919,01,MANALAPAN TWP PD,,0,0,0,0,P,B,N,N,01,2,TAYLORS MILLS RD,S,,,13261530__,.00,07,,01,04,02,01,01,01,05,01,15,FE,N,ROUTE 522,,,,35,45,26,40.290160,74.343490,N,,26156
2019132619MN19086,MONMOUTH,MANALAPAN TWP,07/31/2019,WE,1350,01,MANALAPAN TWP PD,,0,0,0,0,P,B,N,N,02,2,PENSION RD,S,,,13261004__,.53,07,,01,04,02,01,01,01,05,01,100,FE,S,PINE BROOK RD / UTILITY RD,,,,35,25,26,40.315720,74.350440,N,,140
2019132619MN19144,MONMOUTH,MANALAPAN TWP,08/01/2019,TH,0849,01,MANALAPAN TWP PD,MANALAPAN,0,0,0,0,P,B,N,N,01,2,ROUTE 527,S,527,,00000527__,26.37,05,,01,04,02,01,01,01,05,01,50,FE,N,KINNEY RD,,,,45,35,26,40.249080,74.341820,N,,26113
2019132619MN19160,MONMOUTH,MANALAPAN TWP,08/01/2019,TH,1317,01,MANALAPAN TWP PD,,0,0,0,0,P,B,N,N,03,2,TAYLORS MILLS RD,E,,,13261530__,.87,07,,01,04,02,01,01,01,05,01,100,FE,W,US 9,,,,35,55,26,40.301640,74.305250,N,,26105
2019132619MN19247,MONMOUTH,MANALAPAN TWP,08/02/2019,FR,1246,01,MANALAPAN TWP PD,,0,0,0,0,P,B,N,N,01,2,US 9,N,9,,00000009__,117.45,02,,01,04,02,01,01,,01,01,0,FE,S,TAYLORS MILLS RD,,,,55,25,26,40.303110,74.303220,N,,26099
2019132619MN19299,MONMOUTH,MANALAPAN TWP,08/02/2019,FR,1943,01,MANALAPAN TWP PD,,0,2,0,0,I,I,N,N,01,2,UNION HILL RD,,,,13261104__,1.31,07,,01,04,02,01,01,01,05,,,AT,,NAVAJO RD,,,,45,,,40.326450,74.333170,N,,26098
2019132619MN19304,MONMOUTH,MANALAPAN TWP,08/02/2019,FR,2032,01,MANALAPAN TWP PD,,0,1,0,0,I,I,N,N,03,2,GORDONS CORNER RD,N,,,13261107__,.00,07,,02,04,02,01,05,01,05,01,,AT,,CONMACK LN,,,,35,25,26,40.302980,74.334970,N,,26149
2019132619MN19327,MONMOUTH,MANALAPAN TWP,08/03/2019,SA,0049,01,MANALAPAN TWP PD,,0,0,0,0,P,B,N,N,11,1,ROUTE 522,,522,,00000522__,15.37,05,,01,04,02,01,06,01,05,,5,FE,E,TAYLORS MILL RD,,,,45,35,56,,,N,CURB LOCATED ON THE SOUTH-EAST CORNER OF FREEHOLD RD AND TAYLORS MILLS RD.,26123
2019132619MN19356,MONMOUTH,MANALAPAN TWP,08/03/2019,SA,1253,01,MANALAPAN TWP PD,MANALAPAN,0,0,0,0,P,B,N,N,02,2,NJ 33,E,33,,00000033__,21.84,02,,01,04,02,01,01,01,03,,4000,FE,W,WOODWARD RD,,,,55,35,26,40.255500,74.378540,N,,26113
2019132619MN19362,MONMOUTH,MANALAPAN TWP,08/03/2019,SA,1406,01,MANALAPAN TWP PD,STATION,0,0,0,0,P,B,N,N,02,2,GORDONS CORNER RD,E,,,13261107__,.09,07,,01,04,02,01,01,01,04,01,20,FE,W,CHELSEA RD,,,,40,25,26,,,N,,26097
2019132619MN19364,MONMOUTH,MANALAPAN TWP,08/03/2019,SA,1458,01,MANALAPAN TWP PD,,0,0,0,0,P,B,N,N,01,4,US 9,S,9,,00000009__,118.11,02,,01,04,02,01,01,01,02,01,680,FE,N,CENTER DR,,,,55,25,26,40.312230,74.304960,N,,
2019132619MN19375,MONMOUTH,MANALAPAN TWP,08/03/2019,SA,1727,01,MANALAPAN TWP PD,,0,0,0,0,P,B,N,N,02,2,NJ 33,W,33,,00000033__,23.99,02,,01,04,02,01,01,01,02,01,100,FE,W,ROUTE 527 / MILLHURST RD / SWEETMAN,,,,55,40,26,40.254000,74.341660,N,,26149
2019132619MN19450,MONMOUTH,MANALAPAN TWP,08/04/2019,SU,1744,01,MANALAPAN TWP PD,,0,0,0,0,P,B,N,N,01,2,US 9,S,9,,00000009__,116.84,02,,01,04,02,01,01,01,02,01,500,FE,N,RYAN RD / SYMMES RD,,,,55,35,26,40.293260,74.298670,N,,26151
2019132619MN19491,MONMOUTH,MANALAPAN TWP,08/05/2019,MO,0952,01,MANALAPAN TWP PD,,0,2,0,0,I,I,N,N,03,3,UNION HILL RD,E,,,13261104__,.89,07,,01,04,02,01,01,01,05,01,,AT,,BRIDGE PLAZA DR,,,,35,25,26,,,N,,
2019132619MN19508,MONMOUTH,MANALAPAN TWP,08/05/2019,MO,1159,01,MANALAPAN TWP PD,STATION,0,0,0,0,P,B,N,N,01,2,US 9,S,9,,00000009__,117.40,02,,01,04,02,01,01,01,02,,,,,,T,TAYLORS MILLS ROAD,SB,55,,26,40.302680,74.303060,N,,26097
2019132619MN19519,MONMOUTH,MANALAPAN TWP,08/05/2019,MO,1442,01,MANALAPAN TWP PD,MANALAPAN PD,0,0,0,0,P,B,N,N,06,2,95 FREEHOLD RD; MANALAPA,,,,,,09,,01,04,02,01,01,01,05,01,,,,PARKING LOT,,,,15,,28,40.289920,74.345390,N,,26142
2019132619MN19521,MONMOUTH,MANALAPAN TWP,08/05/2019,MO,1452,01,MANALAPAN TWP PD,STATION,0,0,0,0,P,B,N,N,01,2,US 9,S,9,,00000009__,117.95,02,,01,04,02,01,01,01,02,,2640,FE,N,TAYLORS MILLS RD,,,,55,35,26,40.306490,74.304670,N,,26097
2019132619MN19526,MONMOUTH,MANALAPAN TWP,08/05/2019,MO,1507,01,MANALAPAN TWP PD,,0,0,0,0,P,B,N,N,01,2,US 9,S,9,,00000009__,117.95,02,,01,04,02,01,01,01,02,01,2640,FE,N,TAYLORS MILLS RD,,,,55,35,26,,,N,,26118
2019132619MN19527,MONMOUTH,MANALAPAN TWP,08/05/2019,MO,1300,01,MANALAPAN TWP PD,,0,0,0,0,P,B,N,N,08,2,WINFIELD DR **,,,,13261319__,.16,07,,01,04,02,01,01,01,05,01,1000,FE,W,CHATHAM DR,,,,25,25,26,40.288600,74.311940,N,,26156
2019132619MN19652,MONMOUTH,MANALAPAN TWP,08/06/2019,TU,2036,01,MANALAPAN TWP PD,,0,0,0,0,P,B,N,N,02,2,US 9,S,9,,00000009__,118.67,02,,01,04,02,01,07,01,05,01,500,FE,S,PINE BROOK RD,,,,55,35,26,40.316100,74.305560,N,,26152
2019132619MN19718,MONMOUTH,MANALAPAN TWP,08/07/2019,WE,1509,01,MANALAPAN TWP PD,,0,0,0,0,P,B,N,N,01,2,US 9,N,9,,00000009__,117.00,02,,01,04,02,02,01,02,02,01,1320,FE,N,RYAN RD / SYMMES RD,,,,55,25,26,40.296070,74.299560,N,,26139
2019132619MN19733,MONMOUTH,MANALAPAN TWP,08/07/2019,WE,1834,01,MANALAPAN TWP PD,,0,0,0,0,P,B,N,N,11,2,SMOCK CT **,N,,,13261568__,.19,07,,01,04,02,02,01,02,05,01,1000,FE,N,WHITLOCK CT,,,,25,25,53,40.259020,74.341080,N,LIGHT POST 209075 51932 ON SMOCK COURT,26145
2019132619MN19800,MONMOUTH,MANALAPAN TWP,08/08/2019,TH,1232,01,MANALAPAN TWP PD,,0,0,0,0,P,B,N,N,01,3,TAYLORS MILLS RD,E,,,13261530__,.83,07,,01,04,02,01,01,01,05,01,300,FE,W,US 9,,,,35,55,26,40.302230,74.304890,N,,26128
2019132619MN19804,MONMOUTH,MANALAPAN TWP,08/08/2019,TH,1336,01,MANALAPAN TWP PD,,0,0,0,0,P,B,N,N,02,2,TAYLORS MILLS RD,E,,,13261530__,.87,07,,01,04,02,01,01,01,05,01,100,FE,W,US 9,,,,35,55,26,40.302680,74.303060,N,,26116
2019132619MN19820,MONMOUTH,MANALAPAN TWP,08/08/2019,TH,1719,01,MANALAPAN TWP PD,,0,0,0,0,P,I,N,N,02,2,US 9,S,9,,00000009__,118.53,02,,02,06,02,01,01,01,04,01,,AT,,,,GORDONS CORNER RD,EB,,,26,,,N,,26151
2019132619MN19865,MONMOUTH,MANALAPAN TWP,08/09/2019,FR,0745,01,MANALAPAN TWP PD,STATION,0,0,0,0,P,B,N,N,01,2,OAKLAND MILLS RD **,W,,,13261174__,.00,07,,01,07,02,01,01,01,04,,10,FE,E,ROUTE 527 / SWEETMANS LN,,,,35,,26,40.247350,74.346300,N,,26097
2019132619MN19882,MONMOUTH,MANALAPAN TWP,08/09/2019,FR,0949,01,MANALAPAN TWP PD,,0,0,0,0,P,B,N,N,02,2,SYMMES DR,,,,13261138__,1.47,07,,01,06,02,01,01,01,05,01,20,FE,E,US 9,,,,35,55,26,40.293260,74.298670,N,,26131
2019132619MN19897,MONMOUTH,MANALAPAN TWP,08/09/2019,FR,1256,01,MANALAPAN TWP PD,,0,1,0,0,I,B,N,N,11,1,PINE BROOK RD,E,,,13261428__,.00,07,,02,04,02,01,01,01,05,01,1056,FE,W,US 9,,,,35,55,52,,,N,VERIZON POLE #BT1291MPN,26099
2019132619MN19919,MONMOUTH,MANALAPAN TWP,08/09/2019,FR,1802,01,MANALAPAN TWP PD,,0,1,0,0,I,I,N,N,01,2,US 9,S,9,,00000009__,117.45,02,,01,04,02,01,01,01,02,01,,AT,,TAYLORS MILLS RD,,,,55,45,26,40.307110,74.304440,N,,26098
2019132619MN19980,MONMOUTH,MANALAPAN TWP,08/10/2019,SA,1330,01,MANALAPAN TWP PD,,0,2,0,0,I,B,N,N,01,2,MONMOUTH COUNTY 3,N,3,,13000003__,.96,05,,01,04,02,01,01,01,05,01,600,FE,S,CHURCH LN,,,,35,25,26,40.283840,74.327460,N,,26144
2019132619MN19984,MONMOUTH,MANALAPAN TWP,08/10/2019,SA,1350,01,MANALAPAN TWP PD,STATION,0,1,0,0,I,B,N,N,05,2,RYAN RD,E,,,,,07,,01,04,02,01,01,01,05,,25,FE,E,MCINTOSH LANE,,,,25,25,26,,,N,,26097
2019132619MN20113,MONMOUTH,MANALAPAN TWP,08/12/2019,MO,0805,01,MANALAPAN TWP PD,,0,1,0,0,I,B,N,N,01,2,TAYLORS MILLS RD,W,,,13261530__,.22,07,,01,04,02,01,01,01,05,01,5,FE,E,MARTIN CT,,,,35,35,26,40.299520,74.315450,N,,26144
2019132619MN20194,MONMOUTH,MANALAPAN TWP,08/12/2019,MO,2157,01,MANALAPAN TWP PD,,0,0,0,0,P,B,N,N,12,1,US 9,N,9,,00000009__,119.14,02,,01,04,02,01,07,01,05,01,100,FE,E,COVERED BRIDGE BLVD,,,,55,25,,40.327110,74.305620,N,,26152