Year(4)-CountyCode(2)-MunicipalityCode(2)-CaseNumber(9),County Name,Municipality Name,Crash Date,Crash Day of Week,Crash Time,Police Department Code,Police Department,Police Station,Total Killed,Total Injured,Pedestrians Killed,Pedestrians Injured,Severity,Intersection,Alcohol Involved,Hazmat Involved,Crash Type,Total Vehicles,Location,Location Direction,Route,Route Suffix,Std Rte Identifier,MilePost,Road System,Road Character,Road Horizontal Alignment,Road Grade,Road Surface Type,Surface Condition,Light Condition,Environmental Condition,Road Divided By,Temporary Traffic Control Zone,Distance To Cross Street,Unit Of Measurement,Direction From Cross Street,Cross Street Name,Is Ramp,Ramp To/From Route Name,Ramp To/From Route Direction,Posted Speed,Posted Speed Cross Street,First Harmful Event,Latitude,Longitude,Cell Phone In Use Flag,Other Property Damage,Reporting Badge No.
2019132619MN20231,MONMOUTH,MANALAPAN TWP,08/13/2019,TU,1023,01,MANALAPAN TWP PD,,0,0,0,0,P,B,N,N,12,1,ROUTE 527 ALTERNATE,N,527,A,00000527A_,.75,07,,01,04,02,01,01,01,05,01,7920,FE,S,NJ 33,,,,40,55,24,,,N,,26118
2019132619MN20355,MONMOUTH,MANALAPAN TWP,08/14/2019,WE,1943,01,MANALAPAN TWP PD,,0,1,0,0,I,I,N,N,05,2,ROUTE 522,W,522,,00000522__,16.29,05,,01,04,02,02,03,01,05,01,,AT,,NJ 3 / MAIN ST / TENNANT ST,,,,45,40,26,40.281590,74.330580,N,,26152
2019132619MN20463,MONMOUTH,MANALAPAN TWP,08/15/2019,TH,2237,01,MANALAPAN TWP PD,,0,0,0,0,P,B,N,N,12,1,PEASE RD,N,,,13261427__,1.33,07,,01,04,02,01,05,01,05,01,1320,FE,S,PINE BROOK RD,,,,35,25,24,40.315330,74.326490,N,,140
2019132619MN20478,MONMOUTH,MANALAPAN TWP,08/16/2019,FR,0323,01,MANALAPAN TWP PD,,0,0,0,0,P,B,N,N,15,2,CRAIG RD,E,,,13161137__,,07,,01,04,02,01,06,01,05,02,300,FE,W,US 9,,,,40,55,39,40.286390,74.296570,N,JCP&L UTILITY POLE #JC147,26125
2019132619MN20578,MONMOUTH,MANALAPAN TWP,08/17/2019,SA,1229,01,MANALAPAN TWP PD,,0,0,0,0,P,I,N,N,02,2,US 9,N,9,,00000009__,116.50,02,,01,04,02,01,01,01,,01,,AT,,,F,POND ROAD,NB,55,,26,40.309630,74.304760,N,,26118
2019132619MN20663,MONMOUTH,MANALAPAN TWP,08/18/2019,SU,1306,01,MANALAPAN TWP PD,,0,0,0,0,P,B,N,N,01,2,MONMOUTH COUNTY 3,S,3,,13000003__,3.50,05,,01,04,02,01,01,01,05,01,1320,FE,S,WICKATUNK ROAD,,,,40,35,26,40.313380,74.313430,N,,26143
2019132619MN20711,MONMOUTH,MANALAPAN TWP,08/18/2019,SU,2055,01,MANALAPAN TWP PD,,0,0,0,0,P,B,N,N,01,2,RYAN ROAD,W,,,,,07,,01,04,02,01,06,01,05,01,25,FE,E,US 9,,,,25,55,26,40.291760,74.298350,N,,26157
2019132619MN20774,MONMOUTH,MANALAPAN TWP,08/19/2019,MO,1237,01,MANALAPAN TWP PD,,0,0,0,0,P,B,N,N,03,2,ROUTE 527,N,527,,00000527__,26.65,05,,01,04,02,01,01,01,05,01,200,FE,N,NJ 33,,,,40,55,26,40.254000,74.341660,N,,26118
2019132619MN20904,MONMOUTH,MANALAPAN TWP,08/20/2019,TU,1646,01,MANALAPAN TWP PD,,0,0,0,0,P,I,N,N,03,2,CRAIG RD,N,,,13161137__,1.54,07,,01,04,02,01,01,01,,,,AT,,SYMMES DR,,,,45,40,26,40.285820,74.322690,N,,26098
2019132619MN20943,MONMOUTH,MANALAPAN TWP,08/21/2019,WE,0700,01,MANALAPAN TWP PD,,0,0,0,0,P,B,N,N,08,2,120 FREEHOLD ROAD,,,,,,09,,01,04,02,01,01,05,05,01,,,,MUNICIPAL PARKING LOT,,,,,,,,,N,,26086
2019132619MN21144,MONMOUTH,MANALAPAN TWP,08/23/2019,FR,1202,01,MANALAPAN TWP PD,,0,0,0,0,P,B,N,N,07,2,TAYLORS MILLS RD,W,,,13261530__,.85,07,,01,04,02,01,01,01,05,01,200,FE,W,US 9,,,,35,55,26,40.301960,74.304830,N,,26144
2019132619MN21149,MONMOUTH,MANALAPAN TWP,08/23/2019,FR,1254,01,MANALAPAN TWP PD,,0,0,0,0,P,B,N,N,11,1,345 US 9 S # 7,W,,,,,09,,01,04,02,01,01,05,05,01,,,,PRIVATE PROPERTY,,,,,,69,40.309630,74.304760,N,UPS SIGN  LOCATED ON BUILDING  SUSTAINED DAMAGE AND FELL OFF.,26144
2019132619MN21173,MONMOUTH,MANALAPAN TWP,08/23/2019,FR,1749,01,MANALAPAN TWP PD,,0,0,0,0,P,B,N,N,11,1,GORDONS CORNER RD,,,,13261107__,1.43,07,,01,04,02,01,01,01,05,01,500,FE,E,SHILLING RD,,,,35,25,56,40.313380,74.313430,N,POLE # BT1322MPN,26151
2019132619MN21233,MONMOUTH,MANALAPAN TWP,08/24/2019,SA,1346,01,MANALAPAN TWP PD,,0,0,0,0,P,B,N,N,01,2,NJ 33,W,33,,00000033__,22.59,02,,01,04,02,01,01,01,03,01,50,FE,W,WOODWARD RD,,,,55,25,26,40.253810,74.368340,N,,26151
2019132619MN21268,MONMOUTH,MANALAPAN TWP,08/24/2019,SA,2115,01,MANALAPAN TWP PD,,0,1,0,0,I,I,N,N,03,2,US 9,S,9,,00000009__,118.25,02,,01,04,02,01,05,01,02,01,,AT,,TOWNE POINTE DRIVE,,,,55,,26,40.313130,74.305120,N,,26151
2019132619MN21340,MONMOUTH,MANALAPAN TWP,08/26/2019,MO,0855,01,MANALAPAN TWP PD,,0,0,0,0,P,B,N,N,01,2,WILSON  AVE,S,,,,,07,,01,04,02,01,01,01,05,01,250,FE,S,BURKE ST,,,,35,25,26,40.305790,74.358520,N,,26118
2019132619MN21376,MONMOUTH,MANALAPAN TWP,08/26/2019,MO,1557,01,MANALAPAN TWP PD,,0,0,0,0,P,B,N,N,01,2,NJ 33,W,33,,00000033__,21.18,02,,01,04,02,01,01,01,02,01,400,FE,E,ROUTE 527 ALT / IRON ORE RD / WOODV,,,,55,40,26,,,N,,26136
2019132619MN21389,MONMOUTH,MANALAPAN TWP,08/26/2019,MO,2009,01,MANALAPAN TWP PD,,0,1,0,0,I,B,N,N,01,2,CRAIG RD,W,,,13161137__,.63,07,,01,04,02,01,06,01,05,01,25,FE,E,HANCOCK LN,,,,40,25,26,40.285060,74.302970,N,,26157
2019132619MN21418,MONMOUTH,MANALAPAN TWP,08/27/2019,TU,1002,01,MANALAPAN TWP PD,,0,0,0,0,P,I,N,N,03,2,CRAIG RD,,,,13161137__,,07,,01,04,02,01,01,01,05,01,,AT,,BEST BUY PLAZA,,,,35,,26,40.285280,74.313840,N,,26118
2019132619MN21454,MONMOUTH,MANALAPAN TWP,08/27/2019,TU,1634,01,MANALAPAN TWP PD,MANALAPAN,0,0,0,0,P,B,N,N,01,2,RYAN ROAD,W,,,,,07,,01,04,02,01,01,01,,,50,FE,E,US 9,,,,25,55,26,40.293260,74.298670,N,,26147
2019132619MN21485,MONMOUTH,MANALAPAN TWP,08/27/2019,TU,2227,01,MANALAPAN TWP PD,,0,1,0,0,I,B,N,N,01,2,US 9,S,9,,00000009__,117.70,02,,01,04,02,01,06,01,02,01,25,FE,N,TOWNE POINTE,,,,55,25,26,40.312990,74.306310,N,,26157
2019132619MN21501,MONMOUTH,MANALAPAN TWP,08/28/2019,WE,0858,01,MANALAPAN TWP PD,,0,1,0,0,I,B,N,N,01,2,KINNEY RD,E,,,13261176__,.00,07,,01,06,02,01,01,01,05,01,20,FE,W,ROUTE 527 / SWEETMANS LN,,,,40,50,26,40.249920,74.341890,N,,26105
2019132619MN21582,MONMOUTH,MANALAPAN TWP,08/29/2019,TH,0908,01,MANALAPAN TWP PD,,0,0,0,0,P,I,N,N,05,2,WOODWARD RD,,,,13261001__,,07,,03,04,02,01,01,01,05,01,,AT,,TURNBERRY DRIVE,,,,35,25,26,40.260320,74.368010,N,,26131
2019132619MN21600,MONMOUTH,MANALAPAN TWP,08/29/2019,TH,1243,01,MANALAPAN TWP PD,STATION,0,0,0,0,P,B,N,N,11,1,70 FREEHOLD RD,S,,,,,09,,01,04,02,01,01,01,,,,,S,,,,,,,69,40.293750,74.349990,N,,26097
2019132619MN21615,MONMOUTH,MANALAPAN TWP,08/29/2019,TH,1617,01,MANALAPAN TWP PD,,0,0,0,0,P,B,N,N,01,2,US 9,N,9,,00000009__,118.53,02,,01,04,02,01,01,01,02,01,,,,,F,CR 3,NB,55,,26,40.320660,74.305140,N,,140
2019132619MN21687,MONMOUTH,MANALAPAN TWP,08/30/2019,FR,1540,01,MANALAPAN TWP PD,,0,0,0,0,P,B,N,N,01,2,NJ 33,E,33,,00000033__,23.70,02,,01,06,02,01,01,01,01,,2376,FE,E,PEGASUS BLVD,,,,55,25,26,,,N,,26136
2019132619MN21762,MONMOUTH,MANALAPAN TWP,08/31/2019,SA,1346,01,MANALAPAN TWP PD,,0,0,0,0,P,I,N,N,07,2,MONMOUTH COUNTY 3,E,3,,13000003__,3.65,05,,01,04,02,01,01,01,05,01,,AT,,,T,US 9,NB,40,,26,40.318100,74.305550,N,,26118
2019132619MN21821,MONMOUTH,MANALAPAN TWP,09/01/2019,SU,1115,01,MANALAPAN TWP PD,,0,0,0,0,P,B,N,N,03,2,ROUTE 522,,522,,00000522__,15.47,05,,01,04,02,01,01,01,05,01,528,FE,E,TAYLORS MILL RD,,,,25,25,26,40.289710,74.341750,N,,26155
2019132619MN21832,MONMOUTH,MANALAPAN TWP,09/01/2019,SU,1216,01,MANALAPAN TWP PD,STATION,0,0,0,0,P,B,N,N,02,2,MONMOUTH COUNTY 3,N,3,,13000003__,2.21,05,,01,04,02,01,01,01,05,01,50,FE,S,TAYLORS MILLS RD,,,,40,35,26,40.298740,74.318540,N,,26097
2019132619MN21838,MONMOUTH,MANALAPAN TWP,09/01/2019,SU,1417,01,MANALAPAN TWP PD,,0,0,0,0,P,B,N,N,01,3,US 9,S,9,,00000009__,118.95,02,,01,04,02,01,01,01,02,01,7920,FE,N,TAYLORS MILLS RD,,,,55,40,26,40.312130,74.304900,N,,26118
2019132619MN21880,MONMOUTH,MANALAPAN TWP,09/01/2019,SU,2346,01,MANALAPAN TWP PD,,0,0,0,0,P,B,N,N,12,1,CRAIG RD,W,,,13161137__,.53,07,,01,04,02,01,07,01,05,01,100,FE,E,CORPORATE CENTER DR / LIGHTFOOT DR,,,,40,25,24,40.285060,74.302970,N,,26156
2019132619MN21889,MONMOUTH,MANALAPAN TWP,09/02/2019,MO,0926,01,MANALAPAN TWP PD,,0,0,0,0,P,B,N,N,11,1,9 NOTTING HILL CT,,,,,,09,,01,05,02,01,01,01,,,,,,,,,,,,60,40.223960,74.344310,N,2 TREES AND MAILBOX DAMAGED @ 9 NOTTING HILL CT.  VEHICLE PARKED IN STREET.,26132
2019132619MN21908,MONMOUTH,MANALAPAN TWP,09/02/2019,MO,1359,01,MANALAPAN TWP PD,,0,1,0,0,I,B,N,N,01,2,NJ 33,E,33,,00000033__,22.55,02,,01,04,02,02,01,02,03,,250,FE,W,WOODWARD RD,,,,55,35,26,,,N,,26132
2019132619MN21917,MONMOUTH,MANALAPAN TWP,09/02/2019,MO,1542,01,MANALAPAN TWP PD,STATION,0,3,0,0,I,I,N,N,04,2,MONMOUTH COUNTY 3,,3,,13000003__,2.22,05,,01,04,02,01,01,01,,,,AT,,TAYLORS MILLS RD,,,,40,35,26,40.299390,74.317700,N,,26129
2019132619MN21961,MONMOUTH,MANALAPAN TWP,09/03/2019,TU,0619,01,MANALAPAN TWP PD,,0,0,0,0,P,B,N,N,12,1,KINNEY RD,,,,13261176__,.79,07,,02,05,02,01,01,01,05,01,200,FE,E,PREMEIR WAY / VICTORIAN HILL,,,,35,25,24,40.245520,74.327970,N,,26155
2019132619MN21981,MONMOUTH,MANALAPAN TWP,09/03/2019,TU,1151,01,MANALAPAN TWP PD,,0,1,0,0,I,B,N,N,11,1,TAYLORS MILLS RD,W,,,13261530__,.56,07,,01,04,02,01,01,01,05,01,100,FE,E,BLUE JAY CT,,,,35,25,61,40.297290,74.339860,N,STONE/BRICK MAILBOX & LAWN DAMAGE 54 TAYLORS MILLS RD-LAWN DAMAGE 50 TAYLORS MIL,26126
2019132619MN21983,MONMOUTH,MANALAPAN TWP,09/03/2019,TU,1155,01,MANALAPAN TWP PD,,0,0,0,0,P,B,N,N,01,2,US 9,N,9,,00000009__,117.45,02,,01,04,02,01,01,01,02,01,25,FE,S,TAYLORS MILLS RD,,,,55,25,26,40.302680,74.303060,N,,26116
2019132619MN22005,MONMOUTH,MANALAPAN TWP,09/03/2019,TU,1707,01,MANALAPAN TWP PD,,0,0,0,0,P,B,N,N,01,2,NJ 33,W,33,,00000033__,24.01,02,,01,04,02,01,01,01,05,01,5,FE,E,ROUTE 527 / MILLHURST RD / SWEETMAN,,,,55,45,26,40.254370,74.340570,N,,26152
2019132619MN22054,MONMOUTH,MANALAPAN TWP,09/04/2019,WE,1154,01,MANALAPAN TWP PD,,0,1,0,0,I,I,N,N,03,2,WICKATUNK RD,W,,,13261117__,,07,,02,04,01,01,01,01,05,01,,AT,,CR 3,,,,40,40,26,40.318100,74.305550,N,,26139
2019132619MN22079,MONMOUTH,MANALAPAN TWP,09/04/2019,WE,1617,01,MANALAPAN TWP PD,,0,0,0,0,P,B,N,N,01,2,MONMOUTH COUNTY 3,,3,,13000003__,3.62,05,,01,04,02,01,01,01,05,01,250,FE,W,GORDENS CORNER RD,,,,35,35,26,40.313380,74.313430,N,,26151
2019132619MN22116,MONMOUTH,MANALAPAN TWP,09/05/2019,TH,0858,01,MANALAPAN TWP PD,,0,1,0,0,I,B,N,N,01,2,WOODWARD RD,E,,,,,07,,01,04,02,01,01,01,05,01,100,FE,W,ROUTE 527 / MILLHURST RD,,,,35,35,26,40.274740,74.342730,N,,26144
2019132619MN22160,MONMOUTH,MANALAPAN TWP,09/05/2019,TH,1700,01,MANALAPAN TWP PD,,0,0,0,0,P,B,N,N,99,1,NJ 33,E,33,,00000033__,24.21,02,,01,04,02,01,01,01,03,01,1056,FE,E,ROUTE 527 / MILLHURST RD / SWEETMAN,,,,55,45,99,,,N,,26109
2019132619MN22261,MONMOUTH,MANALAPAN TWP,09/07/2019,SA,0635,01,MANALAPAN TWP PD,,0,0,0,0,P,I,N,N,12,1,NJ 33,W,33,,00000033__,23.25,02,,01,04,02,01,01,01,03,01,,AT,,PEGASUS BLVD,,,,55,25,24,40.253160,74.356360,N,,26104
2019132619MN22268,MONMOUTH,MANALAPAN TWP,09/07/2019,SA,1011,01,MANALAPAN TWP PD,,0,0,0,0,P,B,N,N,02,2,GORDONS CORNER RD,E,,,13261107__,.00,07,,01,04,02,01,01,01,05,01,25,FE,E,CONMACK LN,,,,40,25,26,40.304340,74.331940,N,,26097
2019132619MN22272,MONMOUTH,MANALAPAN TWP,09/07/2019,SA,1149,01,MANALAPAN TWP PD,,0,1,0,0,I,B,N,N,01,2,US 9,S,9,,00000009__,117.85,02,,01,04,02,01,01,01,02,01,2112,FE,N,TAYLORS MILLS RD,,,,55,35,26,40.308450,74.306000,N,,26144
2019132619MN22285,MONMOUTH,MANALAPAN TWP,09/07/2019,SA,1407,01,MANALAPAN TWP PD,,0,1,0,0,I,B,N,N,01,3,US 9,N,9,,00000009__,117.41,02,,01,04,02,01,01,01,02,01,200,FE,S,TAYLORS MILLS RD,,,,55,25,26,,,N,,
2019132619MN22347,MONMOUTH,MANALAPAN TWP,09/08/2019,SU,0909,01,MANALAPAN TWP PD,,0,2,0,0,I,B,N,N,01,2,US 9,N,9,,00000009__,117.89,02,,01,06,02,01,01,01,02,,500,FE,S,CENTER DR,,,,55,25,26,,,N,,26134
2019132619MN22507,MONMOUTH,MANALAPAN TWP,09/10/2019,TU,1152,01,MANALAPAN TWP PD,,0,0,0,0,P,I,N,N,03,2,PENSION RD,S,,,13261004__,.18,07,,01,04,02,01,01,01,05,01,,AT,,UNION HILL RD,,,,25,35,26,40.322230,74.351800,N,,26099
2019132619MN22522,MONMOUTH,MANALAPAN TWP,09/10/2019,TU,1432,01,MANALAPAN TWP PD,MANALAPAN TWP,0,0,0,0,P,B,N,N,08,2,CHURCH LN **,W,,,13261108__,.72,07,,01,06,02,01,01,01,,,3960,FE,E,ROUTE 522,,,,25,45,26,40.287260,74.333450,N,,26113
2019132619MN22528,MONMOUTH,MANALAPAN TWP,09/10/2019,TU,1543,01,MANALAPAN TWP PD,,0,0,0,0,P,B,N,N,02,2,US 9,S,9,,00000009__,117.70,02,,01,04,02,01,01,01,05,,1320,FE,N,TAYLORS MILLS RD,,,,55,40,26,40.308450,74.306000,N,,26148
2019132619MN22541,MONMOUTH,MANALAPAN TWP,09/10/2019,TU,1712,01,MANALAPAN TWP PD,,0,0,0,0,P,B,N,N,01,2,ROUTE 527,N,527,,00000527__,26.61,05,,01,04,02,01,01,01,05,01,10,FE,S,NJ 33,,,,45,55,26,40.254000,74.341660,N,,140
2019132619MN22581,MONMOUTH,MANALAPAN TWP,09/11/2019,WE,0822,01,MANALAPAN TWP PD,MANALAPAN TWP,0,2,0,0,I,B,N,N,06,2,77 GORDONS CORNER RD,E,,,,,09,,01,04,02,01,01,01,,,,,,MUNICIPAL PROPERTY,,,,,,26,40.302020,74.342870,N,,26113
2019132619MN22617,MONMOUTH,MANALAPAN TWP,09/11/2019,WE,1434,01,MANALAPAN TWP PD,,0,1,0,1,I,B,N,N,13,1,US 9,S,9,,00000009__,117.95,02,,01,04,02,01,01,01,02,01,2640,FE,N,TAYLORS MILLS RD,,,,55,35,22,40.312240,74.304960,N,,26139
2019132619MN22763,MONMOUTH,MANALAPAN TWP,09/13/2019,FR,0726,01,MANALAPAN TWP PD,,0,0,0,0,P,I,N,N,07,2,ROUTE 522,W,522,,00000522__,16.29,05,,01,04,02,01,01,01,05,01,,AT,,NJ 3 / MAIN ST / TENNANT ST,,,,35,40,26,40.281590,74.330580,N,,26118
2019132619MN22879,MONMOUTH,MANALAPAN TWP,09/14/2019,SA,1516,01,MANALAPAN TWP PD,,0,0,0,0,P,I,N,N,03,2,PEASE RD,E,,,13261427__,.00,07,,01,04,02,01,01,01,05,01,,AT,,TAYLORS MILLS RD,,,,35,35,26,40.299320,74.319620,N,,26126
2019132619MN22953,MONMOUTH,MANALAPAN TWP,09/15/2019,SU,1625,01,MANALAPAN TWP PD,,0,0,0,0,P,B,N,N,11,1,NJ 33,W,33,,00000033__,24.31,02,,01,04,02,01,01,01,01,01,1584,FE,E,ROUTE 527 / MILLHURST RD / SWEETMAN,,,,55,45,59,,,N,METAL CHAIN LINK FENCE AND GUIDE WIRE OF UTILITY POLE NUMBER JC 614 MPN,26136
2019132619MN22966,MONMOUTH,MANALAPAN TWP,09/15/2019,SU,1937,01,MANALAPAN TWP PD,,0,0,0,0,P,B,Y,N,11,1,UNION HILL RD,,,,13261104__,.67,07,,01,04,02,01,07,01,05,01,250,FE,E,IVANHOE RD / SHERWOOD RD,,,,35,25,,40.335060,74.322890,N,,26156
2019132619MN23049,MONMOUTH,MANALAPAN TWP,09/16/2019,MO,1933,01,MANALAPAN TWP PD,,0,0,0,0,P,B,N,N,12,1,NJ 33,E,33,,00000033__,25.10,02,,01,04,02,01,05,01,04,01,528,FE,W,WEMROCK RD,,,,50,35,24,40.256890,74.320960,N,,26156
2019132619MN23105,MONMOUTH,MANALAPAN TWP,09/17/2019,TU,1351,01,MANALAPAN TWP PD,,0,0,0,0,P,B,N,N,01,2,US 9,S,9,,00000009__,117.25,02,,01,04,02,01,01,01,02,01,2640,FE,N,RYAN RD / SYMMES RD,,,,55,35,26,40.293260,74.298670,N,,26105
2019132619MN23225,MONMOUTH,MANALAPAN TWP,09/18/2019,WE,1918,01,MANALAPAN TWP PD,,0,0,0,0,P,B,N,N,01,2,MONMOUTH COUNTY 3,N,3,,13000003__,.78,05,,01,04,02,01,07,01,05,01,100,FE,S,ROUTE 522,,,,35,45,26,40.281300,74.330520,N,,26146
2019132619MN23290,MONMOUTH,MANALAPAN TWP,09/19/2019,TH,1548,01,MANALAPAN TWP PD,,0,0,0,0,P,B,N,N,01,2,MONMOUTH COUNTY 3,N,3,,13000003__,3.65,05,,01,04,02,01,01,01,05,01,100,FE,S,GORDENS CORNER RD,,,,40,45,26,40.316370,74.306180,N,,26146
2019132619MN23309,MONMOUTH,MANALAPAN TWP,09/19/2019,TH,2234,01,MANALAPAN TWP PD,,0,0,0,0,P,B,N,N,11,1,DAUM DR **,,,,13261168__,,07,,02,04,02,01,05,01,05,01,1320,FE,N,TURNBERRY DRIVE,,,,25,25,60,40.266640,74.369400,N,TREES IN FRONT OF 48 AND 50 DAUM ROAD,26151
2019132619MN23340,MONMOUTH,MANALAPAN TWP,09/20/2019,FR,1118,01,MANALAPAN TWP PD,,0,0,0,0,P,B,N,N,01,3,NJ 33,E,33,,00000033__,22.58,02,,01,04,02,01,01,01,03,01,100,FE,W,WOODWARD RD,,,,55,35,26,40.253810,74.368340,N,,26126
2019132619MN23344,MONMOUTH,MANALAPAN TWP,09/20/2019,FR,1155,01,MANALAPAN TWP PD,,0,0,0,0,P,I,N,N,01,2,LAFAYETTE MILLS ROAD,S,,,,,07,,01,04,02,01,01,01,05,01,,AT,,TAYLOR MILLS ROAD,,,,35,35,26,40.303760,74.297920,N,,26146
2019132619MN23605,MONMOUTH,MANALAPAN TWP,09/23/2019,MO,1245,01,MANALAPAN TWP PD,,0,1,0,0,I,B,N,N,01,2,ROUTE 527,N,527,,00000527__,26.51,05,,01,04,02,01,01,01,05,01,528,FE,S,NJ 33,,,,45,55,26,40.252510,74.341270,N,,26128
2019132619MN23616,MONMOUTH,MANALAPAN TWP,09/23/2019,MO,1341,01,MANALAPAN TWP PD,,0,0,0,0,P,I,N,N,01,2,TAYLORS MILLS RD,W,,,13261530__,.31,07,,01,04,02,01,01,01,05,01,,AT,,OLD MONMOUTH RD,,,,25,25,26,40.294160,74.341090,N,,26116
2019132619MN23619,MONMOUTH,MANALAPAN TWP,09/23/2019,MO,1405,01,MANALAPAN TWP PD,,0,0,0,0,P,B,N,N,02,2,US 9,S,9,,00000009__,117.96,02,,01,04,02,01,01,01,02,01,100,FE,S,CENTER DR,,,,55,25,26,40.309840,74.304200,N,,26126
2019132619MN23675,MONMOUTH,MANALAPAN TWP,09/24/2019,TU,0958,01,MANALAPAN TWP PD,,0,0,0,0,P,B,N,N,02,2,GORDONS CORNER RD,,,,13261107__,.99,07,,01,04,02,01,01,01,05,01,1320,FE,E,PEACE RD,,,,40,35,26,40.310720,74.319070,N,,26105
2019132619MN23683,MONMOUTH,MANALAPAN TWP,09/24/2019,TU,1206,01,MANALAPAN TWP PD,,0,0,0,0,P,B,N,N,01,2,ROUTE 527,S,527,,00000527__,28.09,05,,01,04,02,02,01,01,05,01,10,FE,N,CR 3 / MAIN ST / WOODWARD RD,,,,35,40,26,40.274740,74.342730,N,,26099
2019132619MN23705,MONMOUTH,MANALAPAN TWP,09/24/2019,TU,1550,01,MANALAPAN TWP PD,MANALAPAN,0,0,0,0,P,B,N,N,03,2,TAYLORS MILLS RD,W,,,13261530__,.88,07,,01,04,02,01,01,01,,,50,FE,W,US 9,,,,35,,,40.302020,74.304100,N,,26098
2019132619MN23753,MONMOUTH,MANALAPAN TWP,09/25/2019,WE,0839,01,MANALAPAN TWP PD,,0,0,0,0,P,B,N,N,11,1,UNION HILL RD,E,,,13261104__,.09,07,,01,04,02,01,01,01,05,01,500,FE,E,PEASE RD,,,,35,35,,40.327800,74.331420,N,MAILBOX - 263 UNION HILL RD,26144
2019132619MN23787,MONMOUTH,MANALAPAN TWP,09/25/2019,WE,1228,01,MANALAPAN TWP PD,,0,0,0,0,P,I,N,N,03,2,MONMOUTH COUNTY 3,S,3,,13000003__,3.65,05,,01,06,02,01,01,01,05,01,,AT,,US 9,,,,45,,26,40.319470,74.305450,N,,26116
2019132619MN23857,MONMOUTH,MANALAPAN TWP,09/26/2019,TH,0843,01,MANALAPAN TWP PD,,0,0,0,0,P,B,N,N,01,2,NJ 33 BUSINESS,E,33,B,00000033B_,.56,02,,01,04,02,01,01,01,05,01,1848,FE,E,YATES RD,,,,50,25,26,40.254720,74.331200,N,,26144
2019132619MN23936,MONMOUTH,MANALAPAN TWP,09/27/2019,FR,0843,01,MANALAPAN TWP PD,,0,0,0,0,P,B,N,N,06,2,PENSION RD,S,,,13261004__,,07,,01,04,02,01,01,01,05,01,53,FE,S,MAPLE CREST DRIVE,,,,35,15,28,40.308880,74.353190,N,,26153
2019132619MN23956,MONMOUTH,MANALAPAN TWP,09/27/2019,FR,1409,01,MANALAPAN TWP PD,,0,1,0,0,I,B,N,N,01,2,US 9,S,9,,00000009__,117.98,02,,01,04,02,01,01,01,01,01,2798,FE,N,TAYLORS MILLS RD,,,,55,45,26,40.309630,74.304760,N,,26153
2019132619MN24066,MONMOUTH,MANALAPAN TWP,09/28/2019,SA,1741,01,MANALAPAN TWP PD,,0,0,0,0,P,B,N,N,01,2,US 9,N,9,,00000009__,116.75,02,,01,04,02,01,01,01,05,01,20,FE,S,RYAN RD / SYMMES RD,,,,55,25,26,40.293260,74.298670,N,,26152
2019132619MN24131,MONMOUTH,MANALAPAN TWP,09/29/2019,SU,1534,01,MANALAPAN TWP PD,,0,0,0,0,P,I,N,N,03,2,PENSION RD,S,,,13261004__,,07,,01,04,02,01,01,01,05,01,,AT,,DORTMUNDER DRIVE,,,,35,25,26,40.310840,74.352100,N,,26143
2019132619MN24141,MONMOUTH,MANALAPAN TWP,09/29/2019,SU,1738,01,MANALAPAN TWP PD,,0,0,0,0,P,B,N,N,11,1,NJ 33,W,33,,00000033__,24.15,02,,01,04,02,01,01,01,03,01,750,FE,E,ROUTE 527 / MILLHURST RD / SWEETMAN,,,,55,45,62,40.254330,74.338600,N,,26093
2019132619MN24198,MONMOUTH,MANALAPAN TWP,09/30/2019,MO,1321,01,MANALAPAN TWP PD,,0,0,0,0,P,B,N,N,02,2,US 9,S,9,,00000009__,116.77,02,,01,04,02,01,01,05,02,,100,FE,N,RYAN RD / SYMMES RD,,,,55,35,26,40.293260,74.298670,N,,26130
2019132619MN24241,MONMOUTH,MANALAPAN TWP,10/01/2019,TU,0625,01,MANALAPAN TWP PD,,0,0,0,0,P,B,N,N,12,1,NJ 33,W,33,,00000033__,22.90,02,,01,04,02,01,02,01,03,01,1584,FE,E,WOODWARD RD,,,,55,35,24,40.253150,74.358930,N,,26155
2019132619MN24244,MONMOUTH,MANALAPAN TWP,10/01/2019,TU,0647,01,MANALAPAN TWP PD,,0,0,0,0,P,B,N,N,12,1,US 9,N,9,,00000009__,117.35,02,,01,04,02,01,02,01,02,01,528,FE,S,TAYLORS MILLS RD,,,,55,35,24,40.302680,74.303060,N,,26153
2019132619MN24278,MONMOUTH,MANALAPAN TWP,10/01/2019,TU,1331,01,MANALAPAN TWP PD,,0,0,0,0,P,B,N,N,01,2,PEASE RD,N,,,13261427__,2.11,07,,01,04,02,01,01,01,05,01,2,FE,S,UNION HILL RD,,,,35,35,26,40.327800,74.331420,N,,26116