Year(4)-CountyCode(2)-MunicipalityCode(2)-CaseNumber(9),County Name,Municipality Name,Crash Date,Crash Day of Week,Crash Time,Police Department Code,Police Department,Police Station,Total Killed,Total Injured,Pedestrians Killed,Pedestrians Injured,Severity,Intersection,Alcohol Involved,Hazmat Involved,Crash Type,Total Vehicles,Location,Location Direction,Route,Route Suffix,Std Rte Identifier,MilePost,Road System,Road Character,Road Horizontal Alignment,Road Grade,Road Surface Type,Surface Condition,Light Condition,Environmental Condition,Road Divided By,Temporary Traffic Control Zone,Distance To Cross Street,Unit Of Measurement,Direction From Cross Street,Cross Street Name,Is Ramp,Ramp To/From Route Name,Ramp To/From Route Direction,Posted Speed,Posted Speed Cross Street,First Harmful Event,Latitude,Longitude,Cell Phone In Use Flag,Other Property Damage,Reporting Badge No.
2019132619MN24285,MONMOUTH,MANALAPAN TWP,10/01/2019,TU,1413,01,MANALAPAN TWP PD,,0,0,0,0,P,B,N,N,06,2,PINE BROOK RD,,,,13261428__,.98,07,,01,04,02,01,01,01,05,01,300,FE,W,BLENHEIM,,,,35,25,26,40.321050,74.324070,N,,26157
2019132619MN24379,MONMOUTH,MANALAPAN TWP,10/02/2019,WE,1433,01,MANALAPAN TWP PD,MANALAPAN,0,0,0,0,P,B,N,N,02,2,MONMOUTH COUNTY 3,N,3,,13000003__,2.20,05,,01,04,02,01,01,01,05,01,100,FE,S,TAYLORS MILLS RD,,,,40,35,26,40.299390,74.317700,N,,26113
2019132619MN24381,MONMOUTH,MANALAPAN TWP,10/02/2019,WE,1500,01,MANALAPAN TWP PD,,0,0,0,0,P,B,N,N,02,2,WOODWARD RD,S,,,13261001__,2.10,07,,01,04,02,01,01,01,05,01,5,FE,N,NJ 33,,,,35,55,26,40.251710,74.366360,N,,26144
2019132619MN24432,MONMOUTH,MANALAPAN TWP,10/03/2019,TH,1140,01,MANALAPAN TWP PD,,0,0,0,0,P,B,N,N,01,2,US 9,S,9,,00000009__,117.54,02,,01,04,02,02,01,02,02,01,500,FE,N,TAYLORS MILLS RD,,,,55,40,26,40.317060,74.304830,N,,26157
2019132619MN24441,MONMOUTH,MANALAPAN TWP,10/03/2019,TH,1318,01,MANALAPAN TWP PD,,0,0,0,0,P,B,N,N,01,2,LAYFEYETTE MILLS ROAD,S,,,,,07,,01,04,02,02,01,02,05,01,5,FE,N,TAYLORS MILL ROAD,,,,25,35,26,40.302820,74.286680,N,,26118
2019132619MN24450,MONMOUTH,MANALAPAN TWP,10/03/2019,TH,1716,01,MANALAPAN TWP PD,,0,1,0,0,I,B,N,N,03,2,TAYLORS MILLS RD,E,,,13261530__,.87,07,,01,04,02,02,01,02,05,01,100,FE,W,US 9,,,,35,55,26,40.302680,74.303060,N,,26146
2019132619MN24461,MONMOUTH,MANALAPAN TWP,10/03/2019,TH,2100,01,MANALAPAN TWP PD,,0,0,0,0,P,B,N,N,11,1,GORDONS CORNER RD,W,,,13261107__,,07,,01,04,02,02,07,02,05,01,50,FE,W,CR 3,,,,45,40,,40.313380,74.313430,N,GUIDE WIRE SUPPORT POST  WOODEN FENCE POST,26146
2019132619MN24499,MONMOUTH,MANALAPAN TWP,10/04/2019,FR,1237,01,MANALAPAN TWP PD,,0,0,0,0,P,B,N,N,01,2,US 9,S,9,,00000009__,118.45,02,,01,04,02,01,01,01,02,01,5280,FE,N,TAYLORS MILLS RD,,,,55,40,26,40.317060,74.304830,N,,26157
2019132619MN24519,MONMOUTH,MANALAPAN TWP,10/04/2019,FR,1715,01,MANALAPAN TWP PD,,0,0,0,0,P,B,N,N,01,2,CONMACK LN **,N,,,13261054__,.00,07,,01,04,02,01,01,01,05,01,25,FE,S,GORDONS CORNER,,,,25,35,26,40.302980,74.334970,N,,26145
2019132619MN24526,MONMOUTH,MANALAPAN TWP,10/04/2019,FR,1909,01,MANALAPAN TWP PD,,0,0,0,0,P,B,N,N,12,1,ROUTE 527 ALTERNATE,N,527,A,00000527A_,1.85,07,,01,05,02,01,07,01,05,01,15,FE,S,TIMMONS HILL DR,,,,45,25,24,40.253140,74.391980,N,,26143
2019132619MN24530,MONMOUTH,MANALAPAN TWP,10/04/2019,FR,1947,01,MANALAPAN TWP PD,,0,0,0,0,P,B,N,N,01,2,ROUTE 527,,527,,00000527__,28.11,05,,01,04,02,01,05,01,04,,100,FE,N,CR 3 / MAIN ST / WOODWARD RD,,,,45,40,26,40.274740,74.342730,N,,26141
2019132619MN24554,MONMOUTH,MANALAPAN TWP,10/04/2019,FR,2346,01,MANALAPAN TWP PD,,0,0,0,0,P,B,N,N,11,1,GRANT RD **,W,,,13261066__,.19,07,,01,04,02,01,06,01,05,01,20,FE,W,IVANHOE DR,,,,25,25,,40.336890,74.327230,N,BRICK MAILBOX BELONGING TO 2 GRANT ROAD DESTROYED,26137
2019132619MN24583,MONMOUTH,MANALAPAN TWP,10/05/2019,SA,1233,01,MANALAPAN TWP PD,,0,0,0,0,P,B,N,N,01,2,NJ 33 BUSINESS,E,33,B,00000033B_,.64,02,,01,04,02,01,01,01,05,01,1584,FE,E,YATES RD,,,,50,25,26,40.254990,74.329020,N,,26156
2019132619MN24587,MONMOUTH,MANALAPAN TWP,10/05/2019,SA,1300,01,MANALAPAN TWP PD,,0,0,0,0,P,B,N,N,08,2,17 SWEETMANS LANE,,,,,,09,,01,04,02,01,01,01,,,,,,(PRIVATE PROPERTY),,,,,,28,40.248480,74.340560,N,,26130
2019132619MN24635,MONMOUTH,MANALAPAN TWP,10/06/2019,SU,1104,01,MANALAPAN TWP PD,,0,0,0,0,P,B,N,N,01,2,US 9,S,9,,00000009__,116.75,02,,03,06,02,01,01,01,05,01,,,,,T,SYMMES ROAD,WB,55,,26,40.318880,74.306010,N,,26105
2019132619MN24653,MONMOUTH,MANALAPAN TWP,10/06/2019,SU,1641,01,MANALAPAN TWP PD,,0,0,0,0,P,B,N,N,02,2,US 9,N,9,,00000009__,116.76,02,,01,05,02,01,01,01,02,01,75,FE,N,RYAN RD / SYMMES RD,,,,55,25,26,,,N,,26134
2019132619MN24658,MONMOUTH,MANALAPAN TWP,10/06/2019,SU,1837,01,MANALAPAN TWP PD,,0,0,0,0,P,B,N,N,12,1,UNION HILL RD,W,,,13261104__,.88,07,,01,04,02,01,06,01,05,01,1000,FE,E,COUNTRY OAKS DR,,,,35,35,24,40.323030,74.343710,N,,26145
2019132619MN24741,MONMOUTH,MANALAPAN TWP,10/07/2019,MO,1857,01,MANALAPAN TWP PD,,0,2,0,0,I,B,N,N,01,2,US 9,S,9,,00000009__,116.75,02,,01,04,02,01,07,01,05,01,5,FE,N,RYAN RD / SYMMES RD,,,,55,35,26,40.293260,74.298670,N,,26152
2019132619MN24879,MONMOUTH,MANALAPAN TWP,10/09/2019,WE,0752,01,MANALAPAN TWP PD,,0,3,0,0,I,B,N,N,04,2,ROUTE 527 ALTERNATE,E,527,A,00000527A_,3.72,05,,03,05,02,01,01,05,05,01,2640,FE,W,DAUM RD,,,,45,35,,40.269150,74.391260,N,,26157
2019132619MN24901,MONMOUTH,MANALAPAN TWP,10/09/2019,WE,1229,01,MANALAPAN TWP PD,,0,0,0,0,P,B,N,N,01,2,US 9,S,9,,00000009__,117.50,02,,01,04,02,02,01,02,02,01,250,FE,N,TAYLORS MILLS RD,,,,55,35,26,40.302020,74.304100,N,,26116
2019132619MN24906,MONMOUTH,MANALAPAN TWP,10/09/2019,WE,1329,01,MANALAPAN TWP PD,,0,0,0,0,P,B,N,N,01,2,US 9,S,9,,00000009__,116.40,02,,01,04,02,02,01,02,02,01,500,FE,N,CRAIG RD,,,,55,45,26,40.288510,74.297080,N,,26116
2019132619MN24917,MONMOUTH,MANALAPAN TWP,10/09/2019,WE,1643,01,MANALAPAN TWP PD,,0,0,0,0,P,I,N,N,01,2,NJ 33,E,33,,00000033__,22.60,02,,01,04,02,02,01,02,03,01,,AT,,WOODWARD RD,,,,55,35,26,40.253810,74.368340,N,,26151
2019132619MN24918,MONMOUTH,MANALAPAN TWP,10/09/2019,WE,1652,01,MANALAPAN TWP PD,MANALAPAN,0,0,0,0,P,I,N,N,02,2,TAYLORS MILLS RD,W,,,13261530__,.10,07,,01,04,02,02,01,02,,,,AT,,CR 3 / TENNENT RD,,,,35,40,26,40.299320,74.319620,N,,26147
2019132619MN24936,MONMOUTH,MANALAPAN TWP,10/09/2019,WE,2203,01,MANALAPAN TWP PD,MANALAPAN,0,0,0,0,P,I,N,N,12,1,US 9,N,9,,00000009__,117.24,02,,01,04,02,02,06,02,02,,,AT,,SMALLWOOD LN / PLAZA CT,,,,55,25,24,40.303100,74.303210,N,,26147
2019132619MN24942,MONMOUTH,MANALAPAN TWP,10/06/2019,SU,0100,01,MANALAPAN TWP PD,,0,0,0,0,P,B,N,N,08,2,PENSION RD,N,,,13261004__,.43,07,,01,04,02,01,05,01,05,01,1320,FE,N,UNION HILL RD,,,,25,35,26,,,N,,26119
2019132619MN24943,MONMOUTH,MANALAPAN TWP,10/09/2019,WE,2353,01,MANALAPAN TWP PD,,0,0,0,0,P,B,N,N,12,1,US 9,S,9,,00000009__,118.04,02,,01,04,02,01,06,01,02,01,300,FE,N,CENTER DR,,,,55,25,24,40.310630,74.303520,N,,26104
2019132619MN24955,MONMOUTH,MANALAPAN TWP,10/10/2019,TH,0840,01,MANALAPAN TWP PD,,0,0,0,0,P,B,N,N,01,2,US 9,N,9,,00000009__,117.30,02,,01,04,02,01,01,01,02,01,800,FE,S,TAYLORS MILLS RD,,,,55,35,26,40.302750,74.302730,N,,26144
2019132619MN25014,MONMOUTH,MANALAPAN TWP,10/10/2019,TH,1848,01,MANALAPAN TWP PD,,0,2,0,0,I,B,N,N,01,2,CONMACK LN **,,,,13261054__,.00,07,,01,04,02,01,05,01,05,,50,FE,S,GORDONS CORNER,,,,25,45,26,40.302340,74.334260,N,,26141
2019132619MN25016,MONMOUTH,MANALAPAN TWP,10/10/2019,TH,2008,01,MANALAPAN TWP PD,,0,2,0,0,I,B,N,N,01,3,MONMOUTH COUNTY 3,S,3,,13000003__,.90,05,,01,04,02,01,05,01,04,,1000,FE,N,FREEHOLD ROAD,,,,40,45,26,40.281590,74.330580,N,,26141
2019132619MN25047,MONMOUTH,MANALAPAN TWP,10/11/2019,FR,0843,01,MANALAPAN TWP PD,,0,0,0,0,P,B,N,N,03,2,MONMOUTH COUNTY 3,S,3,,13000003__,3.65,05,,01,04,02,01,01,01,05,01,106,FE,S,GORDENS CORNER RD,,,,45,40,26,40.316910,74.306980,N,,26128
2019132619MN25055,MONMOUTH,MANALAPAN TWP,10/11/2019,FR,1037,01,MANALAPAN TWP PD,,0,1,0,0,I,B,N,N,01,2,MONMOUTH COUNTY 3,N,3,,13000003__,2.22,05,,01,04,02,01,01,01,05,01,10,FE,S,TAYLORS MILLS RD,,,,40,35,26,40.299390,74.317700,N,,26128
2019132619MN25086,MONMOUTH,MANALAPAN TWP,10/11/2019,FR,1710,01,MANALAPAN TWP PD,,0,0,0,0,P,B,N,N,01,2,WOODWARD RD,N,,,13261001__,.00,07,,01,04,02,01,01,01,05,01,50,FE,S,ROUTE 527 / MILLHURST RD,,,,35,45,26,40.274740,74.342730,N,,26143
2019132619MN25101,MONMOUTH,MANALAPAN TWP,10/11/2019,FR,2049,01,MANALAPAN TWP PD,,0,0,0,0,P,I,N,N,03,2,MONMOUTH COUNTY 3,S,3,,13000003__,1.07,05,,01,04,02,01,07,01,05,01,,AT,,CHURCH LN,,,,35,25,26,40.284480,74.327280,N,,26152
2019132619MN25178,MONMOUTH,MANALAPAN TWP,10/12/2019,SA,1927,01,MANALAPAN TWP PD,,0,0,0,0,P,B,N,N,12,1,ROUTE 527,W,527,,00000527__,29.09,05,,01,04,02,01,07,01,05,01,1000,FE,W,STATION AVE,,,,35,25,24,40.284450,74.357510,N,,26145
2019132619MN25286,MONMOUTH,MANALAPAN TWP,10/14/2019,MO,0845,01,MANALAPAN TWP PD,,0,3,0,0,I,B,N,N,01,2,US 9,N,9,,00000009__,117.95,02,,01,04,02,01,,01,02,,2640,FE,N,TAYLORS MILLS RD,,,,55,25,26,40.305810,74.303350,N,,26157
2019132619MN25294,MONMOUTH,MANALAPAN TWP,10/14/2019,MO,0845,01,MANALAPAN TWP PD,,0,2,0,0,I,B,N,N,01,4,US 9,N,9,,00000009__,117.95,02,,01,04,02,01,01,01,02,01,2640,FE,N,TAYLORS MILLS RD,,,,55,25,26,,,N,,26157
2019132619MN25314,MONMOUTH,MANALAPAN TWP,10/14/2019,MO,1334,01,MANALAPAN TWP PD,,0,0,0,0,P,B,N,N,06,2,FAIRFIELD CT **,W,,,13261199__,.00,07,,01,04,02,01,01,01,05,01,1320,FE,E,ALEXANDRIA LN,,,,25,25,26,40.295810,74.306550,N,,26157
2019132619MN25322,MONMOUTH,MANALAPAN TWP,10/14/2019,MO,1440,01,MANALAPAN TWP PD,,0,2,0,0,I,B,N,N,04,2,MONMOUTH COUNTY 3,S,3,,13000003__,3.80,05,,01,04,02,01,01,01,05,01,686,FE,N,GORDENS CORNER RD,,,,40,40,26,40.317780,74.306510,N,STOP SIGN,26128
2019132619MN25323,MONMOUTH,MANALAPAN TWP,10/14/2019,MO,1515,01,MANALAPAN TWP PD,,0,0,0,0,P,I,N,N,03,2,WOODWARD RD,S,,,13261001__,1.65,07,,02,04,02,01,01,01,05,01,,AT,,DAUM RD,,,,35,25,26,40.260320,74.368010,N,,26156
2019132619MN25327,MONMOUTH,MANALAPAN TWP,10/14/2019,MO,1608,01,MANALAPAN TWP PD,,0,0,0,0,P,B,N,N,02,2,NJ 33,W,33,,00000033__,23.91,02,,01,04,02,01,01,01,03,01,528,FE,W,ROUTE 527 / MILLHURST RD / SWEETMAN,,,,50,45,26,40.254040,74.341240,N,,26156
2019132619MN25346,MONMOUTH,MANALAPAN TWP,10/14/2019,MO,2250,01,MANALAPAN TWP PD,,0,0,0,0,P,B,N,N,12,1,NJ 33,W,33,,00000033__,22.50,02,,01,04,02,01,07,01,03,01,528,FE,W,WOODWARD RD,,,,55,35,24,40.253600,74.370570,N,,26156
2019132619MN25365,MONMOUTH,MANALAPAN TWP,10/15/2019,TU,0824,01,MANALAPAN TWP PD,,0,0,0,0,P,B,N,N,01,2,MONMOUTH COUNTY 3,S,3,,13000003__,.92,05,,01,04,02,02,01,01,05,01,792,FE,S,CHURCH LN,,,,35,25,26,40.281590,74.330580,N,,26157
2019132619MN25393,MONMOUTH,MANALAPAN TWP,10/15/2019,TU,1218,01,MANALAPAN TWP PD,MANALAPAN,0,0,0,0,P,B,N,N,04,2,NOTTING HILL CT **,W,,,13261240__,.00,07,,01,04,02,01,01,01,05,,5,FE,E,SHIRA LN,,,,25,25,26,40.220900,74.344870,N,,26113
2019132619MN25430,MONMOUTH,MANALAPAN TWP,10/15/2019,TU,1800,01,MANALAPAN TWP PD,,0,0,0,0,P,B,N,N,02,2,MONMOUTH COUNTY 3,N,3,,13000003__,.79,05,,01,04,02,01,01,01,05,01,53,FE,S,ROUTE 522,,,,35,45,26,40.281300,74.330520,N,,26156
2019132619MN25525,MONMOUTH,MANALAPAN TWP,10/16/2019,WE,2010,01,MANALAPAN TWP PD,,0,0,0,0,P,B,N,N,11,1,NJ 33,E,33,,00000033__,23.00,02,,01,06,02,02,05,02,03,01,2112,FE,E,WOODWARD RD,,,,55,35,56,40.252080,74.360820,N,POLE # JC115AMNP & LAWN OF 247 NJ-33 (HOMEOWNER: LESTER J. GOTHER -908-770-6534),26156
2019132619MN25542,MONMOUTH,MANALAPAN TWP,10/17/2019,TH,0513,01,MANALAPAN TWP PD,,0,0,0,0,P,B,N,N,12,1,US 9,N,9,,00000009__,117.20,02,,01,04,02,01,06,01,02,01,1320,FE,S,TAYLORS MILLS RD,,,,55,35,24,,,N,,26135
2019132619MN25547,MONMOUTH,MANALAPAN TWP,10/17/2019,TH,0718,01,MANALAPAN TWP PD,,0,0,0,0,P,B,N,N,06,2,NEWPORT DR **,E,,,13261195__,.08,07,,01,04,02,01,01,01,05,01,5,FE,W,ABELINE LN,,,,25,25,26,40.278850,74.334790,N,,26157
2019132619MN25599,MONMOUTH,MANALAPAN TWP,10/17/2019,TH,1638,01,MANALAPAN TWP PD,,0,0,0,0,P,B,N,N,07,2,ROUTE 527 ALTERNATE,S,527,A,00000527A_,2.06,07,,01,04,02,01,01,01,05,01,1000,FE,S,NJ 33,,,,35,55,26,40.258130,74.396170,N,,26145
2019132619MN25613,MONMOUTH,MANALAPAN TWP,10/17/2019,TH,2156,01,MANALAPAN TWP PD,,0,0,0,0,P,B,N,N,12,1,ROUTE 537,W,537,,00000537__,47.61,05,,01,04,02,01,07,01,05,01,2640,FE,W,SHIRA LN,,,,50,25,24,40.216540,74.341670,N,,26143
2019132619MN25614,MONMOUTH,MANALAPAN TWP,10/17/2019,TH,2203,01,MANALAPAN TWP PD,,0,0,0,0,P,B,N,N,12,1,NJ 33,W,33,,00000033__,23.46,02,,01,04,02,01,06,01,03,01,1100,FE,E,PEGASUS BLVD,,,,55,25,24,40.253160,74.356360,N,,26145
2019132619MN25633,MONMOUTH,MANALAPAN TWP,10/18/2019,FR,0805,01,MANALAPAN TWP PD,,0,0,0,0,P,B,N,N,02,2,US 9,S,9,,00000009__,116.40,02,,01,04,02,01,01,01,02,01,500,FE,N,CRAIG RD,,,,55,35,26,40.294090,74.299740,N,,26144
2019132619MN25636,MONMOUTH,MANALAPAN TWP,10/18/2019,FR,0824,01,MANALAPAN TWP PD,MANALAPAN PD,0,0,0,0,P,B,N,N,06,2,BAILEY CT **,,,,13121054__,.00,07,,01,04,02,01,01,01,05,01,100,FE,W,NORTHGATE DR,,,,25,25,28,,,N,,26142
2019132619MN25717,MONMOUTH,MANALAPAN TWP,10/19/2019,SA,1224,01,MANALAPAN TWP PD,,0,0,0,0,P,B,N,N,03,2,TAYLORS MILLS RD,E,,,13261530__,.93,07,,01,04,02,01,01,01,05,01,200,FE,E,US 9,,,,35,55,26,40.302680,74.303060,N,,26139
2019132619MN25804,MONMOUTH,MANALAPAN TWP,10/20/2019,SU,1606,01,MANALAPAN TWP PD,,0,0,0,0,P,B,N,N,01,2,US 9,S,9,,00000009__,117.95,02,,01,04,02,01,01,01,05,01,2640,FE,N,TAYLORS MILLS RD,,,,55,35,26,40.308420,74.305460,N,,26152
2019132619MN25903,MONMOUTH,MANALAPAN TWP,10/21/2019,MO,1841,01,MANALAPAN TWP PD,,0,0,0,0,P,B,N,N,12,1,NJ 33,E,33,,00000033__,25.01,02,,01,04,02,01,07,01,05,01,5280,FE,E,ROUTE 527 / MILLHURST RD / SWEETMAN,,,,55,45,,40.253390,74.328720,N,,26152
2019132619MN25910,MONMOUTH,MANALAPAN TWP,10/21/2019,MO,2120,01,MANALAPAN TWP PD,,0,0,0,0,P,B,N,N,01,2,ROUTE 522,E,522,,00000522__,16.10,05,,01,04,02,01,07,01,04,01,1003,FE,W,NJ 3 / MAIN ST / TENNANT ST,,,,45,35,26,40.281590,74.330580,N,,26156
2019132619MN25914,MONMOUTH,MANALAPAN TWP,10/21/2019,MO,2145,01,MANALAPAN TWP PD,,0,0,0,0,P,B,N,N,12,1,ROUTE 527 ALTERNATE,W,527,A,00000527A_,5.33,05,,01,04,02,02,07,05,05,01,100,FE,S,HIGH BRIDGE RD / MT VERNON RD,,,,45,40,24,40.288300,74.368130,N,,26146
2019132619MN26061,MONMOUTH,MANALAPAN TWP,10/23/2019,WE,1516,01,MANALAPAN TWP PD,,0,0,0,0,P,B,N,N,03,2,TAYLORS MILLS RD,W,,,13261530__,.87,07,,01,04,02,01,01,01,05,01,100,FE,W,US 9,,,,35,55,26,40.302020,74.304100,N,,26146
2019132619MN26071,MONMOUTH,MANALAPAN TWP,10/23/2019,WE,1659,01,MANALAPAN TWP PD,,0,0,0,0,P,B,N,N,01,2,US 9,S,9,,00000009__,118.07,02,,01,04,02,01,01,01,02,01,500,FE,N,CENTER DR,,,,55,25,26,40.310360,74.304190,N,,26145
2019132619MN26075,MONMOUTH,MANALAPAN TWP,10/23/2019,WE,1751,01,MANALAPAN TWP PD,,0,0,0,0,P,B,N,N,06,2,LIVINGSTON LN **,W,,,13261121__,.11,07,,01,04,02,01,01,01,05,01,150,FE,E,DAYTON LN,,,,25,25,28,40.307300,74.296400,N,,26145
2019132619MN26112,MONMOUTH,MANALAPAN TWP,10/24/2019,TH,0751,01,MANALAPAN TWP PD,,0,1,0,0,I,I,N,N,07,2,ROUTE 527 ALTERNATE,,527,A,00000527A_,2.90,05,,01,04,02,01,01,01,05,01,,AT,,ROUTE 537,,,,45,50,26,40.209800,74.352870,N,,26132
2019132619MN26136,MONMOUTH,MANALAPAN TWP,10/24/2019,TH,1332,01,MANALAPAN TWP PD,,0,0,0,0,P,B,N,N,02,2,UNION HILL RD,E,,,13261104__,.73,07,,01,04,02,01,01,01,05,01,1000,FE,W,WILD TURKEY WAY,,,,35,25,26,40.335450,74.320120,N,,26144
2019132619MN26189,MONMOUTH,MANALAPAN TWP,10/25/2019,FR,0206,01,MANALAPAN TWP PD,,0,0,0,0,P,B,N,N,12,1,US 9,S,9,,00000009__,119.02,02,,01,04,02,01,06,01,03,01,528,FE,S,COVERED BRIDGE BLVD,,,,55,25,24,40.325140,74.306180,N,,26155
2019132619MN26198,MONMOUTH,MANALAPAN TWP,10/25/2019,FR,0934,01,MANALAPAN TWP PD,,0,1,0,0,I,B,N,N,02,2,UNION HILL RD,E,,,13261104__,.25,07,,03,04,02,01,01,01,05,01,528,FE,W,CASTLE CT,,,,35,25,26,40.330430,74.327760,N,,26099
2019132619MN26211,MONMOUTH,MANALAPAN TWP,10/25/2019,FR,1125,01,MANALAPAN TWP PD,MANALAPAN TWP,0,0,0,0,P,B,N,N,02,2,CRAIG RD,E,,,,,07,,01,04,02,01,01,01,,,0,FE,W,US 9,,,,35,55,26,40.286390,74.296570,N,,26113
2019132619MN26213,MONMOUTH,MANALAPAN TWP,10/25/2019,FR,1141,01,MANALAPAN TWP PD,,0,0,0,0,P,B,N,N,01,2,US 9,S,9,,00000009__,117.50,02,,01,04,02,01,01,01,02,01,250,FE,N,TAYLORS MILLS RD,,,,55,35,26,,,N,,26126
2019132619MN26306,MONMOUTH,MANALAPAN TWP,10/26/2019,SA,1138,01,MANALAPAN TWP PD,,0,0,0,0,P,B,N,N,01,2,US 9,S,9,,00000009__,117.70,02,,01,04,02,01,01,01,02,01,1320,FE,N,TAYLORS MILLS RD,,,,55,35,26,40.302680,74.303060,N,,26139
2019132619MN26311,MONMOUTH,MANALAPAN TWP,10/26/2019,SA,1336,01,MANALAPAN TWP PD,,0,1,0,0,I,B,N,N,07,2,MONMOUTH COUNTY 3,S,3,,13000003__,3.60,05,,03,04,01,01,01,01,05,01,25,FE,W,WICKATUNK ROAD,,,,40,25,26,40.313380,74.313430,N,,26139
2019132619MN26368,MONMOUTH,MANALAPAN TWP,10/26/2019,SA,2338,01,MANALAPAN TWP PD,,0,1,0,0,I,B,N,N,11,1,RYAN RD,E,,,,,07,,03,04,02,02,06,02,05,01,50,FE,W,FOREMAN LANE,,,,25,25,,40.295160,74.294110,N,19 RYAN ROAD- TREES AND LANDSCAPING,26133
2019132619MN26393,MONMOUTH,MANALAPAN TWP,10/27/2019,SU,0835,01,MANALAPAN TWP PD,MANALAPAN TWP,0,0,0,0,P,B,N,N,01,2,WILTSHIRE DR **,E,,,13261424__,.02,07,,01,04,02,02,01,02,,,1320,FE,S,PINE BROOK RD,,,,25,35,26,40.316340,74.342350,N,,26113
2019132619MN26403,MONMOUTH,MANALAPAN TWP,10/27/2019,SU,1131,01,MANALAPAN TWP PD,,0,1,0,0,I,B,N,N,04,2,MONMOUTH COUNTY 3,N,3,,13000003__,1.05,05,,01,04,02,02,01,02,05,,100,FE,S,CHURCH LN,,,,40,25,26,40.284480,74.327280,N,,26128
2019132619MN26404,MONMOUTH,MANALAPAN TWP,10/27/2019,SU,1138,01,MANALAPAN TWP PD,,0,0,0,0,P,B,N,N,06,2,INVERNESS DR,W,,,,,07,,01,04,02,02,06,02,04,01,20,FE,E,WINGED FOOT DRIVE,,,,25,25,,40.260260,74.378790,N,,26137
2019132619MN26435,MONMOUTH,MANALAPAN TWP,10/27/2019,SU,1959,01,MANALAPAN TWP PD,,0,0,0,0,P,B,N,N,11,1,MADIGAN LN **,,,,13261075__,.33,07,,01,04,02,02,05,01,05,01,15,FE,E,PEASE RD,,,,25,35,56,,,N,,26134
2019132619MN26489,MONMOUTH,MANALAPAN TWP,10/28/2019,MO,1338,01,MANALAPAN TWP PD,,0,1,0,0,I,B,N,N,11,1,MONMOUTH COUNTY 3,N,3,,13000003__,2.69,05,,01,04,02,01,01,01,05,01,500,FE,N,SANDY BROOK,,,,45,25,52,40.299390,74.317700,N,VERIZON UTILITY POLE #BT1269MPN,26116
2019132619MN26550,MONMOUTH,MANALAPAN TWP,10/29/2019,TU,0746,01,MANALAPAN TWP PD,,0,0,0,0,P,B,N,N,12,2,ROUTE 522,W,522,,00000522__,15.63,05,,01,04,02,02,01,02,05,01,25,FE,E,CHURCH LN,,,,40,25,24,40.275390,74.319860,N,,26157
2019132619MN26582,MONMOUTH,MANALAPAN TWP,10/29/2019,TU,1709,01,MANALAPAN TWP PD,,0,0,0,0,P,B,N,N,01,2,NJ 33,E,33,,00000033__,24.00,02,,01,04,02,02,01,02,03,01,50,FE,W,ROUTE 527 / MILLHURST RD / SWEETMAN,,,,55,45,26,40.254000,74.341660,N,,26149
2019132619MN26592,MONMOUTH,MANALAPAN TWP,10/29/2019,TU,1953,01,MANALAPAN TWP PD,,0,4,0,0,I,I,N,N,03,3,WOODWARD RD,N,,,13261001__,,07,,01,04,02,02,05,02,05,01,,AT,,VILLAGE ROAD,,,,35,25,26,,,N,,26119
2019132619MN26598,MONMOUTH,MANALAPAN TWP,10/29/2019,TU,2226,01,MANALAPAN TWP PD,,0,0,0,0,P,B,N,N,12,1,PEASE RD,N,,,13261427__,1.38,07,,01,04,02,02,07,01,05,01,1050,FE,S,PINE BROOK RD,,,,35,35,24,40.320820,74.327230,N,,26145
2019132619MN26606,MONMOUTH,MANALAPAN TWP,10/30/2019,WE,0355,01,MANALAPAN TWP PD,MANALAPAN,0,0,0,0,P,B,N,N,12,1,US 9,S,9,,00000009__,118.01,02,,01,04,02,02,06,02,02,,150,FE,N,CENTER DR,,,,55,25,24,40.310500,74.304810,N,,26147
2019132619MN26607,MONMOUTH,MANALAPAN TWP,10/30/2019,WE,0358,01,MANALAPAN TWP PD,,0,1,0,0,I,B,N,N,11,1,ROUTE 527 ALTERNATE,N,527,A,00000527A_,4.79,05,,01,04,02,02,06,02,05,01,200,FE,S,MT VERNON RD,,,,45,25,61,40.286450,74.371070,N,MAILBOX POST AND BOULDERS LOCATED ON THE PROPERTY OF 142 IRON ORE RD.,26104
2019132619MN26612,MONMOUTH,MANALAPAN TWP,10/30/2019,WE,0802,01,MANALAPAN TWP PD,,0,0,0,0,P,B,N,N,11,1,MONMOUTH COUNTY 3,N,3,,13000003__,1.03,05,,02,04,02,02,01,02,05,01,200,FE,S,CHURCH LN,,,,35,25,,40.284480,74.327280,N,GUARD RAIL,26118