Year(4)-CountyCode(2)-MunicipalityCode(2)-CaseNumber(9),County Name,Municipality Name,Crash Date,Crash Day of Week,Crash Time,Police Department Code,Police Department,Police Station,Total Killed,Total Injured,Pedestrians Killed,Pedestrians Injured,Severity,Intersection,Alcohol Involved,Hazmat Involved,Crash Type,Total Vehicles,Location,Location Direction,Route,Route Suffix,Std Rte Identifier,MilePost,Road System,Road Character,Road Horizontal Alignment,Road Grade,Road Surface Type,Surface Condition,Light Condition,Environmental Condition,Road Divided By,Temporary Traffic Control Zone,Distance To Cross Street,Unit Of Measurement,Direction From Cross Street,Cross Street Name,Is Ramp,Ramp To/From Route Name,Ramp To/From Route Direction,Posted Speed,Posted Speed Cross Street,First Harmful Event,Latitude,Longitude,Cell Phone In Use Flag,Other Property Damage,Reporting Badge No.
2019132619MN29294,MONMOUTH,MANALAPAN TWP,12/02/2019,MO,2232,01,MANALAPAN TWP PD,,0,0,0,0,P,B,Y,N,11,1,ROUTE 527,,527,,00000527__,26.34,05,,01,05,02,03,05,03,05,01,100,FE,W,KINNEY RD,,,,45,35,60,40.249920,74.341890,N,SHRUBBERY DIRECTLY ACROSS FROM KINNEY ROAD,26151
2019132619MN29299,MONMOUTH,MANALAPAN TWP,12/03/2019,TU,0103,01,MANALAPAN TWP PD,,0,1,0,0,I,B,N,N,11,1,US 9,N,9,,00000009__,116.61,02,,01,04,02,02,06,03,02,01,750,FE,S,RYAN RD / SYMMES RD,,,,55,25,59,40.293260,74.298670,N,JCP& L POLE# JC272MPN; WOOD FENCE ALONGSIDE RD. 9 - BEHINDE 19 & 21 MERCER LANE,26130
2019132619MN29305,MONMOUTH,MANALAPAN TWP,12/03/2019,TU,0636,01,MANALAPAN TWP PD,,0,0,0,0,P,B,N,N,12,1,ROUTE 527 ALTERNATE,N,527,A,00000527A_,1.56,07,,01,05,02,02,02,01,05,01,600,FE,S,CLOVER RD,,,,45,25,24,40.249410,74.390070,N,,26130
2019132619MN29325,MONMOUTH,MANALAPAN TWP,12/03/2019,TU,1110,01,MANALAPAN TWP PD,,0,0,0,0,P,B,N,N,01,2,PEASE RD,N,,,13261427__,2.11,07,,01,04,02,01,01,01,05,01,15,FE,S,UNION HILL RD,,,,35,35,26,40.327800,74.331420,N,,26144
2019132619MN29342,MONMOUTH,MANALAPAN TWP,12/03/2019,TU,1420,01,MANALAPAN TWP PD,,0,0,0,0,P,B,N,N,01,2,CONMACK LN **,S,,,13261054__,.21,07,,01,04,02,01,01,01,05,01,10,FE,N,TAYLORS MILLS RD,,,,25,35,26,40.299980,74.335110,N,,26118
2019132619MN29371,MONMOUTH,MANALAPAN TWP,12/03/2019,TU,2038,01,MANALAPAN TWP PD,,0,0,0,0,P,B,N,N,12,1,DAUM DR **,S,,,13261168__,1.68,07,,01,04,02,01,07,01,05,01,2640,FE,N,WOODWARD RD,,,,35,35,24,40.269630,74.377620,N,,26143
2019132619MN29392,MONMOUTH,MANALAPAN TWP,12/04/2019,WE,0635,01,MANALAPAN TWP PD,,0,0,0,0,P,B,N,N,01,2,NJ 33,E,33,,00000033__,22.20,02,,01,04,02,01,05,01,03,01,2112,FE,W,WOODWARD RD,,,,55,35,26,40.255620,74.380120,N,,26132
2019132619MN29454,MONMOUTH,MANALAPAN TWP,12/05/2019,TH,0408,01,MANALAPAN TWP PD,,0,1,0,0,I,I,N,N,01,2,GORDONS CORNER RD,E,,,13261107__,.74,07,,01,04,02,02,07,01,04,01,,AT,,PEACE RD,,,,45,35,26,40.313380,74.313430,N,,26153
2019132619MN29457,MONMOUTH,MANALAPAN TWP,12/05/2019,TH,0603,01,MANALAPAN TWP PD,,0,0,0,0,P,B,N,N,12,1,WICKATUNK RD,W,,,13261117__,.13,07,,01,04,02,02,07,01,04,01,250,FE,W,TAMARACK DR,,,,35,25,24,40.319700,74.303000,N,,26153
2019132619MN29463,MONMOUTH,MANALAPAN TWP,12/05/2019,TH,0832,01,MANALAPAN TWP PD,,0,5,0,0,I,I,N,N,04,2,MONMOUTH COUNTY 3,E,3,,13000003__,.00,05,,01,04,02,01,01,01,04,01,,AT,,ROUTE 527 / MILLHURST RD,,,,35,35,26,40.274740,74.342730,N,,26153
2019132619MN29474,MONMOUTH,MANALAPAN TWP,12/05/2019,TH,1109,01,MANALAPAN TWP PD,,0,0,0,0,P,B,N,N,01,2,NJ 33,W,33,,00000033__,24.02,02,,01,04,02,01,01,01,03,01,50,FE,E,ROUTE 527 / MILLHURST RD / SWEETMAN,,,,55,45,26,40.254000,74.341660,N,,26105
2019132619MN29479,MONMOUTH,MANALAPAN TWP,12/05/2019,TH,1236,01,MANALAPAN TWP PD,,0,0,0,0,P,B,N,N,03,2,UNION HILL RD,E,,,13261104__,.91,07,,01,04,02,01,01,01,04,01,50,FE,W,WILD TURKEY WAY,,,,35,25,26,40.336860,74.318900,N,,26153
2019132619MN29499,MONMOUTH,MANALAPAN TWP,12/05/2019,TH,1617,01,MANALAPAN TWP PD,,0,0,0,0,P,B,N,N,12,1,ROUTE 527,,527,,00000527__,30.80,05,,01,04,02,01,01,01,,,500,FE,N,BURKE ST,,,,45,25,24,40.307600,74.358960,N,,26141
2019132619MN29502,MONMOUTH,MANALAPAN TWP,12/05/2019,TH,1639,01,MANALAPAN TWP PD,,0,1,0,0,I,I,N,N,07,2,ROUTE 522,,522,,00000522__,15.63,05,,01,04,02,01,07,01,,,,AT,,CHURCH LN,,,,45,25,26,40.288290,74.338150,N,STREET SIGN-MONMOUTH COUNTY ROAD DEPARTMENT-250 CENTER ST  FREEHOLD  NJ 07728,26141
2019132619MN29512,MONMOUTH,MANALAPAN TWP,12/05/2019,TH,1931,01,MANALAPAN TWP PD,,0,0,0,0,P,I,N,N,07,2,MONMOUTH COUNTY 3,N,3,,13000003__,3.67,05,,01,04,02,01,07,01,05,01,,AT,,GORDENS CORNER RD,,,,40,45,26,40.313380,74.313430,N,,26152
2019132619MN29596,MONMOUTH,MANALAPAN TWP,12/06/2019,FR,1841,01,MANALAPAN TWP PD,,0,0,0,0,P,B,N,N,02,2,WICKATUNK RD,S,,,13261117__,,07,,01,04,02,01,06,01,05,01,150,FE,E,CR 3,,,,35,35,26,,,N,,26158
2019132619MN29599,MONMOUTH,MANALAPAN TWP,12/06/2019,FR,2045,01,MANALAPAN TWP PD,,0,0,0,0,P,B,N,N,12,2,ROUTE 527,N,527,,00000527__,27.46,05,,01,04,02,01,04,01,05,,1000,FE,S,VILLAGE RD,,,,45,25,,40.254000,74.341660,N,,26098
2019132619MN29654,MONMOUTH,MANALAPAN TWP,12/07/2019,SA,1300,01,MANALAPAN TWP PD,,0,1,0,0,I,B,N,N,01,2,NJ 33,W,33,,00000033__,24.01,02,,01,04,02,01,01,01,03,01,25,FE,E,ROUTE 527 / MILLHURST RD / SWEETMAN,,,,55,40,26,40.253810,74.368340,N,,26131
2019132619MN29702,MONMOUTH,MANALAPAN TWP,12/08/2019,SU,0100,01,MANALAPAN TWP PD,,0,0,0,0,P,B,N,N,12,1,NJ 33,E,33,,00000033__,23.75,02,,01,04,02,01,04,01,03,01,2640,FE,E,PEGASUS BLVD,,,,55,25,24,40.253160,74.356360,N,,26153
2019132619MN29756,MONMOUTH,MANALAPAN TWP,12/08/2019,SU,1747,01,MANALAPAN TWP PD,,0,0,0,0,P,I,N,N,07,2,HANCOCK LANE,S,,,,,07,,01,04,02,01,06,01,05,01,,AT,,CRAIG ROAD,,,,25,40,26,40.285060,74.302970,N,,26146
2019132619MN29763,MONMOUTH,MANALAPAN TWP,12/08/2019,SU,2037,01,MANALAPAN TWP PD,,0,1,0,0,I,I,N,N,03,2,TAYLORS MILLS RD,E,,,13261530__,.00,07,,01,04,02,01,06,01,05,01,,AT,,LAFAYETTE MILLS RD,,,,25,35,26,,,N,,26158
2019132619MN29772,MONMOUTH,MANALAPAN TWP,12/08/2019,SU,2225,01,MANALAPAN TWP PD,,0,0,0,0,P,I,N,N,12,1,GORDONS CORNER RD,W,,,13261107__,1.04,07,,01,04,02,02,07,05,,01,,AT,,TUOPENCE RD,,,,40,25,,40.311110,74.318120,N,,26146
2019132619MN29799,MONMOUTH,MANALAPAN TWP,12/09/2019,MO,0759,01,MANALAPAN TWP PD,MANALAPAN PD,0,0,0,0,P,B,N,N,06,2,600 PARK AVE,,,,,,09,,01,04,02,02,01,02,05,01,,,,PRIVATE PARKING LOT,,,,15,,28,40.255870,74.387200,N,,26142
2019132619MN29806,MONMOUTH,MANALAPAN TWP,12/09/2019,MO,1021,01,MANALAPAN TWP PD,,0,1,0,0,I,I,N,N,03,2,US 9,N,9,,00000009__,116.75,02,,01,04,02,02,01,02,02,01,,AT,,RYAN RD / SYMMES RD,,,,55,25,26,40.293260,74.298670,N,,26144
2019132619MN29827,MONMOUTH,MANALAPAN TWP,12/09/2019,MO,1418,01,MANALAPAN TWP PD,,0,0,0,0,P,B,N,N,01,2,ROUTE 527,,527,,00000527__,26.61,05,,01,04,02,02,01,02,05,,20,FE,S,NJ 33,,,,45,55,26,40.254000,74.341660,N,,26141
2019132619MN29839,MONMOUTH,MANALAPAN TWP,12/09/2019,MO,1755,01,MANALAPAN TWP PD,,0,0,0,0,P,B,N,N,01,2,PEASE RD,S,,,13261427__,.69,07,,01,04,02,02,05,02,05,01,50,FE,S,GORDONS CORNER RD,,,,35,40,26,40.310630,74.320730,N,,26151
2019132619MN29840,MONMOUTH,MANALAPAN TWP,12/09/2019,MO,1816,01,MANALAPAN TWP PD,,0,3,0,0,I,I,N,N,03,2,ARGYLE LN **,,,,13261318__,.00,07,,01,04,02,02,05,02,05,01,,AT,,SYMMES DR,,,,35,25,26,40.290630,74.313190,N,,26151
2019132619MN29868,MONMOUTH,MANALAPAN TWP,12/10/2019,TU,0605,01,MANALAPAN TWP PD,,0,1,0,1,I,B,N,N,13,1,US 9,N,9,,00000009__,116.75,02,,01,04,02,02,06,05,02,,15,FE,N,RYAN RD / SYMMES RD,,,,55,25,22,40.293260,74.298670,N,,26130
2019132619MN29907,MONMOUTH,MANALAPAN TWP,12/10/2019,TU,1721,01,MANALAPAN TWP PD,,0,0,0,0,P,B,N,N,01,2,US 9,S,9,,00000009__,117.95,02,,01,04,02,02,06,02,05,01,150,FE,S,CENTER DR,,,,55,25,26,40.308450,74.306000,N,,26152
2019132619MN30009,MONMOUTH,MANALAPAN TWP,12/12/2019,TH,0838,01,MANALAPAN TWP PD,,0,0,0,0,P,B,N,N,08,2,DEEPWATER CIR **,E,,,13261587__,.08,07,,03,04,02,01,01,01,05,01,528,FE,W,COLD SPRINGS RD,,,,25,25,26,40.268690,74.348260,N,,26099
2019132619MN30011,MONMOUTH,MANALAPAN TWP,12/12/2019,TH,0909,01,MANALAPAN TWP PD,,0,1,0,0,I,B,N,N,03,2,TAYLORS MILLS RD,W,,,13261530__,.93,07,,01,04,02,01,01,01,05,,200,FE,E,US 9,,,,25,55,26,40.303110,74.303220,N,,26128
2019132619MN30019,MONMOUTH,MANALAPAN TWP,12/12/2019,TH,1033,01,MANALAPAN TWP PD,,0,2,0,0,I,I,N,N,03,2,KINNEY RD,S,,,13261176__,.75,07,,03,04,02,01,01,01,,,,AT,,PREMEIR WAY / VICTORIAN HILL,,,,35,25,26,40.246520,74.322230,N,STREET SIGN FOR KINNEY ROAD AND VICTORIAN HILL,26099
2019132619MN30025,MONMOUTH,MANALAPAN TWP,12/12/2019,TH,1221,01,MANALAPAN TWP PD,,0,0,0,0,P,B,N,N,01,2,US 9,N,9,,00000009__,118.00,02,,01,04,02,01,01,01,02,01,2798,FE,S,CR 3 / MORGANVILLE RD / TENNENT RD,,,,55,40,26,40.311450,74.303420,N,,26128
2019132619MN30028,MONMOUTH,MANALAPAN TWP,12/12/2019,TH,1314,01,MANALAPAN TWP PD,,0,1,0,0,I,B,N,N,11,1,SUSAN CT **,N,,,13261278__,.00,07,,01,04,02,01,01,01,,,528,FE,N,JOSEPH ST,,,,25,25,61,40.238690,74.356240,Y,PAVER MAILBOX TO #2 SUSAN COURT,26099
2019132619MN30122,MONMOUTH,MANALAPAN TWP,12/13/2019,FR,1423,01,MANALAPAN TWP PD,,0,0,0,0,P,B,N,N,01,2,WOODWARD RD,S,,,13261001__,,07,,01,04,02,02,01,02,05,01,30,FE,N,TURNBERRY DRIVE,,,,35,25,26,40.245340,74.369190,N,,26105
2019132619MN30132,MONMOUTH,MANALAPAN TWP,12/13/2019,FR,1707,01,MANALAPAN TWP PD,,0,0,0,0,P,B,N,N,03,2,US 9,,9,,00000009__,117.87,02,,01,04,02,02,06,02,02,01,600,FE,S,CENTER DR,,,,55,35,26,,,N,,26158
2019132619MN30133,MONMOUTH,MANALAPAN TWP,12/13/2019,FR,1715,01,MANALAPAN TWP PD,,0,0,0,0,P,B,N,N,01,2,US 9,N,9,,00000009__,116.73,02,,01,04,02,02,06,02,02,01,100,FE,S,RYAN RD / SYMMES RD,,,,55,25,26,40.293260,74.298670,N,,26146
2019132619MN30134,MONMOUTH,MANALAPAN TWP,12/13/2019,FR,1722,01,MANALAPAN TWP PD,,0,0,0,0,P,B,N,N,01,2,ROUTE 537,W,537,,00000537__,47.91,05,,01,04,02,02,07,02,05,01,1584,FE,E,SHIRA LN,,,,50,25,26,40.213700,74.346110,N,,26156
2019132619MN30135,MONMOUTH,MANALAPAN TWP,12/13/2019,FR,1804,01,MANALAPAN TWP PD,,0,1,0,0,I,B,N,N,01,2,US 9,S,9,,00000009__,117.50,02,,01,04,02,02,06,02,05,01,250,FE,N,TAYLORS MILLS RD,,,,55,35,26,,,N,,26158
2019132619MN30140,MONMOUTH,MANALAPAN TWP,12/13/2019,FR,1913,01,MANALAPAN TWP PD,MANALAPAN PD,0,0,0,0,P,B,N,N,01,4,US 9,S,9,,00000009__,116.33,02,,01,04,02,02,04,02,02,,100,FE,N,CRAIG RD,,,,55,40,26,40.287210,74.296430,N,,26113
2019132619MN30196,MONMOUTH,MANALAPAN TWP,12/14/2019,SA,1824,01,MANALAPAN TWP PD,,0,0,0,0,P,B,N,N,08,2,NEW BEGININGS RD **,W,,,13261161__,.24,07,,01,04,02,02,05,02,05,01,100,FE,S,SAMARITAN WAY,,,,25,25,28,40.297870,74.379550,N,,26137
2019132619MN30393,MONMOUTH,MANALAPAN TWP,12/16/2019,MO,1830,01,MANALAPAN TWP PD,,0,0,0,0,P,B,N,N,01,2,US 9,S,9,,00000009__,117.60,02,,01,04,02,02,07,02,02,,792,FE,N,TAYLORS MILLS RD,,,,55,35,26,,,N,,26136
2019132619MN30401,MONMOUTH,MANALAPAN TWP,12/16/2019,MO,2032,01,MANALAPAN TWP PD,,0,0,0,0,P,B,N,N,02,2,US 9,N,9,,00000009__,116.72,02,,01,05,02,02,07,02,05,01,,,,,T,RYAN ROAD,EB,55,,26,,,N,,26136
2019132619MN30420,MONMOUTH,MANALAPAN TWP,12/17/2019,TU,0304,01,MANALAPAN TWP PD,,0,0,0,0,P,B,N,N,11,1,GRAYSON LN **,,,,13261119__,,07,,01,04,02,02,06,02,05,01,,,,,,,,25,,56,,,N,VEHICLE 1 STRUCK A CABLE UTILITY BOX ON THE CORNER OF 2 GRAYSON LANE,26158
2019132619MN30471,MONMOUTH,MANALAPAN TWP,12/17/2019,TU,1516,01,MANALAPAN TWP PD,,0,0,0,0,P,B,N,N,01,2,US 9,S,9,,00000009__,117.50,02,,01,04,02,02,01,02,05,01,250,FE,N,TAYLORS MILLS RD,,,,55,35,26,40.308450,74.306000,N,,26152
2019132619MN30483,MONMOUTH,MANALAPAN TWP,12/17/2019,TU,1844,01,MANALAPAN TWP PD,,0,0,0,0,P,B,N,N,03,2,MONMOUTH COUNTY 3,W,3,,13000003__,3.33,05,,01,04,02,02,07,02,05,01,450,FE,N,TOWNE DR,,,,40,25,26,40.314060,74.307830,N,,26144
2019132619MN30484,MONMOUTH,MANALAPAN TWP,12/17/2019,TU,1859,01,MANALAPAN TWP PD,,0,1,0,0,I,B,N,N,03,2,MONMOUTH COUNTY 3,S,3,,13000003__,1.09,05,,01,04,02,02,07,02,05,,100,FE,N,CHURCH LN,,,,40,25,26,,,N,,26136
2019132619MN30519,MONMOUTH,MANALAPAN TWP,12/18/2019,WE,0646,01,MANALAPAN TWP PD,,0,0,0,0,P,B,N,N,12,1,THOMPSON GROVE RD **,,,,13261175__,.05,07,,01,04,02,01,01,01,05,,250,FE,N,MILL RD / THOMPSON GROVE RD,,,,40,40,24,,,N,,26158
2019132619MN30521,MONMOUTH,MANALAPAN TWP,12/18/2019,WE,0710,01,MANALAPAN TWP PD,,0,1,0,0,I,B,N,N,01,2,MONMOUTH COUNTY 3,N,3,,13000003__,.78,05,,01,04,02,01,01,01,05,01,100,FE,S,ROUTE 522,,,,35,40,26,40.281590,74.330580,N,,26118
2019132619MN30544,MONMOUTH,MANALAPAN TWP,12/18/2019,WE,1330,01,MANALAPAN TWP PD,,0,0,0,0,P,B,N,N,02,2,US 9,S,9,,00000009__,117.95,02,,01,04,02,01,01,01,02,01,2640,FE,N,TAYLORS MILLS RD,,,,55,40,26,40.311060,74.304550,N,,26118
2019132619MN30618,MONMOUTH,MANALAPAN TWP,12/19/2019,TH,1333,01,MANALAPAN TWP PD,,0,0,0,0,P,B,N,N,01,2,US 9,S,9,,00000009__,117.70,02,,01,04,02,01,01,01,02,01,1320,FE,N,TAYLORS MILLS RD,,,,55,35,26,40.306490,74.304670,N,,26116
2019132619MN30632,MONMOUTH,MANALAPAN TWP,12/19/2019,TH,1514,01,MANALAPAN TWP PD,,0,0,0,0,P,B,N,N,01,2,WICKATUNK RD,W,,,13261117__,,07,,01,04,02,01,01,01,,,500,FE,E,CR 3,,,,35,45,26,40.318520,74.303760,N,,26098
2019132619MN30724,MONMOUTH,MANALAPAN TWP,12/20/2019,FR,1441,01,MANALAPAN TWP PD,STATION,0,1,0,0,I,B,N,N,01,3,US 9,N,9,,00000009__,119.11,02,,01,04,02,01,01,01,02,01,30,FE,S,COVERED BRIDGE BLVD,,,,55,25,26,40.327110,74.305620,N,,
2019132619MN30731,MONMOUTH,MANALAPAN TWP,12/20/2019,FR,1714,01,MANALAPAN TWP PD,,0,0,0,0,P,B,N,N,01,2,ROUTE 522,E,522,,00000522__,16.28,05,,01,04,02,01,03,01,05,01,50,FE,W,NJ 3 / MAIN ST / TENNANT ST,,,,45,35,26,40.281590,74.330580,N,,26152
2019132619MN30870,MONMOUTH,MANALAPAN TWP,12/22/2019,SU,1411,01,MANALAPAN TWP PD,,0,0,0,0,P,I,N,N,03,2,WOODWARD RD,W,,,13261001__,.00,07,,01,04,02,01,01,01,05,01,,AT,,ROUTE 527 / MILLHURST RD,,,,35,45,26,40.274740,74.342730,N,,26105
2019132619MN30933,MONMOUTH,MANALAPAN TWP,12/23/2019,MO,1036,01,MANALAPAN TWP PD,,0,0,0,0,P,B,N,N,06,2,GORDONS CORNER,E,,,,,07,,01,04,02,01,01,01,05,01,1320,FE,W,TENNENT ROAD,,,,45,40,26,40.316510,74.310450,N,,26128
2019132619MN31043,MONMOUTH,MANALAPAN TWP,12/24/2019,TU,1210,01,MANALAPAN TWP PD,MANALAPAN PD,0,0,0,0,P,B,N,N,08,2,LONE STAR LN,,,,,,07,,01,04,02,01,01,01,05,01,50,FE,E,WILSON AVE,,,,25,35,28,40.309770,74.359610,N,,26142
2019132619MN31050,MONMOUTH,MANALAPAN TWP,12/24/2019,TU,1444,01,MANALAPAN TWP PD,,0,1,0,0,I,I,N,N,01,2,US 9,N,9,,00000009__,117.45,02,,01,04,02,01,01,01,05,01,,AT,,TAYLORS MILLS RD,,,,55,35,26,40.302680,74.303060,N,,26152
2019132619MN31059,MONMOUTH,MANALAPAN TWP,12/24/2019,TU,1744,01,MANALAPAN TWP PD,,0,0,0,0,P,B,N,N,01,2,SYMMES DR,,,,13261138__,1.46,07,,01,04,02,01,06,01,05,01,50,FE,W,US 9,,,,35,55,26,,,N,,26158
2019132619MN31111,MONMOUTH,MANALAPAN TWP,12/25/2019,WE,2209,01,MANALAPAN TWP PD,,0,0,0,0,P,B,N,N,06,3,CENTURY WAY,E,,,,,07,,01,04,02,01,07,01,05,01,25,FE,W,RUMFORD WAY,,,,25,25,28,40.282710,74.311300,N,,
2019132619MN31129,MONMOUTH,MANALAPAN TWP,12/26/2019,TH,0947,01,MANALAPAN TWP PD,,0,0,0,0,P,B,N,N,01,2,NJ 33,E,33,,00000033__,22.59,02,,01,04,02,01,01,05,,,50,FE,W,WOODWARD RD,,,,55,35,26,40.253810,74.368340,N,,26139
2019132619MN31150,MONMOUTH,MANALAPAN TWP,12/26/2019,TH,1357,01,MANALAPAN TWP PD,,0,0,0,0,P,B,N,N,01,2,US 9,N,9,,00000009__,116.99,02,,01,04,02,01,01,01,02,01,1320,FE,S,SMALLWOOD LN / PLAZA CT,,,,55,25,26,40.299460,74.302700,N,,26159
2019132619MN31151,MONMOUTH,MANALAPAN TWP,12/26/2019,TH,1405,01,MANALAPAN TWP PD,,0,0,0,0,P,B,N,N,12,1,TAYLORS MILLS RD,E,,,13261530__,.54,07,,01,04,02,01,01,01,05,01,5,FE,E,BLUE JAY CT,,,,35,25,24,40.297300,74.339860,N,,26128
2019132619MN31212,MONMOUTH,MANALAPAN TWP,12/27/2019,FR,0917,01,MANALAPAN TWP PD,,0,0,0,0,P,B,N,N,01,2,US 9,N,9,,00000009__,116.66,02,,01,04,02,01,01,01,02,01,500,FE,S,RYAN RD / SYMMES RD,,,,55,25,26,,,N,,26139
2019132619MN31250,MONMOUTH,MANALAPAN TWP,12/27/2019,FR,1706,01,MANALAPAN TWP PD,,0,0,0,0,P,B,N,N,05,2,ROUTE 522,E,522,,00000522__,17.00,05,,01,04,02,01,03,01,,,1320,FE,E,TENNENT ROAD,,,,45,40,26,40.290630,74.342870,N,,26146
2019132619MN31296,MONMOUTH,MANALAPAN TWP,12/28/2019,SA,0448,01,MANALAPAN TWP PD,,0,0,0,0,P,B,N,N,02,2,US 9,S,9,,00000009__,118.80,02,,01,04,02,01,07,01,02,01,200,FE,N,PINE BROOK RD,,,,55,35,26,40.322530,74.305810,N,,26153
2019132619MN31326,MONMOUTH,MANALAPAN TWP,12/28/2019,SA,1345,01,MANALAPAN TWP PD,,0,1,0,0,I,B,N,N,01,2,US 9,S,9,,00000009__,117.95,02,,01,04,02,01,01,01,02,01,2640,FE,N,TAYLORS MILLS RD,,,,55,35,26,40.309350,74.304750,N,,26116
2019132619MN31470,MONMOUTH,MANALAPAN TWP,12/30/2019,MO,1251,01,MANALAPAN TWP PD,,0,0,0,0,P,B,N,N,01,2,US 9,N,9,,00000009__,116.66,02,,01,04,02,02,01,02,02,01,500,FE,S,RYAN RD / SYMMES RD,,,,55,25,26,40.293260,74.298670,N,,26139
2019132619MN31481,MONMOUTH,MANALAPAN TWP,12/30/2019,MO,1504,01,MANALAPAN TWP PD,,0,1,0,0,I,B,N,N,03,2,SYMMES ROAD,W,,,,,07,,01,04,02,02,01,02,05,01,300,FE,W,US HIGHWAY 9,,,,35,55,26,40.293260,74.298670,N,,26139
2019132619MN31486,MONMOUTH,MANALAPAN TWP,12/30/2019,MO,1702,01,MANALAPAN TWP PD,,0,0,0,0,P,B,N,N,03,2,FRANKLIN LANE,,,,,,08,,01,04,02,02,07,02,,,,,,COMMUTER LOT,,,,,,26,,,N,,26134
2019132619MN3211883,MONMOUTH,MANALAPAN TWP,05/12/2019,SU,1242,01,MANALAPAN TWP PD,,0,0,0,0,P,B,N,N,06,2,55 US HIGHWAY 9,,,,,,09,,01,04,02,02,01,02,,,,,,PARKING LOT OF WEGMANS,,,,,,28,40.289880,74.298150,N,,26141
2019132619MN32369,MONMOUTH,MANALAPAN TWP,09/20/2019,FR,1815,01,MANALAPAN TWP PD,,0,0,0,0,P,B,N,N,01,2,US 9,S,9,,00000009__,117.46,02,,01,04,02,01,01,01,02,01,50,FE,N,TAYLORS MILLS RD,,,,55,35,26,40.302680,74.303060,N,,26149
2019132619MN33047,MONMOUTH,MANALAPAN TWP,12/12/2019,TH,1855,01,MANALAPAN TWP PD,,0,0,0,0,P,B,N,N,12,1,NJ 33,E,33,,00000033__,23.30,02,,01,04,02,01,06,01,03,01,250,FE,E,PEGASUS BLVD,,,,55,35,24,,,N,,26158
2019132619MNN11903,MONMOUTH,MANALAPAN TWP,05/12/2019,SU,1829,01,MANALAPAN TWP PD,,0,1,0,0,I,B,N,N,01,2,NJ 33,W,33,,00000033__,24.10,02,,01,04,02,02,01,02,03,01,500,FE,E,ROUTE 527 / MILLHURST RD / SWEETMAN,,,,55,35,26,40.254370,74.340510,N,,26145
20191326C060-2019-00230A,MONMOUTH,MANALAPAN TWP,02/14/2019,TH,0233,02,NEW JERSEY STATE POLICE,HAMILTON-SUB -,0,0,0,0,P,B,N,N,12,1,ROUTE 527 ALTERNATE,N,527,A,00000527A_,.80,07,,01,04,02,01,05,01,05,01,,,,,,,,35,,24,40.201500,74.429100,N,,8262
20191326C060-2019-00441A,MONMOUTH,MANALAPAN TWP,04/01/2019,MO,1705,02,NEW JERSEY STATE POLICE,HAMILTON-SUB -,0,0,0,0,P,B,N,N,01,2,ROUTE 527,S,527,,00000527__,24.48,05,,01,04,02,01,01,01,05,01,528,FE,N,CR 1 / ROUTE 527 ALT / SWEETMANS LA,,,,45,45,26,40.215010,74.356940,N,,8262
20191326C060-2019-01131A,MONMOUTH,MANALAPAN TWP,08/08/2019,TH,0845,02,NEW JERSEY STATE POLICE,HAMILTON-SUB -,0,0,0,0,P,B,N,N,08,2,ROUTE 527,N,527,,00000527__,24.30,05,,01,05,02,01,01,01,05,01,,,,,,,,40,,26,40.232470,74.369680,N,,8360
20191326C060-2019-01140A,MONMOUTH,MANALAPAN TWP,08/09/2019,FR,1136,02,NEW JERSEY STATE POLICE,HAMILTON-SUB -,0,0,0,0,P,B,N,N,01,2,SMITHBURG RD,S,,,,,07,,01,04,02,01,01,01,04,01,,,,BAIRD ROAD,,,,45,35,26,40.242350,74.384200,N,,8111
20191326C060-2019-01398A,MONMOUTH,MANALAPAN TWP,09/25/2019,WE,1529,02,NEW JERSEY STATE POLICE,HAMILTON-SUB -,0,0,0,0,P,B,N,N,01,2,NJ 33,E,33,,00000033__,22.00,02,,01,04,02,01,01,01,03,01,,,,IRON ORE ROAD,,,,55,35,26,40.258610,74.396330,N,,8014
2019132718-4570-AC,MONMOUTH,MANASQUAN BORO,05/01/2019,WE,1619,01,MANASQUAN PD,,0,0,0,0,P,B,N,N,06,2,ABE VORHEES AVE **,,,,13271086__,.06,07,,01,04,02,01,01,05,02,01,300,FE,E,CR 20 / SOUTH ST,,,,25,25,28,,,N,,59
2019132719-10019-AC,MONMOUTH,MANASQUAN BORO,07/28/2019,SU,0842,01,MANASQUAN PD,,0,0,0,0,P,I,N,N,06,2,WHITING AVE **,,,,13271008__,.00,07,,01,04,02,01,01,01,05,01,,AT,,THIRD AVE,,,,25,,26,,,N,,244
2019132719-10096-AC,MONMOUTH,MANASQUAN BORO,07/29/2019,MO,2004,01,MANASQUAN PD,,0,1,0,0,I,B,N,N,03,2,NJ 71,,71,,00000071__,1.07,02,,01,04,02,01,03,01,05,01,50,FE,N,MAIN ST,,,,30,25,26,,,N,,67
2019132719-10123-AC,MONMOUTH,MANASQUAN BORO,07/30/2019,TU,1557,01,MANASQUAN PD,,0,0,0,0,P,B,N,N,06,2,MONMOUTH COUNTY 20,,20,,13000020__,2.50,05,,01,04,02,01,01,01,05,01,50,FE,S,CR 49 / SEA GIRT AVE,,,,30,35,28,,,N,,67