Year(4)-CountyCode(2)-MunicipalityCode(2)-CaseNumber(9),County Name,Municipality Name,Crash Date,Crash Day of Week,Crash Time,Police Department Code,Police Department,Police Station,Total Killed,Total Injured,Pedestrians Killed,Pedestrians Injured,Severity,Intersection,Alcohol Involved,Hazmat Involved,Crash Type,Total Vehicles,Location,Location Direction,Route,Route Suffix,Std Rte Identifier,MilePost,Road System,Road Character,Road Horizontal Alignment,Road Grade,Road Surface Type,Surface Condition,Light Condition,Environmental Condition,Road Divided By,Temporary Traffic Control Zone,Distance To Cross Street,Unit Of Measurement,Direction From Cross Street,Cross Street Name,Is Ramp,Ramp To/From Route Name,Ramp To/From Route Direction,Posted Speed,Posted Speed Cross Street,First Harmful Event,Latitude,Longitude,Cell Phone In Use Flag,Other Property Damage,Reporting Badge No.
2019132719-10127-AC,MONMOUTH,MANASQUAN BORO,07/30/2019,TU,1716,01,MANASQUAN PD,,0,1,0,0,I,B,N,N,01,2,E MAIN ST,,,,,,07,,01,04,02,01,01,01,05,01,30,FE,E,NJ 71,,,,25,30,26,,,N,,67
2019132719-10131-AC,MONMOUTH,MANASQUAN BORO,07/30/2019,TU,1925,01,MANASQUAN PD,,0,1,0,0,I,B,N,N,14,1,MAIN ST **,,,,13271082__,,07,,01,04,02,01,01,01,05,01,200,FE,E,NJ 71,,,,25,30,21,,,N,,6201
2019132719-10132-AC,MONMOUTH,MANASQUAN BORO,07/30/2019,TU,1935,01,MANASQUAN PD,,0,1,0,0,I,B,N,N,14,2,FIRST AVE **,,,,13271081__,.00,07,,01,04,02,01,01,01,05,01,50,FE,S,E MAIN ST,,,,25,25,21,,,N,,
2019132719-10195-AC,MONMOUTH,MANASQUAN BORO,08/01/2019,TH,1327,01,MANASQUAN PD,,0,0,0,0,P,B,N,N,06,2,OCEAN AVE **,,,,13271026__,.32,07,,01,04,02,01,01,01,05,01,450,FE,E,POTTER AVE,,,,25,25,26,,,N,,202
2019132719-10198-AC,MONMOUTH,MANASQUAN BORO,08/01/2019,TH,1354,01,MANASQUAN PD,,0,0,0,0,P,B,N,N,06,2,BRIELLE RD / E MAIN ST / FIRST AVE / FISK AVE,,,,13081097__,2.35,07,,01,,,01,01,01,04,,,,,,,,,25,,,,,N,,6133
2019132719-10201-AC,MONMOUTH,MANASQUAN BORO,08/01/2019,TH,1512,01,MANASQUAN PD,,0,1,0,0,I,I,N,N,03,2,MONMOUTH COUNTY 20,,20,,13000020__,2.51,05,,01,04,02,01,01,01,05,01,,AT,,CR 49 / SEA GIRT AVE,,,,30,35,26,,,N,,66
2019132719-10260-AC,MONMOUTH,MANASQUAN BORO,08/02/2019,FR,1926,01,MANASQUAN PD,,0,1,0,0,I,B,N,N,01,3,BRIELLE RD / E MAIN ST / FIRST AVE / FISK AVE,,,,13081097__,1.70,07,,01,04,02,01,01,01,04,01,30,FE,W,N POTTER AVE / S POTTER AVE,,,,25,25,26,,,N,,
2019132719-10566-AC,MONMOUTH,MANASQUAN BORO,08/06/2019,TU,2215,01,MANASQUAN PD,PATROL,0,1,0,0,I,B,N,N,14,1,ABE VORHEES AVE **,,,,13271086__,.08,07,,01,04,02,01,06,01,02,01,100,FE,S,VM PRESTON WAY,,,,25,25,26,,,N,,57
2019132719-10643-AC,MONMOUTH,MANASQUAN BORO,08/08/2019,TH,2242,01,MANASQUAN PD,PATROL,0,0,0,0,P,B,Y,N,11,1,SECOND AVE **,,,,13271012__,.15,07,,01,04,02,01,07,01,05,01,1000,FE,S,E MAIN ST,,,,25,25,56,,,N,,57#57
2019132719-10673-AC,MONMOUTH,MANASQUAN BORO,08/09/2019,FR,1300,01,MANASQUAN PD,,0,0,0,0,P,B,N,N,03,2,BRIELLE RD / E MAIN ST / FIRST AVE / FISK AVE,,,,13081097__,2.34,07,,01,04,02,01,01,01,05,01,100,FE,E,NJ 71 / UNION AVE,,,,25,30,26,,,N,,67
2019132719-10857-AC,MONMOUTH,MANASQUAN BORO,08/11/2019,SU,0944,01,MANASQUAN PD,,0,0,0,0,P,B,N,N,03,2,BRIELLE RD / E MAIN ST / FIRST AVE / FISK AVE,,,,13081097__,2.34,07,,01,04,02,01,01,01,05,01,100,FE,E,NJ 71 / UNION AVE,,,,25,30,26,,,N,,239
2019132719-10864-AC,MONMOUTH,MANASQUAN BORO,08/11/2019,SU,1126,01,MANASQUAN PD,,0,0,0,0,P,I,N,N,03,2,BRIELLE RD / E MAIN ST / FIRST AVE / FISK AVE,W,,,13081097__,1.05,07,,01,04,02,01,01,01,05,01,,AT,,3RD AVE,,,,25,25,26,,,N,,212
2019132719-110-AC,MONMOUTH,MANASQUAN BORO,01/03/2019,TH,2113,01,MANASQUAN PD,,0,0,0,0,P,B,Y,N,08,2,NJ 71,,71,,00000071__,1.20,02,,01,04,02,01,06,01,05,01,792,FE,S,STOCKTON LAKE BLVD,,,,30,25,26,,,N,,66
2019132719-11094-AC,MONMOUTH,MANASQUAN BORO,08/16/2019,FR,1155,01,MANASQUAN PD,,0,1,0,0,I,B,N,N,14,1,BRIELLE RD / E MAIN ST / FIRST AVE / FISK AVE,,,,13081097__,2.31,07,,01,04,02,01,01,01,05,01,70,FE,W,NJ 71 / UNION AVE,,,,25,30,21,,,N,,66
2019132719-11119-AC,MONMOUTH,MANASQUAN BORO,08/16/2019,FR,2111,01,MANASQUAN PD,MANASQUAN,0,1,0,0,I,B,N,N,11,1,N MAIN ST **,,,,13271001__,.30,07,,01,04,02,01,06,01,05,01,200,FE,S,ATLANTIC AVE,,,,25,35,52,,,N,,68
2019132719-11221-AC,MONMOUTH,MANASQUAN BORO,08/17/2019,SA,1911,01,MANASQUAN PD,MANASQUAN,0,0,0,0,P,B,N,N,08,2,LONG AVE **,E,,,13271004__,,07,,01,04,02,01,03,01,05,01,,,E,LONG AVE,,,,25,25,26,,,N,,208
2019132719-1133-AC,MONMOUTH,MANASQUAN BORO,02/03/2019,SU,1908,01,MANASQUAN PD,,0,0,0,0,P,I,N,N,02,2,MONMOUTH COUNTY 20,,20,,13000020__,1.91,05,,01,04,02,01,06,01,05,01,,AT,,MAIN ST,,,,30,25,26,,,N,,67
2019132719-11421-AC,MONMOUTH,MANASQUAN BORO,08/20/2019,TU,1035,01,MANASQUAN PD,,0,0,0,0,P,B,N,N,06,2,OCEAN AVE **,,,,,,07,,01,04,02,01,01,01,05,01,,,,,,,,25,,28,,,N,,223
2019132719-11433-AC,MONMOUTH,MANASQUAN BORO,08/20/2019,TU,1424,01,MANASQUAN PD,,0,1,0,0,I,B,N,N,14,1,BRIELLE RD / E MAIN ST / FIRST AVE / FISK AVE,,,,13081097__,1.52,07,,01,04,02,01,01,01,05,01,25,FE,W,GREEN BLVD / MEADOW AVE,,,,25,25,21,,,N,,61
2019132719-11519-AC,MONMOUTH,MANASQUAN BORO,08/22/2019,TH,1749,01,MANASQUAN PD,,0,0,0,0,P,B,N,N,11,2,107 TAYLOR AVE,,,,,,09,,01,04,02,01,01,01,05,01,,,,,,,,15,,69,,,N,,61
2019132719-11543-AC,MONMOUTH,MANASQUAN BORO,08/23/2019,FR,1048,01,MANASQUAN PD,,0,1,0,1,I,B,N,N,13,1,N MAIN ST **,,,,13271001__,.26,07,,01,04,02,01,01,05,05,01,10,FE,S,ELIZABETH AVE,,,,25,25,22,,,N,,62
2019132719-11658-AC,MONMOUTH,MANASQUAN BORO,08/24/2019,SA,1637,01,MANASQUAN PD,PATROL,0,0,0,0,P,B,N,N,05,2,SECOND AVE **,,,,13271012__,.45,07,,01,04,02,01,01,01,05,01,500,FE,N,OCEAN AVE,,,,25,25,26,,,N,,5757
2019132719-11660-AC,MONMOUTH,MANASQUAN BORO,08/24/2019,SA,1654,01,MANASQUAN PD,,0,0,0,0,P,B,N,N,03,2,BRIELLE RD / E MAIN ST / FIRST AVE / FISK AVE,,,,13081097__,2.23,07,,01,04,02,01,01,01,05,,75,FE,W,COLBY AVE,,,,25,25,26,,,N,,59
2019132719-11901-AC,MONMOUTH,MANASQUAN BORO,08/29/2019,TH,1536,01,MANASQUAN PD,,0,0,0,0,P,I,N,N,06,2,BRIELLE RD / E MAIN ST / FIRST AVE / FISK AVE,,,,13081097__,1.10,07,,01,04,02,01,01,01,05,01,,AT,,2ND AVE,,,,25,25,26,,,N,,223
2019132719-12189-AC,MONMOUTH,MANASQUAN BORO,09/01/2019,SU,1548,01,MANASQUAN PD,MANASQUAN,0,0,0,0,P,B,N,N,08,2,MAIN ST **,,,,13271082__,,07,,01,04,02,01,01,01,05,01,75,FE,E,VM PRESTON WAY,,,,25,25,28,,,N,,56
2019132719-12210-AC,MONMOUTH,MANASQUAN BORO,09/01/2019,SU,2128,01,MANASQUAN PD,,0,0,0,0,P,B,N,N,01,2,BRIELLE RD / E MAIN ST / FIRST AVE / FISK AVE,,,,13081097__,2.35,07,,01,04,02,01,06,01,05,01,150,FE,E,NJ 71 / UNION AVE,,,,25,30,26,,,N,,67
2019132719-12217-AC,MONMOUTH,MANASQUAN BORO,09/01/2019,SU,2149,01,MANASQUAN PD,PATROL,0,0,0,0,P,B,N,N,06,2,SECOND AVE **,,,,13271012__,.04,07,,01,04,02,01,04,01,05,01,200,FE,N,BRIELLE RD,,,,25,25,28,,,N,,3043
2019132719-12307-AC,MONMOUTH,MANASQUAN BORO,09/03/2019,TU,1304,01,MANASQUAN PD,,0,0,0,0,P,B,N,N,06,2,MAIN ST **,,,,13271082__,,07,,01,04,02,01,01,01,05,01,75,FE,W,NJ 71,,,,25,30,28,,,N,,67
2019132719-12500-AC,MONMOUTH,MANASQUAN BORO,09/08/2019,SU,1020,01,MANASQUAN PD,PATROL,0,1,0,0,I,B,N,N,14,1,ROUTE 524 SPUR,,524,S,00000524S_,3.24,05,,01,04,02,01,01,01,05,01,10,FE,W,OSBORN AVE,,,,35,25,26,,,N,,57
2019132719-12507-AC,MONMOUTH,MANASQUAN BORO,09/08/2019,SU,1706,01,MANASQUAN PD,PATROL,0,0,0,0,P,B,N,N,06,2,POMPANO AVE **,,,,13271011__,.00,07,,01,04,02,01,01,01,05,01,150,FE,W,THIRD AVE,,,,25,25,26,,,N,,56
2019132719-13022-AC,MONMOUTH,MANASQUAN BORO,09/21/2019,SA,1014,01,MANASQUAN PD,,0,1,0,0,I,I,N,N,01,2,BRIELLE RD / E MAIN ST / FIRST AVE / FISK AVE,,,,13081097__,1.00,07,,01,04,02,01,01,01,05,01,,AT,,4TH AVE,,,,25,25,26,,,N,,67
2019132719-13232-AC,MONMOUTH,MANASQUAN BORO,09/26/2019,TH,1937,01,MANASQUAN PD,,0,0,0,0,P,B,N,N,06,2,N MAIN ST **,,,,13271001__,.10,07,,01,04,02,01,06,01,05,01,75,FE,S,JAMES PL,,,,25,25,26,,,N,,65
2019132719-13253-AC,MONMOUTH,MANASQUAN BORO,09/27/2019,FR,1026,01,MANASQUAN PD,,0,1,0,0,I,B,N,N,06,3,MONMOUTH COUNTY 20,,20,,13000020__,2.38,05,,01,04,02,01,01,01,05,01,150,FE,N,BLAKEY AVE,,,,30,25,26,,,N,,
2019132719-13285-AC,MONMOUTH,MANASQUAN BORO,09/27/2019,FR,2348,01,MANASQUAN PD,,0,0,0,0,P,I,Y,N,03,2,NJ 71,,71,,00000071__,1.35,02,,03,04,02,01,06,01,05,01,,AT,,STOCKTON LAKE BLVD,,,,30,25,26,,,N,,67
2019132719-134-AC,MONMOUTH,MANASQUAN BORO,01/04/2019,FR,1124,01,MANASQUAN PD,,0,0,0,0,P,B,N,N,06,2,MORRIS AVE **,,,,13271047__,.21,07,,01,04,02,01,01,01,05,01,250,FE,W,NJ 71 / UNION AVE,,,,25,30,28,,,N,,67
2019132719-13731-AC,MONMOUTH,MANASQUAN BORO,10/09/2019,WE,1203,01,MANASQUAN PD,,0,1,0,0,I,I,N,N,01,2,ROUTE 524 SPUR,,524,S,00000524S_,3.39,05,,01,04,02,02,01,02,05,01,,AT,E,CR 20 / BROAD ST,,,,25,25,26,,,N,,62
2019132719-13854-AC,MONMOUTH,MANASQUAN BORO,10/12/2019,SA,2240,01,MANASQUAN PD,,0,0,0,0,P,B,Y,N,06,2,MONMOUTH COUNTY 20,,20,,13000020__,1.94,05,,01,04,02,01,06,01,05,01,150,FE,N,MAIN ST,,,,30,25,26,,,N,,67
2019132719-14084-AC,MONMOUTH,MANASQUAN BORO,10/18/2019,FR,1505,01,MANASQUAN PD,,0,0,0,0,P,B,N,N,06,2,6 MAIN ST,,,,,,09,,01,04,02,01,01,01,05,01,100,FE,N,CENTRAL AVE,,,,15,25,28,,,N,,66
2019132719-14118-AC,MONMOUTH,MANASQUAN BORO,10/19/2019,SA,2044,01,MANASQUAN PD,PATROL,0,0,0,0,P,B,N,N,11,1,COLBY AVE **,,,,13271030__,.19,07,,01,04,02,01,07,01,05,01,1000,FE,E,MAIN ST,,,,25,25,54,,,N,,57
2019132719-14178-AC,MONMOUTH,MANASQUAN BORO,10/21/2019,MO,1530,01,MANASQUAN PD,,0,0,0,0,P,I,N,N,02,2,LAKEWOOD RD,,,,,,07,,01,04,02,01,01,01,,01,,AT,,CR 20,,,,25,30,26,,,N,,67
2019132719-14253-AC,MONMOUTH,MANASQUAN BORO,10/23/2019,WE,1308,01,MANASQUAN PD,,0,0,0,0,P,I,N,N,03,2,BRIELLE RD / E MAIN ST / FIRST AVE / FISK AVE,,,,13081097__,.71,07,,01,04,02,01,01,01,05,01,,AT,,CLIMMER CLASS CIR,,,,25,25,26,,,N,,244
2019132719-14355-AC,MONMOUTH,MANASQUAN BORO,10/26/2019,SA,0748,01,MANASQUAN PD,,0,1,0,0,I,B,N,N,11,1,MONMOUTH COUNTY 49,,49,,13000049__,.13,05,,01,04,02,01,01,01,05,01,100,FE,W,NJ 71,,,,25,35,52,,,N,POLE # JC454MSN - JCP&L - 300 MADISON AVE MORRISTOWN NJ 07960,67
2019132719-14461-AC,MONMOUTH,MANASQUAN BORO,10/29/2019,TU,0924,01,MANASQUAN PD,,0,0,0,0,P,I,N,N,05,2,ABE VORHEES DR/EUCLID AVE/MORRIS AVE **,,,,13271047__,1.04,07,,01,04,02,02,01,02,05,01,,AT,,CR 20 / SOUTH ST,,,,25,30,26,,,N,,66
2019132719-14546-AC,MONMOUTH,MANASQUAN BORO,10/31/2019,TH,1428,01,MANASQUAN PD,MANASQUAN,0,0,0,0,P,B,N,N,01,2,NJ 71,,71,,00000071__,.78,02,,01,04,02,01,01,05,05,01,100,FE,N,MARCELLUS AVE,,,,30,25,26,,,N,,68
2019132719-14547-AC,MONMOUTH,MANASQUAN BORO,10/31/2019,TH,1447,01,MANASQUAN PD,MANASQUAN,0,0,0,0,P,I,N,N,03,2,MONMOUTH COUNTY 20,,20,,13000020__,1.77,05,,01,04,02,01,01,05,05,01,,AT,,CHURCH ST / CURTIS AVE,,,,30,25,26,,,N,,68
2019132719-14592-AC,MONMOUTH,MANASQUAN BORO,11/01/2019,FR,1751,01,MANASQUAN PD,,0,0,0,0,P,B,N,N,06,2,PEARCE AVE / VW PRESTON WAY **,,,,13271066__,.27,07,,01,04,02,00,00,00,05,01,100,FE,N,MAIN ST,,,,25,25,26,,,N,,61
2019132719-14899-AC,MONMOUTH,MANASQUAN BORO,11/09/2019,SA,2355,01,MANASQUAN PD,,0,0,0,0,P,B,N,N,11,1,NJ 71,,71,,00000071__,1.59,02,,01,04,02,01,06,01,05,05,250,FE,N,BLAKEY AVE,,,,35,25,52,,,N,MINOR DAMAGE TO POLE #JC 127 MSN - JCP&L - 300 MADISON AVE MORRISTOWN NJ 07960,67
2019132719-15149-AC,MONMOUTH,MANASQUAN BORO,11/16/2019,SA,1537,01,MANASQUAN PD,MANASQUAN,0,0,0,0,P,B,N,N,08,2,RIVERSIDE DR / THIRD AVE **,,,,13271007__,.04,07,,01,04,02,01,01,01,05,01,50,FE,E,FIRST AVE,,,,25,25,26,,,N,,68
2019132719-15270-AC,MONMOUTH,MANASQUAN BORO,11/20/2019,WE,0919,01,MANASQUAN PD,,0,0,0,0,P,B,N,N,06,2,MONMOUTH COUNTY 20,,20,,13000020__,1.99,05,,01,04,02,01,01,01,05,01,150,FE,S,BEAMS TER,,,,30,25,28,,,N,,66
2019132719-15392-AC,MONMOUTH,MANASQUAN BORO,11/23/2019,SA,1210,01,MANASQUAN PD,,0,1,0,0,I,I,N,N,03,2,NJ 71,,71,,00000071__,.84,02,,01,04,02,01,01,01,05,01,,AT,,VIRGINIA AVE,,,,30,25,26,,,N,,61
2019132719-15566-AC,MONMOUTH,MANASQUAN BORO,11/27/2019,WE,1817,01,MANASQUAN PD,,0,0,0,0,P,B,N,N,06,2,ELIZABETH AVE / OSBORN AVE **,,,,13271079__,.13,07,,01,04,02,01,06,01,05,01,100,FE,S,ATLANTIC AVE,,,,25,25,,,,N,TREE  BUSHES AND FRONT LAWN - JESSICA S STRUGIBENETTI - 58 OSBORN AVE MANASQUAN?,59
2019132719-15728-AC,MONMOUTH,MANASQUAN BORO,12/02/2019,MO,1429,01,MANASQUAN PD,,0,0,0,0,P,B,N,N,08,2,BLAKEY AVE **,,,,13271068__,.15,07,,01,04,02,03,01,03,05,01,100,FE,S,CR 20 / BROAD ST,,,,25,25,26,,,N,,65
2019132719-15828-AC,MONMOUTH,MANASQUAN BORO,12/05/2019,TH,0759,01,MANASQUAN PD,,0,0,0,0,P,B,N,N,01,2,COLBY AVE **,,,,13271030__,.02,07,,01,04,02,01,01,01,05,01,100,FE,W,MAIN ST,,,,25,25,26,,,N,,65
2019132719-15940-AC,MONMOUTH,MANASQUAN BORO,12/08/2019,SU,1324,01,MANASQUAN PD,,0,0,0,0,P,B,N,N,06,2,NARRUMSON RD **,,,,13271054__,.00,07,,01,04,02,01,01,01,05,01,500,FE,W,IROQUIOS RD,,,,25,25,26,,,N,,67
2019132719-16010-AC,MONMOUTH,MANASQUAN BORO,12/10/2019,TU,0818,01,MANASQUAN PD,,0,1,0,0,I,I,N,N,03,3,MONMOUTH COUNTY 20,,20,,13000020__,1.77,05,,01,04,02,02,01,05,05,01,,AT,,CHURCH ST / CURTIS AVE,,,,25,30,26,,,N,,66
2019132719-16023-AC,MONMOUTH,MANASQUAN BORO,12/10/2019,TU,1433,01,MANASQUAN PD,,0,0,0,0,P,B,N,N,01,2,S POTTER AVE / STOCKTON LAKE BLVD **,,,,13271029__,1.05,07,,01,04,02,02,01,02,05,01,20,FE,W,NJ 71 / TAYLOR AVE,,,,25,30,26,,,N,,66
2019132719-16274-AC,MONMOUTH,MANASQUAN BORO,12/16/2019,MO,1828,01,MANASQUAN PD,,0,0,0,0,P,B,N,N,06,2,MONMOUTH COUNTY 20,,20,,13000020__,1.62,05,,01,04,02,02,06,02,05,01,50,FE,S,LAKEWOOD RD / MARCELLUS,,,,30,25,26,,,N,,65
2019132719-16294-AC,MONMOUTH,MANASQUAN BORO,12/17/2019,TU,1039,01,MANASQUAN PD,,0,0,0,0,P,B,N,N,06,2,BRIELLE RD / E MAIN ST / FIRST AVE / FISK AVE,,,,13081097__,2.37,07,,01,04,02,02,01,02,05,01,100,FE,W,PARKER AVE,,,,25,25,28,,,N,,59
2019132719-16436-AC,MONMOUTH,MANASQUAN BORO,12/20/2019,FR,1659,01,MANASQUAN PD,MANASQUAN,0,0,0,0,P,I,N,N,03,2,NJ 71,,71,,00000071__,.99,02,,01,04,02,01,06,01,05,01,,AT,,ABE VOOREHEES AVE / EUCLID AVE,,,,30,25,26,,,N,,68
2019132719-16438-AC,MONMOUTH,MANASQUAN BORO,12/20/2019,FR,1739,01,MANASQUAN PD,,0,2,0,0,I,B,N,N,01,2,NJ 71,,71,,00000071__,1.27,02,,01,04,02,01,06,01,04,01,,,,,,,,30,,26,,,N,,62
2019132719-16539-AC,MONMOUTH,MANASQUAN BORO,12/23/2019,MO,2109,01,MANASQUAN PD,,0,0,0,0,P,B,N,N,06,2,BRIELLE RD / E MAIN ST / FIRST AVE / FISK AVE,,,,13081097__,1.29,07,,01,04,02,01,00,01,05,01,100,FE,N,1ST AVE / E MAIN ST,,,,25,25,26,,,N,,65
2019132719-16563-AC,MONMOUTH,MANASQUAN BORO,12/24/2019,TU,1551,01,MANASQUAN PD,MANASQUAN,0,0,0,0,P,B,N,N,08,2,RIVERSIDE DR / THIRD AVE **,,,,13271007__,.03,07,,01,04,02,01,01,01,05,01,200,FE,W,FIRST AVE,,,,25,25,26,,,N,,68
2019132719-1802-AC,MONMOUTH,MANASQUAN BORO,02/24/2019,SU,1331,01,MANASQUAN PD,PATROL,0,0,0,0,P,I,N,N,01,2,NJ 71,,71,,00000071__,1.06,02,,01,04,02,01,01,01,05,01,,AT,,MAIN ST,,,,25,30,26,,,N,,57
2019132719-1960-AC,MONMOUTH,MANASQUAN BORO,02/28/2019,TH,1834,01,MANASQUAN PD,,0,1,0,0,I,B,N,N,01,2,NJ 71,,71,,00000071__,1.72,02,,01,04,02,01,05,01,05,01,,,,CR 49 / SEAGIRT AVE,,,,25,25,26,,,N,,48
2019132719-2166-AC,MONMOUTH,MANASQUAN BORO,03/06/2019,WE,1033,01,MANASQUAN PD,PATROL,0,0,0,0,P,B,Y,N,11,1,NJ 71,,71,,00000071__,1.06,02,,01,04,02,01,01,01,,01,,,S,MAIN ST,,,,25,35,,,,N,,57
2019132719-2236-AC,MONMOUTH,MANASQUAN BORO,03/08/2019,FR,1431,01,MANASQUAN PD,PATROL,0,0,0,0,P,B,N,N,06,2,ROUTE 524 SPUR,,524,S,00000524S_,3.17,05,,01,04,02,01,01,01,05,01,75,FE,N,N MAIN ST,,,,25,25,28,,,N,,57
2019132719-2250-AC,MONMOUTH,MANASQUAN BORO,03/08/2019,FR,2044,01,MANASQUAN PD,MANASQUAN,0,0,0,0,P,B,N,N,02,4,N MAIN ST **,,,,13271001__,.26,07,,01,04,02,01,05,05,05,01,50,FE,S,ELIZABETH AVE,,,,25,25,26,,,N,,
2019132719-2440-AC,MONMOUTH,MANASQUAN BORO,03/13/2019,WE,2138,01,MANASQUAN PD,,0,0,0,0,P,B,Y,N,06,2,MOHEGAN RD **,,,,13271060__,.02,07,,01,04,02,01,06,01,05,01,100,FE,W,LAKEWOOD RD,,,,25,25,26,,,N,,65
2019132719-2520-AC,MONMOUTH,MANASQUAN BORO,03/15/2019,FR,1825,01,MANASQUAN PD,,0,0,0,0,P,B,N,N,01,2,MONMOUTH COUNTY 49,,49,,13000049__,.17,05,,01,04,02,01,01,01,05,01,100,FE,E,NJ 71,,,,30,35,26,,,N,,67
2019132719-2613-AC,MONMOUTH,MANASQUAN BORO,03/18/2019,MO,0854,01,MANASQUAN PD,,0,0,0,0,P,I,N,N,02,2,CHURCH ST / CURTIS AVE **,,,,13521045__,.63,07,,01,04,02,01,01,01,05,01,,AT,,CENTRAL AVE,,,,25,25,26,,,N,,65
2019132719-2940-AC,MONMOUTH,MANASQUAN BORO,03/26/2019,TU,0747,01,MANASQUAN PD,,0,1,0,0,I,B,N,N,01,2,MARCELLUS AVE **,,,,13271044__,.39,07,,01,04,02,01,01,01,05,01,25,FE,E,CR 20 / SOUTH ST,,,,25,30,26,,,N,,65
2019132719-338-AC,MONMOUTH,MANASQUAN BORO,01/10/2019,TH,2200,01,MANASQUAN PD,PATROL,0,0,0,0,P,B,N,N,11,1,107 TAYLOR AVE,,,,,,09,,01,04,02,01,07,01,,,100,FE,S,STOCKTON LAKE BLVD,,,,30,25,,,,N,REAR BUILDING STRUCTURE - DOMINO'S PIZZA - 107 TAYLOR AVE MANASQUAN NJ 08736,
2019132719-3467-AC,MONMOUTH,MANASQUAN BORO,04/06/2019,SA,1630,01,MANASQUAN PD,,0,0,0,0,P,B,Y,N,03,2,HOLLY PL/PERRINE BLVD/WARREN AVE/WYCKOFF AVE **,,,,13271031__,1.02,07,,01,04,02,01,01,01,05,01,100,FE,N,FLETCHER AVE,,,,25,25,26,,,N,,67
2019132719-3646-AC,MONMOUTH,MANASQUAN BORO,04/10/2019,WE,1702,01,MANASQUAN PD,,0,0,0,0,P,B,N,N,06,2,FIRST AVE **,,,,13271081__,.02,07,,01,04,02,01,01,01,05,01,100,FE,S,E MAIN ST,,,,25,25,26,,,N,,65
2019132719-3700-AC,MONMOUTH,MANASQUAN BORO,04/11/2019,TH,1715,01,MANASQUAN PD,,0,0,0,0,P,B,N,N,02,2,NJ 71,,71,,00000071__,1.34,02,,01,04,02,01,01,01,05,01,50,FE,S,STOCKTON LAKE BLVD,,,,30,25,26,,,N,,65
2019132719-3740-AC,MONMOUTH,MANASQUAN BORO,04/12/2019,FR,1011,01,MANASQUAN PD,,0,0,0,0,P,B,N,N,01,2,NJ 71,,71,,00000071__,1.71,02,,01,04,02,01,01,01,05,01,75,FE,S,CR 49 / SEAGIRT AVE,,,,35,25,26,,,N,,66
2019132719-3745-AC,MONMOUTH,MANASQUAN BORO,04/12/2019,FR,1457,01,MANASQUAN PD,MANASQUAN,0,0,0,0,P,B,N,N,08,2,MHS PARKING LOT,,,,,,09,,01,04,02,01,01,01,05,01,,,,,,,,,,26,,,N,,68
2019132719-3930-AC,MONMOUTH,MANASQUAN BORO,04/16/2019,TU,1558,01,MANASQUAN PD,,0,0,0,0,P,B,N,N,06,2,PEARCE AVE / VW PRESTON WAY **,,,,13271066__,.24,07,,01,04,02,01,01,01,05,01,50,FE,W,MAIN ST,,,,25,25,26,,,N,,65
2019132719-3985-AC,MONMOUTH,MANASQUAN BORO,04/17/2019,WE,1704,01,MANASQUAN PD,,0,0,0,0,P,B,N,N,03,2,NJ 71,,71,,00000071__,1.06,02,,01,04,02,01,01,01,05,01,50,FE,S,MAIN ST,,,,30,25,26,,,N,,61
2019132719-4058-AC,MONMOUTH,MANASQUAN BORO,04/19/2019,FR,0835,01,MANASQUAN PD,,0,0,0,0,P,B,N,N,14,1,ELIZABETH AVE / OSBORN AVE **,,,,13271079__,.02,07,,01,04,02,01,01,01,05,01,100,FE,E,N MAIN ST,,,,25,25,26,,,N,,67
2019132719-4097-AC,MONMOUTH,MANASQUAN BORO,04/20/2019,SA,0839,01,MANASQUAN PD,,0,0,0,0,P,B,N,N,06,2,ABE VORHEES DR/EUCLID AVE/MORRIS AVE **,,,,13271047__,.00,07,,01,04,02,00,00,00,05,01,25,FE,E,CR 20 / SOUTH ST,,,,25,30,26,,,N,,65
2019132719-416-AC,MONMOUTH,MANASQUAN BORO,01/12/2019,SA,2207,01,MANASQUAN PD,PATROL,0,1,0,0,I,B,N,N,06,2,BRIELLE RD / E MAIN ST / FIRST AVE / FISK AVE,,,,13081097__,2.12,07,,01,04,02,01,05,01,05,01,250,FE,E,DEWEY AVE,,,,25,25,26,,,N,,57
2019132719-4170-AC,MONMOUTH,MANASQUAN BORO,04/22/2019,MO,0057,01,MANASQUAN PD,,0,1,0,0,I,B,Y,N,06,2,ABE VORHEES DR/EUCLID AVE/MORRIS AVE **,,,,13271047__,.17,07,,01,04,02,01,06,01,05,01,500,FE,W,NJ 71 / UNION AVE,,,,25,30,28,,,N,MINOR DAMAGE TO POLE BT 355 MSN VERIZON 1 VERIZON WAY BASKING RIDGE NJ 07920,67
2019132719-4526-AC,MONMOUTH,MANASQUAN BORO,04/30/2019,TU,1243,01,MANASQUAN PD,MANASQUAN,0,0,0,0,P,B,N,N,01,2,NJ 71,,71,,00000071__,1.11,02,,01,04,02,01,01,01,05,01,250,FE,N,MAIN ST,,,,30,25,26,,,N,,68
2019132719-4552-AC,MONMOUTH,MANASQUAN BORO,05/01/2019,WE,0057,01,MANALAPAN TWP PD,MANASQUAN,0,0,0,0,P,B,Y,N,06,2,ELIZABETH AVE / OSBORN AVE **,,,,13271079__,.00,07,,01,04,02,01,04,01,05,01,50,FE,W,N MAIN ST,,,,30,25,26,,,N,,68
2019132719-4779-AC,MONMOUTH,MANASQUAN BORO,05/06/2019,MO,1800,01,MANASQUAN PD,,0,0,0,0,P,B,N,N,06,2,E MAIN ST,,,,,,07,,01,04,02,01,01,01,05,01,150,FE,W,SOUTH POTTER AVE,,,,25,25,28,,,N,,59