Year(4)-CountyCode(2)-MunicipalityCode(2)-CaseNumber(9),County Name,Municipality Name,Crash Date,Crash Day of Week,Crash Time,Police Department Code,Police Department,Police Station,Total Killed,Total Injured,Pedestrians Killed,Pedestrians Injured,Severity,Intersection,Alcohol Involved,Hazmat Involved,Crash Type,Total Vehicles,Location,Location Direction,Route,Route Suffix,Std Rte Identifier,MilePost,Road System,Road Character,Road Horizontal Alignment,Road Grade,Road Surface Type,Surface Condition,Light Condition,Environmental Condition,Road Divided By,Temporary Traffic Control Zone,Distance To Cross Street,Unit Of Measurement,Direction From Cross Street,Cross Street Name,Is Ramp,Ramp To/From Route Name,Ramp To/From Route Direction,Posted Speed,Posted Speed Cross Street,First Harmful Event,Latitude,Longitude,Cell Phone In Use Flag,Other Property Damage,Reporting Badge No.
2019132719-4827-AC,MONMOUTH,MANASQUAN BORO,05/07/2019,TU,1710,01,MANASQUAN PD,,0,0,0,0,P,I,N,N,03,2,CEDAR AVE / MEADOW AVE / PERRINE BLVD **,,,,13271016__,.19,07,,01,04,02,01,01,01,05,01,,AT,,FARRAGUT AVE,,,,25,25,26,,,N,,67
2019132719-4979-AC,MONMOUTH,MANASQUAN BORO,05/10/2019,FR,1827,01,MANASQUAN PD,,0,0,0,0,P,B,N,N,06,2,MONMOUTH COUNTY 20,,20,,13000020__,2.28,05,,01,04,02,01,01,01,05,01,350,FE,S,BLAKEY AVE,,,,30,25,28,,,N,,66
2019132719-5020-AC,MONMOUTH,MANASQUAN BORO,05/11/2019,SA,1849,01,MANASQUAN PD,,0,3,0,0,I,B,N,N,01,2,NJ 71,,71,,00000071__,1.04,02,,01,04,02,01,01,01,05,01,100,FE,S,MAIN ST,,,,30,25,26,,,N,,66
2019132719-5207-AC,MONMOUTH,MANASQUAN BORO,05/16/2019,TH,1431,01,MANASQUAN PD,,0,0,0,0,P,I,N,N,03,2,NJ 71,,71,,00000071__,.76,02,,01,04,02,01,01,01,05,01,,AT,,MARCELLUS AVE,,,,30,25,26,,,N,,66
2019132719-5508-AC,MONMOUTH,MANASQUAN BORO,05/22/2019,WE,1834,01,MANASQUAN PD,PATROL,0,0,0,0,P,I,N,N,02,2,RIVERSIDE DR / THIRD AVE **,,,,13271007__,.71,07,,01,04,02,01,01,01,05,01,,AT,,MAIN ST,,,,25,25,26,,,N,,57
2019132719-5580-AC,MONMOUTH,MANASQUAN BORO,05/24/2019,FR,1219,01,MANASQUAN PD,,0,0,0,0,P,I,N,N,06,2,E VIRGINIA AVE **,,,,13271035__,.06,07,,01,04,02,01,01,01,05,01,,AT,,RIVER PL,,,,25,25,28,,,N,,66
2019132719-5590-AC,MONMOUTH,MANASQUAN BORO,05/24/2019,FR,1708,01,MANASQUAN PD,,0,0,0,0,P,I,N,N,03,2,BRIELLE RD / E MAIN ST / FIRST AVE / FISK AVE,,,,13081097__,1.05,07,,01,04,02,01,01,01,05,01,,AT,,3RD AVE,,,,25,25,26,,,N,,48
2019132719-5598-AC,MONMOUTH,MANASQUAN BORO,05/24/2019,FR,1945,01,MANASQUAN PD,MANASQUAN,0,0,0,0,P,B,N,N,08,2,FIRST AVE **,,,,13271081__,.43,07,,01,04,02,01,01,01,05,01,,,N,RIVERSIDE DR,,,,25,25,26,,,N,,68
2019132719-564-AC,MONMOUTH,MANASQUAN BORO,01/17/2019,TH,0646,01,MANASQUAN PD,,0,0,0,0,P,B,N,N,06,2,LAKEWOOD RD,,,,,,07,,01,04,02,01,02,01,05,01,75,FE,W,SOUTH ST,,,,25,30,28,,,N,,67
2019132719-5642-AC,MONMOUTH,MANASQUAN BORO,05/24/2019,FR,2355,01,MANASQUAN PD,MANASQUAN,0,0,0,0,P,B,N,N,08,2,SECOND AVE **,,,,13271012__,.40,07,,01,04,02,01,07,01,05,01,200,FE,N,OCEAN AVE,,,,25,25,28,,,N,,56
2019132719-5661-AC,MONMOUTH,MANASQUAN BORO,05/25/2019,SA,0150,01,MANASQUAN PD,,0,1,0,1,I,B,Y,N,13,1,BRIELLE RD / E MAIN ST / FIRST AVE / FISK AVE,,,,13081097__,1.14,07,,01,04,02,01,06,01,05,01,50,FE,W,1ST AVE / BRIELLE RD,,,,25,25,22,,,N,,61
2019132719-5683-AC,MONMOUTH,MANASQUAN BORO,05/25/2019,SA,1220,01,MANASQUAN PD,,0,0,0,0,P,B,N,N,06,2,119 TAYLOR AVE,,,,,,09,,01,04,02,01,01,01,05,01,,,,,,,,,,28,,,N,,66
2019132719-57-AC,MONMOUTH,MANASQUAN BORO,01/02/2019,WE,1333,01,MANASQUAN PD,,0,0,0,0,P,B,N,N,06,2,SEA GIRT AVE,,,,13521308__,.96,07,,01,04,02,01,01,01,05,01,25,FE,W,CR 20 / BROAD ST / 8TH AVE,,,,35,25,26,,,N,,61
2019132719-5783-AC,MONMOUTH,MANASQUAN BORO,05/26/2019,SU,1202,01,MANASQUAN PD,,0,0,0,0,P,B,N,N,03,2,NJ 71,,71,,00000071__,1.68,02,,01,04,02,01,01,01,05,01,200,FE,S,CR 49 / SEAGIRT AVE,,,,35,25,26,,,N,,59
2019132719-6268-AC,MONMOUTH,MANASQUAN BORO,06/02/2019,SU,1500,01,MANASQUAN PD,MANASQUAN,0,0,0,0,P,B,N,N,06,2,MAIN ST **,,,,,,07,,01,04,02,01,01,01,05,01,100,FE,E,PRESTON WAY,,,,25,25,26,,,N,,68
2019132719-6355-AC,MONMOUTH,MANASQUAN BORO,06/04/2019,TU,1651,01,MANASQUAN PD,,0,0,0,0,P,I,N,N,11,1,BRIELLE RD / E MAIN ST / FIRST AVE / FISK AVE,,,,13081097__,2.07,07,,01,04,02,01,01,01,05,01,,AT,,DEWEY AVE,,,,25,25,52,,,N,,61
2019132719-6746-AC,MONMOUTH,MANASQUAN BORO,06/10/2019,MO,1748,01,MANASQUAN PD,,0,0,0,0,P,B,N,N,11,1,TRENTON AVE **,,,,13271078__,.00,07,,01,04,02,02,01,02,05,01,,,,ATLANTIC AVE,,,,35,,50,,,N,SIGN  FENCE  FLAG POLE  SHRUBS  HOUSE  - DONNA L EDDINS - 142 ATLANTIC AVE MANA?,67
2019132719-678-AC,MONMOUTH,MANASQUAN BORO,01/20/2019,SU,2227,01,MANASQUAN PD,MANASQUAN,0,1,0,0,I,B,Y,N,06,3,MOHEGAN RD **,,,,13271060__,.00,07,,01,04,02,01,06,01,05,,150,FE,W,LAKEWOOD RD,,,,25,25,28,,,N,,
2019132719-6792-AC,MONMOUTH,MANASQUAN BORO,06/11/2019,TU,1844,01,MANASQUAN PD,,0,3,0,0,I,B,N,N,01,2,NJ 71,,71,,00000071__,1.30,02,,01,04,02,01,01,01,05,01,250,FE,S,STOCKTON LAKE BLVD,,,,30,25,26,,,N,,66
2019132719-6815-AC,MONMOUTH,MANASQUAN BORO,06/12/2019,WE,0843,01,MANASQUAN PD,,0,1,0,0,I,B,N,N,14,1,BLAKEY AVE **,,,,13271068__,.08,07,,01,04,02,01,01,01,05,01,75,FE,E,CURTIS PL,,,,25,25,21,,,N,,65
2019132719-6862-AC,MONMOUTH,MANASQUAN BORO,06/13/2019,TH,1116,01,MANASQUAN PD,,0,0,0,0,P,B,N,N,01,2,NJ 71,,71,,00000071__,.77,02,,01,04,02,01,01,05,05,01,50,FE,N,MARCELLUS AVE,,,,30,25,26,,,N,,65
2019132719-6935-AC,MONMOUTH,MANASQUAN BORO,06/14/2019,FR,2126,01,MANASQUAN PD,,0,0,0,0,P,B,Y,N,06,2,BRIELLE RD / E MAIN ST / FIRST AVE / FISK AVE,,,,13081097__,1.01,07,,01,04,02,01,06,01,05,01,50,FE,E,4TH AVE,,,,25,25,28,,,N,,208
2019132719-7-AC,MONMOUTH,MANASQUAN BORO,01/01/2019,TU,0308,01,MANASQUAN PD,,0,0,0,0,P,B,Y,N,06,5,BRIELLE RD / E MAIN ST / FIRST AVE / FISK AVE,,,,13081097__,1.93,07,,01,04,02,02,06,02,05,01,125,FE,E,N MCCLELLAN AVE / S MCCLELLAN AVE,,,,25,25,30,,,N,,
2019132719-7012-AC,MONMOUTH,MANASQUAN BORO,06/15/2019,SA,1527,01,MANASQUAN PD,PATROL,0,0,0,0,P,B,N,N,02,2,FIRST AVE **,,,,13271081__,.32,07,,01,04,02,01,01,01,05,01,100,FE,N,WHITING AVE,,,,25,25,26,,,N,,57
2019132719-7127-AC,MONMOUTH,MANASQUAN BORO,06/16/2019,SU,2219,01,MANASQUAN PD,,0,0,0,0,P,B,Y,N,06,2,BRIELLE RD / E MAIN ST / FIRST AVE / FISK AVE,,,,,,07,,01,04,02,02,06,01,,01,,,,NJ 71 / UNION AVE,,,,,,26,,,N,,67
2019132719-7203-AC,MONMOUTH,MANASQUAN BORO,06/18/2019,TU,0937,01,MANASQUAN PD,MANASQUAN,0,0,0,0,P,B,N,N,03,2,MONMOUTH COUNTY 20,,20,,13000020__,1.87,05,,01,04,02,02,01,02,05,01,25,FE,N,ABE VOORHEES DR,,,,30,25,26,,,N,,68
2019132719-7204-AC,MONMOUTH,MANASQUAN BORO,06/18/2019,TU,0953,01,MANASQUAN PD,MANASQUAN,0,1,0,0,I,B,N,N,02,2,NJ 71,,71,,00000071__,1.06,02,,01,04,02,02,01,02,05,01,300,FE,N,MAIN ST,,,,30,,26,,,N,,68
2019132719-7345-AC,MONMOUTH,MANASQUAN BORO,06/21/2019,FR,1815,01,MANASQUAN PD,,0,0,0,0,P,B,N,N,06,2,RIVERSIDE DR / THIRD AVE **,,,,13271007__,.03,07,,01,04,02,01,01,01,05,01,25,FE,N,FIRST AVE,,,,25,25,28,,,N,,66
2019132719-7349-AC,MONMOUTH,MANASQUAN BORO,06/21/2019,FR,1905,01,MANASQUAN PD,MANASQUAN,0,0,0,0,P,B,N,N,08,2,RIVERSIDE DR / THIRD AVE **,,,,13271007__,.03,07,,01,04,02,01,01,01,05,01,250,FE,W,FIRST AVE,,,,25,25,26,,,N,,6191
2019132719-7449-AC,MONMOUTH,MANASQUAN BORO,06/22/2019,SA,1402,01,MANASQUAN PD,,0,0,0,0,P,I,N,N,03,2,MONMOUTH COUNTY 20,,20,,13000020__,1.87,05,,01,04,02,01,01,01,05,01,,AT,,ABE VOORHEES DR,,,,25,25,26,,,N,,61
2019132719-7457-AC,MONMOUTH,MANASQUAN BORO,06/22/2019,SA,1524,01,MANASQUAN PD,,0,1,0,0,I,I,N,N,14,1,MONMOUTH COUNTY 20,,20,,13000020__,2.14,05,,01,04,02,01,01,01,05,01,,AT,,ROUTE 524 S / ATLANTIC AVE,,,,30,35,21,,,N,,66
2019132719-7467-AC,MONMOUTH,MANASQUAN BORO,06/22/2019,SA,1810,01,MANASQUAN PD,,0,0,0,0,P,B,N,N,08,2,OCEAN AVE **,E,,,13271026__,.00,07,,01,04,02,01,01,01,05,01,25,FE,W,FIRST AVE,,,,25,25,28,,,N,,3042
2019132719-7585-AC,MONMOUTH,MANASQUAN BORO,06/23/2019,SU,1944,01,MANASQUAN PD,,0,0,0,0,P,B,N,N,11,1,MAIN ST,,,,,,09,,01,04,02,01,01,01,05,01,,,,,,,,25,,54,,,N,,62
2019132719-7753-AC,MONMOUTH,MANASQUAN BORO,06/27/2019,TH,1829,01,MANASQUAN PD,,0,0,0,0,P,B,N,N,06,2,MONMOUTH COUNTY 20,,20,,13000020__,1.95,05,,01,04,02,01,01,01,05,,200,FE,N,MAIN ST,,,,25,25,28,,,N,,62
2019132719-8082-AC,MONMOUTH,MANASQUAN BORO,07/01/2019,MO,1803,01,MANASQUAN PD,PATROL,0,0,0,0,P,B,N,N,02,2,NJ 71,,71,,00000071__,1.06,02,,01,04,02,01,01,01,05,01,10,FE,W,MAIN ST,,,,30,25,26,,,N,,57
2019132719-8116-AC,MONMOUTH,MANASQUAN BORO,07/02/2019,TU,1334,01,MANASQUAN PD,,0,0,0,0,P,I,N,N,03,2,BRIELLE RD / E MAIN ST / FIRST AVE / FISK AVE,,,,13081097__,1.71,07,,01,04,02,01,01,01,05,01,,AT,,N POTTER AVE / S POTTER AVE,,,,25,25,26,,,N,,223
2019132719-8157-AC,MONMOUTH,MANASQUAN BORO,07/03/2019,WE,1414,01,MANASQUAN PD,,0,1,0,0,I,I,N,N,14,1,NJ 71,,71,,00000071__,.91,02,,01,04,02,01,01,01,05,01,,AT,,CURTIS AVE,,,,30,25,21,,,N,,66
2019132719-8159-AC,MONMOUTH,MANASQUAN BORO,07/03/2019,WE,1506,01,MANASQUAN PD,,0,0,0,0,P,B,N,N,06,2,BRIELLE RD / E MAIN ST / FIRST AVE / FISK AVE,,,,13081097__,2.51,07,,01,04,02,01,01,01,05,01,50,FE,E,CR 20 / BROAD ST,,,,25,25,26,,,N,,6193
2019132719-8228-AC,MONMOUTH,MANASQUAN BORO,07/04/2019,TH,0715,01,MANASQUAN PD,,0,0,0,0,P,B,N,N,01,2,NJ 71,,71,,00000071__,1.06,02,,01,04,02,01,01,01,05,01,20,FE,N,MAIN ST,,,,30,25,26,,,N,,66
2019132719-8549-AC,MONMOUTH,MANASQUAN BORO,07/06/2019,SA,2041,01,MANASQUAN PD,MANASQUAN,0,0,0,0,P,B,N,N,01,2,BRIELLE RD / E MAIN ST / FIRST AVE / FISK AVE,,,,13081097__,2.15,07,,01,04,02,02,06,02,05,01,100,FE,W,WARREN AVE / WYCKOFF AVE,,,,25,25,26,,,N,,68
2019132719-866-AC,MONMOUTH,MANASQUAN BORO,01/26/2019,SA,1252,01,MANASQUAN PD,1327,0,2,0,0,I,I,N,N,01,2,NJ 71,,71,,00000071__,1.06,02,,01,04,02,01,01,01,05,01,,AT,,MAIN ST,,,,30,25,26,,,N,,60
2019132719-8744-AC,MONMOUTH,MANASQUAN BORO,07/09/2019,TU,1737,01,MANASQUAN PD,,0,0,0,0,P,B,N,N,08,2,PEARCE AVE / VW PRESTON WAY **,,,,13271066__,.26,07,,01,04,02,01,01,01,05,01,30,FE,E,MAIN ST,,,,25,25,28,,,N,,61
2019132719-8821-AC,MONMOUTH,MANASQUAN BORO,07/11/2019,TH,0846,01,MANASQUAN PD,PATROL,0,1,0,0,I,B,N,N,14,1,NJ 71,,71,,00000071__,1.67,02,,01,04,02,01,01,01,05,01,250,FE,S,CR 49 / SEAGIRT AVE,,,,35,25,26,,,N,,57
2019132719-8889-AC,MONMOUTH,MANASQUAN BORO,07/12/2019,FR,0957,01,MANASQUAN PD,,0,0,0,0,P,B,N,N,08,2,MCGREEVEY DR **,,,,13271073__,.14,07,,01,04,02,01,01,01,05,01,200,FE,N,JAMES PL,,,,25,25,28,,,N,,62
2019132719-8897-AC,MONMOUTH,MANASQUAN BORO,07/12/2019,FR,1338,01,MANASQUAN PD,,0,0,0,0,P,B,N,N,01,2,PEARCE AVE / VW PRESTON WAY **,,,,13271066__,.25,07,,01,04,02,01,01,01,05,01,75,FE,W,MAIN ST,,,,25,25,26,,,N,,48
2019132719-9001-AC,MONMOUTH,MANASQUAN BORO,07/13/2019,SA,1546,01,MANASQUAN PD,,0,0,0,0,P,B,N,N,06,2,BRIELLE RD / E MAIN ST / FIRST AVE / FISK AVE,,,,13081097__,.97,07,,01,04,05,01,01,01,05,01,150,FE,S,4TH AVE,,,,25,25,28,,,N,,65
2019132719-901-AC,MONMOUTH,MANASQUAN BORO,01/27/2019,SU,1402,01,MANASQUAN PD,PATROL,0,0,0,0,P,B,N,N,08,2,WOODLAND AVE **,,,,13271065__,.12,07,,01,04,02,01,01,01,,01,50,FE,W,PARKER AVE,,,,25,25,26,,,N,,57
2019132719-9110-A-AC,MONMOUTH,MANASQUAN BORO,07/14/2019,SU,1757,01,MANASQUAN PD,MANASQUAN,0,0,0,0,P,B,N,N,08,2,FIRST AVE **,,,,13271081__,.43,07,,01,04,02,01,01,01,05,01,200,FE,N,RIVERSIDE DR,,,,25,25,28,,,N,,68
2019132719-9152-AC,MONMOUTH,MANASQUAN BORO,07/15/2019,MO,1141,01,MANASQUAN PD,,0,0,0,0,P,B,N,N,03,2,BRIELLE RD / E MAIN ST / FIRST AVE / FISK AVE,,,,13081097__,1.27,07,,01,04,02,01,01,01,05,01,,,,1ST AVE / E MAIN ST,,,,25,,,,,N,,223
2019132719-9192-AC,MONMOUTH,MANASQUAN BORO,07/16/2019,TU,1019,01,MANASQUAN PD,PATROL,0,0,0,0,P,B,N,N,08,2,EUCLID AVE **,,,,,,07,,01,04,02,01,01,01,05,01,250,FE,S,MOUNT LN,,,,25,25,26,,,N,,57
2019132719-9239-AC,MONMOUTH,MANASQUAN BORO,07/17/2019,WE,1353,01,MANASQUAN PD,,0,1,0,0,I,I,N,N,14,1,EUCLID AVE **,,,,13271033__,.27,07,,01,04,02,01,01,01,05,01,,AT,,JACKSON AVE,,,,25,,21,,,N,,55
2019132719-9297-AC,MONMOUTH,MANASQUAN BORO,07/18/2019,TH,1720,01,MANASQUAN PD,,0,0,0,0,P,B,N,N,01,2,NJ 71,,71,,00000071__,1.42,02,,01,04,02,02,01,02,05,01,150,FE,,STOCKTON LAKE BLVD,,,,35,25,26,,,N,,65
2019132719-9344-AC,MONMOUTH,MANASQUAN BORO,07/19/2019,FR,1543,01,MANASQUAN PD,,0,0,0,0,P,B,N,N,08,2,BRIELLE RD / E MAIN ST / FIRST AVE / FISK AVE,W,,,13081097__,.69,07,,01,04,02,01,01,01,05,,30,FE,W,DRAWBRIDGE LN,,,,25,10,26,,,N,,201
2019132719-9598-AC,MONMOUTH,MANASQUAN BORO,07/21/2019,SU,2127,01,MANASQUAN PD,,0,0,0,0,P,B,N,N,06,2,RIVERSIDE DR / THIRD AVE **,,,,13271007__,.05,07,,01,04,02,01,06,01,05,01,100,FE,E,FIRST AVE,,,,25,25,28,,,N,,6202
2019132719-9668-AC,MONMOUTH,MANASQUAN BORO,07/23/2019,TU,0842,01,MANASQUAN PD,MANASQUAN,0,0,0,0,P,I,N,N,11,1,ROUTE 524 SPUR,,524,S,00000524S_,3.16,05,,01,04,02,02,01,02,05,01,,AT,,N MAIN ST,,,,25,35,51,,,N,,68
2019132719-9674-AC,MONMOUTH,MANASQUAN BORO,07/23/2019,TU,1140,01,MANASQUAN PD,MANASQUAN,0,0,0,0,P,B,N,N,06,2,GLIMMER GLASS CIR,,,,,,07,,03,04,02,01,01,01,05,01,200,FE,W,BRIELLE RD,,,,25,25,26,,,N,,68
2019132719-9724-AC,MONMOUTH,MANASQUAN BORO,07/24/2019,WE,1244,01,MANASQUAN PD,,0,0,0,0,P,B,N,N,06,2,RIVERSIDE DR / THIRD AVE **,,,,,,07,,01,04,02,01,01,01,05,01,,,,,,,,25,,26,,,N,,223
2019132719-9734-AC,MONMOUTH,MANASQUAN BORO,07/24/2019,WE,1541,01,MANASQUAN PD,,0,1,0,0,I,I,N,N,14,1,MONMOUTH COUNTY 20,,20,,13000020__,1.62,05,,01,04,02,01,01,01,05,01,,AT,,LAKEWOOD RD / MARCELLUS,,,,30,25,21,,,N,,59
2019132719-9794-AC,MONMOUTH,MANASQUAN BORO,07/25/2019,TH,1945,01,MANALAPAN TWP PD,,0,0,0,0,P,B,N,N,12,1,MANITO RD **,,,,13521055__,.55,07,,01,04,02,01,01,01,05,01,300,FE,W,IROQUOIS RD,,,,25,25,25,,,N,,66
2019132818-000524,MONMOUTH,MARLBORO TWP,01/05/2019,SA,2231,01,MARLBORO TWP PD,,0,1,0,0,I,B,N,N,11,1,ROUTE 520,E,520,,00000520__,6.19,07,,01,05,02,02,06,05,05,01,100,FE,E,WRIGHT LN,,,,45,25,,,,N,MINOR DAMAGE TO POLE #T4026,124
2019132819-000007,MONMOUTH,MARLBORO TWP,01/01/2019,TU,0109,01,MARLBORO TWP PD,,0,3,0,0,I,I,N,N,03,2,SCHOOL RD E,,,,13091159__,4.76,07,,02,04,02,02,06,02,05,01,,AT,,WYNCREST RD,,,,25,40,26,,,N,,134
2019132819-000009,MONMOUTH,MARLBORO TWP,01/01/2019,TU,0133,01,MARLBORO TWP PD,,0,0,0,0,P,B,N,N,11,1,NJ 18,N,18,,00000018__,28.90,02,,01,04,02,02,06,02,01,01,,,,,,,,65,,46,,,N,,138
2019132819-000040,MONMOUTH,MARLBORO TWP,01/01/2019,TU,1231,01,MARLBORO TWP PD,,0,0,0,0,P,B,N,N,11,1,NJ 18,N,18,,00000018__,29.00,02,,01,04,02,01,01,01,01,,,,,,,,,65,,46,,,N,,122
2019132819-000068,MONMOUTH,MARLBORO TWP,01/01/2019,TU,2010,01,MARLBORO TWP PD,,0,0,0,0,P,B,N,N,06,2,FIELDSTONE DR **,,,,13281564__,.00,07,,03,04,02,01,06,01,05,01,1320,FE,W,BRIARCLIFF DR,,,,25,25,56,,,N,,134
2019132819-000074,MONMOUTH,MARLBORO TWP,01/01/2019,TU,2120,01,MARLBORO TWP PD,,0,3,0,0,I,I,N,N,03,2,ROUTE 520,,520,,00000520__,4.42,07,,01,04,02,01,07,01,05,01,,AT,,DEEP RUN CT,,,,45,25,26,,,N,STREET SIGN AT ROUTE 520/DEEP RUN COURT KNOCKED DOWN,134
2019132819-000152,MONMOUTH,MARLBORO TWP,01/02/2019,WE,1307,01,MARLBORO TWP PD,,0,1,0,0,I,B,N,N,11,1,AMBOY RD **,N,,,13281043__,1.13,07,,01,04,02,01,01,01,05,01,1320,FE,S,TEXAS RD,,,,35,45,60,,,N,,90
2019132819-000167,MONMOUTH,MARLBORO TWP,01/02/2019,WE,1453,01,MARLBORO TWP PD,,0,0,0,0,P,B,N,N,06,2,18 STATE HIGHWAY 9,,,,,,09,,01,04,02,01,01,01,05,01,,,,,,,,,,26,,,N,,90
2019132819-000176,MONMOUTH,MARLBORO TWP,01/02/2019,WE,1545,01,MARLBORO TWP PD,,0,0,0,0,P,B,N,N,11,1,HIGH ST **,S,,,13281194__,.29,07,,01,04,02,01,01,01,05,01,100,FE,S,RIDGE RD,,,,25,25,61,,,N,GRASS/LANDSCAPING AND MAILBOX OF 7 HIGH STREET  MORGANVILLE  NJ,90
2019132819-000211,MONMOUTH,MARLBORO TWP,01/03/2019,TH,2332,01,MARLBORO TWP PD,,0,2,0,0,I,I,N,N,03,2,BLVD DE JARDIN **,E,,,13281347__,.00,07,,01,04,02,01,07,01,05,01,,AT,,TEXAS RD,,,,45,25,26,,,N,MINOR DAMAGE TO UTILITY POLE #MC1728MO. JCPL AND VERIZON NOTIFIED,139
2019132819-000222,MONMOUTH,MARLBORO TWP,01/03/2019,TH,0107,01,MARLBORO TWP PD,,0,0,0,0,P,B,N,N,12,1,NJ 18,S,18,,00000018__,26.40,02,,01,04,02,01,05,01,01,01,,,,,,,,65,,24,,,N,,133
2019132819-000286,MONMOUTH,MARLBORO TWP,01/03/2019,TH,1430,01,MARLBORO TWP PD,,0,0,0,0,P,B,N,N,11,1,ROUTE 520,W,520,,00000520__,8.33,05,,01,04,02,01,01,01,05,01,300,FE,W,AMSTERDAM CT,,,,45,25,26,,,N,,137
2019132819-000319,MONMOUTH,MARLBORO TWP,01/03/2019,TH,2058,01,MARLBORO TWP PD,,0,0,0,0,P,B,N,N,12,1,TOPANEMUS RD **,E,,,13281012__,.41,07,,01,04,02,01,07,01,05,01,100,FE,W,HERON DR,,,,40,25,26,,,N,,140
2019132819-000354,MONMOUTH,MARLBORO TWP,01/04/2019,FR,0751,01,MARLBORO TWP PD,,0,0,0,0,P,B,N,N,11,1,NJ 34,N,34,,00000034__,19.88,02,,01,04,02,04,01,01,05,01,1320,FE,S,REIDS HILL RD,,,,50,35,56,,,N,,128
2019132819-000356,MONMOUTH,MARLBORO TWP,01/04/2019,FR,0806,01,MARLBORO TWP PD,,0,0,0,0,P,B,N,N,11,1,PLEASANT VALLEY RD **,W,,,13181106__,1.97,07,,01,05,02,04,01,01,05,01,200,FE,W,RIEDS HILL RD,,,,40,35,26,,,N,,87
2019132819-000379,MONMOUTH,MARLBORO TWP,01/04/2019,FR,1333,01,MARLBORO TWP PD,,0,0,0,0,P,I,N,N,01,2,NJ 18,S,18,,00000018__,25.10,02,,01,04,02,01,01,01,01,01,,AT,,,T,NJ 79,SB,65,,26,,,N,,131
2019132819-000395,MONMOUTH,MARLBORO TWP,01/04/2019,FR,1602,01,MARLBORO TWP PD,,0,0,0,0,P,B,N,N,02,2,MONMOUTH COUNTY 3,S,3,,13000003__,6.00,05,,01,04,02,01,01,01,05,01,50,FE,N,ROUTE 520,,,,45,45,26,,,N,,136
2019132819-000403,MONMOUTH,MARLBORO TWP,01/04/2019,FR,1649,01,MARLBORO TWP PD,,0,0,0,0,P,I,N,N,03,2,NJ 79,,79,,00000079__,5.58,02,,01,04,02,01,03,01,05,01,,AT,,NJ 4 / VANDERBURG RD,,,,40,35,26,,,N,,116
2019132819-000405,MONMOUTH,MARLBORO TWP,01/04/2019,FR,1657,01,MARLBORO TWP PD,,0,1,0,0,I,B,N,N,01,4,UNION HILL RD,,,,13261531__,1.52,07,,01,04,02,01,06,01,05,01,100,FE,E,CLAYTON RD,,,,35,25,26,,,N,,
2019132819-000408,MONMOUTH,MARLBORO TWP,01/04/2019,FR,1719,01,MARLBORO TWP PD,,0,0,0,0,P,B,N,N,01,2,US 9,S,9,,00000009__,120.00,02,,03,04,02,01,06,01,02,01,,,,,T,UNION HILL RD,WB,50,,26,,,N,,81
2019132819-000472,MONMOUTH,MARLBORO TWP,01/05/2019,SA,1102,01,MARLBORO TWP PD,,0,0,0,0,P,B,N,N,02,2,ROUTE 520,,520,,00000520__,2.66,07,,01,04,02,02,01,02,05,01,50,FE,W,SERPENTINE DR,,,,45,25,26,,,N,,116
2019132819-000529,MONMOUTH,MARLBORO TWP,01/05/2019,SA,2359,01,MARLBORO TWP PD,,0,0,0,0,P,I,N,N,11,1,NJ 79,N,79,,00000079__,7.71,02,,01,05,02,02,06,01,05,01,,AT,,WYNCREST RD,,,,50,40,51,,,N,STREET LIGHT AND UTILITY POLE,138
2019132819-000550,MONMOUTH,MARLBORO TWP,01/06/2019,SU,0808,01,MARLBORO TWP PD,,0,1,0,0,I,B,N,N,11,1,NJ 18,S,18,,00000018__,29.90,02,,01,04,02,01,01,05,03,01,,,,,,,,65,,26,,,N,,130
2019132819-000598,MONMOUTH,MARLBORO TWP,01/06/2019,SU,1450,01,MARLBORO TWP PD,,0,0,0,0,P,B,N,N,06,2,VALE DR **,E,,,13281598__,.17,07,,01,04,02,01,01,01,05,01,500,FE,W,STERLING DR,,,,25,25,26,,,N,,137
2019132819-0007265,MONMOUTH,MARLBORO TWP,03/08/2019,FR,0742,01,MARLBORO TWP PD,,0,1,0,0,I,B,N,N,01,2,US 9,N,9,,00000009__,119.50,02,,01,04,02,01,01,01,02,01,,,,,,,,55,,26,,,N,,406
2019132819-000873,MONMOUTH,MARLBORO TWP,01/08/2019,TU,1619,01,MARLBORO TWP PD,,0,0,0,0,P,B,N,N,01,2,UNION HILL RD,E,,,13261531__,1.33,07,,01,04,02,01,01,01,05,01,5,FE,E,BRYANT DR,,,,35,25,26,,,N,,90
2019132819-000879,MONMOUTH,MARLBORO TWP,01/08/2019,TU,1702,01,MARLBORO TWP PD,,0,0,0,0,P,I,N,N,03,2,RYAN RD / SYMMES DR,,,,13261138__,3.86,07,,01,04,02,01,04,01,05,01,,AT,,SPARROW WAY,,,,,25,26,,,N,,70
2019132819-000934,MONMOUTH,MARLBORO TWP,01/09/2019,WE,0640,01,MARLBORO TWP PD,,0,0,0,0,P,B,N,N,01,2,US 9,N,9,,00000009__,121.50,02,,01,04,02,01,02,01,01,01,500,FE,S,TEXAS ROAD,,,,50,40,26,,,N,,81
2019132819-001062,MONMOUTH,MARLBORO TWP,01/10/2019,TH,0929,01,MARLBORO TWP PD,,0,0,0,0,P,B,N,N,01,2,ROUTE 520,,520,,00000520__,2.80,07,,01,04,02,01,01,01,05,01,200,FE,W,US 9,,,,45,55,26,,,N,,116
2019132819-001086,MONMOUTH,MARLBORO TWP,01/10/2019,TH,1227,01,MARLBORO TWP PD,,0,1,0,0,I,B,N,N,01,2,MONMOUTH COUNTY 3,,3,,13000003__,5.96,05,,01,04,02,01,01,01,05,01,150,FE,W,ROUTE 520,,,,45,45,26,,,N,,116
2019132819-001109,MONMOUTH,MARLBORO TWP,01/10/2019,TH,1630,01,MARLBORO TWP PD,,0,0,0,0,P,B,N,N,01,2,MONMOUTH COUNTY 3,W,3,,13000003__,9.84,05,,01,04,02,01,03,01,05,01,500,FE,E,BALDWIN AVE,,,,40,25,26,,,N,,128