Year(4)-CountyCode(2)-MunicipalityCode(2)-CaseNumber(9),County Name,Municipality Name,Crash Date,Crash Day of Week,Crash Time,Police Department Code,Police Department,Police Station,Total Killed,Total Injured,Pedestrians Killed,Pedestrians Injured,Severity,Intersection,Alcohol Involved,Hazmat Involved,Crash Type,Total Vehicles,Location,Location Direction,Route,Route Suffix,Std Rte Identifier,MilePost,Road System,Road Character,Road Horizontal Alignment,Road Grade,Road Surface Type,Surface Condition,Light Condition,Environmental Condition,Road Divided By,Temporary Traffic Control Zone,Distance To Cross Street,Unit Of Measurement,Direction From Cross Street,Cross Street Name,Is Ramp,Ramp To/From Route Name,Ramp To/From Route Direction,Posted Speed,Posted Speed Cross Street,First Harmful Event,Latitude,Longitude,Cell Phone In Use Flag,Other Property Damage,Reporting Badge No.
2019132819-004770,MONMOUTH,MARLBORO TWP,02/12/2019,TU,1204,01,MARLBORO TWP PD,,0,0,0,0,P,B,N,N,11,1,NJ 18,N,18,,00000018__,28.50,02,,01,04,02,05,01,06,01,01,,,,,,,,65,,26,,,N,,111
2019132819-004774,MONMOUTH,MARLBORO TWP,02/12/2019,TU,1210,01,MARLBORO TWP PD,,0,0,0,0,P,B,N,N,11,1,NJ 18,S,18,,00000018__,28.00,02,,01,04,02,03,01,03,01,,,,,,,,,65,,46,,,N,,122
2019132819-004775,MONMOUTH,MARLBORO TWP,02/18/2019,MO,1154,01,MARLBORO TWP PD,,0,0,0,0,P,B,N,N,11,1,NJ 18,S,18,,00000018__,24.10,02,,01,04,02,04,01,03,03,,,,,,,,,65,,,,,N,,69
2019132819-004776,MONMOUTH,MARLBORO TWP,02/12/2019,TU,1225,01,MARLBORO TWP PD,,0,0,0,0,P,B,N,N,11,1,NJ 18,S,18,,00000018__,29.60,02,,03,04,02,03,01,03,01,01,,,,,,,,65,,46,,,N,,116
2019132819-004781,MONMOUTH,MARLBORO TWP,02/12/2019,TU,1326,01,MARLBORO TWP PD,,0,0,0,0,P,B,N,N,11,1,NJ 18,S,18,,00000018__,23.90,02,,01,04,02,05,01,06,01,01,,,,,,,,65,,46,,,N,,81
2019132819-004784,MONMOUTH,MARLBORO TWP,02/12/2019,TU,1346,01,MARLBORO TWP PD,,0,0,0,0,P,B,N,N,11,1,ROUTE 520,E,520,,00000520__,4.48,07,,03,05,02,05,01,03,05,01,300,FE,E,DEEP RUN CT,,,,45,25,61,,,N,MAILBOX FOR 191 ROUTE 520,131
2019132819-004789,MONMOUTH,MARLBORO TWP,02/12/2019,TU,1428,01,MARLBORO TWP PD,,0,0,0,0,P,B,N,N,11,1,NJ 18,S,18,,00000018__,24.00,02,,01,04,02,05,01,06,01,01,,,,,,,,65,,56,,,N,,116
2019132819-004791,MONMOUTH,MARLBORO TWP,02/12/2019,TU,1514,01,MARLBORO TWP PD,,0,0,0,0,P,B,N,N,11,1,ROUTE 520,,520,,00000520__,2.84,07,,02,04,02,05,01,02,05,01,2640,FE,W,US 9,,,,,55,61,,,N,MAILBOX AT 211 ROUTE 520 STRUCK AND DAMAGED,116
2019132819-004802,MONMOUTH,MARLBORO TWP,02/12/2019,TU,1806,01,MARLBORO TWP PD,,0,0,0,0,P,B,N,N,01,2,VANDERBURG RD **,E,,,13281099__,.53,05,,01,04,02,02,01,02,05,01,200,FE,E,WITHERSPOON WAY,,,,35,25,26,,,N,,116
2019132819-004841,MONMOUTH,MARLBORO TWP,02/13/2019,WE,0930,01,MARLBORO TWP PD,,0,0,0,0,P,B,N,N,01,2,ROUTE 520,E,520,,00000520__,5.84,07,,01,04,02,02,01,01,04,01,200,FE,W,WYNCREST RD,,,,45,35,26,,,N,,90
2019132819-004888,MONMOUTH,MARLBORO TWP,02/13/2019,WE,1736,01,MARLBORO TWP PD,,0,1,0,0,I,B,N,N,11,1,ENCLOSURE DR **,S,,,13281341__,.00,07,,01,04,02,01,06,01,02,01,100,FE,S,TEXAS RD,,,,25,35,52,,,N,JCPL POLE # JC2005MA,90
2019132819-004891,MONMOUTH,MARLBORO TWP,02/13/2019,WE,1743,01,MARLBORO TWP PD,,0,0,0,0,P,B,N,N,01,2,ROUTE 520,E,520,,00000520__,3.85,07,,01,04,02,01,06,01,05,01,50,FE,E,CAMPUS DR,,,,45,15,26,,,N,,130
2019132819-004899,MONMOUTH,MARLBORO TWP,02/08/2019,FR,2035,01,MARLBORO TWP PD,,0,0,0,0,P,B,N,N,12,1,MONMOUTH COUNTY 3,N,3,,13000003__,7.00,05,,01,04,02,01,07,01,05,01,1584,FE,S,CRINE RD,,,,40,40,24,,,N,,140
2019132819-004901,MONMOUTH,MARLBORO TWP,02/13/2019,WE,2006,01,MARLBORO TWP PD,,0,1,0,0,I,I,N,N,01,2,MONMOUTH COUNTY 3,S,3,,13000003__,9.95,05,,01,04,02,01,07,01,05,01,,AT,N,NOLAN RD,,,,35,25,26,,,N,,142
2019132819-004952,MONMOUTH,MARLBORO TWP,02/14/2019,TH,1008,01,MARLBORO TWP PD,,0,0,0,0,P,B,N,N,02,2,NJ 18,S,18,,00000018__,28.00,02,,01,04,02,01,01,01,03,01,,,,,,,,65,,26,,,N,,130
2019132819-005059,MONMOUTH,MARLBORO TWP,02/15/2019,FR,1128,01,MARLBORO TWP PD,,0,0,0,0,P,B,N,N,01,2,NJ 79,S,79,,00000079__,4.64,02,,01,04,02,01,01,01,05,01,20,FE,N,INVERNESS DR / RYAN RD,,,,50,35,26,,,N,,406
2019132819-005076,MONMOUTH,MARLBORO TWP,02/15/2019,FR,1319,01,MARLBORO TWP PD,,0,0,0,0,P,B,N,N,08,2,95 NORTH MAIN STREET,,,,,,08,,01,04,02,01,01,01,05,01,,,,,,,,,,26,,,N,,406
2019132819-005111,MONMOUTH,MARLBORO TWP,02/15/2019,FR,1808,01,MARLBORO TWP PD,,0,0,0,0,P,B,N,N,01,2,UNION HILL RD,,,,13261531__,2.79,07,,01,04,02,01,01,01,05,01,100,FE,W,CR 3 / TENNENT RD,,,,35,45,26,,,N,,116
2019132819-005192,MONMOUTH,MARLBORO TWP,02/16/2019,SA,1021,01,MARLBORO TWP PD,,0,0,0,0,P,B,Y,N,11,1,SILVERS LN **,S,,,13281173__,.00,07,,02,08,02,01,01,01,05,01,2640,FE,S,RYAN RD,,,,25,35,69,,,N,,116
2019132819-005224,MONMOUTH,MARLBORO TWP,02/16/2019,SA,1812,01,MARLBORO TWP PD,,0,0,0,0,P,B,N,N,12,1,NJ 79,S,79,,00000079__,6.13,02,,01,06,02,01,06,01,05,01,500,FE,S,GIRARD ST / NEWTON ST,,,,50,25,26,,,N,,120
2019132819-005229,MONMOUTH,MARLBORO TWP,02/16/2019,SA,1940,01,MARLBORO TWP PD,,0,0,0,0,P,B,N,N,01,2,US 9,N,9,,00000009__,120.97,02,,01,04,02,01,06,01,03,01,5,FE,S,ROUTE 520 / ROBERTSVILLE RD,,,,55,40,26,,,N,,120
2019132819-005248,MONMOUTH,MARLBORO TWP,02/17/2019,SU,0302,01,MARLBORO TWP PD,,0,0,0,0,P,B,N,N,11,1,NJ 18,N,18,,00000018__,25.23,02,,01,04,02,01,05,01,01,,150,FE,N,NJ 79,,,,65,40,39,,,N,,118
2019132819-005253,MONMOUTH,MARLBORO TWP,02/17/2019,SU,0457,01,MARLBORO TWP PD,,0,0,0,0,P,B,N,N,12,1,NJ 18,S,18,,00000018__,25.24,02,,01,04,02,01,07,01,01,01,200,FE,N,NJ 79,,,,65,50,,,,N,,124
2019132819-005279,MONMOUTH,MARLBORO TWP,02/17/2019,SU,1208,01,MARLBORO TWP PD,,0,0,0,0,P,B,N,N,01,2,US 9,N,9,,00000009__,120.91,02,,01,04,02,01,01,01,02,01,300,FE,S,ROUTE 520 / ROBERTSVILLE RD,,,,55,45,26,,,N,,116
2019132819-005318,MONMOUTH,MARLBORO TWP,02/18/2019,MO,0136,01,MARLBORO TWP PD,,0,1,0,0,I,B,Y,N,02,2,NJ 18,N,18,,00000018__,27.60,02,,01,04,02,02,05,02,01,01,,,,,,,,65,,26,,,N,NJ DOT GUARD RAIL,141
2019132819-005572,MONMOUTH,MARLBORO TWP,02/21/2019,TH,1215,01,MARLBORO TWP PD,,0,0,0,0,P,B,N,N,01,2,US 9,N,9,,00000009__,121.00,02,,02,04,02,03,01,03,03,01,,,,,T,ROUTE 520,EB,55,,26,,,N,,131
2019132819-005574,MONMOUTH,MARLBORO TWP,02/20/2019,WE,1234,01,MARLBORO TWP PD,,0,0,0,0,P,B,N,N,11,1,NJ 18,N,18,,00000018__,28.60,02,,03,05,02,03,01,03,02,01,,,,,F,CR 3 / TENNENT ROAD,WB,65,,56,,,N,,61
2019132819-005581,MONMOUTH,MARLBORO TWP,02/20/2019,WE,1254,01,MARLBORO TWP PD,,0,0,0,0,P,B,N,N,02,2,US 9,N,9,,00000009__,120.00,02,,03,06,02,03,01,03,03,01,100,FE,S,,T,UNION HILL ROAD,EB,55,,26,,,N,,
2019132819-005582,MONMOUTH,MARLBORO TWP,02/20/2019,WE,1254,01,MARLBORO TWP PD,,0,0,0,0,P,B,N,N,11,1,NJ 18,S,18,,00000018__,25.45,02,,02,04,02,03,01,03,01,,1320,FE,N,NJ 79,,,,65,50,46,,,N,DENT AND SCRATCHES ON GUARD RAIL. GUARD RAIL STILL FULLY INTACT,122
2019132819-005584,MONMOUTH,MARLBORO TWP,02/20/2019,WE,1322,01,MARLBORO TWP PD,,0,0,0,0,P,B,N,N,11,1,NJ 79,N,79,,00000079__,5.22,02,,01,04,01,05,01,03,01,,1320,FE,S,SCHOOL RD,,,,50,25,48,,,N,,122
2019132819-005588,MONMOUTH,MARLBORO TWP,02/20/2019,WE,1452,01,MARLBORO TWP PD,,0,0,0,0,P,B,N,N,01,2,US 9,S,9,,00000009__,121.01,02,,01,04,02,03,01,03,03,01,200,FE,N,ROUTE 520 / ROBERTSVILLE RD,,,,55,45,26,,,N,,116
2019132819-005593,MONMOUTH,MARLBORO TWP,02/20/2019,WE,1702,01,MARLBORO TWP PD,,0,0,0,0,P,B,N,N,11,1,NJ 18,S,18,,00000018__,29.00,02,,01,04,02,05,03,03,01,01,50,FE,N,HARTMAN ROAD,,,,65,40,50,,,N,"MORGANVILLE"""" STREET SIGN",128
2019132819-005640,MONMOUTH,MARLBORO TWP,02/21/2019,TH,1006,01,MARLBORO TWP PD,,0,0,0,0,P,B,N,N,99,1,NJ 18,S,18,,00000018__,23.40,02,,01,04,02,01,01,01,01,01,,,,,,,,65,,19,,,N,,136
2019132819-005684,MONMOUTH,MARLBORO TWP,02/21/2019,TH,1636,01,MARLBORO TWP PD,,0,0,0,0,P,B,N,N,01,2,US 9,S,9,,00000009__,120.00,02,,03,06,02,01,01,01,05,01,,,,,T,UNION HILL RD,WB,55,,26,,,N,,131
2019132819-005685,MONMOUTH,MARLBORO TWP,02/21/2019,TH,1640,01,MARLBORO TWP PD,,0,0,0,0,P,I,N,N,02,2,MONMOUTH COUNTY 3,S,3,,13000003__,5.99,05,,01,04,02,01,01,01,05,01,,AT,,ROUTE 520,,,,40,45,26,,,N,,81
2019132819-005689,MONMOUTH,MARLBORO TWP,02/21/2019,TH,1753,01,MARLBORO TWP PD,,0,0,0,0,P,B,N,N,01,2,US 9,N,9,,00000009__,120.59,02,,01,04,02,01,06,01,03,01,2000,FE,S,ROUTE 520 / ROBERTSVILLE RD,,,,55,35,26,,,N,,120
2019132819-005790,MONMOUTH,MARLBORO TWP,02/22/2019,FR,1747,01,MARLBORO TWP PD,,0,0,0,0,P,B,N,N,01,2,CONOVER RD **,S,,,13281683__,.50,07,,01,04,02,01,05,01,05,01,2640,FE,N,ROUTE 520,,,,50,45,26,,,N,,137
2019132819-005796,MONMOUTH,MARLBORO TWP,02/22/2019,FR,1819,01,MARLBORO TWP PD,,0,0,0,0,P,B,N,N,12,1,MONMOUTH COUNTY 3,E,3,,13000003__,9.95,05,,01,04,02,01,07,01,05,01,100,FE,E,NOLAN ROAD,,,,40,35,24,,,N,,137
2019132819-005797,MONMOUTH,MARLBORO TWP,02/22/2019,FR,1820,01,MARLBORO TWP PD,,0,0,0,0,P,I,N,N,04,2,MONMOUTH COUNTY 3,S,3,,13000003__,7.30,05,,01,04,02,01,06,01,05,01,,AT,,CRINE RD,,,,40,35,26,,,N,,130
2019132819-005798,MONMOUTH,MARLBORO TWP,02/22/2019,FR,1823,01,MARLBORO TWP PD,,0,0,0,0,P,B,N,N,11,1,MONMOUTH COUNTY 3,N,3,,13000003__,7.43,05,,01,04,02,01,06,01,05,01,100,FE,N,PEREGRINE DR,,,,45,25,57,,,N,,133
2019132819-005802,MONMOUTH,MARLBORO TWP,02/22/2019,FR,1849,01,MARLBORO TWP PD,,0,0,0,0,P,I,N,N,03,2,GREENWOOD RD **,N,,,13281059__,.55,07,,01,04,02,01,06,01,05,01,,AT,,TEXAS RD,,,,45,35,26,,,N,DAMAGE TO FIRE HYDRANT 16317  DAMAGE TO MAILBOX OF #162 GREENWOOD ROAD,133
2019132819-005806,MONMOUTH,MARLBORO TWP,02/22/2019,FR,2028,01,MARLBORO TWP PD,,0,0,0,0,P,B,N,N,01,2,UNION HILL RD,E,,,13261531__,2.50,07,,03,04,02,01,06,01,05,01,400,FE,E,MENZEL LN,,,,35,25,26,,,N,,142
2019132819-005875,MONMOUTH,MARLBORO TWP,02/23/2019,SA,1835,01,MARLBORO TWP PD,,0,1,0,0,I,B,N,N,01,2,US 9,N,9,,00000009__,120.09,02,,01,04,02,01,06,01,03,01,500,FE,N,UNION HILL RD,,,,55,35,26,,,N,,139
2019132819-005881,MONMOUTH,MARLBORO TWP,02/23/2019,SA,2112,01,MARLBORO TWP PD,,0,0,0,0,P,B,N,N,01,2,US 9,N,9,,00000009__,120.96,02,,01,04,02,02,06,02,03,,75,FE,S,ROUTE 520 / ROBERTSVILLE RD,,,,55,45,,,,N,,142
2019132819-005968,MONMOUTH,MARLBORO TWP,02/25/2019,MO,0240,01,MARLBORO TWP PD,,0,0,0,0,P,B,N,N,12,1,PLEASANT VALLEY RD **,E,,,13181106__,,07,,01,04,02,01,07,01,05,01,50,FE,E,HIGH STREET,,,,40,25,24,,,N,,125
2019132819-005983,MONMOUTH,MARLBORO TWP,02/25/2019,MO,0530,01,MARLBORO TWP PD,,0,0,0,0,P,B,N,N,11,1,NJ 18,N,18,,00000018__,24.40,02,,01,04,02,01,05,01,03,01,,,,,,,,65,,49,,,N,DAMAGE TO CENTER MEDIAN GUARDRAIL ON ROUTE 18 N IN THE AREA OF MILE POST 24.4,139
2019132819-005999,MONMOUTH,MARLBORO TWP,02/25/2019,MO,0811,01,MARLBORO TWP PD,,0,1,0,0,I,B,N,N,01,2,NJ 18,N,18,,00000018__,30.00,02,,01,04,02,01,01,01,03,01,,,,,,,,65,,26,,,N,,127
2019132819-006002,MONMOUTH,MARLBORO TWP,02/25/2019,MO,0825,01,MARLBORO TWP PD,,0,2,0,0,I,I,N,N,03,2,MONMOUTH COUNTY 3,,3,,13000003__,7.82,05,,01,04,02,01,01,01,05,01,,AT,,HARBOR RD / SPRING VALLEY RD,,,,45,35,26,,,N,,116
2019132819-006010,MONMOUTH,MARLBORO TWP,02/25/2019,MO,0910,01,MARLBORO TWP PD,,0,0,0,0,P,B,N,N,01,2,US 9,N,9,,00000009__,121.16,02,,01,04,02,01,01,01,03,01,1000,FE,N,ROUTE 520 / ROBERTSVILLE RD,,,,55,45,26,,,N,,116
2019132819-006118,MONMOUTH,MARLBORO TWP,02/26/2019,TU,0646,01,MARLBORO TWP PD,,0,0,0,0,P,I,N,N,06,2,PEREGRINE DR **,N,,,13281570__,.25,07,,01,04,02,01,06,01,05,01,,AT,,CONDOR DR,,,,25,25,26,,,N,,87
2019132819-006176,MONMOUTH,MARLBORO TWP,02/26/2019,TU,1521,01,MARLBORO TWP PD,,0,0,0,0,P,B,N,N,01,2,US 9,S,9,,00000009__,119.50,02,,01,04,02,01,01,01,02,01,2640,FE,S,UNION HILL RD,,,,55,35,26,,,N,,116
2019132819-006392,MONMOUTH,MARLBORO TWP,02/28/2019,TH,1230,01,MARLBORO TWP PD,,0,0,0,0,P,B,N,N,03,2,SCHOOL RD E,E,,,13091159__,3.17,07,,01,04,02,01,01,01,05,01,200,FE,E,MOHAWK DR,,,,35,25,26,,,N,,90
2019132819-006420,MONMOUTH,MARLBORO TWP,02/28/2019,TH,1600,01,MARLBORO TWP PD,,0,0,0,0,P,B,N,N,12,1,RYAN ROAD,W,,,,,07,,01,04,02,01,01,01,05,01,40,FE,W,CHAGALL ROAD,,,,35,25,24,,,N,,90
2019132819-006537,MONMOUTH,MARLBORO TWP,03/01/2019,FR,1639,01,MARLBORO TWP PD,,0,0,0,0,P,B,N,N,01,2,NJ 18,N,18,,00000018__,25.20,02,,01,04,02,01,01,01,01,01,,,,,,,,65,,26,,,N,,116
2019132819-006554,MONMOUTH,MARLBORO TWP,03/01/2019,FR,1822,01,MARLBORO TWP PD,,0,0,0,0,P,I,N,N,03,2,NJ 79,N,79,,00000079__,9.87,02,,01,05,02,01,07,01,05,01,,AT,,HARNLEY RD / LUKAS BLVD,,,,45,15,26,,,N,,116
2019132819-006586,MONMOUTH,MARLBORO TWP,03/02/2019,SA,0432,01,MARLBORO TWP PD,,0,1,0,0,I,B,N,N,11,1,US 9,N,9,,00000009__,120.78,02,,03,04,02,04,06,06,03,01,1000,FE,S,ROUTE 520 / ROBERTSVILLE RD,,,,55,45,69,,,N,SIGN FOR THE STARBUCKS WAS STRUCK WITH MINIMAL TO NO DAMAGE,138
2019132819-006602,MONMOUTH,MARLBORO TWP,03/02/2019,SA,1013,01,MARLBORO TWP PD,,0,3,0,0,I,I,N,N,03,2,UNION HILL RD,,,,13261531__,2.42,07,,01,04,02,02,01,05,05,01,,AT,,MENZEL LN,,,,35,20,26,,,N,,116
2019132819-006618,MONMOUTH,MARLBORO TWP,03/02/2019,SA,1353,01,MARLBORO TWP PD,,0,1,0,0,I,I,N,N,02,2,NJ 79,N,79,,00000079__,10.32,02,,01,04,02,02,01,05,05,01,,AT,,CR 3 / TENNENT RD,,,,45,35,26,,,N,,116
2019132819-006675,MONMOUTH,MARLBORO TWP,03/03/2019,SU,0632,01,MARLBORO TWP PD,,0,0,0,0,P,B,N,N,06,2,2 RYAN ROAD,,,,,,09,,01,04,02,01,01,01,05,01,,,,,,,,,,26,,,N,,90
2019132819-006731,MONMOUTH,MARLBORO TWP,03/03/2019,SU,2154,01,MARLBORO TWP PD,,0,0,0,0,P,B,N,N,11,1,NJ 18,S,18,,00000018__,27.00,02,,01,04,02,03,05,03,01,01,,,,,,,,65,,46,,,N,,134
2019132819-006739,MONMOUTH,MARLBORO TWP,03/04/2019,MO,0239,01,MARLBORO TWP PD,,0,0,0,0,P,B,N,N,11,1,NJ 18,N,18,,00000018__,29.00,02,,01,04,02,05,06,06,01,01,,,,,,,,65,,50,,,N,DOT TRAFFIC SIGN,141
2019132819-006760,MONMOUTH,MARLBORO TWP,03/04/2019,MO,1017,01,MARLBORO TWP PD,,0,0,0,0,P,B,N,N,06,2,HARNLEY RD **,E,,,13281078__,.00,07,,01,04,02,03,01,01,05,01,30,FE,W,NJ 79,,,,25,45,26,,,N,,90
2019132819-006845,MONMOUTH,MARLBORO TWP,03/05/2019,TU,0813,01,MARLBORO TWP PD,,0,0,0,0,P,I,N,N,04,2,ROUTE 520,W,520,,00000520__,5.88,07,,01,04,02,01,01,01,05,01,,AT,,WYNCREST RD,,,,40,35,26,,,N,,90
2019132819-007110,MONMOUTH,MARLBORO TWP,03/06/2019,WE,1957,01,MARLBORO TWP PD,,0,0,0,0,P,B,N,N,06,2,WHITMAN RD **,S,,,13281126__,.19,07,,01,04,02,01,06,01,05,01,500,FE,N,LONGFELLOW TERRACE,,,,25,25,28,,,N,,141
2019132819-007226,MONMOUTH,MARLBORO TWP,03/07/2019,TH,1729,01,MARLBORO TWP PD,,0,0,0,0,P,B,N,N,12,1,MONMOUTH COUNTY 3,W,3,,13000003__,4.74,05,,01,04,02,01,03,01,05,01,700,FE,W,CLAYTON LN,,,,45,25,24,,,N,,116
2019132819-007229,MONMOUTH,MARLBORO TWP,03/07/2019,TH,1807,01,MARLBORO TWP PD,,0,1,0,0,I,B,N,N,01,3,UNION HILL RD,E,,,13261531__,2.80,07,,01,04,02,01,07,01,05,01,50,FE,W,CR 3 / TENNENT RD,,,,35,40,26,,,N,,129
2019132819-007257,MONMOUTH,MARLBORO TWP,03/08/2019,FR,0112,01,MARLBORO TWP PD,,0,0,0,0,P,B,Y,N,11,1,US 9,S,9,,00000009__,120.10,02,,01,04,02,01,06,01,03,01,700,FE,N,MANALAPAN TOWNSHIP LINE,,,,55,,56,,,N,,138
2019132819-007325,MONMOUTH,MARLBORO TWP,03/08/2019,FR,1407,01,MARLBORO TWP PD,,0,0,0,0,P,B,N,N,01,2,NJ 79,N,79,,00000079__,5.46,02,,01,04,02,01,01,01,05,01,30,FE,S,SCHOOL RD,,,,45,25,26,,,N,,90
2019132819-007441,MONMOUTH,MARLBORO TWP,03/09/2019,SA,1404,01,MARLBORO TWP PD,,0,0,0,0,P,B,N,N,01,3,US 9,S,9,,00000009__,120.10,02,,01,04,02,01,01,01,02,01,25,FE,N,MANALAPAN BORDER,,,,55,,26,,,N,,126
2019132819-007480,MONMOUTH,MARLBORO TWP,03/09/2019,SA,2145,01,MARLBORO TWP PD,,0,0,0,0,P,I,N,N,03,2,ROUTE 520,,520,,00000520__,5.88,07,,01,04,02,01,07,01,05,01,,AT,,WYNCREST RD,,,,45,35,26,,,N,,140
2019132819-007638,MONMOUTH,MARLBORO TWP,03/11/2019,MO,1542,01,MARLBORO TWP PD,,0,2,0,0,I,B,N,N,01,3,NJ 79,N,79,,00000079__,6.82,02,,01,04,02,01,01,01,05,01,5,FE,S,ROUTE 520 / NEWMAN SPRINGS RD,,,,50,45,26,,,N,,
2019132819-007798,MONMOUTH,MARLBORO TWP,03/12/2019,TU,1515,01,MARLBORO TWP PD,,0,1,0,0,I,B,N,N,01,2,US 9,S,9,,00000009__,120.47,02,,01,04,02,01,01,01,02,01,2640,FE,S,ROUTE 520 / ROBERTSVILLE RD,,,,55,45,26,,,N,,116
2019132819-007801,MONMOUTH,MARLBORO TWP,03/12/2019,TU,1641,01,MARLBORO TWP PD,,0,0,0,0,P,B,N,N,02,2,ROUTE 520,E,520,,00000520__,7.85,05,,01,04,02,01,01,01,05,01,5,FE,W,BOUNDRY RD / CONOVER RD,,,,50,35,26,,,N,,136
2019132819-007823,MONMOUTH,MARLBORO TWP,03/12/2019,TU,2011,01,MARLBORO TWP PD,,0,0,0,0,P,B,N,N,01,2,US 9,S,9,,00000009__,120.00,02,,03,06,02,01,06,01,04,,25,FE,N,UNION HILL RD,,,,55,35,26,,,N,,138
2019132819-008043,MONMOUTH,MARLBORO TWP,03/14/2019,TH,1510,01,MARLBORO TWP PD,,0,0,0,0,P,B,N,N,03,2,ROUTE 520,W,520,,00000520__,6.70,05,,01,04,02,01,01,01,05,01,150,FE,,NJ 79 / MAIN ST,,,,45,50,26,,,N,,130
2019132819-008268,MONMOUTH,MARLBORO TWP,03/16/2019,SA,1013,01,MARLBORO TWP PD,,0,0,0,0,P,B,N,N,01,2,RYAN ROAD,W,,,,,07,,01,04,02,01,01,01,05,01,10,FE,E,ROBERTSVILLE ROAD,,,,35,35,26,,,N,,136
2019132819-008276,MONMOUTH,MARLBORO TWP,03/16/2019,SA,1148,01,MARLBORO TWP PD,,0,2,0,0,I,B,N,N,01,2,ROUTE 520,W,520,,00000520__,8.17,05,,01,06,02,01,01,01,,,600,FE,E,ORCHARD HILLS RD,,,,50,25,26,,,N,UTILITY POLE# JC58MO,65
2019132819-008288,MONMOUTH,MARLBORO TWP,03/16/2019,SA,1506,01,MARLBORO TWP PD,,0,1,0,1,I,B,N,N,13,1,US 9,N,9,,00000009__,120.00,02,,03,06,02,01,01,01,02,01,5,FE,S,UNION HILL ROAD,,,,55,35,22,,,N,,122
2019132819-008404,MONMOUTH,MARLBORO TWP,03/17/2019,SU,1803,01,MARLBORO TWP PD,,0,1,0,0,I,B,N,N,01,2,TEXAS RD,E,,,,,07,,01,04,02,01,01,01,05,01,50,FE,W,BENNINGTON WAY,,,,45,25,26,,,N,,141
2019132819-008508,MONMOUTH,MARLBORO TWP,03/18/2019,MO,1938,01,MARLBORO TWP PD,,0,1,0,0,I,B,N,N,01,3,US 9,N,9,,00000009__,120.96,02,,01,04,02,01,07,01,02,01,60,FE,S,ROUTE 520 / ROBERTSVILLE RD,,,,55,45,26,,,N,,
2019132819-00851,MONMOUTH,MARLBORO TWP,01/08/2019,TU,1217,01,MARLBORO TWP PD,,0,2,0,0,I,I,N,N,03,3,MONMOUTH COUNTY 3,,3,,13000003__,7.82,05,,01,04,02,02,01,05,05,01,,AT,,HARBOR RD / SPRING VALLEY RD,,,,40,35,26,,,N,,61
2019132819-008669,MONMOUTH,MARLBORO TWP,03/20/2019,WE,0949,01,MARLBORO TWP PD,,0,0,0,0,P,B,N,N,01,2,ROUTE 520,W,520,,00000520__,3.09,07,,01,04,02,01,01,01,05,01,1320,FE,E,US 9,,,,45,55,26,,,N,,116
2019132819-008700,MONMOUTH,MARLBORO TWP,03/20/2019,WE,1346,01,MARLBORO TWP PD,,0,0,0,0,P,I,N,N,11,2,REGINA RD **,,,,13281182__,.48,07,,01,04,02,01,01,01,05,01,,AT,,VANCOUVER RD,,,,25,25,69,,,N,SEE A FULL LIST IN NARRATIVE,116
2019132819-008748,MONMOUTH,MARLBORO TWP,03/20/2019,WE,2041,01,MARLBORO TWP PD,,0,0,0,0,P,B,N,N,11,1,TICETOWN RD,E,,,13281069__,.08,07,,01,04,02,01,05,01,05,01,100,FE,E,BERNADETTE RD,,,,35,25,,,,N,,124
2019132819-008782,MONMOUTH,MARLBORO TWP,03/20/2019,WE,0736,01,MARLBORO TWP PD,,0,0,0,0,P,B,N,N,03,2,ROUTE 520,E,520,,00000520__,6.71,05,,01,04,02,02,01,02,05,01,150,FE,E,NJ 79 / MAIN ST,,,,45,50,26,,,N,,116
2019132819-008785,MONMOUTH,MARLBORO TWP,03/21/2019,TH,0745,01,MARLBORO TWP PD,,0,0,0,0,P,B,N,N,02,2,US 9,N,9,,00000009__,120.95,02,,01,04,02,02,01,02,02,01,100,FE,S,ROUTE 520 / ROBERTSVILLE RD,,,,55,45,26,,,N,,131
2019132819-008788,MONMOUTH,MARLBORO TWP,03/21/2019,TH,0849,01,MARLBORO TWP PD,,0,1,0,0,I,B,N,N,11,1,78 TENNENT ROAD,,,,,,08,,01,05,02,02,01,02,05,01,,,,,,,,,,56,,,N,FENCE LOCATED AT 78 TENNENT ROAD,116
2019132819-008829,MONMOUTH,MARLBORO TWP,03/21/2019,TH,2142,01,MARLBORO TWP PD,,0,0,0,0,P,B,N,N,99,1,NJ 34,S,34,,00000034__,20.00,02,,01,04,02,02,06,02,05,01,400,FE,S,BEACON HILL RD,,,,50,35,56,,,N,,92
2019132819-008849,MONMOUTH,MARLBORO TWP,03/22/2019,FR,0930,01,MARLBORO TWP PD,,0,0,0,0,P,B,N,N,03,2,UNION HILL RD,W,,,13261531__,2.80,07,,01,04,02,02,01,02,05,01,50,FE,W,CR 3 / TENNENT RD,,,,35,40,26,,,N,,406
2019132819-008894,MONMOUTH,MARLBORO TWP,03/22/2019,FR,1511,01,MARLBORO TWP PD,,0,0,0,0,P,B,N,N,01,2,NJ 79,S,79,,00000079__,6.47,02,,01,04,02,01,01,01,05,01,600,FE,S,QUINCY ST,,,,45,25,26,,,N,,70
2019132819-008898,MONMOUTH,MARLBORO TWP,03/22/2019,FR,1536,01,MARLBORO TWP PD,,0,0,0,0,P,B,N,N,01,2,NJ 79,N,79,,00000079__,10.33,02,,01,04,02,01,01,01,05,01,30,FE,N,CR 3 / TENNENT RD,,,,45,40,26,,,N,,90