Year(4)-CountyCode(2)-MunicipalityCode(2)-CaseNumber(9),County Name,Municipality Name,Crash Date,Crash Day of Week,Crash Time,Police Department Code,Police Department,Police Station,Total Killed,Total Injured,Pedestrians Killed,Pedestrians Injured,Severity,Intersection,Alcohol Involved,Hazmat Involved,Crash Type,Total Vehicles,Location,Location Direction,Route,Route Suffix,Std Rte Identifier,MilePost,Road System,Road Character,Road Horizontal Alignment,Road Grade,Road Surface Type,Surface Condition,Light Condition,Environmental Condition,Road Divided By,Temporary Traffic Control Zone,Distance To Cross Street,Unit Of Measurement,Direction From Cross Street,Cross Street Name,Is Ramp,Ramp To/From Route Name,Ramp To/From Route Direction,Posted Speed,Posted Speed Cross Street,First Harmful Event,Latitude,Longitude,Cell Phone In Use Flag,Other Property Damage,Reporting Badge No.
2019132819-018445,MONMOUTH,MARLBORO TWP,06/13/2019,TH,1515,01,MARLBORO TWP PD,,0,0,0,0,P,B,N,N,01,2,MONMOUTH COUNTY 3,S,3,,13000003__,6.03,05,,01,05,02,01,01,01,05,01,200,FE,N,ROUTE 520,,,,40,45,26,,,N,,120
2019132819-018458,MONMOUTH,MARLBORO TWP,06/13/2019,TH,1933,01,MARLBORO TWP PD,,0,0,0,0,P,B,N,N,11,1,HARBOR RD **,E,,,13281007__,.06,07,,03,04,02,01,01,01,05,01,1000,FE,W,HILLSIDE TER,,,,35,25,61,,,N,MAIL BOX OF HISHEY TSHERING 47 HARBOR RD  MORGANVILL  NJ 07751. (732) 824-9688,92
2019132819-018464,MONMOUTH,MARLBORO TWP,06/13/2019,TH,2141,01,MARLBORO TWP PD,,0,0,0,0,P,B,N,N,15,2,BUTTONWOOD DR **,N,,,13281244__,.46,07,,02,04,02,02,06,02,05,,150,FE,S,ROUTE 520,,,,25,40,,,,N,GROUND MOUNTED POWER TRANSFORMER,118
2019132819-018522,MONMOUTH,MARLBORO TWP,06/14/2019,FR,1612,01,MARLBORO TWP PD,,0,2,0,0,I,B,N,N,01,2,NJ 79,S,79,,00000079__,4.69,02,,01,04,02,01,01,01,01,01,250,FE,N,INVERNESS DR / RYAN RD,,,,50,35,26,,,N,,133
2019132819-018559,MONMOUTH,MARLBORO TWP,06/14/2019,FR,2144,01,MARLBORO TWP PD,,0,0,0,0,P,B,N,N,01,2,NJ 79,N,79,,00000079__,5.46,02,,01,04,02,01,06,01,05,01,30,FE,S,SCHOOL RD,,,,50,25,26,,,N,,143
2019132819-018650,MONMOUTH,MARLBORO TWP,06/15/2019,SA,1429,01,MARLBORO TWP PD,,0,0,0,0,P,B,N,N,02,2,ROUTE 520,W,520,,00000520__,5.24,07,,01,04,02,01,01,01,05,01,40,FE,E,GORDONS CORNER RD,,,,45,40,26,,,N,,90
2019132819-018715,MONMOUTH,MARLBORO TWP,06/20/2019,TH,0518,01,MARLBORO TWP PD,,0,0,0,0,P,B,N,N,12,1,NJ 79,N,79,,00000079__,6.20,02,,01,08,02,01,02,01,04,01,100,FE,S,GIRARD ST / NEWTON ST,,,,45,25,24,,,N,,142
2019132819-018800,MONMOUTH,MARLBORO TWP,06/17/2019,MO,0202,01,MARLBORO TWP PD,,0,0,0,0,P,B,N,N,12,2,NJ 18,S,18,,00000018__,28.00,02,,01,04,02,01,05,01,01,,,,,,,,,65,,24,,,N,,143
2019132819-018889,MONMOUTH,MARLBORO TWP,06/17/2019,MO,1718,01,MARLBORO TWP PD,,0,3,0,0,I,B,N,N,11,1,MONMOUTH COUNTY 3,W,3,,13000003__,9.69,05,,01,04,02,01,01,01,05,01,315,FE,W,BALDWIN AVE,,,,40,25,61,,,N,MAILBOX FOR HOUSE # 23 LLOYD RD,131
2019132819-018973,MONMOUTH,MARLBORO TWP,06/18/2019,TU,1404,01,MARLBORO TWP PD,,0,0,0,0,P,B,N,N,01,2,US 9,S,9,,00000009__,120.00,02,,01,04,02,01,01,05,05,01,,,,,T,UNION HILL ROAD,WB,55,,26,,,N,,407
2019132819-018992,MONMOUTH,MARLBORO TWP,06/18/2019,TU,1717,01,MARLBORO TWP PD,,0,0,0,0,P,B,N,N,11,1,NJ 18,N,18,,00000018__,25.60,02,,01,04,02,02,01,02,01,01,,,,,,,,65,,46,,,N,"VEHICLE STRUCK THE RIGHT LEG OF A SIGN IN THE MEDIAN """"KEEP RIGHT EXCEPT TO PAS?",136
2019132819-018996,MONMOUTH,MARLBORO TWP,06/18/2019,TU,1746,01,MARLBORO TWP PD,,0,0,0,0,P,B,N,N,02,2,NJ 79,N,79,,00000079__,4.20,02,,01,04,02,02,01,02,05,01,500,FE,N,OLD MILL RD,,,,50,35,26,,,N,,130
2019132819-019082,MONMOUTH,MARLBORO TWP,06/19/2019,WE,1653,01,MARLBORO TWP PD,,0,2,0,0,I,B,N,N,01,3,NJ 79,N,79,,00000079__,10.19,02,,01,04,02,02,01,02,05,01,40,FE,N,CHURCH LN,,,,45,25,26,,,N,,90
2019132819-019136,MONMOUTH,MARLBORO TWP,06/20/2019,TH,0847,01,MARLBORO TWP PD,,0,0,0,0,P,B,N,N,01,2,NJ 79,S,79,,00000079__,6.35,02,,01,04,02,02,01,02,05,01,200,FE,N,GIRARD ST,,,,50,25,26,,,N,,70
2019132819-019209,MONMOUTH,MARLBORO TWP,06/20/2019,TH,1841,01,MARLBORO TWP PD,,0,0,0,0,P,I,N,N,04,2,NJ 18,S,18,,00000018__,,02,,01,04,02,01,01,01,05,01,,AT,,CAMPUS DRVE,,,,25,,26,,,N,,139
2019132819-019281,MONMOUTH,MARLBORO TWP,06/21/2019,FR,1143,01,MARLBORO TWP PD,,0,0,0,0,P,I,N,N,08,2,COLLINGWOOD RD **,,,,13281080__,.14,07,,01,04,02,02,01,02,05,01,,AT,,MCDONALD RD,,,,25,25,26,,,N,,116
2019132819-019300,MONMOUTH,MARLBORO TWP,06/21/2019,FR,1422,01,MARLBORO TWP PD,,0,1,0,0,I,B,N,N,01,2,MONMOUTH COUNTY 3,,3,,13000003__,6.05,05,,01,05,02,01,01,01,05,01,300,FE,E,ROUTE 520,,,,45,45,26,,,N,,116
2019132819-019302,MONMOUTH,MARLBORO TWP,06/21/2019,FR,1433,01,MARLBORO TWP PD,,0,0,0,0,P,B,N,N,11,1,MONMOUTH COUNTY 46,S,46,,13000046__,2.08,05,,03,04,02,02,01,02,05,01,20,FE,S,COLONY DR,,,,35,25,26,,,N,THE CURB WAS SCRAPPED,131
2019132819-019318,MONMOUTH,MARLBORO TWP,06/21/2019,FR,1607,01,MARLBORO TWP PD,,0,0,0,0,P,B,N,N,11,1,NJ 79,S,79,,00000079__,5.49,02,,01,04,02,01,01,01,05,01,80,FE,N,SCHOOL RD,,,,40,25,26,,,N,LIGHT POLE IN FRONT OF 9 NORTH MAIN ST.,87
2019132819-019359,MONMOUTH,MARLBORO TWP,06/21/2019,FR,2100,01,MARLBORO TWP PD,,0,0,0,0,P,B,N,N,13,1,NJ 79,N,79,,00000079__,5.10,02,,01,04,02,01,06,01,01,,75,FE,S,NJ 18,,,,45,65,22,,,N,,118
2019132819-019377,MONMOUTH,MARLBORO TWP,06/22/2019,SA,0151,01,MARLBORO TWP PD,,0,0,0,0,P,B,N,N,99,1,UNION HILL RD,W,,,13261531__,2.02,07,,01,04,02,01,06,01,04,01,500,FE,W,PARK LN,,,,35,25,12,,,N,,138
2019132819-019418,MONMOUTH,MARLBORO TWP,06/22/2019,SA,1112,01,MARLBORO TWP PD,,0,1,0,0,I,B,N,N,01,2,US 9,N,9,,00000009__,120.96,02,,01,04,02,01,01,01,03,,50,FE,S,ROUTE 520 / ROBERTSVILLE RD,,,,55,40,26,,,N,,127
2019132819-019453,MONMOUTH,MARLBORO TWP,06/22/2019,SA,1635,01,MARLBORO TWP PD,,0,0,0,0,P,B,Y,N,01,2,MONMOUTH COUNTY 3,S,3,,13000003__,6.08,05,,01,04,02,01,01,01,05,01,500,FE,N,ROUTE 520,,,,40,45,26,,,N,,136
2019132819-019474,MONMOUTH,MARLBORO TWP,06/22/2019,SA,2130,01,MARLBORO TWP PD,,0,0,0,0,P,B,N,N,12,1,ROUTE 520,W,520,,00000520__,8.75,05,,01,04,02,01,05,01,05,,250,FE,E,MOUNTAINSIDE DR,,,,45,25,24,,,N,,118
2019132819-019482,MONMOUTH,MARLBORO TWP,06/22/2019,SA,2326,01,MARLBORO TWP PD,,0,0,0,0,P,B,N,N,12,1,ROBERTSVILLE RD,,,,13261114__,1.09,07,,01,04,02,01,07,01,05,01,50,FE,S,EAGLE RD,,,,35,25,24,,,N,,134
2019132819-019508,MONMOUTH,MARLBORO TWP,06/23/2019,SU,1046,01,MARLBORO TWP PD,,0,3,0,0,I,I,N,N,03,2,GREENWOOD RD **,N,,,13281059__,.55,07,,01,04,02,01,01,01,05,01,,AT,,TEXAS RD,,,,45,35,26,,,N,,131
2019132819-019540,MONMOUTH,MARLBORO TWP,06/23/2019,SU,1720,01,MARLBORO TWP PD,,0,0,0,0,P,B,N,N,01,2,US 9,N,9,,00000009__,120.97,02,,01,04,02,01,01,01,03,01,10,FE,S,ROUTE 520 / ROBERTSVILLE RD,,,,55,45,26,,,N,,122
2019132819-019620,MONMOUTH,MARLBORO TWP,06/24/2019,MO,1057,01,MARLBORO TWP PD,,0,1,0,0,I,B,N,N,99,1,NJ 18,N,18,,00000018__,25.10,02,,03,04,02,01,01,01,01,01,,,,,,,,65,,26,,,N,,126
2019132819-019658,MONMOUTH,MARLBORO TWP,06/24/2019,MO,1734,01,MARLBORO TWP PD,,0,1,0,0,I,B,N,N,01,2,US 9,N,9,,00000009__,120.89,02,,01,04,02,01,01,01,03,01,400,FE,S,ROUTE 520 / ROBERTSVILLE RD,,,,55,40,26,,,N,,129
2019132819-019759,MONMOUTH,MARLBORO TWP,06/25/2019,TU,1653,01,MARLBORO TWP PD,,0,0,0,0,P,B,N,N,01,2,ROUTE 520,E,520,,00000520__,3.99,07,,01,04,02,01,01,01,05,01,5,FE,W,NJ 3 / TENNENT RD,,,,45,40,26,,,N,,58
2019132819-019855,MONMOUTH,MARLBORO TWP,06/26/2019,WE,1047,01,MARLBORO TWP PD,,0,0,0,0,P,B,N,N,02,2,US 9,N,9,,00000009__,120.49,02,,01,04,02,01,01,01,02,01,150,FE,N,WILLOW LN,,,,55,25,26,,,N,,116
2019132819-019951,MONMOUTH,MARLBORO TWP,06/27/2019,TH,0959,01,MARLBORO TWP PD,,0,0,0,0,P,B,N,N,06,2,WOODCLIFF BLVD **,,,,13281590__,.53,07,,01,04,02,01,01,01,02,01,600,FE,E,THORNTON AVE,,,,25,25,28,,,N,,116
2019132819-019990,MONMOUTH,MARLBORO TWP,06/26/2019,WE,1609,01,MARLBORO TWP PD,,0,0,0,0,P,B,N,N,06,2,1 MASEPE TRAIL,,,,,,08,,01,04,03,01,01,01,05,01,,,,,,,,,,26,,,N,,116
2019132819-020100,MONMOUTH,MARLBORO TWP,06/28/2019,FR,1541,01,MARLBORO TWP PD,,0,0,0,0,P,I,N,N,03,2,GORDONS CORNER RD **,E,,,,,07,,01,04,02,01,01,01,05,01,,AT,,MICKI DRIVE,,,,45,25,26,,,N,,144
2019132819-020215,MONMOUTH,MARLBORO TWP,06/29/2019,SA,1558,01,MARLBORO TWP PD,,0,1,0,0,I,I,N,N,03,2,GREENWOOD RD **,W,,,13281059__,.55,07,,01,04,02,01,01,01,02,01,,AT,,TEXAS RD,,,,40,40,26,,,N,,135
2019132819-020269,MONMOUTH,MARLBORO TWP,06/30/2019,SU,0216,01,MARLBORO TWP PD,,0,0,0,0,P,B,N,N,12,1,NJ 18,N,18,,00000018__,26.00,02,,01,04,02,01,05,01,03,01,4224,FE,N,NJ 79,,,,65,50,24,,,N,,139
2019132819-020290,MONMOUTH,MARLBORO TWP,06/30/2019,SU,0916,01,MARLBORO TWP PD,,0,0,0,0,P,B,N,N,11,1,HARBOR RD **,E,,,13281007__,1.43,07,,02,04,02,01,01,01,05,01,1584,FE,E,CR 3 / TENNENT RD,,,,35,40,52,,,N,1 TELEPHONE POLE AND 1 SPEED LIMIT SIGN,144
2019132819-020370,MONMOUTH,MARLBORO TWP,07/01/2019,MO,0620,01,MARLBORO TWP PD,,0,0,0,0,P,B,N,N,11,1,NJ 18,S,18,,00000018__,28.00,02,,01,04,02,01,01,01,01,01,,,,,,,,65,,26,,,N,,70
2019132819-020375,MONMOUTH,MARLBORO TWP,07/01/2019,MO,0758,01,MARLBORO TWP PD,,0,1,0,0,I,B,N,N,11,1,ROOSEVELT AVE **,,,,13281055__,.09,07,,01,04,02,00,05,00,05,01,50,FE,E,HARRINGTON TER,,,,25,25,61,,,N,MAILBOX (61 ROOSEVELT AVENUE),128
2019132819-020403,MONMOUTH,MARLBORO TWP,07/01/2019,MO,1101,01,MARLBORO TWP PD,,0,0,0,0,P,B,N,N,11,1,NJ 79,S,79,,00000079__,5.71,02,,01,04,02,01,01,01,05,02,5,FE,S,BUCK LN,,,,40,25,00,,,N,FIRE HYDRANT STRUCK AND LAYING HORIZONTAL,136
2019132819-020414,MONMOUTH,MARLBORO TWP,07/01/2019,MO,1232,01,MARLBORO TWP PD,,0,0,0,0,P,B,N,N,06,2,QUEBEC RD **,W,,,13281147__,.16,07,,01,04,02,01,01,01,05,01,20,FE,E,MAPLE ST,,,,25,25,26,,,N,,136
2019132819-020515,MONMOUTH,MARLBORO TWP,07/02/2019,TU,0823,01,MARLBORO TWP PD,,0,0,0,0,P,B,N,N,15,2,NJ 18,N,18,,00000018__,28.00,02,,01,04,02,01,01,01,01,01,,,,,,,,65,,09,,,N,,131
2019132819-020645,MONMOUTH,MARLBORO TWP,07/03/2019,WE,1009,01,MARLBORO TWP PD,,0,0,0,0,P,B,N,N,02,2,ROUTE 520,W,520,,00000520__,6.69,05,,01,04,02,01,01,01,05,01,60,FE,E,NJ 79 / MAIN ST,,,,45,45,26,,,N,,143
2019132819-020709,MONMOUTH,MARLBORO TWP,07/03/2019,WE,1710,01,MARLBORO TWP PD,,0,0,0,0,P,I,N,N,14,1,MONMOUTH COUNTY 3,S,3,,13000003__,9.24,05,,01,04,02,01,01,01,05,01,,AT,,CHURCH LN,,,,35,25,21,,,N,,133
2019132819-020711,MONMOUTH,MARLBORO TWP,07/04/2019,TH,1756,01,MARLBORO TWP PD,,0,1,0,0,I,I,N,N,03,2,GORDONS CORNER RD / WICKATUNK RD,,,,13261117__,.97,07,,01,04,02,01,01,01,02,01,,AT,,ROBERTSVILLE RD,,,,35,25,26,,,N,,135
2019132819-020717,MONMOUTH,MARLBORO TWP,07/03/2019,WE,1818,01,MARLBORO TWP PD,,0,0,0,0,P,B,N,N,02,2,US 9,N,9,,00000009__,120.97,02,,01,04,02,01,01,01,02,01,50,FE,,,T,ROUTE 520,WB,55,,26,,,N,,142
2019132819-020721,MONMOUTH,MARLBORO TWP,07/04/2019,TH,1909,01,MARLBORO TWP PD,,0,0,0,0,P,B,N,N,07,2,78 ROUTE 9 NORTH,,,,,,09,,01,04,02,01,01,01,02,01,,,,,,,,,,26,,,N,,142
2019132819-020767,MONMOUTH,MARLBORO TWP,07/04/2019,TH,0742,01,MARLBORO TWP PD,,0,0,0,0,P,B,N,N,12,1,GORDONS CORNER RD **,N,,,,,07,,01,04,02,01,01,01,05,01,,,S,SCARBORUGH WAY,,,,40,25,24,,,N,,90
2019132819-020946,MONMOUTH,MARLBORO TWP,07/05/2019,FR,1723,01,MARLBORO TWP PD,,0,0,0,0,P,B,N,N,02,2,NJ 18,N,18,,00000018__,25.00,02,,01,04,02,01,01,01,01,01,,,,,,,,65,,26,,,N,JL AUTOMOTIVE,65
2019132819-020949,MONMOUTH,MARLBORO TWP,07/05/2019,FR,1757,01,MARLBORO TWP PD,,0,0,0,0,P,I,N,N,03,2,TOPANEMUS RD **,S,,,13281012__,.00,07,,01,04,02,01,01,01,05,01,,AT,,ROBERTSVILLE RD,,,,35,40,26,,,N,,141
2019132819-021030,MONMOUTH,MARLBORO TWP,07/06/2019,SA,1431,01,MARLBORO TWP PD,,0,4,0,0,I,B,N,N,01,3,ROUTE 520,E,520,,00000520__,6.72,05,,01,06,02,02,01,02,05,01,200,FE,E,NJ 79 / MAIN ST,,,,45,55,26,,,N,,131
2019132819-021110,MONMOUTH,MARLBORO TWP,07/07/2019,SU,1403,01,MARLBORO TWP PD,,0,0,0,0,P,B,N,N,11,1,NJ 18,S,18,,00000018__,29.00,02,,01,04,02,01,01,01,03,01,25,FE,,,,,,65,,46,,,N,GUARD RAIL SCRAPED  NOT DENTED OR SEVERE DAMAGE,127
2019132819-021112,MONMOUTH,MARLBORO TWP,07/07/2019,SU,1435,01,MARLBORO TWP PD,,0,0,0,0,P,I,N,N,02,2,MONMOUTH COUNTY 3,E,3,,13000003__,9.95,05,,01,04,02,01,01,01,05,01,,AT,,NOLAN RD,,,,35,25,26,,,N,,131
2019132819-021289,MONMOUTH,MARLBORO TWP,07/09/2019,TU,0848,01,MARLBORO TWP PD,,0,0,0,0,P,B,N,N,01,3,MONMOUTH COUNTY 3,N,3,,13000003__,5.71,05,,01,04,02,01,01,01,05,01,10,FE,S,MENZEL LN,,,,40,25,26,,,N,,90
2019132819-021348,MONMOUTH,MARLBORO TWP,07/09/2019,TU,1622,01,MARLBORO TWP PD,,0,4,0,0,I,B,N,N,01,5,NJ 79,N,79,,00000079__,4.41,02,,01,04,02,01,01,01,05,01,50,FE,N,BUCTHERS LN,,,,45,25,26,,,N,,90
2019132819-021354,MONMOUTH,MARLBORO TWP,07/09/2019,TU,1745,01,MARLBORO TWP PD,,0,0,0,0,P,B,N,N,01,2,MONMOUTH COUNTY 3,S,3,,13000003__,6.05,05,,01,04,02,01,01,01,05,01,300,FE,N,ROUTE 520,,,,40,45,26,,,N,,130
2019132819-021448,MONMOUTH,MARLBORO TWP,07/10/2019,WE,1532,01,MARLBORO TWP PD,,0,1,0,0,I,B,N,N,02,2,ROUTE 520,E,520,,00000520__,7.85,05,,01,06,02,01,01,01,05,01,10,FE,W,BOUNDRY RD / CONOVER RD,,,,45,50,26,,,N,,116
2019132819-021450,MONMOUTH,MARLBORO TWP,07/10/2019,WE,1620,01,MARLBORO TWP PD,,0,1,0,0,I,B,N,N,01,3,ROUTE 520,W,520,,00000520__,6.77,05,,01,04,02,01,01,01,05,01,500,FE,E,NJ 79 / MAIN ST,,,,45,50,26,,,N,,
2019132819-021530,MONMOUTH,MARLBORO TWP,07/11/2019,TH,1126,01,MARLBORO TWP PD,,0,0,0,0,P,B,N,N,15,2,NJ 18,N,18,,00000018__,24.10,02,,01,04,02,01,01,01,01,01,,,,,,,,65,,99,,,N,,116
2019132819-021563,MONMOUTH,MARLBORO TWP,07/11/2019,TH,1537,01,MARLBORO TWP PD,,0,0,0,0,P,B,N,N,01,2,WYNCREST RD,N,,,,,07,,01,04,02,01,01,01,05,01,20,FE,S,GIBSON CT,,,,35,25,26,,,N,,70
2019132819-021611,MONMOUTH,MARLBORO TWP,07/12/2019,FR,0744,01,MARLBORO TWP PD,,0,0,0,0,P,B,N,N,02,2,NJ 18,N,18,,00000018__,28.60,02,,01,04,02,01,01,01,01,01,,,,,,,,65,,26,,,N,,90
2019132819-021658,MONMOUTH,MARLBORO TWP,07/12/2019,FR,1501,01,MARLBORO TWP PD,,0,0,0,0,P,B,N,N,02,2,NJ 79,N,79,,00000079__,5.41,02,,01,04,02,01,01,01,01,01,300,FE,S,SCHOOL RD,,,,45,25,26,,,N,,135
2019132819-021712,MONMOUTH,MARLBORO TWP,07/13/2019,SA,0055,01,MARLBORO TWP PD,,0,0,0,0,P,B,N,N,12,1,ROUTE 520,E,520,,00000520__,2.54,07,,02,04,02,01,05,01,05,01,50,FE,W,STOKES LN,,,,35,25,24,,,N,,144
2019132819-021832,MONMOUTH,MARLBORO TWP,07/14/2019,SU,0042,01,MARLBORO TWP PD,,0,1,0,0,I,B,N,N,12,1,US 9,S,9,,00000009__,120.33,02,,01,04,02,01,07,01,02,01,100,FE,N,LONGFELLOW TER,,,,55,25,24,,,N,,144
2019132819-021910,MONMOUTH,MARLBORO TWP,07/14/2019,SU,1703,01,MARLBORO TWP PD,,0,0,0,0,P,B,N,N,06,2,STONY HILL DR **,,,,13281418__,.52,07,,03,04,02,01,01,01,05,01,200,FE,N,PATIGO LN,,,,25,25,26,,,N,,137
2019132819-021924,MONMOUTH,MARLBORO TWP,07/14/2019,SU,2016,01,MARLBORO TWP PD,,0,0,0,0,P,B,N,N,01,2,NJ 18,N,18,,00000018__,27.20,02,,01,04,02,01,05,01,01,01,,,,,,,,65,,26,,,N,,128
2019132819-021926,MONMOUTH,MARLBORO TWP,07/14/2019,SU,2025,01,MARLBORO TWP PD,,0,0,0,0,P,B,N,N,01,2,NJ 18,N,18,,00000018__,27.50,02,,01,04,02,01,01,01,01,01,,,,,,,,65,,26,,,N,,83
2019132819-021929,MONMOUTH,MARLBORO TWP,07/14/2019,SU,2047,01,MARLBORO TWP PD,,0,0,0,0,P,B,N,N,01,2,NJ 18,N,18,,00000018__,27.20,02,,01,04,02,01,05,01,01,01,,,,,,,,65,,26,,,N,,128
2019132819-021930,MONMOUTH,MARLBORO TWP,07/14/2019,SU,2111,01,MARLBORO TWP PD,,0,0,0,0,P,B,N,N,12,1,NJ 18,S,18,,00000018__,25.10,02,,01,04,02,01,05,01,01,01,,,,,,,,65,,24,,,N,,128
2019132819-022028,MONMOUTH,MARLBORO TWP,07/15/2019,MO,1615,01,MARLBORO TWP PD,,0,0,0,0,P,B,N,N,01,2,ROUTE 520,E,520,,00000520__,3.36,07,,01,04,02,01,01,01,05,,25,FE,W,E FRANCIS AVE,,,,40,25,26,,,N,,127
2019132819-022030,MONMOUTH,MARLBORO TWP,07/15/2019,MO,1649,01,MARLBORO TWP PD,,0,0,0,0,P,I,N,N,07,2,ROUTE 520,,520,,00000520__,5.23,07,,01,04,02,01,01,01,05,01,,AT,,GORDONS CORNER RD,,,,45,40,26,,,N,,116
2019132819-022038,MONMOUTH,MARLBORO TWP,07/15/2019,MO,1840,01,MARLBORO TWP PD,,0,0,0,0,P,B,N,N,01,2,ROUTE 520,W,520,,00000520__,2.85,07,,01,04,02,01,01,01,05,01,50,FE,E,US 9,,,,45,55,26,,,N,,120
2019132819-022093,MONMOUTH,MARLBORO TWP,07/16/2019,TU,0918,01,MARLBORO TWP PD,,0,0,0,0,P,B,N,N,07,2,BOUNDARY RD,,,,13091145__,2.70,07,,01,05,02,01,01,01,05,01,5,FE,S,ROUTE 520 / NEW SPRING RD,,,,35,45,26,,,N,,116
2019132819-022151,MONMOUTH,MARLBORO TWP,07/16/2019,TU,1729,01,MARLBORO TWP PD,,0,0,0,0,P,B,N,N,01,2,VANDERBURG RD **,,,,13281099__,.00,05,,01,04,02,01,01,01,05,01,10,FE,E,NJ 79,,,,35,40,26,,,N,,116
2019132819-022159,MONMOUTH,MARLBORO TWP,07/16/2019,TU,1924,01,MARLBORO TWP PD,,0,0,0,0,P,I,N,N,01,2,UNION HILL RD,E,,,13261531__,1.50,07,,01,04,02,01,01,01,05,01,,AT,,CLAYTON RD,,,,35,25,,,,N,,109
2019132819-022213,MONMOUTH,MARLBORO TWP,07/17/2019,WE,0936,01,MARLBORO TWP PD,,0,0,0,0,P,B,N,N,01,2,CANADIAN WOODS RD **,S,,,13281146__,.63,07,,01,04,02,01,01,01,05,01,20,FE,S,ROBERTSVILLE RD,,,,25,25,26,,,N,,144
2019132819-022320,MONMOUTH,MARLBORO TWP,07/18/2019,TH,0830,01,MARLBORO TWP PD,,0,0,0,0,P,B,N,N,11,1,DAMASCUS DR **,S,,,13281476__,.00,07,,01,04,02,01,01,01,05,01,10,FE,S,TOPANEMUS RD,,,,25,35,56,,,N,LANDSCAPE AND PROPERTY OF #2 DAMASCUS DRIVE  MARLBORO  NJ,90
2019132819-022331,MONMOUTH,MARLBORO TWP,07/18/2019,TH,0713,01,MARLBORO TWP PD,,0,0,0,0,P,B,N,N,01,2,ROUTE 520,E,520,,00000520__,4.93,07,,01,06,02,01,01,05,05,01,25,FE,W,CRINE RD,,,,40,45,26,,,N,,70
2019132819-022386,MONMOUTH,MARLBORO TWP,07/18/2019,TH,1747,01,MARLBORO TWP PD,,0,0,0,0,P,B,N,N,02,2,US 9,N,9,,00000009__,121.50,02,,01,04,02,02,01,02,03,01,300,FE,S,TEXAS ROAD,,,,55,45,26,,,N,,133
2019132819-022441,MONMOUTH,MARLBORO TWP,07/19/2019,FR,0819,01,MARLBORO TWP PD,,0,0,0,0,P,B,N,N,08,2,BRUNSWICK RD **,,,,13281213__,.04,07,,01,04,02,01,01,01,05,01,-10,FE,N,REGINA RD,,,,25,25,26,,,N,,122
2019132819-022491,MONMOUTH,MARLBORO TWP,07/19/2019,FR,1554,01,MARLBORO TWP PD,,0,0,0,0,P,I,N,N,03,2,GREENWOOD RD **,E,,,13281059__,.55,07,,01,04,02,01,01,01,05,01,,AT,,TEXAS RD,,,,45,35,26,,,N,STREET SIGN (TEXAS/GREENWOOD),128
2019132819-022536,MONMOUTH,MARLBORO TWP,07/20/2019,SA,0453,01,MARLBORO TWP PD,,0,0,0,0,P,B,N,N,99,1,MONMOUTH COUNTY 3,N,3,,13000003__,7.32,05,,01,04,02,01,,01,,,2640,FE,S,HARBOR RD / SPRING VALLEY RD,,,,45,25,57,,,N,,109
2019132819-022582,MONMOUTH,MARLBORO TWP,07/20/2019,SA,1158,01,MARLBORO TWP PD,,0,0,0,0,P,B,N,N,03,2,NJ 79,N,79,,00000079__,5.46,02,,01,04,02,01,01,01,05,01,75,FE,S,SCHOOL RD,,,,40,25,26,,,N,,65
2019132819-022647,MONMOUTH,MARLBORO TWP,07/21/2019,SU,0948,01,MARLBORO TWP PD,,0,0,0,0,P,B,N,N,01,2,MONMOUTH COUNTY 3,,3,,13000003__,9.04,05,,01,04,02,01,01,01,05,01,600,FE,W,GREENWOOD RD,,,,35,35,26,,,N,,116
2019132819-022653,MONMOUTH,MARLBORO TWP,07/21/2019,SU,1106,01,MARLBORO TWP PD,,0,2,0,0,I,B,N,N,01,2,NJ 79,S,79,,00000079__,6.60,02,,01,04,02,01,01,01,05,01,100,FE,N,QUINCY ST,,,,50,25,26,,,N,,116
2019132819-022672,MONMOUTH,MARLBORO TWP,07/21/2019,SU,1846,01,MARLBORO TWP PD,,0,0,0,0,P,B,N,N,11,1,NJ 79,S,79,,00000079__,4.40,02,,01,04,02,01,01,01,05,01,10,FE,S,BUCTHERS LN,,,,50,,47,,,N,GUARDRAIL SUPPORT CABLE BROKEN OFF,141
2019132819-022677,MONMOUTH,MARLBORO TWP,07/21/2019,SU,1934,01,MARLBORO TWP PD,,0,0,0,0,P,B,N,N,08,2,BRANCH CT **,S,,,13281511__,.00,07,,01,04,02,01,03,01,05,,50,FE,S,MANOR DR,,,,25,25,26,,,N,,138
2019132819-022690,MONMOUTH,MARLBORO TWP,07/21/2019,SU,2216,01,MARLBORO TWP PD,,0,0,0,0,P,B,N,N,11,1,ROUTE 520,E,520,,00000520__,4.66,07,,01,04,02,01,07,01,05,01,50,FE,E,EMERALD DR,,,,45,25,60,,,N,,124
2019132819-022703,MONMOUTH,MARLBORO TWP,07/22/2019,MO,0250,01,MARLBORO TWP PD,,0,0,0,0,P,B,N,N,12,1,ROUTE 520,W,520,,00000520__,3.38,07,,01,04,02,01,06,05,05,01,100,FE,E,E FRANCIS AVE,,,,45,25,24,,,N,,124
2019132819-022710,MONMOUTH,MARLBORO TWP,07/22/2019,MO,0656,01,MARLBORO TWP PD,,0,0,0,0,P,I,N,N,03,2,WYNCREST RD,S,,,13281118__,1.00,07,,01,04,02,01,01,01,05,01,,AT,,SILLS DR,,,,35,25,26,,,N,,58
2019132819-022767,MONMOUTH,MARLBORO TWP,07/22/2019,MO,1808,01,MARLBORO TWP PD,,0,1,0,0,I,B,N,N,11,1,WYNCREST RD,S,,,13281118__,.63,07,,01,04,02,02,01,02,05,01,20,FE,N,GORDONS CORNER RD,,,,40,35,56,,,N,,90