Year(4)-CountyCode(2)-MunicipalityCode(2)-CaseNumber(9),County Name,Municipality Name,Crash Date,Crash Day of Week,Crash Time,Police Department Code,Police Department,Police Station,Total Killed,Total Injured,Pedestrians Killed,Pedestrians Injured,Severity,Intersection,Alcohol Involved,Hazmat Involved,Crash Type,Total Vehicles,Location,Location Direction,Route,Route Suffix,Std Rte Identifier,MilePost,Road System,Road Character,Road Horizontal Alignment,Road Grade,Road Surface Type,Surface Condition,Light Condition,Environmental Condition,Road Divided By,Temporary Traffic Control Zone,Distance To Cross Street,Unit Of Measurement,Direction From Cross Street,Cross Street Name,Is Ramp,Ramp To/From Route Name,Ramp To/From Route Direction,Posted Speed,Posted Speed Cross Street,First Harmful Event,Latitude,Longitude,Cell Phone In Use Flag,Other Property Damage,Reporting Badge No.
2019132819-027906,MONMOUTH,MARLBORO TWP,09/10/2019,TU,1257,01,MARLBORO TWP PD,,0,0,0,0,P,B,N,N,15,3,US 9,N,9,,00000009__,119.97,02,,01,04,02,01,01,01,03,01,5280,FE,S,ROUTE 520 / ROBERTSVILLE RD,,,,55,45,39,,,N,,122
2019132819-027932,MONMOUTH,MARLBORO TWP,09/10/2019,TU,1533,01,MARLBORO TWP PD,,0,0,0,0,P,B,N,N,12,1,NJ 18,N,18,,00000018__,23.40,02,,01,04,02,01,01,01,01,01,,,,,,,,65,,24,,,N,,136
2019132819-027934,MONMOUTH,MARLBORO TWP,09/10/2019,TU,1542,01,MARLBORO TWP PD,,0,2,0,0,I,B,N,N,01,2,US 9,S,9,,00000009__,119.98,02,,01,04,02,01,01,01,03,,100,FE,S,UNION HILL RD,,,,55,40,26,,,N,,127
2019132819-027946,MONMOUTH,MARLBORO TWP,09/10/2019,TU,1833,01,MARLBORO TWP PD,,0,0,0,0,P,B,N,N,12,1,ROUTE 520,E,520,,00000520__,3.41,07,,01,04,02,01,01,01,05,01,50,FE,E,CREST DR,,,,45,25,24,,,N,,124
2019132819-027976,MONMOUTH,MARLBORO TWP,09/11/2019,WE,0001,01,MARLBORO TWP PD,,0,1,0,0,I,B,Y,N,11,1,ROUTE 520,E,520,,00000520__,4.46,07,,01,04,02,01,07,01,04,01,1000,FE,W,EMERALD DR,,,,45,25,52,,,N,POLE # JC2083MA,147
2019132819-027982,MONMOUTH,MARLBORO TWP,09/11/2019,WE,0555,01,MARLBORO TWP PD,,0,1,0,0,I,I,N,N,03,2,GREENWOOD RD **,S,,,13281059__,.55,07,,01,04,02,01,02,01,05,01,,AT,,TEXAS RD,,,,45,35,25,,,N,,92
2019132819-028004,MONMOUTH,MARLBORO TWP,09/11/2019,WE,1018,01,MARLBORO TWP PD,,0,0,0,0,P,B,N,N,08,2,SUNSHINE CIRCLE,W,,,,,07,,01,04,02,01,01,01,05,01,100,FE,,IVY HILL DRIVE,,,,25,25,28,,,N,,143
2019132819-028041,MONMOUTH,MARLBORO TWP,09/11/2019,WE,1432,01,MARLBORO TWP PD,,0,0,0,0,P,B,N,N,01,2,ROUTE 520,E,520,,00000520__,5.86,07,,02,06,02,01,01,01,05,01,100,FE,W,WYNCREST RD,,,,45,35,26,,,N,,143
2019132819-028077,MONMOUTH,MARLBORO TWP,09/11/2019,WE,1956,01,MARLBORO TWP PD,,0,1,0,1,I,B,N,N,13,1,NJ 79,N,79,,00000079__,8.74,02,,01,04,02,01,06,01,05,01,5,FE,S,FLOWER LN,,,,50,25,22,,,N,,146
2019132819-028165,MONMOUTH,MARLBORO TWP,09/12/2019,TH,1433,01,MARLBORO TWP PD,,0,0,0,0,P,B,N,N,01,2,US 9,N,9,,00000009__,119.90,02,,01,04,02,01,01,01,02,01,528,FE,S,UNION HILL RD,,,,55,40,26,,,N,,145
2019132819-028179,MONMOUTH,MARLBORO TWP,09/12/2019,TH,1627,01,MARLBORO TWP PD,,0,0,0,0,P,B,N,N,02,2,ROUTE 520,E,520,,00000520__,2.84,07,,01,04,02,02,01,02,04,01,20,FE,W,US 9,,,,45,55,25,,,N,,113
2019132819-028225,MONMOUTH,MARLBORO TWP,09/13/2019,FR,0749,01,MARLBORO TWP PD,,0,0,0,0,P,B,N,N,06,2,483 ROUTE 79,,,,,,09,,01,04,02,01,01,01,05,01,,,,,,,,,,26,,,N,,147
2019132819-028286,MONMOUTH,MARLBORO TWP,09/13/2019,FR,1935,01,MARLBORO TWP PD,,0,0,0,0,P,B,N,N,12,1,NJ 18,N,18,,00000018__,23.50,02,,01,04,02,01,05,01,01,01,,,,,,,,65,,24,,,N,,134
2019132819-028291,MONMOUTH,MARLBORO TWP,09/13/2019,FR,1958,01,MARLBORO TWP PD,,0,0,0,0,P,B,N,N,12,1,ROUTE 520,E,520,,00000520__,5.24,07,,01,04,02,01,05,01,05,01,50,FE,E,GORDONS CORNER RD,,,,45,35,24,,,N,,83
2019132819-028335,MONMOUTH,MARLBORO TWP,09/14/2019,SA,1221,01,MARLBORO TWP PD,,0,0,0,0,P,B,N,N,01,2,NJ 79,S,79,,00000079__,6.77,02,,01,05,02,01,01,01,05,01,250,FE,S,ROUTE 520 / NEWMAN SPRINGS RD,,,,40,40,26,,,N,,118
2019132819-028336,MONMOUTH,MARLBORO TWP,09/14/2019,SA,1225,01,MARLBORO TWP PD,,0,0,0,0,P,I,N,N,11,1,PALOMINO WAY **,E,,,13281482__,.00,07,,01,04,02,01,06,01,05,01,,AT,,ROBERTSVILLE RD,,,,35,25,51,,,N,STOP SIGN OF PALOMINO/ ROBERTSVILLE DAMAGED  METAL TELE BOX ON 3 PALOMINO DAMAG?,136
2019132819-028343,MONMOUTH,MARLBORO TWP,09/14/2019,SA,1507,01,MARLBORO TWP PD,,0,0,0,0,P,B,N,N,02,2,US 9,S,9,,00000009__,120.00,02,,03,06,02,01,01,01,02,01,,,,,T,UNION HILL RD,WB,55,,26,,,N,,131
2019132819-028466,MONMOUTH,MARLBORO TWP,09/15/2019,SU,1838,01,MARLBORO TWP PD,,0,0,0,0,P,B,N,N,11,1,LAFAYETTE RD,W,,,,,07,,01,04,02,01,01,01,05,,100,FE,W,ROBERTSVILLE RD,,,,25,35,52,,,N,JCPL POLE (SUPPORT NO POLE #) CLOSET POLE #JC-1080-MAR,83
2019132819-028503,MONMOUTH,MARLBORO TWP,09/16/2019,MO,1013,01,MARLBORO TWP PD,,0,0,0,0,P,B,N,N,08,2,MONMOUTH COUNTY 3,W,3,,13000003__,9.58,05,,01,04,02,01,01,01,04,01,5,FE,,NJ 79,,,,35,40,26,,,N,,145
2019132819-028547,MONMOUTH,MARLBORO TWP,09/16/2019,MO,1719,01,MARLBORO TWP PD,,0,0,0,0,P,B,N,N,08,2,7 SOUTH MAIN STREET,,,,,,09,,01,04,02,01,01,01,05,01,,,,,,,,,,26,,,N,,144
2019132819-028735,MONMOUTH,MARLBORO TWP,09/18/2019,WE,1515,01,MARLBORO TWP PD,,0,0,0,0,P,I,N,N,03,2,CRINE RD **,,,,13281010__,1.31,07,,01,04,02,01,01,01,05,01,,AT,,SCOTT DR / OPATUT CT,,,,40,25,26,,,N,,
2019132819-028736,MONMOUTH,MARLBORO TWP,09/18/2019,WE,1517,01,MARLBORO TWP PD,,0,0,0,0,P,B,N,N,01,3,NJ 79,N,79,,00000079__,5.58,02,,01,04,02,01,01,01,05,01,10,FE,S,NJ 4 / VANDERBURG RD,,,,40,40,26,,,N,,87
2019132819-028748,MONMOUTH,MARLBORO TWP,09/18/2019,WE,1702,01,MARLBORO TWP PD,,0,0,0,0,P,B,N,N,11,1,MONMOUTH COUNTY 46,,46,,13000046__,2.62,05,,01,04,02,01,01,01,05,01,1320,FE,N,CRAIG DR / LECARRE DR,,,,40,25,52,,,N,,116
2019132819-028755,MONMOUTH,MARLBORO TWP,09/18/2019,WE,1810,01,MARLBORO TWP PD,,0,0,0,0,P,B,N,N,01,2,NJ 79,S,79,,00000079__,4.65,02,,01,04,02,01,01,01,05,01,35,FE,N,INVERNESS DR / RYAN RD,,,,50,35,26,,,N,,116
2019132819-028794,MONMOUTH,MARLBORO TWP,09/19/2019,TH,0748,01,MARLBORO TWP PD,,0,0,0,0,P,B,N,N,01,2,NJ 79,N,79,,00000079__,10.90,02,,01,04,02,01,01,01,05,01,250,FE,N,NOLAN RD,,,,45,25,26,,,N,,81
2019132819-028799,MONMOUTH,MARLBORO TWP,09/19/2019,TH,0808,01,MARLBORO TWP PD,,0,0,0,0,P,B,N,N,15,3,US 9,N,9,,00000009__,119.90,02,,01,04,02,01,01,01,02,01,528,FE,S,UNION HILL RD,,,,55,35,30,,,N,,
2019132819-028873,MONMOUTH,MARLBORO TWP,09/19/2019,TH,2214,01,MARLBORO TWP PD,,0,0,0,0,P,I,N,N,05,2,ROUTE 520,W,520,,00000520__,5.88,07,,01,04,02,01,06,01,05,01,,AT,,WYNCREST RD,,,,45,35,26,,,N,,92
2019132819-028888,MONMOUTH,MARLBORO TWP,09/20/2019,FR,0313,01,MARLBORO TWP PD,,0,0,0,0,P,B,N,N,12,1,NJ 18,S,18,,00000018__,30.00,02,,01,04,02,01,05,01,01,01,,,,,,,,65,,26,,,N,,109
2019132819-028951,MONMOUTH,MARLBORO TWP,09/20/2019,FR,1454,01,MARLBORO TWP PD,,0,0,0,0,P,B,N,N,02,2,NJ 79,N,79,,00000079__,5.28,02,,01,04,02,01,01,01,01,01,1000,FE,S,SCHOOL RD,,,,50,25,26,,,N,,144
2019132819-028960,MONMOUTH,MARLBORO TWP,09/20/2019,FR,1551,01,MARLBORO TWP PD,,0,0,0,0,P,B,N,N,12,1,NJ 18,S,18,,00000018__,26.60,02,,01,04,02,01,01,01,01,01,,,,,,,,65,,24,,,N,,144
2019132819-028984,MONMOUTH,MARLBORO TWP,09/20/2019,FR,1940,01,MARLBORO TWP PD,,0,0,0,0,P,B,N,N,01,2,US 9,N,9,,00000009__,120.95,02,,01,04,02,01,07,01,03,01,100,FE,S,ROUTE 520 / ROBERTSVILLE RD,,,,55,45,26,,,N,,114
2019132819-029011,MONMOUTH,MARLBORO TWP,09/21/2019,SA,0744,01,MARLBORO TWP PD,,0,0,0,0,P,B,N,N,11,2,WOOLEYTOWN RD **,W,,,13281005__,.00,07,,01,04,02,01,01,01,05,01,10,FE,W,CR 3 / TENNENT RD,,,,25,40,52,,,N,UTILITY POLE JC079MAR,145
2019132819-029114,MONMOUTH,MARLBORO TWP,09/22/2019,SU,1603,01,MARLBORO TWP PD,,0,0,0,0,P,B,N,N,01,2,US 9,N,9,,00000009__,120.88,02,,01,04,02,01,01,01,01,01,500,FE,S,ROUTE 520 / ROBERTSVILLE RD,,,,55,45,26,,,N,,144
2019132819-029122,MONMOUTH,MARLBORO TWP,09/22/2019,SU,1923,01,MARLBORO TWP PD,,0,0,0,0,P,B,N,N,12,1,ROBERTSVILLE RD,,,,13261114__,.73,07,,01,06,02,01,03,01,04,01,634,FE,S,TOPANEMUS RD,,,,35,25,24,,,N,,142
2019132819-029156,MONMOUTH,MARLBORO TWP,09/23/2019,MO,0805,01,MARLBORO TWP PD,,0,0,0,0,P,B,N,N,02,2,NJ 18,S,18,,00000018__,27.20,02,,01,04,02,01,01,01,01,01,,,,,,,,65,,26,,,N,,116
2019132819-029158,MONMOUTH,MARLBORO TWP,09/23/2019,MO,0822,01,MARLBORO TWP PD,,0,0,0,0,P,B,N,N,05,2,AMBOY RD **,N,,,13281043__,1.38,07,,02,06,02,01,01,01,05,,2640,FE,E,TEXAS RD,,,,35,40,26,,,N,,122
2019132819-029297,MONMOUTH,MARLBORO TWP,09/24/2019,TU,1543,01,MARLBORO TWP PD,,0,0,0,0,P,I,N,N,05,2,VANDERBURG RD **,E,,,13281099__,1.38,05,,01,05,02,01,01,01,05,01,,AT,,BOUNDARY RD,,,,40,40,26,,,N,,87
2019132819-029351,MONMOUTH,MARLBORO TWP,09/25/2019,WE,0757,01,MARLBORO TWP PD,,0,0,0,0,P,B,N,N,02,2,ROUTE 520,E,520,,00000520__,2.94,07,,01,06,02,01,01,01,04,01,75,FE,E,KENDUCK DR,,,,45,15,26,,,N,,113
2019132819-029405,MONMOUTH,MARLBORO TWP,09/25/2019,WE,1716,01,MARLBORO TWP PD,,0,1,0,0,I,B,N,N,03,2,AMBOY RD **,W,,,13281043__,.00,07,,02,04,02,01,01,01,05,01,200,FE,W,CR 3 / TENNENT RD,,,,35,40,26,,,N,,90
2019132819-029435,MONMOUTH,MARLBORO TWP,09/25/2019,WE,2350,01,MARLBORO TWP PD,,0,2,0,0,I,B,N,N,01,2,NJ 18,S,18,,00000018__,27.00,02,,01,04,02,01,05,01,01,01,,,,,,,,65,,26,,,N,DAMAGE TO GUARDRAIL ON STATE HIGHWAY 18 SOUTH NEAR MM 27,140
2019132819-029443,MONMOUTH,MARLBORO TWP,09/26/2019,TH,0615,01,MARLBORO TWP PD,,0,0,0,0,P,B,N,N,01,2,US 9,N,9,,00000009__,121.50,02,,01,04,02,01,02,01,03,01,1056,FE,,TEXAS ROAD,,,,55,45,26,,,N,,140
2019132819-029664,MONMOUTH,MARLBORO TWP,09/28/2019,SA,1407,01,MARLBORO TWP PD,,0,0,0,0,P,B,N,N,01,2,MONMOUTH COUNTY 3,N,3,,13000003__,5.81,05,,01,04,02,01,01,01,05,01,15,FE,S,UNION HILL RD,,,,45,35,26,,,N,,58
2019132819-029672,MONMOUTH,MARLBORO TWP,09/28/2019,SA,1510,01,MARLBORO TWP PD,,0,0,0,0,P,I,N,N,03,2,CRINE LN **,N,,,13281658__,.24,07,,02,06,02,01,01,01,05,01,,AT,,CRINE RD,,,,40,25,26,,,N,,128
2019132819-029677,MONMOUTH,MARLBORO TWP,09/28/2019,SA,1605,01,MARLBORO TWP PD,,0,2,0,0,I,I,N,N,03,2,MONMOUTH COUNTY 3,N,3,,13000003__,7.82,05,,01,04,02,01,01,01,05,01,,AT,,HARBOR RD / SPRING VALLEY RD,,,,40,35,26,,,N,,122
2019132819-029755,MONMOUTH,MARLBORO TWP,09/29/2019,SU,1129,01,MARLBORO TWP PD,,0,5,0,0,I,I,N,N,03,3,FALSON LN **,E,,,13281006__,.00,07,,01,04,02,01,01,01,05,01,,AT,,TEXAS RD,,,,45,25,26,,,N,,81
2019132819-029770,MONMOUTH,MARLBORO TWP,09/29/2019,SU,1515,01,MARLBORO TWP PD,,0,0,0,0,P,B,N,N,08,2,BEDFORD PLACE,S,,,,,07,,01,04,02,01,01,01,03,01,100,FE,S,TEXAS ROAD,,,,25,,26,,,N,,127
2019132819-029829,MONMOUTH,MARLBORO TWP,09/30/2019,MO,0646,01,MARLBORO TWP PD,,0,0,0,0,P,B,N,N,01,2,MONMOUTH COUNTY 3,S,3,,13000003__,7.31,05,,01,04,02,01,01,01,05,01,40,FE,N,CRINE RD,,,,45,35,26,,,N,,58
2019132819-029846,MONMOUTH,MARLBORO TWP,09/30/2019,MO,0817,01,MARLBORO TWP PD,,0,0,0,0,P,B,N,N,02,2,US 9,N,9,,00000009__,120.00,02,,01,04,02,01,01,01,02,01,,,,,,,,55,,26,,,N,,90
2019132819-029894,MONMOUTH,MARLBORO TWP,09/30/2019,MO,1245,01,MARLBORO TWP PD,,0,0,0,0,P,B,N,N,13,1,CHAMONIX LN **,E,,,13281309__,.00,07,,01,04,02,01,01,01,05,05,20,FE,W,MARSEILLE TER,,,,25,25,22,,,N,,90
2019132819-029972,MONMOUTH,MARLBORO TWP,10/01/2019,TU,0508,01,MARLBORO TWP PD,,0,0,0,0,P,I,N,N,12,2,US 9,N,9,,00000009__,120.60,02,,01,04,02,01,02,01,01,,,AT,,BARTRAM RD,,,,55,25,24,,,N,,145
2019132819-029982,MONMOUTH,MARLBORO TWP,10/01/2019,TU,0808,01,MARLBORO TWP PD,,0,0,0,0,P,B,N,N,02,2,ROUTE 520,E,520,,00000520__,2.86,07,,01,04,02,01,01,01,05,01,100,FE,E,US 9,,,,45,55,26,,,N,,143
2019132819-030017,MONMOUTH,MARLBORO TWP,10/01/2019,TU,1156,01,MARLBORO TWP PD,,0,0,0,0,P,I,N,N,03,2,NJ 79,N,79,,00000079__,9.87,02,,01,07,02,01,01,01,04,01,,AT,,HARNLEY RD / LUKAS BLVD,,,,45,25,26,,,N,,143
2019132819-030053,MONMOUTH,MARLBORO TWP,10/01/2019,TU,1910,01,MARLBORO TWP PD,,0,0,0,0,P,I,N,N,03,2,NJ 79,S,79,,00000079__,5.47,02,,01,04,02,01,06,01,05,01,,AT,,SCHOOL RD,,,,50,25,26,,,N,,133
2019132819-030109,MONMOUTH,MARLBORO TWP,10/02/2019,WE,0817,01,MARLBORO TWP PD,,0,0,0,0,P,B,N,N,01,2,MONMOUTH COUNTY 3,N,3,,13000003__,5.80,05,,01,04,02,01,01,01,05,01,50,FE,S,UNION HILL RD,,,,40,35,26,,,N,,81
2019132819-030142,MONMOUTH,MARLBORO TWP,10/02/2019,WE,1438,01,MARLBORO TWP PD,,0,0,0,0,P,B,N,N,01,2,US 9,N,9,,00000009__,120.88,02,,03,05,02,01,01,01,03,01,500,FE,S,ROUTE 520 / ROBERTSVILLE RD,,,,55,45,26,,,N,,131
2019132819-030145,MONMOUTH,MARLBORO TWP,10/02/2019,WE,1451,01,MARLBORO TWP PD,,0,0,0,0,P,B,N,N,01,2,MONMOUTH COUNTY 3,S,3,,13000003__,6.03,05,,01,05,02,01,01,01,05,01,200,FE,N,ROUTE 520,,,,40,45,26,,,N,,147
2019132819-030154,MONMOUTH,MARLBORO TWP,10/02/2019,WE,1553,01,MARLBORO TWP PD,,0,0,0,0,P,B,N,N,03,2,ROUTE 520,W,520,,00000520__,3.60,07,,01,04,02,01,01,01,05,01,50,FE,W,GINESI DR,,,,45,25,26,,,N,,81
2019132819-030157,MONMOUTH,MARLBORO TWP,10/02/2019,WE,1638,01,MARLBORO TWP PD,,0,0,0,0,P,B,N,N,11,1,ROUTE 520,W,520,,00000520__,3.56,07,,01,04,02,01,01,01,05,01,250,FE,W,GINESI DR,,,,45,25,52,,,N,TELEPHONE POLE NUMBER 100-A,81
2019132819-030173,MONMOUTH,MARLBORO TWP,10/02/2019,WE,1821,01,MARLBORO TWP PD,,0,0,0,0,P,B,N,N,12,1,SCHOOL RD E,E,,,13091159__,2.39,07,,03,04,02,01,01,01,05,01,15,FE,E,COUNTRY CLUB LN,,,,25,25,26,,,N,,109
2019132819-030208,MONMOUTH,MARLBORO TWP,10/03/2019,TH,0832,01,MARLBORO TWP PD,,0,0,0,0,P,B,N,N,01,2,GORDONS CORNER RD **,S,,,13281402__,.00,07,,01,04,02,02,01,02,05,,5,FE,N,ROUTE 520,,,,40,45,26,,,N,,128
2019132819-030255,MONMOUTH,MARLBORO TWP,10/03/2019,TH,1754,01,MARLBORO TWP PD,,0,0,0,0,P,B,N,N,02,2,NJ 79,S,79,,00000079__,4.65,02,,01,04,02,02,01,02,05,01,50,FE,N,INVERNESS DR / RYAN RD,,,,50,35,26,,,N,,129
2019132819-030258,MONMOUTH,MARLBORO TWP,10/03/2019,TH,1854,01,MAPLEWOOD PD,,0,3,0,0,I,I,N,N,07,2,BLVD DE JARDIN **,E,,,13281347__,.00,07,,01,06,02,02,06,02,05,01,,AT,,TEXAS RD,,,,45,25,26,,,N,,138
2019132819-030282,MONMOUTH,MARLBORO TWP,10/04/2019,FR,0643,01,MARLBORO TWP PD,,0,1,0,0,I,I,N,N,03,3,MONMOUTH COUNTY 46,S,46,,13000046__,3.42,05,,01,04,02,01,01,01,05,01,,AT,,SCHOOL RD E,,,,45,35,26,,,N,,70
2019132819-030285,MONMOUTH,MARLBORO TWP,10/04/2019,FR,0700,01,MARLBORO TWP PD,,0,1,0,0,I,B,N,N,01,3,NJ 79,N,79,,00000079__,4.62,02,,01,05,02,02,01,01,,01,100,FE,S,INVERNESS DR / RYAN RD,,,,50,25,26,,,N,,
2019132819-030286,MONMOUTH,MARLBORO TWP,10/04/2019,FR,0708,01,MARLBORO TWP PD,,0,0,0,0,P,B,N,N,15,1,NJ 18,N,18,,00000018__,24.60,02,,01,04,02,01,01,01,01,01,,,,,,,,65,,39,,,N,,135
2019132819-030321,MONMOUTH,MARLBORO TWP,10/04/2019,FR,1157,01,MARLBORO TWP PD,,0,0,0,0,P,B,N,N,05,2,NJ 79,S,79,,00000079__,7.69,02,,01,04,02,01,01,01,05,01,100,FE,S,WYNCREST RD,,,,50,40,26,,,N,,70
2019132819-030325,MONMOUTH,MARLBORO TWP,10/04/2019,FR,1320,01,MARLBORO TWP PD,,0,0,0,0,P,B,N,N,01,2,US 9,W,9,,00000009__,120.00,02,,03,06,02,01,01,01,05,01,4,FE,E,,F,UNION HILL RD,SB,45,,26,,,N,,58
2019132819-030337,MONMOUTH,MARLBORO TWP,10/04/2019,FR,1513,01,MARLBORO TWP PD,,0,0,0,0,P,I,N,N,03,2,MONMOUTH COUNTY 3,S,3,,13000003__,7.82,05,,01,04,02,01,01,01,04,,,AT,,HARBOR RD / SPRING VALLEY RD,,,,40,25,26,,,N,,146
2019132819-030339,MONMOUTH,MARLBORO TWP,10/04/2019,FR,1551,01,MARLBORO TWP PD,,0,1,0,0,I,I,N,N,01,2,NJ 79,S,79,,00000079__,9.07,02,,01,04,02,01,01,01,04,,,AT,,CONOVER RD,,,,50,50,26,,,N,,143
2019132819-030351,MONMOUTH,MARLBORO TWP,10/04/2019,FR,1803,01,MARLBORO TWP PD,,0,0,0,0,P,B,N,N,12,1,BOUNDARY RD,S,,,13091145__,2.69,07,,01,06,02,01,01,01,05,01,50,FE,S,ROUTE 520 / NEW SPRING RD,,,,35,45,24,,,N,,133
2019132819-030414,MONMOUTH,MARLBORO TWP,10/05/2019,SA,1436,01,MARLBORO TWP PD,,0,1,0,0,I,B,N,N,01,2,SCHOOL RD E,E,,,13091159__,3.45,07,,01,04,02,01,01,01,05,01,30,FE,W,NJ 79,,,,25,50,26,,,N,,90
2019132819-030538,MONMOUTH,MARLBORO TWP,10/07/2019,MO,0713,01,MARLBORO TWP PD,,0,0,0,0,P,B,N,N,11,1,WASHINGTON AVE **,E,,,13281251__,.10,07,,01,04,02,01,02,01,05,01,35,FE,E,ADAMS ST,,,,25,25,53,,,N,LIGHT POLE #341 AND MARLBORO TWP FIRE HYDRANT #2-157,81
2019132819-030614,MONMOUTH,MARLBORO TWP,10/07/2019,MO,1813,01,MARLBORO TWP PD,,0,0,0,0,P,I,N,N,03,2,GREENWOOD RD **,W,,,13281059__,.98,07,,01,04,02,01,01,01,,01,,AT,,TICETOWN RD,,,,35,40,26,,,N,,120
2019132819-030693,MONMOUTH,MARLBORO TWP,10/08/2019,TU,1524,01,MARLBORO TWP PD,,0,0,0,0,P,B,N,N,01,2,US 9,N,9,,00000009__,120.83,02,,01,04,02,01,01,01,02,01,750,FE,S,ROUTE 520 / ROBERTSVILLE RD,,,,50,45,26,,,N,,116
2019132819-030724,MONMOUTH,MARLBORO TWP,10/08/2019,TU,2210,01,MARLBORO TWP PD,,0,0,0,0,P,B,N,N,12,1,NJ 34,N,34,,00000034__,20.34,02,,01,04,02,01,07,01,05,01,40,FE,S,WOODCLIFF BLVD,,,,50,25,24,,,N,,129
2019132819-030742,MONMOUTH,MARLBORO TWP,10/09/2019,WE,0357,01,MARLBORO TWP PD,,0,0,0,0,P,B,N,N,12,1,NJ 18,S,18,,00000018__,25.10,02,,01,04,02,01,06,01,01,01,50,FE,S,,,NJ 79,SB,65,,24,,,N,,138
2019132819-030766,MONMOUTH,MARLBORO TWP,01/09/2019,WE,0850,01,MARLBORO TWP PD,,0,1,0,0,I,I,N,N,03,2,NJ 79,N,79,,00000079__,6.82,02,,01,04,02,02,01,02,05,01,,AT,,ROUTE 520 / NEWMAN SPRINGS RD,,,,50,45,26,,,N,,90
2019132819-030801,MONMOUTH,MARLBORO TWP,10/09/2019,WE,1601,01,MARLBORO TWP PD,,0,1,0,0,I,B,N,N,05,2,MONMOUTH COUNTY 3,S,3,,13000003__,9.16,05,,02,04,02,02,01,02,05,01,35,FE,N,GREENWOOD RD,,,,40,35,26,,,N,,90
2019132819-030808,MONMOUTH,MARLBORO TWP,10/09/2019,WE,1837,01,MARLBORO TWP PD,,0,0,0,0,P,B,N,N,12,1,ROUTE 520,W,520,,00000520__,8.41,05,,01,04,02,02,06,01,05,01,100,FE,E,AMSTERDAM CT,,,,50,25,24,,,N,,133
2019132819-030816,MONMOUTH,MARLBORO TWP,10/09/2019,WE,1949,01,MARLBORO TWP PD,,0,0,0,0,P,B,N,N,12,1,ROUTE 520,E,520,,00000520__,9.18,05,,03,05,02,02,06,02,04,01,10,FE,E,FARM BRIDGE RD,,,,45,25,24,,,N,,142
2019132819-030821,MONMOUTH,MARLBORO TWP,10/09/2019,WE,2108,01,MARLBORO TWP PD,,0,0,0,0,P,B,N,N,12,1,NJ 34,S,34,,00000034__,20.13,02,,01,06,02,02,05,01,05,,20,FE,S,REIDS HILL RD,,,,45,25,24,,,N,,109
2019132819-030826,MONMOUTH,MARLBORO TWP,10/09/2019,WE,2219,01,MARLBORO TWP PD,,0,0,0,0,P,B,N,N,12,1,NJ 18,N,18,,00000018__,26.20,02,,01,04,02,01,05,01,01,01,,,,,,,,65,,24,,,N,,145
2019132819-030897,MONMOUTH,MARLBORO TWP,10/10/2019,TH,1354,01,MARLBORO TWP PD,,0,0,0,0,P,B,N,N,11,1,GREENWOOD RD **,S,,,13281059__,.53,07,,01,04,02,01,01,01,05,01,100,FE,S,TEXAS RD,,,,35,45,52,,,N,JCPL UTILITY POLE,143
2019132819-030900,MONMOUTH,MARLBORO TWP,10/10/2019,TH,1412,01,MARLBORO TWP PD,,0,0,0,0,P,B,N,N,01,2,NJ 18,S,18,,00000018__,25.20,02,,01,06,02,01,01,01,05,01,,,,,T,NJ 79,SB,65,,26,,,N,,90
2019132819-031068,MONMOUTH,MARLBORO TWP,10/11/2019,FR,1835,01,MARLBORO TWP PD,,0,1,0,0,I,I,N,N,01,2,MONMOUTH COUNTY 3,N,3,,13000003__,5.87,05,,01,04,02,01,06,01,05,01,,AT,,ANGELIQUE CT,,,,40,25,26,,,N,,109
2019132819-031086,MONMOUTH,MARLBORO TWP,10/11/2019,FR,2049,01,MARLBORO TWP PD,,0,0,0,0,P,B,N,N,12,1,UNION HILL RD,W,,,13261531__,1.36,07,,01,04,02,01,05,01,,,300,FE,E,ROBBIE CT,,,,35,25,24,,,N,,83
2019132819-031181,MONMOUTH,MARLBORO TWP,10/12/2019,SA,1806,01,MARLBORO TWP PD,,0,0,0,0,P,B,N,N,01,2,ROUTE 520,E,520,,00000520__,4.06,07,,03,04,02,01,03,01,05,01,350,FE,E,NJ 3 / TENNENT RD,,,,45,40,26,,,N,,131
2019132819-031192,MONMOUTH,MARLBORO TWP,10/12/2019,SA,2037,01,MARLBORO TWP PD,,0,1,0,0,I,B,N,N,10,1,REIDS HILL RD **,,,,13281002__,.93,07,,03,05,02,01,07,01,05,01,660,FE,W,NJ 34,,,,30,50,01,,,N,,134
2019132819-031195,MONMOUTH,MARLBORO TWP,10/12/2019,SA,2037,01,MARLBORO TWP PD,,0,1,0,0,I,B,N,N,10,1,REIDS HILL RD **,,,,13281002__,.93,07,,03,05,02,01,07,01,05,01,660,FE,W,NJ 34,,,,30,50,01,,,N,,134
2019132819-031214,MONMOUTH,MARLBORO TWP,10/13/2019,SU,0539,01,MARLBORO TWP PD,,0,1,0,0,I,B,N,N,01,2,NJ 18,N,18,,00000018__,27.61,02,,01,04,02,01,04,01,01,01,5280,FE,S,CR 3 / TENNENT RD,,,,65,40,26,,,N,,120
2019132819-031252,MONMOUTH,MARLBORO TWP,10/13/2019,SU,1241,01,MARLBORO TWP PD,,0,0,0,0,P,B,N,N,01,2,US 9,S,9,,00000009__,119.98,02,,01,04,02,01,01,01,03,,100,FE,S,UNION HILL RD,,,,55,40,26,,,N,,127
2019132819-031315,MONMOUTH,MARLBORO TWP,10/14/2019,MO,0730,01,MARLBORO TWP PD,,0,0,0,0,P,B,N,N,06,2,BOUNDARY RD,S,,,,,09,,01,04,02,01,04,01,05,01,,,,,,,,40,,26,,,N,CURB,146