Year(4)-CountyCode(2)-MunicipalityCode(2)-CaseNumber(9),County Name,Municipality Name,Crash Date,Crash Day of Week,Crash Time,Police Department Code,Police Department,Police Station,Total Killed,Total Injured,Pedestrians Killed,Pedestrians Injured,Severity,Intersection,Alcohol Involved,Hazmat Involved,Crash Type,Total Vehicles,Location,Location Direction,Route,Route Suffix,Std Rte Identifier,MilePost,Road System,Road Character,Road Horizontal Alignment,Road Grade,Road Surface Type,Surface Condition,Light Condition,Environmental Condition,Road Divided By,Temporary Traffic Control Zone,Distance To Cross Street,Unit Of Measurement,Direction From Cross Street,Cross Street Name,Is Ramp,Ramp To/From Route Name,Ramp To/From Route Direction,Posted Speed,Posted Speed Cross Street,First Harmful Event,Latitude,Longitude,Cell Phone In Use Flag,Other Property Damage,Reporting Badge No.
2019132819-031332,MONMOUTH,MARLBORO TWP,10/14/2019,MO,1134,01,MARLBORO TWP PD,,0,0,0,0,P,B,N,N,02,2,US 9,S,9,,00000009__,120.25,02,,01,04,02,01,01,01,02,01,1320,FE,N,UNION HILL RD,,,,55,35,26,,,N,,146
2019132819-031401,MONMOUTH,MARLBORO TWP,10/15/2019,TU,0152,01,MARLBORO TWP PD,,0,0,0,0,P,B,N,N,12,1,NJ 18,N,18,,00000018__,26.80,02,,01,04,02,01,05,01,03,01,,,,,,,,65,,24,,,N,,144
2019132819-031404,MONMOUTH,MARLBORO TWP,10/15/2019,TU,0230,01,MARLBORO TWP PD,,0,0,0,0,P,I,N,N,11,1,BLVD DE JARDIN **,S,,,13281347__,,07,,03,04,02,01,07,01,05,01,,AT,,INDIGO CT,,,,15,15,56,,,N,BELGIAN BLOCK BROKEN ON BLVD DE JARDIN AT INTERSECTION WITH INDIGO CT.,139
2019132819-031410,MONMOUTH,MARLBORO TWP,10/15/2019,TU,0632,01,MARLBORO TWP PD,,0,0,0,0,P,B,N,N,12,1,ROUTE 520,W,520,,00000520__,4.34,07,,01,04,02,01,06,01,05,01,15,FE,E,EVAN DR,,,,45,25,24,,,N,,58
2019132819-031492,MONMOUTH,MARLBORO TWP,10/15/2019,TU,2019,01,MARLBORO TWP PD,,0,0,0,0,P,B,N,N,01,2,US 9,S,9,,00000009__,120.72,02,,01,04,02,01,06,01,02,01,1320,FE,S,ROUTE 520 / ROBERTSVILLE RD,,,,55,45,26,,,N,,139
2019132819-031493,MONMOUTH,MARLBORO TWP,10/15/2019,TU,2023,01,MARLBORO TWP PD,,0,0,0,0,P,B,N,N,11,1,STEVENSON DR **,,,,13281548__,.40,07,,02,04,02,01,05,01,05,01,400,FE,E,EXETER DR,,,,25,25,61,,,N,MAILBOX OF 9 STEVENSON DR WAS DESTROYED IN THE INCIDENT.,144
2019132819-031512,MONMOUTH,MARLBORO TWP,10/09/2019,WE,1948,01,MARLBORO TWP PD,,0,0,0,0,P,B,N,N,12,1,ROUTE 520,W,520,,00000520__,9.18,05,,03,05,02,02,06,02,04,01,10,FE,E,FARM BRIDGE RD,,,,45,25,24,,,N,,142
2019132819-031539,MONMOUTH,MARLBORO TWP,10/16/2019,WE,0856,01,MARLBORO TWP PD,,0,0,0,0,P,B,N,N,01,3,ROUTE 520,E,520,,00000520__,5.18,07,,01,04,02,01,01,01,05,01,250,FE,W,GORDONS CORNER RD,,,,45,40,26,,,N,,
2019132819-031545,MONMOUTH,MARLBORO TWP,10/16/2019,WE,1011,01,MARLBORO TWP PD,,0,0,0,0,P,B,N,N,11,1,ROBERTSVILLE RD,,,,13261114__,.76,07,,01,04,02,01,01,01,05,01,500,FE,S,TOPANEMUS RD,,,,35,40,54,,,N,DAMAGE TO TOWNSHIP STREET SIGN,116
2019132819-031547,MONMOUTH,MARLBORO TWP,10/16/2019,WE,1017,01,MARLBORO TWP PD,,0,0,0,0,P,B,N,N,11,1,GALLYA GROVE **,,,,13281688__,.43,07,,01,04,02,01,01,01,05,01,500,FE,N,IMBRIE PL,,,,25,25,53,,,Y,DAMAGE TO LIGHT POLE NUMBER 1491,116
2019132819-031563,MONMOUTH,MARLBORO TWP,10/16/2019,WE,1411,01,MARLBORO TWP PD,,0,1,0,0,I,B,N,N,01,2,US 9,N,9,,00000009__,120.83,02,,01,04,02,02,01,02,05,01,750,FE,S,ROUTE 520 / ROBERTSVILLE RD,,,,50,45,26,,,N,,116
2019132819-031568,MONMOUTH,MARLBORO TWP,10/16/2019,WE,1453,01,MARLBORO TWP PD,,0,0,0,0,P,I,N,N,05,2,MONMOUTH COUNTY 3,W,3,,13000003__,6.62,05,,01,04,02,02,01,02,05,01,,AT,,COMMERCIAL COURT,,,,40,25,26,,,N,,116
2019132819-031576,MONMOUTH,MARLBORO TWP,10/16/2019,WE,1722,01,MARLBORO TWP PD,,0,0,0,0,P,B,N,N,11,1,NJ 18,S,18,,00000018__,25.40,02,,01,04,02,02,03,02,01,01,,,,,,,,65,,56,,,N,,116
2019132819-031641,MONMOUTH,MARLBORO TWP,10/17/2019,TH,0950,01,MARLBORO TWP PD,,0,0,0,0,P,B,N,N,01,2,NJ 79,N,79,,00000079__,10.36,02,,01,04,02,01,01,01,05,01,10,FE,S,ROOSEVELT AVE,,,,40,25,26,,,N,,116
2019132819-031646,MONMOUTH,MARLBORO TWP,10/17/2019,TH,1106,01,MARLBORO TWP PD,,0,0,0,0,P,I,N,N,12,1,ROUTE 520,W,520,,00000520__,8.39,05,,01,04,02,01,01,01,05,01,,AT,,AMSTERDAM CT,,,,45,25,24,,,N,,116
2019132819-031654,MONMOUTH,MARLBORO TWP,10/17/2019,TH,1229,01,MARLBORO TWP PD,,0,0,0,0,P,B,N,N,99,2,UNION HILL RD,E,,,13261531__,1.11,07,,01,04,02,01,01,01,05,01,50,FE,W,MILLAY RD,,,,40,25,26,,,N,,127
2019132819-031682,MONMOUTH,MARLBORO TWP,10/17/2019,TH,1529,01,MARLBORO TWP PD,,0,0,0,0,P,B,N,N,01,2,ROBERTSVILLE RD,,,,13261114__,,07,,01,04,02,01,01,01,05,01,50,FE,W,WYNCREST ROAD,,,,25,40,26,,,N,,116
2019132819-031690,MONMOUTH,MARLBORO TWP,10/17/2019,TH,1648,01,MARLBORO TWP PD,,0,0,0,0,P,B,N,N,01,2,MONMOUTH COUNTY 3,N,3,,13000003__,5.99,05,,01,04,02,01,01,01,05,01,25,FE,S,ROUTE 520,,,,40,40,26,,,N,,127
2019132819-031780,MONMOUTH,MARLBORO TWP,10/18/2019,FR,1610,01,MARLBORO TWP PD,,0,1,0,0,I,B,N,N,02,2,TEXAS RD,E,,,13281044__,1.34,07,,02,04,02,02,01,02,04,01,15,FE,E,SPRING VALLEY RD,,,,45,40,26,,,N,,143
2019132819-031805,MONMOUTH,MARLBORO TWP,10/18/2019,FR,2105,01,MARLBORO TWP PD,,0,0,0,0,P,B,Y,N,03,2,US 9,S,9,,00000009__,120.30,02,,01,04,02,01,06,01,02,01,,,S,,,,,55,,56,,,N,MINOR DAMAGE TO MEDIAN OF STATE HIGHWAY (CHIPPED CURB),133
2019132819-031829,MONMOUTH,MARLBORO TWP,10/19/2019,SA,0446,01,MARLBORO TWP PD,,0,0,0,0,P,B,N,N,12,1,NJ 18,N,18,,00000018__,28.40,02,,01,04,02,01,07,01,01,01,,,,,,,,65,,24,,,N,,140
2019132819-031833,MONMOUTH,MARLBORO TWP,10/19/2019,SA,0543,01,MARLBORO TWP PD,,0,1,0,0,I,B,N,N,12,1,NJ 18,N,18,,00000018__,29.20,02,,01,04,02,01,06,01,01,01,,,,,,,,65,,24,,,N,,90
2019132819-031853,MONMOUTH,MARLBORO TWP,10/19/2019,SA,1226,01,MARLBORO TWP PD,,0,0,0,0,P,B,N,N,01,2,NJ 79,N,79,,00000079__,5.60,02,,01,04,02,01,01,01,05,01,,,,,,,,45,,26,,,N,,90
2019132819-031900,MONMOUTH,MARLBORO TWP,10/19/2019,SA,1827,01,MARLBORO TWP PD,,0,0,0,0,P,B,N,N,02,2,UNION HILL RD,E,,,13261531__,1.64,07,,01,04,02,01,01,01,05,01,528,FE,E,US 9,,,,35,55,26,,,N,,140
2019132819-031911,MONMOUTH,MARLBORO TWP,10/19/2019,SA,1947,01,MARLBORO TWP PD,,0,0,0,0,P,B,N,N,12,1,US 9,S,9,,00000009__,121.16,02,,01,04,02,01,06,01,03,01,1000,FE,N,ROUTE 520 / ROBERTSVILLE RD,,,,55,45,24,,,N,,145
2019132819-031999,MONMOUTH,MARLBORO TWP,10/20/2019,SU,1509,01,MARLBORO TWP PD,,0,2,0,0,I,B,N,N,04,2,INVERNESS DR **,W,,,13281628__,.08,07,,03,04,02,02,01,02,05,01,20,FE,W,PECAN VALLEY DR,,,,25,25,26,,,N,,137
2019132819-032049,MONMOUTH,MARLBORO TWP,10/21/2019,MO,1054,01,MARLBORO TWP PD,,0,1,0,0,I,B,N,N,01,2,US 9,W,9,,00000009__,120.00,02,,03,06,02,01,01,01,03,,5,FE,N,UNION HILL RD,,,,55,35,26,,,N,,122
2019132819-032081,MONMOUTH,MARLBORO TWP,10/21/2019,MO,1607,01,MARLBORO TWP PD,,0,0,0,0,P,B,N,N,01,2,US 9,S,9,,00000009__,121.06,02,,01,04,02,01,01,01,02,01,500,FE,N,ROUTE 520 / ROBERTSVILLE RD,,,,55,45,26,,,N,,136
2019132819-032099,MONMOUTH,MARLBORO TWP,10/21/2019,MO,1927,01,MARLBORO TWP PD,,0,0,0,0,P,B,N,N,12,1,NJ 18,S,18,,00000018__,27.40,02,,01,04,02,01,05,01,01,01,,,,,,,,65,,24,,,N,,131
2019132819-032142,MONMOUTH,MARLBORO TWP,10/22/2019,TU,1005,01,MARLBORO TWP PD,,0,0,0,0,P,B,N,N,08,2,CROSS LN **,,,,13281466__,.05,07,,01,04,02,02,01,02,05,01,15,FE,S,PEASLEY DR,,,,25,25,28,,,N,,116
2019132819-032152,MONMOUTH,MARLBORO TWP,10/22/2019,TU,1157,01,MARLBORO TWP PD,,0,1,0,0,I,B,N,N,11,1,NJ 79,N,79,,00000079__,8.30,02,,01,04,02,02,01,02,05,01,200,FE,N,RIDGE RD,,,,40,25,60,,,N,,116
2019132819-032167,MONMOUTH,MARLBORO TWP,10/22/2019,TU,1443,01,MARLBORO TWP PD,,0,0,0,0,P,B,N,N,02,2,TEXAS RD,,,,13281044__,3.23,07,,01,04,02,02,01,02,05,01,528,FE,N,GREENWOOD RD,,,,40,35,26,,,N,,116
2019132819-032176,MONMOUTH,MARLBORO TWP,10/22/2019,TU,1545,01,MARLBORO TWP PD,,0,0,0,0,P,B,N,N,11,1,SCHOOL RD E,,,,13091159__,3.37,07,,03,05,02,02,01,02,05,01,2640,FE,E,BELLA VISTA CT / BRAXTON PL,,,,35,25,52,,,N,DAMAGE TO THE LAWN  TREE AND LANDSCAPING AT 65 SCHOOL RD EAST,116
2019132819-032254,MONMOUTH,MARLBORO TWP,10/23/2019,WE,1025,01,MARLBORO TWP PD,,0,0,0,0,P,B,N,N,01,2,US 9,S,9,,00000009__,120.00,02,,01,04,02,01,01,01,01,01,,,,,,,,55,,26,,,N,,90
2019132819-032415,MONMOUTH,MARLBORO TWP,10/24/2019,TH,1335,01,MARLBORO TWP PD,,0,2,0,0,I,B,N,N,01,2,ROUTE 520,E,520,,00000520__,3.61,07,,01,04,02,01,01,01,05,01,15,FE,W,GINESI DR,,,,45,25,26,,,N,,90
2019132819-032434,MONMOUTH,MARLBORO TWP,10/24/2019,TH,1610,01,MARLBORO TWP PD,,0,0,0,0,P,B,N,N,01,2,MONMOUTH COUNTY 3,N,3,,13000003__,9.41,05,,01,04,02,02,01,02,,01,30,FE,S,NJ 79,,,,35,40,26,,,N,,143
2019132819-032438,MONMOUTH,MARLBORO TWP,10/24/2019,TH,1802,01,MARLBORO TWP PD,,0,1,0,0,I,B,N,N,05,2,GORDONS CORNER RD **,W,,,,,07,,01,04,02,01,03,01,05,01,50,FE,,MASEPE TRAIL,,,,40,15,26,,,N,,406
2019132819-032480,MONMOUTH,MARLBORO TWP,10/25/2019,FR,0426,01,MARLBORO TWP PD,,0,0,0,0,P,B,N,N,12,2,NJ 79,N,79,,00000079__,6.62,02,,01,04,02,01,07,01,05,01,1056,FE,S,ROUTE 520 / NEWMAN SPRINGS RD,,,,50,45,24,,,N,,146
2019132819-032536,MONMOUTH,MARLBORO TWP,10/25/2019,FR,1204,01,MARLBORO TWP PD,,0,0,0,0,P,B,N,N,03,2,UNION HILL RD,,,,13261531__,1.79,07,,01,04,02,01,01,01,05,01,1320,FE,E,US 9,,,,35,50,26,,,N,,116
2019132819-032580,MONMOUTH,MARLBORO TWP,10/25/2019,FR,1918,01,MARLBORO TWP PD,,0,0,0,0,P,B,N,N,02,2,MONMOUTH COUNTY 3,N,3,,13000003__,5.98,05,,01,04,02,01,07,01,05,01,40,FE,S,ROUTE 520,,,,40,40,26,,,N,,129
2019132819-032666,MONMOUTH,MARLBORO TWP,10/26/2019,SA,1705,01,MARLBORO TWP PD,,0,2,0,0,I,B,N,N,07,2,ROUTE 520,W,520,,00000520__,2.59,07,,01,04,02,02,01,02,05,01,1320,FE,W,US 9,,,,45,55,26,,,N,,116
2019132819-032671,MONMOUTH,MARLBORO TWP,10/26/2019,SA,1830,01,MARLBORO TWP PD,,0,0,0,0,P,B,N,N,01,2,MONMOUTH COUNTY 3,N,3,,13000003__,5.98,05,,01,04,02,01,07,01,00,01,40,FE,S,ROUTE 520,,,,40,40,26,,,N,,129
2019132819-032673,MONMOUTH,MARLBORO TWP,10/26/2019,SA,1854,01,MARLBORO TWP PD,,0,0,0,0,P,B,N,N,11,1,NJ 18,S,18,,00000018__,26.80,02,,01,04,02,01,05,01,01,01,,,,,,,,65,,46,,,N,,129
2019132819-032676,MONMOUTH,MARLBORO TWP,10/26/2019,SA,1912,01,MARLBORO TWP PD,,0,0,0,0,P,B,N,N,12,1,NJ 79,N,79,,00000079__,9.85,02,,01,,,,02,,05,01,100,FE,S,HARNLEY RD / LUKAS BLVD,,,,50,25,,,,N,,147
2019132819-032681,MONMOUTH,MARLBORO TWP,10/26/2019,SA,2016,01,MARLBORO TWP PD,,0,2,0,0,I,B,N,N,03,2,UNION HILL RD,,,,13261531__,1.54,07,,01,04,02,02,01,01,04,01,,,,,T,US 9,NB,35,,26,,,N,A NO TURN SIGN ON THE ENTRY RAMP TO STATE HIGHWAY ROUTE 9 NORTH,143
2019132819-032688,MONMOUTH,MARLBORO TWP,10/28/2019,MO,2119,01,MARLBORO TWP PD,,0,0,0,0,P,B,N,N,12,1,NJ 18,N,18,,00000018__,28.35,02,,01,04,02,02,04,01,03,01,264,FE,S,ROUTE 520 / MARLBORO RD,,,,65,45,24,,,N,,143
2019132819-032709,MONMOUTH,MARLBORO TWP,10/27/2019,SU,0332,01,MARLBORO TWP PD,,0,0,0,0,P,B,N,N,11,1,NJ 79,N,79,,00000079__,4.95,02,,01,04,02,02,07,05,01,01,120,FE,N,STEEPLECHASE DR,,,,50,25,56,,,N,FIRE HYDRANT  STREET SIGN  STATE DOT CONCRETE MANHOLE COVER,134
2019132819-032732,MONMOUTH,MARLBORO TWP,10/30/2019,WE,1512,01,MARLBORO TWP PD,,0,0,0,0,P,B,N,N,08,2,KINGLET AVE **,,,,13281644__,.09,07,,01,04,02,02,01,05,05,01,500,FE,E,SKYLARK CT,,,,25,25,26,,,N,,116
2019132819-032767,MONMOUTH,MARLBORO TWP,10/28/2019,MO,0549,01,MARLBORO TWP PD,,0,0,0,0,P,B,N,N,12,1,NJ 79,N,79,,00000079__,4.82,02,,01,04,02,01,07,01,01,01,955,FE,N,INVERNESS DR / RYAN RD,,,,50,35,24,,,N,,134
2019132819-032769,MONMOUTH,MARLBORO TWP,10/28/2019,MO,0632,01,MARLBORO TWP PD,,0,0,0,0,P,B,N,N,01,2,US 9,N,9,,00000009__,120.60,02,,02,,,,02,,05,01,15,FE,S,BARTRAM RD,,,,55,25,26,,,N,,58
2019132819-032794,MONMOUTH,MARLBORO TWP,10/28/2019,MO,1013,01,MARLBORO TWP PD,,0,1,0,0,I,B,N,N,11,1,TEXAS RD,W,,,13281044__,.68,07,,01,04,02,01,01,01,05,01,10,FE,W,AMBOY RD,,,,45,,60,,,N,,90
2019132819-032796,MONMOUTH,MARLBORO TWP,10/28/2019,MO,1036,01,MARLBORO TWP PD,,0,0,0,0,P,B,N,N,11,1,TEXAS RD,W,,,,,07,,01,04,02,00,00,00,05,00,200,FE,E,RYER'S LANE,,,,45,25,50,,,N,TOWNSHIP STREET SIGN,90
2019132819-032939,MONMOUTH,MARLBORO TWP,10/29/2019,TU,1452,01,MARLBORO TWP PD,,0,1,0,0,I,B,N,N,01,3,MONMOUTH COUNTY 3,S,3,,13000003__,9.65,05,,01,04,02,02,01,02,,01,20,FE,N,UNION AVE,,,,35,25,26,,,N,,
2019132819-033015,MONMOUTH,MARLBORO TWP,10/30/2019,WE,1455,01,MARLBORO TWP PD,,0,0,0,0,P,B,N,N,03,2,ROUTE 520,N,520,,00000520__,6.69,05,,01,04,02,01,01,01,05,01,40,FE,E,NJ 79 / MAIN ST,,,,45,50,26,,,N,,87
2019132819-033021,MONMOUTH,MARLBORO TWP,10/31/2019,TH,1630,01,MARLBORO TWP PD,,0,0,0,0,P,B,N,N,12,1,TEXAS RD,N,,,13281044__,3.36,07,,01,06,02,02,01,02,05,01,500,FE,N,THOMAS RD,,,,45,25,24,,,N,,131
2019132819-033027,MONMOUTH,MARLBORO TWP,10/30/2019,WE,1752,01,MARLBORO TWP PD,,0,0,0,0,P,B,N,N,12,1,ROUTE 520,W,520,,00000520__,4.38,07,,01,04,02,02,05,02,05,01,200,FE,W,DEEP RUN CT,,,,45,25,24,,,N,,116
2019132819-033130,MONMOUTH,MARLBORO TWP,10/31/2019,TH,1830,01,MARLBORO TWP PD,,0,0,0,0,P,B,N,N,12,1,US 9,S,9,,00000009__,120.19,02,,01,04,01,01,07,01,03,01,30,FE,N,KILMER DR,,,,55,25,24,,,N,,129
2019132819-033150,MONMOUTH,MARLBORO TWP,10/31/2019,TH,2128,01,MARLBORO TWP PD,,0,0,0,0,P,B,N,N,11,1,MONMOUTH COUNTY 46,E,46,,13000046__,3.30,05,,01,04,03,01,06,10,05,01,150,FE,E,SPRUCE LN,,,,45,25,60,,,N,,138
2019132819-033225,MONMOUTH,MARLBORO TWP,11/01/2019,FR,0954,01,MARLBORO TWP PD,,0,0,0,0,P,B,N,N,02,2,NJ 18,S,18,,00000018__,25.10,02,,01,04,02,01,01,01,01,01,,,,,F,NJ 79,SB,65,,26,,,N,,90
2019132819-033275,MONMOUTH,MARLBORO TWP,11/01/2019,FR,1724,01,MARLBORO TWP PD,,0,1,0,0,I,B,N,N,01,2,RYAN ROAD,E,,,,,07,,01,04,02,01,01,01,05,01,15,FE,W,SPARROW WAY,,,,40,25,26,,,N,,90
2019132819-033291,MONMOUTH,MARLBORO TWP,11/01/2019,FR,1942,01,MARLBORO TWP PD,,0,0,0,0,P,B,N,N,12,1,NJ 18,N,18,,00000018__,23.80,02,,01,04,02,01,05,01,03,01,,,,,,,,55,,24,,,N,,144
2019132819-033338,MONMOUTH,MARLBORO TWP,11/02/2019,SA,0248,01,MARLBORO TWP PD,,0,0,0,0,P,B,N,N,12,1,NJ 18,N,18,,00000018__,23.00,02,,01,04,02,01,05,01,03,01,3168,FE,N,ROUTE 537,,,,65,55,24,,,N,,142
2019132819-033344,MONMOUTH,MARLBORO TWP,11/02/2019,SA,0651,01,MARLBORO TWP PD,,0,0,0,0,P,B,N,N,12,1,NJ 79,S,79,,00000079__,4.93,02,,01,04,02,01,01,01,01,01,15,FE,S,STEEPLECHASE DR,,,,45,25,24,,,N,,58
2019132819-033345,MONMOUTH,MARLBORO TWP,11/02/2019,SA,0706,01,MARLBORO TWP PD,,0,0,0,0,P,B,N,N,12,1,NJ 18,S,18,,00000018__,28.40,02,,01,04,02,01,02,01,01,01,,,,,,,,65,,24,,,N,GUARD RAIL DAMAGE ROUTE 18 SOUTH MILE MARKER 28.,126
2019132819-033350,MONMOUTH,MARLBORO TWP,11/02/2019,SA,0943,01,MARLBORO TWP PD,,0,0,0,0,P,B,N,N,01,2,ROUTE 520,W,520,,00000520__,2.86,07,,01,04,02,01,01,01,04,01,100,FE,E,US 9,,,,45,50,26,,,N,,135
2019132819-033392,MONMOUTH,MARLBORO TWP,11/02/2019,SA,2010,01,MARLBORO TWP PD,,0,0,0,0,P,B,N,N,12,1,NJ 79,S,79,,00000079__,9.13,02,,01,04,02,01,07,01,05,01,300,FE,N,CONOVER RD,,,,50,50,24,,,N,,125
2019132819-033394,MONMOUTH,MARLBORO TWP,11/02/2019,SA,2025,01,MARLBORO TWP PD,,0,0,0,0,P,B,N,N,06,2,RILEY RD **,N,,,13281122__,.28,07,,01,04,02,01,06,01,05,01,100,FE,S,SANDBURG DR,,,,25,25,26,,,N,,124
2019132819-033505,MONMOUTH,MARLBORO TWP,11/04/2019,MO,1044,01,MARLBORO TWP PD,,0,0,0,0,P,B,N,N,01,2,ALBERTA DR **,,,,13281277__,.01,07,,01,04,02,01,01,02,05,01,50,FE,N,ST LAWRENCE WAY,,,,25,25,26,,,N,,116
2019132819-033519,MONMOUTH,MARLBORO TWP,11/04/2019,MO,1253,01,MARLBORO TWP PD,,0,0,0,0,P,B,N,N,01,2,US 9,,9,,00000009__,,02,,01,04,02,01,01,01,05,01,,,,,,,,,,26,,,N,,116
2019132819-033550,MONMOUTH,MARLBORO TWP,11/04/2019,MO,1658,01,MARLBORO TWP PD,,0,0,0,0,P,B,N,N,12,1,NJ 18,S,18,,00000018__,24.40,02,,01,04,02,01,05,01,01,01,,,,,,,,65,,24,,,N,,116
2019132819-033564,MONMOUTH,MARLBORO TWP,11/04/2019,MO,1823,01,MARLBORO TWP PD,,0,0,0,0,P,B,N,N,01,2,ROUTE 520,W,520,,00000520__,3.87,07,,01,04,02,02,07,02,00,01,150,FE,W,HARTMANN RD,,,,45,25,26,,,N,,116
2019132819-033599,MONMOUTH,MARLBORO TWP,11/05/2019,TU,0511,01,MARLBORO TWP PD,,0,1,0,0,I,B,Y,N,05,2,NJ 18,S,18,,00000018__,29.90,02,,01,04,02,02,07,05,05,01,,,,,,,,65,,26,,,N,,124
2019132819-033601,MONMOUTH,MARLBORO TWP,11/05/2019,TU,0635,01,MARLBORO TWP PD,,0,0,0,0,P,B,N,N,12,1,US 9,N,9,,00000009__,119.89,02,,01,04,02,01,02,01,02,01,500,FE,N,CLAYTON RD,,,,55,25,24,,,N,,81
2019132819-033615,MONMOUTH,MARLBORO TWP,11/05/2019,TU,0858,01,MARLBORO TWP PD,,0,0,0,0,P,B,Y,N,02,2,NJ 18,S,18,,00000018__,29.80,02,,01,04,02,01,01,01,01,01,,,,,,,,65,,26,,,N,,116
2019132819-033623,MONMOUTH,MARLBORO TWP,11/05/2019,TU,1015,01,MARLBORO TWP PD,,0,1,0,0,I,I,N,N,01,3,RYAN ROAD,,,,,,07,,01,04,02,01,01,01,05,01,,AT,,SPARROW WAY,,,,35,25,26,,,N,,
2019132819-033646,MONMOUTH,MARLBORO TWP,11/05/2019,TU,1741,01,MARLBORO TWP PD,,0,1,0,0,I,B,N,N,01,3,US 9,N,9,,00000009__,120.83,02,,01,04,02,01,04,01,02,01,750,FE,S,ROUTE 520 / ROBERTSVILLE RD,,,,55,45,26,,,N,,
2019132819-033689,MONMOUTH,MARLBORO TWP,11/06/2019,WE,0310,01,MARLBORO TWP PD,,0,0,0,0,P,B,N,N,12,1,NJ 79,N,79,,00000079__,7.21,02,,01,04,02,01,03,01,04,01,2640,FE,S,WYNCREST RD,,,,50,50,24,,,N,,147
2019132819-033749,MONMOUTH,MARLBORO TWP,11/06/2019,WE,1328,01,MARLBORO TWP PD,MARLBORO,0,1,0,0,I,B,N,N,02,2,NJ 18,S,18,,00000018__,25.00,02,,01,04,02,01,01,01,01,,,,,,,,,65,,26,,,N,,121
2019132819-033759,MONMOUTH,MARLBORO TWP,11/06/2019,WE,1740,01,MARLBORO TWP PD,MARLBORO,0,0,0,0,P,I,N,N,12,2,RYAN RD,W,,,,,07,,01,04,02,01,03,01,05,01,,AT,,MANOR DR,,,,35,25,24,,,N,,121
2019132819-0337705,MONMOUTH,MARLBORO TWP,12/20/2019,FR,1428,01,MARLBORO TWP PD,,0,3,0,0,I,I,N,N,03,2,TEXAS RD,,,,13281044__,,07,,01,04,02,01,01,01,05,01,,AT,,VASSAR WAY,,,,45,15,26,,,N,LAMP POST #1514 AND LANDSCAPING TO MILLPONDS CONDO COMPLEX,116
2019132819-033777,MONMOUTH,MARLBORO TWP,11/06/2019,WE,2152,01,MARLBORO TWP PD,,0,0,0,0,P,B,N,N,12,2,ROUTE 520,W,520,,00000520__,4.30,07,,01,04,02,01,06,01,05,01,200,FE,W,EVAN DR,,,,40,25,24,,,N,,146
2019132819-033779,MONMOUTH,MARLBORO TWP,11/06/2019,WE,2204,01,MARLBORO TWP PD,,0,0,0,0,P,B,N,N,12,1,NJ 18,N,18,,00000018__,26.40,02,,01,04,02,01,05,01,03,01,,,,,,,,65,,24,,,N,,144
2019132819-033792,MONMOUTH,MARLBORO TWP,11/07/2019,TH,0350,01,MARLBORO TWP PD,,0,0,0,0,P,B,N,N,12,1,NJ 18,N,18,,00000018__,24.00,02,,01,04,02,01,05,01,03,01,,,,,,,,65,,24,,,N,,144
2019132819-033799,MONMOUTH,MARLBORO TWP,11/07/2019,TH,0724,01,MARLBORO TWP PD,,0,0,0,0,P,B,N,N,11,1,WOOLEYTOWN RD **,,,,13281005__,.12,07,,01,04,02,01,01,01,05,01,5,FE,E,SORELL DR,,,,25,25,61,,,N,,58
2019132819-033812,MONMOUTH,MARLBORO TWP,11/07/2019,TH,0917,01,MARLBORO TWP PD,,0,0,0,0,P,B,N,N,01,2,ROUTE 520,E,520,,00000520__,7.76,05,,01,04,02,01,01,05,05,01,500,FE,W,BOUNDRY RD / CONOVER RD,,,,45,50,26,,,N,,143
2019132819-033869,MONMOUTH,MARLBORO TWP,11/07/2019,TH,1602,01,MARLBORO TWP PD,,0,1,0,0,I,B,N,N,01,2,US 9,N,9,,00000009__,119.30,02,,01,04,02,01,01,01,05,01,,,,,,,,55,,26,,,N,,130
2019132819-033893,MONMOUTH,MARLBORO TWP,11/07/2019,TH,2010,01,MARLBORO TWP PD,,0,1,0,0,I,B,N,N,01,2,US 9,S,9,,00000009__,120.99,02,,01,04,02,02,06,02,05,01,100,FE,N,ROUTE 520 / ROBERTSVILLE RD,,,,55,40,26,,,N,,124
2019132819-033895,MONMOUTH,MARLBORO TWP,11/07/2019,TH,2025,01,MARLBORO TWP PD,,0,3,0,0,I,I,N,N,07,2,ROUTE 520,W,520,,00000520__,3.99,07,,01,04,02,02,06,02,05,01,,AT,,NJ 3 / TENNENT RD,,,,45,40,26,,,N,,133
2019132819-033982,MONMOUTH,MARLBORO TWP,11/08/2019,FR,1259,01,MARLBORO TWP PD,,0,0,0,0,P,B,N,N,01,2,US 9,S,9,,00000009__,121.14,02,,01,04,02,01,01,01,03,01,900,FE,N,ROUTE 520 / ROBERTSVILLE RD,,,,55,45,26,,,N,,116
2019132819-034067,MONMOUTH,MARLBORO TWP,11/09/2019,SA,0608,01,MARLBORO TWP PD,,0,0,0,0,P,B,N,N,12,1,NJ 18,N,18,,00000018__,23.40,02,,01,04,02,01,02,01,05,01,,,,,,,,65,,24,,,N,,124
2019132819-034083,MONMOUTH,MARLBORO TWP,11/09/2019,SA,0853,01,MARLBORO TWP PD,,0,1,0,0,I,I,N,N,03,2,ROBERTSVILLE RD,S,,,13261114__,1.22,07,,01,04,02,01,01,01,05,01,,AT,,CROSS RIDGE CIR / WARHOL WAY,,,,35,25,26,,,N,,87
2019132819-034108,MONMOUTH,MARLBORO TWP,11/09/2019,SA,1715,01,MARLBORO TWP PD,,0,0,0,0,P,B,N,N,01,3,US 9,N,9,,00000009__,120.95,02,,01,04,02,01,07,01,03,01,100,FE,S,ROUTE 520 / ROBERTSVILLE RD,,,,55,40,26,,,N,,127