Year(4)-CountyCode(2)-MunicipalityCode(2)-CaseNumber(9),County Name,Municipality Name,Crash Date,Crash Day of Week,Crash Time,Police Department Code,Police Department,Police Station,Total Killed,Total Injured,Pedestrians Killed,Pedestrians Injured,Severity,Intersection,Alcohol Involved,Hazmat Involved,Crash Type,Total Vehicles,Location,Location Direction,Route,Route Suffix,Std Rte Identifier,MilePost,Road System,Road Character,Road Horizontal Alignment,Road Grade,Road Surface Type,Surface Condition,Light Condition,Environmental Condition,Road Divided By,Temporary Traffic Control Zone,Distance To Cross Street,Unit Of Measurement,Direction From Cross Street,Cross Street Name,Is Ramp,Ramp To/From Route Name,Ramp To/From Route Direction,Posted Speed,Posted Speed Cross Street,First Harmful Event,Latitude,Longitude,Cell Phone In Use Flag,Other Property Damage,Reporting Badge No.
2019132819-034140,MONMOUTH,MARLBORO TWP,11/10/2019,SU,0215,01,MARLBORO TWP PD,,0,0,0,0,P,B,N,N,12,1,PLEASANT VALLEY RD **,E,,,13181106__,2.81,07,,01,04,02,01,07,01,05,01,500,FE,W,IGOE RD,,,,45,40,24,,,N,,129
2019132819-034340,MONMOUTH,MARLBORO TWP,11/12/2019,TU,0902,01,MARLBORO TWP PD,,0,1,0,0,I,B,N,N,11,1,CONOVER RD **,E,,,13281683__,2.21,07,,01,04,02,02,01,02,05,01,10,FE,E,NJ 79,,,,35,,69,,,N,SEWER GRATE AT THE CORNER RT.79 /CORNER,90
2019132819-034488,MONMOUTH,MARLBORO TWP,11/13/2019,WE,1627,01,MARLBORO TWP PD,,0,0,0,0,P,I,N,N,02,2,ROUTE 520,E,520,,00000520__,7.85,05,,01,04,02,01,03,01,05,01,,AT,S,BOUNDRY RD / CONOVER RD,,,,45,35,26,,,N,,116
2019132819-034500,MONMOUTH,MARLBORO TWP,11/13/2019,WE,1928,01,MARLBORO TWP PD,,0,0,0,0,P,B,N,N,12,1,MONMOUTH COUNTY 3,N,3,,13000003__,7.05,05,,01,04,02,01,07,01,04,01,1320,FE,S,CRINE RD,,,,40,,24,,,N,,147
2019132819-034520,MONMOUTH,MARLBORO TWP,11/14/2019,TH,0459,01,MARLBORO TWP PD,,0,0,0,0,P,I,N,N,12,1,US 9,N,9,,00000009__,120.46,02,,01,04,02,01,06,01,01,,,AT,,WILLOW LN,,,,55,25,24,,,N,,109
2019132819-034567,MONMOUTH,MARLBORO TWP,11/14/2019,TH,1503,01,MARLBORO TWP PD,,0,1,0,0,I,B,N,N,01,2,US 9,N,9,,00000009__,,02,,01,04,02,01,01,01,03,01,,,,,,,,,,26,,,N,,127
2019132819-034579,MONMOUTH,MARLBORO TWP,11/14/2019,TH,1736,01,MARLBORO TWP PD,,0,0,0,0,P,B,N,N,01,2,US 9,N,9,,00000009__,120.94,02,,01,04,02,01,05,01,03,,150,FE,S,ROUTE 520 / ROBERTSVILLE RD,,,,55,45,26,,,N,,118
2019132819-034581,MONMOUTH,MARLBORO TWP,11/14/2019,TH,1755,01,MARLBORO TWP PD,,0,0,0,0,P,B,N,N,12,1,CONOVER RD **,W,,,13281683__,2.12,07,,01,07,02,01,05,01,05,01,500,FE,W,NJ 79,,,,50,55,24,,,N,,131
2019132819-034585,MONMOUTH,MARLBORO TWP,11/14/2019,TH,1838,01,MARLBORO TWP PD,,0,0,0,0,P,B,N,N,12,1,CONOVER RD **,W,,,13281683__,1.12,07,,01,06,02,01,05,01,05,01,1000,FE,W,PLEASANT VALLEY RD,,,,50,35,24,,,N,,131
2019132819-034590,MONMOUTH,MARLBORO TWP,11/14/2019,TH,2009,01,MARLBORO TWP PD,,0,0,0,0,P,B,N,N,12,1,CONOVER RD **,W,,,13281683__,1.22,07,,01,04,02,01,05,01,05,01,500,FE,W,PLEASANT VALLEY RD,,,,50,35,24,,,N,,131
2019132819-034628,MONMOUTH,MARLBORO TWP,11/15/2019,FR,1142,01,MARLBORO TWP PD,,0,1,0,0,I,I,N,N,03,2,MONMOUTH COUNTY 3,N,3,,13000003__,4.87,05,,01,04,02,01,01,01,05,01,,AT,,CLAYTON LN,,,,40,15,26,,,N,,90
2019132819-034673,MONMOUTH,MARLBORO TWP,11/15/2019,FR,1825,01,MARLBORO TWP PD,,0,0,0,0,P,B,N,N,12,1,MONMOUTH COUNTY 3,N,3,,13000003__,8.45,05,,01,04,02,01,06,01,05,01,100,FE,N,WOOLEYTOWN RD,,,,40,40,24,,,N,,90
2019132819-034677,MONMOUTH,MARLBORO TWP,11/15/2019,FR,1857,01,MARLBORO TWP PD,,0,1,0,0,I,B,N,N,02,2,NJ 79,S,79,,00000079__,4.31,02,,01,04,02,01,07,01,05,01,1056,FE,N,OLD MILL RD,,,,50,25,26,,,N,,140
2019132819-034682,MONMOUTH,MARLBORO TWP,11/15/2019,FR,1948,01,MARLBORO TWP PD,,0,0,0,0,P,B,N,N,12,1,SCHOOL RD E,,,,13091159__,3.57,07,,01,04,02,01,05,01,05,01,75,FE,W,WILLIS ST,,,,25,25,24,,,N,,144
2019132819-034695,MONMOUTH,MARLBORO TWP,11/16/2019,SA,0643,01,MARLBORO TWP PD,,0,2,0,0,I,B,N,N,11,1,MONMOUTH COUNTY 3,N,3,,13000003__,7.78,05,,01,04,02,01,02,01,05,01,200,FE,S,HARBOR RD / SPRING VALLEY RD,,,,40,40,26,,,N,THE MAILBOX AND TREES ON THE PROPERTY OF 186 TENNENT ROAD WERE DAMAGED.,137
2019132819-034720,MONMOUTH,MARLBORO TWP,11/16/2019,SA,1338,01,MARLBORO TWP PD,,0,1,0,0,I,B,N,N,01,2,NJ 34,N,34,,00000034__,20.13,02,,01,04,02,01,01,01,,01,10,FE,S,REIDS HILL RD,,,,55,30,26,,,N,,137
2019132819-034764,MONMOUTH,MARLBORO TWP,11/16/2019,SA,2232,01,MARLBORO TWP PD,,0,0,0,0,P,I,N,N,03,2,NJ 79,S,79,,00000079__,8.53,02,,01,04,02,01,05,01,05,01,,AT,,HARBOR RD,,,,50,35,26,,,N,TELEPHONE POLE #JC91167MAR AND THE STREET SIGN AT RT. 79 AND HARBOR,144
2019132819-034802,MONMOUTH,MARLBORO TWP,11/17/2019,SU,1540,01,MARLBORO TWP PD,,0,3,0,0,I,I,N,N,03,2,GREENWOOD RD **,S,,,13281059__,.55,07,,01,04,02,01,01,01,04,01,,AT,,TEXAS RD,,,,45,40,26,,,N,STOP SIGN AT INTERSECTION,145
2019132819-034809,MONMOUTH,MARLBORO TWP,11/17/2019,SU,1850,01,MARLBORO TWP PD,,0,2,0,0,I,B,N,N,01,3,US 9,S,9,,00000009__,119.70,02,,01,04,02,01,07,01,03,01,,,,,,,,55,,26,,,N,,
2019132819-034823,MONMOUTH,MARLBORO TWP,11/17/2019,SU,2155,01,MARLBORO TWP PD,,0,0,0,0,P,I,N,N,12,1,ROBERTSVILLE RD,W,,,13261114__,1.35,07,,01,04,02,01,06,01,05,01,,AT,,RYAN RD,,,,35,35,24,,,N,,139
2019132819-034828,MONMOUTH,MARLBORO TWP,11/17/2019,SU,2228,01,MARLBORO TWP PD,,0,0,0,0,P,B,N,N,12,1,US 9,N,9,,00000009__,120.19,02,,01,04,02,01,07,01,02,01,75,FE,N,KILMER DR,,,,55,25,24,,,N,,142
2019132819-034848,MONMOUTH,MARLBORO TWP,11/18/2019,MO,0756,01,MARLBORO TWP PD,,0,0,0,0,P,B,N,N,02,2,NJ 18,N,18,,00000018__,26.40,02,,01,04,02,02,01,02,01,,,,,,,,,65,,26,,,N,,146
2019132819-034861,MONMOUTH,MARLBORO TWP,11/18/2019,MO,1144,01,MARLBORO TWP PD,,0,1,0,0,I,B,N,N,01,2,NJ 79,N,79,,00000079__,7.70,02,,01,04,02,02,01,05,05,,50,FE,W,WYNCREST RD,,,,45,35,26,,,N,,146
2019132819-034881,MONMOUTH,MARLBORO TWP,11/18/2019,MO,1703,01,MARLBORO TWP PD,,0,1,0,0,I,B,N,N,01,2,US 9,S,9,,00000009__,121.00,02,,01,04,02,02,03,02,03,01,,,,,,,,55,,26,,,N,,116
2019132819-034887,MONMOUTH,MARLBORO TWP,11/18/2019,MO,1853,01,MARLBORO TWP PD,,0,1,0,1,I,B,N,N,13,1,UNION HILL RD,W,,,13261531__,1.57,07,,01,04,02,02,06,02,05,01,150,FE,E,US 9,,,,35,55,22,,,N,,138
2019132819-034922,MONMOUTH,MARLBORO TWP,11/19/2019,TU,0811,01,MARLBORO TWP PD,,0,1,0,0,I,B,N,N,11,2,RYAN ROAD,E,,,,,07,,02,04,02,02,01,01,05,01,200,FE,W,NJ 79,,,,35,40,56,,,N,,116
2019132819-035028,MONMOUTH,MARLBORO TWP,11/20/2019,WE,0628,01,MARLBORO TWP PD,,0,0,0,0,P,B,N,N,12,1,CONOVER RD **,S,,,13281683__,.09,07,,01,07,02,01,01,01,,,500,FE,N,ROUTE 520,,,,40,45,26,,,N,,70
2019132819-035054,MONMOUTH,MARLBORO TWP,11/20/2019,WE,1107,01,MARLBORO TWP PD,,0,0,0,0,P,B,N,N,08,2,HOBART ST **,E,,,13281014__,.06,07,,01,04,02,01,01,01,05,01,100,FE,E,WILLIS ST,,,,25,25,26,,,N,,90
2019132819-035061,MONMOUTH,MARLBORO TWP,11/20/2019,WE,1239,01,MARLBORO TWP PD,,0,1,0,0,I,B,N,N,01,2,ROUTE 520,W,520,,00000520__,6.67,07,,01,04,02,01,01,01,05,01,50,FE,W,NJ 79 / MAIN ST,,,,45,55,26,,,N,,90
2019132819-035135,MONMOUTH,MARLBORO TWP,11/21/2019,TH,0750,01,MARLBORO TWP PD,MARLBORO,0,0,0,0,P,B,N,N,01,2,NJ 79,N,79,,00000079__,5.43,02,,01,04,02,01,01,01,01,02,200,FE,S,SCHOOL RD,,,,40,25,26,,,N,,121
2019132819-035147,MONMOUTH,MARLBORO TWP,11/21/2019,TH,0922,01,MARLBORO TWP PD,,0,0,0,0,P,B,N,N,01,2,ROUTE 520,W,520,,00000520__,3.99,07,,01,04,02,01,01,01,05,01,20,FE,E,NJ 3 / TENNENT RD,,,,45,40,26,,,N,,90
2019132819-035164,MONMOUTH,MARLBORO TWP,11/21/2019,TH,1246,01,MARLBORO TWP PD,,0,0,0,0,P,B,N,N,01,2,NJ 79,N,79,,00000079__,10.48,02,,01,04,02,01,01,01,05,01,10,FE,S,CR 3 / LLOYD RD,,,,50,35,26,,,N,,90
2019132819-035170,MONMOUTH,MARLBORO TWP,11/21/2019,TH,1350,01,MARLBORO TWP PD,,0,0,0,0,P,B,N,N,08,2,PEASLEY DR **,N,,,13281455__,.27,07,,01,04,02,01,01,01,05,01,30,FE,S,CROSS LN,,,,25,,26,,,N,,90
2019132819-035187,MONMOUTH,MARLBORO TWP,11/21/2019,TH,1538,01,MARLBORO TWP PD,,0,1,0,0,I,B,N,N,01,2,RYAN ROAD,E,,,,,07,,01,04,02,01,01,01,05,01,30,FE,W,NJ 79,,,,40,50,26,,,N,,90
2019132819-035199,MONMOUTH,MARLBORO TWP,11/21/2019,TH,1845,01,MARLBORO TWP PD,,0,0,0,0,P,B,N,N,01,2,UNION HILL RD,W,,,13261531__,1.29,07,,01,04,02,01,05,01,05,01,75,FE,W,ROBBIE CT,,,,35,25,26,,,N,,133
2019132819-035239,MONMOUTH,MARLBORO TWP,11/22/2019,FR,0530,01,MARLBORO TWP PD,,0,0,0,0,P,B,N,N,01,2,US 9,S,9,,00000009__,121.00,02,,01,04,02,01,03,01,03,01,,,,,,,,55,,26,,,N,,140
2019132819-035240,MONMOUTH,MARLBORO TWP,11/22/2019,FR,0552,01,MARLBORO TWP PD,,0,0,0,0,P,B,N,N,99,1,MONMOUTH COUNTY 3,,3,,13000003__,6.34,05,,01,04,02,01,05,01,05,01,10,FE,N,AMBOY RD,,,,40,35,00,,,N,TELEPHONE PHONE NUMBER JC607MO AND VERIZON CABLE LINES,144
2019132819-035355,MONMOUTH,MARLBORO TWP,11/23/2019,SA,1259,01,MARLBORO TWP PD,,0,0,0,0,P,B,N,N,06,2,UNION HILL RD,,,,13261531__,1.20,07,,01,04,02,01,01,01,05,01,400,FE,E,MILLAY RD,,,,35,25,26,,,N,,116
2019132819-035410,MONMOUTH,MARLBORO TWP,11/24/2019,SU,1131,01,MARLBORO TWP PD,,0,0,0,0,P,I,N,N,99,2,UNION HILL RD,E,,,13261531__,2.31,07,,01,04,02,02,01,02,,,,AT,W,LAUREL LN,,,,35,25,26,,,N,,127
2019132819-035414,MONMOUTH,MARLBORO TWP,11/24/2019,SU,1208,01,MARLBORO TWP PD,,0,1,0,1,I,B,N,N,13,1,NJ 79,N,79,,00000079__,5.47,02,,01,04,02,02,01,02,05,01,15,FE,N,SCHOOL RD,,,,40,25,26,,,N,,116
2019132819-035445,MONMOUTH,MARLBORO TWP,11/24/2019,SU,2158,01,MARLBORO TWP PD,,0,0,0,0,P,B,N,N,11,1,NJ 18,N,18,,00000018__,29.40,02,,03,04,02,01,05,01,01,,,,,,,,,55,,26,,,N,GUARD RAIL,120
2019132819-035466,MONMOUTH,MARLBORO TWP,11/25/2019,MO,0750,01,MARLBORO TWP PD,,0,0,0,0,P,I,N,N,03,2,NJ 79,N,79,,00000079__,10.36,02,,01,04,02,01,01,01,05,01,,AT,,ROOSEVELT AVE,,,,40,25,26,,,N,,137
2019132819-035546,MONMOUTH,MARLBORO TWP,11/25/2019,MO,2055,01,MARLBORO TWP PD,,0,0,0,0,P,B,N,N,08,2,US 9,N,9,,00000009__,119.90,02,,01,04,02,01,06,01,02,01,528,FE,S,UNION HILL RD,,,,55,35,26,,,N,,116
2019132819-035620,MONMOUTH,MARLBORO TWP,11/26/2019,TU,0955,01,MARLBORO TWP PD,,0,0,0,0,P,I,N,N,07,2,ROUTE 520,E,520,,00000520__,3.99,07,,01,04,02,01,01,01,05,01,,AT,,NJ 3 / TENNENT RD,,,,45,40,26,,,N,,143
2019132819-035638,MONMOUTH,MARLBORO TWP,11/26/2019,TU,1342,01,MARLBORO TWP PD,,0,0,0,0,P,I,N,N,01,2,UNION HILL RD,E,,,13261531__,1.50,07,,01,04,02,01,01,01,05,01,,AT,,CLAYTON RD,,,,35,35,26,,,N,,143
2019132819-035651,MONMOUTH,MARLBORO TWP,11/26/2019,TU,1519,01,MARLBORO TWP PD,,0,0,0,0,P,B,N,N,01,2,NJ 79,N,79,,00000079__,6.60,02,,01,04,02,01,01,01,05,01,100,FE,N,QUINCY ST,,,,50,25,26,,,N,,70
2019132819-035662,MONMOUTH,MARLBORO TWP,11/29/2019,FR,1816,01,MARLBORO TWP PD,,0,0,0,0,P,B,N,N,01,2,ROUTE 520,W,520,,00000520__,2.86,07,,01,04,02,01,06,01,05,01,100,FE,E,US 9,,,,45,55,26,,,N,,143
2019132819-035708,MONMOUTH,MARLBORO TWP,11/27/2019,WE,0737,01,MARLBORO TWP PD,,0,1,0,0,I,B,N,N,01,2,MONMOUTH COUNTY 3,,3,,13000003__,5.32,05,,01,04,02,01,01,05,05,01,1320,FE,W,CHURCH RD,,,,40,25,26,,,N,432 TENNENT ROAD  LAWN DAMAGE FROM MARLBORO FIRST AID SQUAD PICK UP TRUCK,61
2019132819-035721,MONMOUTH,MARLBORO TWP,11/27/2019,WE,0854,01,MARLBORO TWP PD,,0,0,0,0,P,B,N,N,01,2,US 9,S,9,,00000009__,120.00,02,,03,06,02,01,01,01,02,01,,,,,T,UNION HILL RD,WB,55,,26,,,N,,58
2019132819-035739,MONMOUTH,MARLBORO TWP,11/27/2019,WE,1215,01,MARLBORO TWP PD,,0,0,0,0,P,B,N,N,08,2,ROUTE 520,W,520,,00000520__,2.85,07,,01,04,02,01,01,01,05,01,30,FE,E,US 9,,,,45,55,26,,,N,,58
2019132819-035786,MONMOUTH,MARLBORO TWP,11/28/2019,TH,0030,01,MARLBORO TWP PD,,0,0,0,0,P,B,N,N,01,2,NJ 79,N,79,,00000079__,4.16,02,,01,04,02,01,07,01,05,01,240,FE,N,OLD MILL RD,,,,50,25,26,,,N,,134
2019132819-035810,MONMOUTH,MARLBORO TWP,12/29/2019,SU,1324,01,MARLBORO TWP PD,,0,0,0,0,P,B,N,N,12,1,NJ 18,N,18,,00000018__,29.90,02,,01,04,02,02,01,05,03,01,,,,,,,,65,,24,,,N,,130
2019132819-035823,MONMOUTH,MARLBORO TWP,11/28/2019,TH,1550,01,MARLBORO TWP PD,,0,0,0,0,P,B,N,N,12,1,MONMOUTH COUNTY 3,E,3,,13000003__,9.74,05,,01,04,02,01,01,01,05,01,50,FE,W,BALDWIN AVE,,,,40,25,24,,,N,,122
2019132819-035840,MONMOUTH,MARLBORO TWP,11/28/2019,TH,2214,01,MARLBORO TWP PD,,0,0,0,0,P,B,N,N,12,1,ROUTE 520,E,520,,00000520__,6.23,07,,01,05,02,01,05,01,05,01,300,FE,E,WRIGHT LN,,,,45,25,24,,,N,,147
2019132819-035928,MONMOUTH,MARLBORO TWP,11/29/2019,FR,2049,01,MARLBORO TWP PD,,0,0,0,0,P,B,N,N,12,1,US 9,N,9,,00000009__,119.75,02,,01,04,02,01,06,01,02,01,1320,FE,S,UNION HILL RD,,,,55,35,24,,,N,,139
2019132819-035970,MONMOUTH,MARLBORO TWP,11/30/2019,SA,1235,01,MARLBORO TWP PD,,0,0,0,0,P,B,N,N,02,2,GORDONS CORNER RD **,N,,,13281402__,.00,07,,01,04,02,01,01,01,05,01,10,FE,N,ROUTE 520,,,,40,45,25,,,N,,90
2019132819-035971,MONMOUTH,MARLBORO TWP,11/30/2019,SA,1240,01,MARLBORO TWP PD,,0,0,0,0,P,B,N,N,01,3,MONMOUTH COUNTY 3,N,3,,13000003__,9.09,05,,01,04,02,01,01,01,05,01,300,FE,S,GREENWOOD RD,,,,40,35,26,,,N,,
2019132819-036085,MONMOUTH,MARLBORO TWP,12/02/2019,MO,0745,01,MARLBORO TWP PD,,0,0,0,0,P,I,N,N,06,2,BRAMBLE DR **,,,,13281334__,.19,07,,01,04,02,00,00,00,05,01,,AT,,IRONWOOD LN,,,,25,25,28,,,N,,116
2019132819-036091,MONMOUTH,MARLBORO TWP,12/02/2019,MO,0818,01,MARLBORO TWP PD,,0,0,0,0,P,B,N,N,03,2,ROUTE 520,,520,,00000520__,2.62,07,,01,04,02,02,01,02,05,01,250,FE,W,SERPENTINE DR,,,,45,25,26,,,N,,116
2019132819-036111,MONMOUTH,MARLBORO TWP,12/02/2019,MO,1359,01,MARLBORO TWP PD,,0,0,0,0,P,B,N,N,11,1,NJ 18,N,18,,00000018__,28.60,02,,01,04,02,03,01,03,01,,,,,,,,,65,,50,,,N,,409
2019132819-036114,MONMOUTH,MARLBORO TWP,12/02/2019,MO,1402,01,MARLBORO TWP PD,,0,0,0,0,P,B,N,N,11,1,NJ 18,N,18,,00000018__,28.80,02,,01,04,02,02,01,03,03,01,,FE,,,,,,65,,56,,,N,,122
2019132819-036116,MONMOUTH,MARLBORO TWP,12/02/2019,MO,1416,01,MARLBORO TWP PD,,0,0,0,0,P,B,N,N,11,1,ROUTE 520,,520,,00000520__,2.52,07,,02,04,02,03,01,03,05,01,150,FE,W,STOKES LN,,,,45,25,61,,,N,MAILBOX WAS DAMAGED AT 5 ROUTE 520,116
2019132819-036118,MONMOUTH,MARLBORO TWP,12/02/2019,MO,1439,01,MARLBORO TWP PD,,0,0,0,0,P,B,N,N,02,2,TEXAS RD,N,,,13281044__,3.27,07,,01,05,02,03,01,03,05,01,20,FE,S,THOMAS RD,,,,45,25,26,,,N,,87
2019132819-036123,MONMOUTH,MARLBORO TWP,12/02/2019,MO,1506,01,MARLBORO TWP PD,,0,0,0,0,P,B,N,N,99,1,NJ 18,S,18,,00000018__,28.40,02,,01,04,02,03,01,03,01,01,,,S,,,,,65,,04,,,N,,147
2019132819-036125,MONMOUTH,MARLBORO TWP,12/03/2019,TU,1515,01,MARLBORO TWP PD,,0,1,0,0,I,B,N,N,11,1,NJ 18,N,18,,00000018__,26.80,02,,01,04,02,03,01,03,01,01,,,,,,,,65,,60,,,N,,116
2019132819-036131,MONMOUTH,MARLBORO TWP,12/02/2019,MO,1650,01,MARLBORO TWP PD,,0,0,0,0,P,B,N,N,12,1,MONMOUTH COUNTY 46,W,46,,13000046__,3.28,05,,01,04,02,03,07,03,05,01,50,FE,E,SPRUCE LN,,,,45,25,24,,,N,,129
2019132819-036132,MONMOUTH,MARLBORO TWP,12/02/2019,MO,1710,01,MARLBORO TWP PD,,0,0,0,0,P,B,N,N,02,2,US 9,S,9,,00000009__,120.97,02,,02,04,02,02,06,03,05,,10,FE,S,ROUTE 520 / ROBERTSVILLE RD,,,,55,40,,,,N,,122
2019132819-036134,MONMOUTH,MARLBORO TWP,12/02/2019,MO,1755,01,MARLBORO TWP PD,,0,1,0,1,I,B,N,N,13,1,US 9,S,9,,00000009__,120.97,02,,01,04,02,05,06,03,03,01,25,FE,S,ROUTE 520 / ROBERTSVILLE RD,,,,55,45,22,,,N,,116
2019132819-036177,MONMOUTH,MARLBORO TWP,12/03/2019,TU,1258,01,MARLBORO TWP PD,,0,1,0,0,I,B,N,N,01,2,NJ 79,N,79,,00000079__,4.63,02,,02,04,02,01,01,01,05,01,35,FE,S,INVERNESS DR / RYAN RD,,,,50,35,26,,,N,,83
2019132819-036190,MONMOUTH,MARLBORO TWP,12/03/2019,TU,1514,01,MARLBORO TWP PD,,0,0,0,0,P,B,N,N,01,2,NJ 79,,79,,00000079__,5.27,02,,01,04,02,01,01,01,01,01,100,FE,S,BRANDON RD,,,,50,25,26,,,N,,116
2019132819-036191,MONMOUTH,MARLBORO TWP,12/03/2019,TU,1450,01,MARLBORO TWP PD,,0,0,0,0,P,B,N,N,01,2,ROUTE 520,E,520,,00000520__,4.65,07,,01,04,02,04,01,01,05,01,25,FE,W,EMERALD DR,,,,40,25,26,,,N,,127
2019132819-036198,MONMOUTH,MARLBORO TWP,12/03/2019,TU,1531,01,MARLBORO TWP PD,,0,0,0,0,P,B,N,N,06,2,NJ 79,S,79,,00000079__,5.27,02,,01,04,02,01,01,01,01,01,100,FE,S,BRANDON RD,,,,50,25,26,,,N,,116
2019132819-036232,MONMOUTH,MARLBORO TWP,12/04/2019,WE,0548,01,MARLBORO TWP PD,,0,0,0,0,P,B,N,N,12,1,US 9,N,9,,00000009__,119.98,02,,01,04,02,01,06,01,01,01,100,FE,S,UNION HILL RD,,,,55,35,24,,,N,,138
2019132819-036253,MONMOUTH,MARLBORO TWP,12/04/2019,WE,0905,01,MARLBORO TWP PD,,0,0,0,0,P,B,N,N,15,1,NJ 18,S,18,,00000018__,29.00,02,,01,04,02,02,01,01,03,01,,,,,,,,65,,26,,,N,,130
2019132819-036255,MONMOUTH,MARLBORO TWP,12/04/2019,WE,0908,01,MARLBORO TWP PD,,0,0,0,0,P,B,N,N,15,1,NJ 18,S,18,,00000018__,29.00,02,,01,04,02,02,01,01,03,01,,,,,,,,65,,39,,,N,,130
2019132819-036256,MONMOUTH,MARLBORO TWP,12/04/2019,WE,0908,01,MARLBORO TWP PD,,0,0,0,0,P,B,N,N,15,1,NJ 18,S,18,,00000018__,29.00,02,,01,04,02,02,01,01,03,01,,,,,,,,65,,39,,,N,,130
2019132819-036258,MONMOUTH,MARLBORO TWP,12/04/2019,WE,0920,01,MARLBORO TWP PD,,0,0,0,0,P,I,N,N,07,2,NJ 79,N,79,,00000079__,4.64,02,,01,04,02,02,01,03,05,01,,AT,,INVERNESS DR / RYAN RD,,,,45,35,26,,,N,,143
2019132819-036295,MONMOUTH,MARLBORO TWP,12/04/2019,WE,1529,01,MARLBORO TWP PD,,0,2,0,0,I,I,N,N,03,3,MONMOUTH COUNTY 3,S,3,,13000003__,7.82,05,,01,04,02,02,01,05,05,01,,AT,,HARBOR RD / SPRING VALLEY RD,,,,45,35,26,,,N,DAMAGE TO FIRE HYDRANT  SPRING VALLEY RD SIGN  POLE JC-665-MO,
2019132819-036301,MONMOUTH,MARLBORO TWP,12/04/2019,WE,1658,01,MARLBORO TWP PD,,0,0,0,0,P,B,N,N,12,1,MILLAY RD **,N,,,13281120__,.14,07,,01,04,02,01,07,01,05,02,300,FE,N,DICKINSON LN,,,,25,25,24,,,N,,130
2019132819-036303,MONMOUTH,MARLBORO TWP,12/04/2019,WE,1711,01,MARLBORO TWP PD,,0,0,0,0,P,B,N,N,12,1,NJ 79,S,79,,00000079__,4.55,02,,01,04,02,02,06,05,01,01,500,FE,S,INVERNESS DR / RYAN RD,,,,50,35,24,,,N,,143
2019132819-036304,MONMOUTH,MARLBORO TWP,12/04/2019,WE,1724,01,MARLBORO TWP PD,,0,0,0,0,P,B,N,N,12,1,NJ 79,S,79,,00000079__,4.55,02,,01,04,02,02,06,05,01,01,500,FE,S,INVERNESS DR / RYAN RD,,,,50,35,24,,,N,,143
2019132819-036329,MONMOUTH,MARLBORO TWP,12/05/2019,TH,0642,01,MARLBORO TWP PD,,0,1,0,0,I,B,N,N,11,1,NJ 18,S,18,,00000018__,25.90,02,,01,04,02,04,02,01,01,01,,,,,,,,65,,46,,,N,,116
2019132819-036379,MONMOUTH,MARLBORO TWP,12/05/2019,TH,1713,01,MARLBORO TWP PD,,0,0,0,0,P,I,N,N,03,3,ROUTE 520,E,520,,00000520__,3.70,07,,01,04,02,01,06,01,05,01,,AT,,CAMPUS DRIVE,,,,45,25,26,,,N,,90
2019132819-036419,MONMOUTH,MARLBORO TWP,12/06/2019,FR,0721,01,MARLBORO TWP PD,,0,0,0,0,P,B,N,N,05,2,MONMOUTH COUNTY 3,,3,,13000003__,8.65,05,,01,04,02,01,01,01,05,01,2640,FE,W,GREENWOOD RD,,,,35,35,26,,,N,,116
2019132819-036468,MONMOUTH,MARLBORO TWP,12/06/2019,FR,1637,01,MARLBORO TWP PD,,0,0,0,0,P,B,N,N,12,1,MONMOUTH COUNTY 3,S,3,,13000003__,6.99,05,,01,04,02,02,07,02,05,01,1620,FE,S,CRINE RD,,,,40,35,24,,,N,,131
2019132819-036480,MONMOUTH,MARLBORO TWP,12/06/2019,FR,1900,01,MARLBORO TWP PD,,0,0,0,0,P,B,N,N,02,2,US 9,N,9,,00000009__,121.06,02,,01,04,02,01,07,01,03,01,500,FE,N,ROUTE 520 / ROBERTSVILLE RD,,,,55,45,26,,,N,,129
2019132819-036539,MONMOUTH,MARLBORO TWP,12/07/2019,SA,1132,01,MARLBORO TWP PD,,0,1,0,0,I,B,N,N,02,2,WYNCREST RD,W,,,13281118__,,07,,01,04,02,01,01,01,05,01,50,FE,W,STONE LANE,,,,40,25,26,,,N,THE SIGN FOR THE FIRST AID BUILDING WAS SEVERELY DAMAGED.,136
2019132819-036571,MONMOUTH,MARLBORO TWP,12/07/2019,SA,1559,01,MARLBORO TWP PD,,0,0,0,0,P,B,N,N,02,2,WYNCREST RD,W,,,13281118__,.38,07,,01,04,02,01,03,01,05,01,100,FE,E,ROLLING HILL DR,,,,40,25,26,,,N,,131
2019132819-036614,MONMOUTH,MARLBORO TWP,12/08/2019,SU,0732,01,MARLBORO TWP PD,,0,0,0,0,P,B,N,N,12,1,MONMOUTH COUNTY 46,N,46,,13000046__,2.65,05,,01,04,02,01,01,01,05,01,25,FE,S,NETTER WAY,,,,40,25,26,,,N,,127
2019132819-036691,MONMOUTH,MARLBORO TWP,12/09/2019,MO,1049,01,MARLBORO TWP PD,,0,0,0,0,P,I,N,N,11,1,ROUTE 520,W,520,,00000520__,8.97,05,,01,04,02,02,01,05,05,01,,AT,,RICHMONDE CT,,,,45,25,57,,,N,,61
2019132819-036711,MONMOUTH,MARLBORO TWP,12/09/2019,MO,1334,01,MARLBORO TWP PD,,0,0,0,0,P,B,N,N,01,2,US 9,N,9,,00000009__,120.00,02,,01,04,02,02,01,02,02,01,150,FE,,MANALAPAN BORDER LINE,,,,55,,26,,,N,,146