Year(4)-CountyCode(2)-MunicipalityCode(2)-CaseNumber(9),County Name,Municipality Name,Crash Date,Crash Day of Week,Crash Time,Police Department Code,Police Department,Police Station,Total Killed,Total Injured,Pedestrians Killed,Pedestrians Injured,Severity,Intersection,Alcohol Involved,Hazmat Involved,Crash Type,Total Vehicles,Location,Location Direction,Route,Route Suffix,Std Rte Identifier,MilePost,Road System,Road Character,Road Horizontal Alignment,Road Grade,Road Surface Type,Surface Condition,Light Condition,Environmental Condition,Road Divided By,Temporary Traffic Control Zone,Distance To Cross Street,Unit Of Measurement,Direction From Cross Street,Cross Street Name,Is Ramp,Ramp To/From Route Name,Ramp To/From Route Direction,Posted Speed,Posted Speed Cross Street,First Harmful Event,Latitude,Longitude,Cell Phone In Use Flag,Other Property Damage,Reporting Badge No.
2019132819-24254,MONMOUTH,MARLBORO TWP,08/05/2019,MO,0937,01,MARLBORO TWP PD,,0,0,0,0,P,B,N,N,02,2,NJ 79,N,79,,00000079__,5.36,02,,01,04,02,01,01,01,01,02,600,FE,S,SCHOOL RD,,,,50,35,26,,,N,,61
2019132819-25216,MONMOUTH,MARLBORO TWP,08/13/2019,TU,0947,01,MARLBORO TWP PD,,0,0,0,0,P,B,N,N,01,2,NJ 79,S,79,,00000079__,4.53,02,,01,06,02,01,01,05,05,01,600,FE,S,INVERNESS DR / RYAN RD,,,,50,35,26,,,N,,61
2019132819-26534,MONMOUTH,MARLBORO TWP,08/26/2019,MO,1323,01,MARLBORO TWP PD,,0,2,0,0,I,B,N,N,04,2,MONMOUTH COUNTY 3,,3,,13000003__,8.71,05,,03,04,02,01,01,01,05,01,1500,FE,E,WOOLEYTOWN RD,,,,35,30,26,,,N,,61
2019132819-26609,MONMOUTH,MARLBORO TWP,08/27/2019,TU,1056,01,MARLBORO TWP PD,,0,0,0,0,P,B,N,N,06,2,SCHOOL RD E,,,,13091159__,4.01,07,,01,04,02,01,01,05,05,01,300,FE,,OWENS RD,,,,25,25,28,,,N,,61
2019132819-26920,MONMOUTH,MARLBORO TWP,08/30/2019,FR,1039,01,MARLBORO TWP PD,,0,0,0,0,P,I,N,N,12,1,VANDERBURG RD **,,,,13281099__,1.02,05,,01,04,02,01,01,01,05,01,,AT,,TIMBER LN,,,,40,25,24,,,N,,61
2019132819-27539,MONMOUTH,MARLBORO TWP,09/06/2019,FR,0728,01,MARLBORO TWP PD,,0,0,0,0,P,B,N,N,01,2,NJ 79,N,79,,00000079__,5.44,02,,01,04,02,01,01,05,05,01,150,FE,S,SCHOOL RD,,,,50,35,26,,,Y,,61
2019132819-27569,MONMOUTH,MARLBORO TWP,09/06/2019,FR,1319,01,MARLBORO TWP PD,,0,0,0,0,P,B,N,N,02,2,COLTS RUN **,,,,13281488__,,07,,01,04,02,02,01,02,05,01,50,FE,N,TROTTER PLACE,,,,25,25,26,,,N,,61
2019132819-31620,MONMOUTH,MARLBORO TWP,10/17/2019,TH,0649,01,MARLBORO TWP PD,,0,2,0,0,I,B,N,N,01,2,NJ 79,N,79,,00000079__,4.61,02,,01,04,02,01,06,05,05,01,150,FE,S,INVERNESS DR / RYAN RD,,,,50,25,26,,,N,,61
2019132819-31815,MONMOUTH,MARLBORO TWP,10/18/2019,FR,2310,01,MARLBORO TWP PD,,0,0,0,0,P,B,Y,N,10,1,MONMOUTH COUNTY 3,,3,,13000003__,8.75,05,,02,04,02,01,06,01,04,01,1690,FE,N,WOOLEYTOWN RD,,,,35,25,01,,,N,DAMAGE TO LAWN AND CURB OF 85 TENNENT RD. ALSO  4 DOWNED REFLECTOR SIGNS IN AREA,142
2019132819-32122,MONMOUTH,MARLBORO TWP,10/22/2019,TU,0648,01,MARLBORO TWP PD,,0,0,0,0,P,B,N,N,12,1,CONOVER RD **,,,,13281683__,1.22,07,,01,04,02,01,05,05,05,01,500,FE,S,PLEASANT VALLEY RD,,,,50,45,24,,,N,,61
2019132819-32244,MONMOUTH,MARLBORO TWP,10/23/2019,WE,0935,01,MARLBORO TWP PD,,0,1,0,0,I,I,N,N,03,2,GREENWOOD RD **,,,,13281059__,.55,07,,01,04,02,02,01,01,05,01,,AT,,TEXAS RD,,,,40,35,26,,,N,,61
2019132819-32486,MONMOUTH,MARLBORO TWP,10/25/2019,FR,0659,01,MARLBORO TWP PD,,0,0,0,0,P,B,N,N,01,2,US 9,N,9,,00000009__,121.50,02,,01,04,02,01,02,01,01,01,600,FE,S,TEXAS ROAD (OLD BRIDGE TWP),,,,55,45,26,,,N,,61
2019132819-32987,MONMOUTH,MARLBORO TWP,10/30/2019,WE,0758,01,MARLBORO TWP PD,,0,1,0,0,I,I,N,N,01,2,MONMOUTH COUNTY 3,,3,,13000003__,8.43,05,,01,04,02,02,01,02,05,01,,AT,,WOOLEYTOWN RD,,,,40,35,26,,,N,,61
2019132819-33724,MONMOUTH,MARLBORO TWP,11/06/2019,WE,1202,01,MARLBORO TWP PD,,0,2,0,0,I,B,N,N,01,2,US 9,N,9,,00000009__,120.91,02,,01,04,02,01,01,01,02,01,300,FE,S,ROUTE 520 / ROBERTSVILLE RD,,,,55,45,26,,,N,,61
2019132819-33922,MONMOUTH,MARLBORO TWP,11/08/2019,FR,0801,01,MARLBORO TWP PD,,0,0,0,0,P,B,N,N,11,1,8 SOUTH MAIN STREET,,,,,,09,,01,04,02,01,01,01,05,01,,,,,,,,,,54,,,N,SIGN POST IN PARKING LOT  8 SOUTH MAIN STREET (MARLBORO MALL),61
2019132819-34458,MONMOUTH,MARLBORO TWP,11/13/2019,WE,1225,01,MARLBORO TWP PD,,0,0,0,0,P,I,N,N,01,2,US 9,N,9,,00000009__,119.45,02,,01,04,02,01,01,01,01,01,,AT,,CLAYTON RD,,,,55,25,26,,,N,,61
2019132819-34578,MONMOUTH,MARLBORO TWP,11/14/2019,TH,1734,01,MARLBORO TWP PD,,0,2,0,0,I,B,N,N,01,3,US 9,N,9,,00000009__,120.78,02,,01,04,02,01,06,01,02,01,1000,FE,S,ROUTE 520 / ROBERTSVILLE RD,,,,55,45,26,,,N,,
2019132819-35146,MONMOUTH,MARLBORO TWP,11/21/2019,TH,0905,01,MARLBORO TWP PD,,0,0,0,0,P,I,N,N,02,2,ROUTE 520,E,520,,00000520__,7.85,05,,01,04,02,01,01,01,05,01,,AT,,BOUNDRY RD / CONOVER RD,,,,45,35,26,,,N,,61
2019132819-35159,MONMOUTH,MARLBORO TWP,11/21/2019,TH,1112,01,MARLBORO TWP PD,,0,0,0,0,P,I,N,N,11,1,NJ 79,S,79,,00000079__,5.58,02,,01,04,02,01,01,01,05,02,,AT,,NJ 4 / VANDERBURG RD,,,,40,35,52,,,N,UTILITY POLE # JC47XMO,61
2019132819016627,MONMOUTH,MARLBORO TWP,09/13/2019,FR,1219,01,SAYREVILLE PD,,0,0,0,0,P,B,N,N,08,2,US 9,N,9,,00000009__,120.60,02,,03,04,02,01,01,01,01,01,,,,,,,,50,,26,,,N,,107
2019132819028703,MONMOUTH,MARLBORO TWP,09/18/2019,WE,0906,01,MARLBORO TWP PD,,0,0,0,0,P,B,N,N,06,2,ELISA DR **,S,,,13281496__,.08,07,,03,04,02,01,01,01,02,01,150,FE,S,ROSE CT,,,,25,25,26,,,N,,65
2019132819029604,MONMOUTH,MARLBORO TWP,09/27/2019,FR,1618,01,MARLBORO TWP PD,,0,0,0,0,P,B,N,N,02,2,NJ 18,N,18,,00000018__,24.00,02,,01,04,02,01,01,01,02,01,,,,,,,,65,,26,,,N,,65
2019132819029607,MONMOUTH,MARLBORO TWP,09/24/2019,TU,1728,01,MARLBORO TWP PD,,0,2,0,0,I,I,N,N,03,2,ROUTE 520,W,520,,00000520__,3.90,07,,01,04,02,01,01,01,05,01,,AT,,HARTMANN RD,,,,45,25,26,,,N,,116
2019132819KP05164,MONMOUTH,MARLBORO TWP,06/05/2019,WE,0943,01,KEYPORT PD,,0,0,0,0,P,B,N,N,01,2,MONMOUTH COUNTY 3,E,3,,13000003__,9.31,05,,03,04,02,01,01,01,05,01,50,FE,E,ROLLO PL,,,,35,25,26,40.424720,74.211470,N,,22037
2019132919MW00046,MONMOUTH,MATAWAN BORO,01/02/2019,WE,2003,01,MATAWAN PD,,0,0,0,0,P,B,N,N,03,2,MONMOUTH COUNTY 6A II,S,6,2,13000006A2,,05,,01,04,02,01,06,01,05,01,310,FE,N,RAVINE DRIVE,,,,30,35,26,,,N,,29126
2019132919MW00153,MONMOUTH,MATAWAN BORO,01/08/2019,TU,0700,01,MATAWAN PD,,0,0,0,0,P,B,N,N,06,3,SCHENK AVE **,W,,,13291007__,.04,07,,01,04,02,02,01,02,05,01,25,FE,W,EDGEMERE DR,,,,25,25,28,,,N,,29139
2019132919MW00267,MONMOUTH,MATAWAN BORO,01/11/2019,FR,1908,01,MATAWAN PD,,0,0,0,0,P,B,N,N,02,2,NJ 34,N,34,,00000034__,22.33,02,,01,04,02,01,06,01,05,01,50,FE,S,ROUTE 516 / BROAD ST,,,,35,25,26,,,N,,29131
2019132919MW00459,MONMOUTH,MATAWAN BORO,01/17/2019,TH,1629,01,MATAWAN PD,,0,0,0,0,P,B,N,N,02,2,NJ 34,N,34,,00000034__,23.04,02,,01,04,02,01,03,01,05,01,210,FE,S,FIERRO AVE / MIDDLESEX RD,,,,40,25,26,,,N,,29141
2019132919MW00490,MONMOUTH,MATAWAN BORO,01/19/2019,SA,0726,01,MATAWAN PD,,0,0,0,0,P,B,N,N,11,1,ROUTE 516 Z,S,516,Z,00000516Z_,.83,05,,02,04,02,02,01,01,05,01,57,FE,N,NORTH ST,,,,25,25,52,,,N,POLE #BT155MAT  BT40115MAT  MATAWAN BOROUGH- NO PARKING SIGN,29122
2019132919MW00624,MONMOUTH,MATAWAN BORO,01/24/2019,TH,1412,01,MATAWAN PD,,0,0,0,0,P,B,N,N,08,2,ROUTE 516,E,516,,00000516__,7.78,05,,01,04,02,02,01,02,05,01,75,FE,E,LITTLE ST,,,,30,25,26,,,N,,29139
2019132919MW00628,MONMOUTH,MATAWAN BORO,01/24/2019,TH,1634,01,MATAWAN PD,,0,0,0,0,P,I,N,N,03,2,ATLANTIC ST **,S,,,13291035__,,07,,01,04,02,02,01,01,05,01,,AT,,RAILROAD PLAZA,,,,30,25,26,,,N,,29139
2019132919MW00680,MONMOUTH,MATAWAN BORO,01/26/2019,SA,0500,01,MATAWAN PD,,0,0,0,0,P,B,N,N,06,2,ROUTE 516,E,516,,00000516__,7.52,05,,01,04,02,01,06,01,05,01,297,FE,E,CHURCH ST,,,,35,25,26,,,N,,29124
2019132919MW00831,MONMOUTH,MATAWAN BORO,01/31/2019,TH,1204,01,MATAWAN PD,,0,0,0,0,P,B,N,N,01,2,NJ 34,N,34,,00000034__,22.50,02,,01,04,02,01,01,01,05,01,15,FE,N,JACKSON STREET,,,,35,25,26,,,N,,29139
2019132919MW00908,MONMOUTH,MATAWAN BORO,02/02/2019,SA,1817,01,MATAWAN PD,,0,0,0,0,P,B,N,N,11,1,ROUTE 516,W,516,,00000516__,6.90,05,,01,06,02,01,03,01,05,01,20,FE,E,NJ 79 / MAIN ST,,,,35,30,56,,,N,,29132
2019132919MW00946,MONMOUTH,MATAWAN BORO,02/04/2019,MO,1028,01,MATAWAN PD,,0,0,0,0,P,B,N,N,02,3,NJ 34,N,34,,00000034__,23.03,02,,01,04,02,01,01,01,05,01,240,FE,S,FIERRO AVE / MIDDLESEX RD,,,,40,25,26,,,N,,
2019132919MW01094,MONMOUTH,MATAWAN BORO,02/08/2019,FR,1026,01,MATAWAN PD,,0,0,0,0,P,B,N,N,11,1,NJ 79,S,79,,00000079__,11.92,02,,01,04,02,01,01,01,05,01,407,FE,N,ROUTE 516 / BROAD ST / NEW BRUNSWIC,,,,35,35,69,,,N,,29124
2019132919MW01108,MONMOUTH,MATAWAN BORO,02/08/2019,FR,1712,01,MATAWAN PD,,0,0,0,0,P,I,N,N,01,2,MIDDLESEX RD **,E,,,13291043__,.48,07,,01,04,02,01,01,01,05,01,,AT,,TARA DR,,,,25,25,26,,,N,,29124
2019132919MW01222,MONMOUTH,MATAWAN BORO,02/11/2019,MO,2136,01,MATAWAN PD,,0,0,0,0,P,I,N,N,07,2,ABERDEEN RD,E,,,,,07,,01,04,02,01,06,01,05,01,,AT,,MATAWAN AVE,,,,35,25,26,,,N,,29122
2019132919MW01290,MONMOUTH,MATAWAN BORO,02/14/2019,TH,1410,01,MATAWAN PD,,0,0,0,0,P,B,N,N,03,2,ROUTE 516,S,516,,00000516__,7.79,05,,01,04,02,01,01,01,05,01,87,FE,N,LITTLE ST,,,,30,25,26,,,N,,29137
2019132919MW01293,MONMOUTH,MATAWAN BORO,02/14/2019,TH,1548,01,MATAWAN PD,,0,0,0,0,P,B,N,N,06,2,ROUTE 516 Z,N,516,Z,00000516Z_,.73,05,,01,04,02,01,01,01,05,01,62,FE,N,STEAMBOAT ALLEY,,,,25,25,28,,,N,,29137
2019132919MW01296,MONMOUTH,MATAWAN BORO,02/14/2019,TH,1826,01,MATAWAN PD,,0,0,0,0,P,I,N,N,04,2,JOHNSON AVE **,N,,,13291038__,.39,07,,01,04,02,01,03,01,05,01,,AT,,RAILROAD ST,,,,25,25,26,,,N,,29137
2019132919MW01347,MONMOUTH,MATAWAN BORO,02/16/2019,SA,1222,01,MATAWAN PD,,0,1,0,0,I,B,N,N,01,2,ROUTE 516,S,516,,00000516__,7.19,05,,01,04,02,01,01,01,05,01,6,FE,N,NJ 34 / VALLEY RD,,,,35,35,26,,,N,,29124
2019132919MW01373,MONMOUTH,MATAWAN BORO,02/17/2019,SU,0218,01,MATAWAN PD,,0,0,0,0,P,B,Y,N,11,1,ROUTE 516,W,516,,00000516__,7.23,05,,01,04,02,01,06,01,05,01,225,FE,E,NJ 34 / VALLEY RD,,,,30,35,,,,N,TREE AND MULCH,29141
2019132919MW01431,MONMOUTH,MATAWAN BORO,02/19/2019,TU,0849,01,MATAWAN PD,,0,1,0,0,I,B,N,N,01,3,NJ 79,N,79,,00000079__,11.34,02,,01,04,02,01,01,01,05,01,380,FE,S,MILL RD,,,,35,30,26,,,N,,
2019132919MW01501,MONMOUTH,MATAWAN BORO,02/21/2019,TH,1725,01,MATAWAN PD,,0,1,0,1,I,I,N,N,13,1,ROUTE 516,S,516,,00000516__,8.25,05,,01,04,02,01,03,01,05,01,,AT,,HIGH ST / RAILROAD PLAZA,,,,25,25,22,,,N,,29137
2019132919MW01738,MONMOUTH,MATAWAN BORO,03/01/2019,FR,2052,01,MATAWAN PD,,0,0,0,0,P,B,N,N,06,2,ROUTE 516 Z,N,516,Z,00000516Z_,.66,05,,01,04,02,01,06,01,05,01,302,FE,S,STEAMBOAT ALLEY,,,,25,,28,,,N,,29122
2019132919MW01743,MONMOUTH,MATAWAN BORO,03/02/2019,SA,0341,01,MATAWAN PD,,0,0,0,0,P,B,N,N,11,1,MIDDLESEX RD **,N,,,13291043__,.71,07,,02,04,02,05,06,07,05,01,37,FE,S,CHRISTINE CT,,,,25,25,56,,,N,,29122
2019132919MW01754,MONMOUTH,MATAWAN BORO,03/02/2019,SA,2029,01,MATAWAN PD,,0,0,0,0,P,B,Y,N,06,2,NJ 79,N,79,,00000079__,11.92,02,,01,04,02,02,06,01,05,01,415,FE,N,ROUTE 516 / BROAD ST / NEW BRUNSWIC,,,,30,35,26,,,N,,29135
2019132919MW01867,MONMOUTH,MATAWAN BORO,03/07/2019,TH,0602,01,MATAWAN PD,,0,0,0,0,P,B,N,N,02,2,ROUTE 516,N,516,,00000516__,7.19,05,,01,04,02,01,02,01,05,01,15,FE,S,NJ 34 / VALLEY RD,,,,30,35,26,,,N,,29135
2019132919MW01956,MONMOUTH,MATAWAN BORO,03/09/2019,SA,1734,01,MATAWAN PD,,0,3,0,0,I,B,N,N,02,2,NJ 34,N,34,,00000034__,23.01,02,,01,04,02,01,01,01,05,01,11,FE,W,CRESCENT PLACE / NORTHFIELD RD,,,,40,25,26,,,N,,29122
2019132919MW02058,MONMOUTH,MATAWAN BORO,03/13/2019,WE,0832,01,MATAWAN PD,,0,0,0,0,P,B,N,N,01,2,TEXAS ROAD,E,,,,,07,,01,04,02,01,01,01,05,01,10,FE,W,WILSON AVENUE,,,,35,25,26,,,N,,29139
2019132919MW02060,MONMOUTH,MATAWAN BORO,03/13/2019,WE,0720,01,MATAWAN PD,,0,0,0,0,P,B,N,N,02,2,NJ 34,S,34,,00000034__,21.90,02,,01,04,02,01,01,01,05,01,10,FE,N,ATLANTIC AVE,,,,35,35,26,,,N,,29139
2019132919MW02081,MONMOUTH,MATAWAN BORO,03/13/2019,WE,1601,01,MATAWAN PD,,0,1,0,0,I,B,N,N,01,3,WILSON AVE,S,,,13291257__,.30,07,,01,04,02,01,01,01,05,01,150,FE,S,NJ 79 / FRENEAU AVE,,,,25,40,26,,,N,,29141
2019132919MW02085,MONMOUTH,MATAWAN BORO,03/13/2019,WE,1825,01,MATAWAN PD,,0,0,0,0,P,B,N,N,07,2,MATAWAN AVE,W,,,13291256__,.00,07,,01,04,02,01,01,01,05,01,10,FE,E,CR 6A II / RAVINE RD,,,,30,35,26,,,N,,29141
2019132919MW02103,MONMOUTH,MATAWAN BORO,03/14/2019,TH,1240,01,MATAWAN PD,,0,0,0,0,P,B,N,N,08,2,MONROE ST / SUNSET AVE **,N,,,13291010__,.30,07,,01,04,02,01,01,01,05,01,15,FE,S,CENTER ALLEY,,,,25,25,28,,,N,,29139
2019132919MW02202,MONMOUTH,MATAWAN BORO,03/17/2019,SU,1442,01,MATAWAN PD,,0,0,0,0,P,B,N,N,01,2,MIDDLESEX RD **,N,,,13291043__,.00,07,,01,04,02,01,01,01,05,01,10,FE,S,RAVINE DR,,,,25,25,26,,,N,,29131
2019132919MW02239,MONMOUTH,MATAWAN BORO,03/19/2019,TU,0757,01,MATAWAN PD,,0,1,0,0,I,B,N,N,01,3,NJ 79,E,79,,00000079__,11.64,02,,01,04,02,01,01,01,05,01,252,FE,W,CLAIR CT / SUTPHIN AVE,,,,30,25,26,,,N,,29141
2019132919MW02319,MONMOUTH,MATAWAN BORO,03/21/2019,TH,1219,01,MATAWAN PD,,0,0,0,0,P,B,N,N,01,2,NJ 79,N,79,,00000079__,11.45,02,,01,04,02,02,01,02,05,01,20,FE,S,WILSON AVE,,,,40,25,26,,,N,,29139
2019132919MW02354,MONMOUTH,MATAWAN BORO,03/22/2019,FR,1600,01,MATAWAN PD,,0,0,0,0,P,I,N,N,03,2,ATLANTIC ST **,S,,,13291035__,,07,,01,04,02,01,01,01,05,01,,AT,,RAILROAD PLAZA,,,,30,25,26,,,N,,29139
2019132919MW02502,MONMOUTH,MATAWAN BORO,03/28/2019,TH,0942,01,MATAWAN PD,,0,0,0,0,P,B,N,N,06,2,OAK KNOLL DR **,W,,,13291265__,.00,07,,01,04,02,01,01,01,05,01,20,FE,E,MATAWAN AVE,,,,25,30,28,,,N,,29139
2019132919MW02671,MONMOUTH,MATAWAN BORO,04/02/2019,TU,0307,01,MATAWAN PD,,0,0,0,0,P,B,N,N,11,1,ABERDEEN RD,N,,,,,07,,01,04,02,01,06,01,05,01,95,FE,N,MATAWAN AVE,,,,35,30,56,,,N,,29137
2019132919MW02912,MONMOUTH,MATAWAN BORO,04/06/2019,SA,2130,01,MATAWAN PD,,0,0,0,0,P,B,N,N,06,2,ROUTE 516,N,516,,00000516__,8.00,05,,01,04,02,01,06,01,05,01,50,FE,S,RABBIT LN,,,,30,25,28,,,N,,29139
2019132919MW02996,MONMOUTH,MATAWAN BORO,04/10/2019,WE,1023,01,MATAWAN PD,,0,0,0,0,P,B,N,N,01,2,NJ 79,N,79,,00000079__,11.36,02,,01,04,02,01,01,01,05,01,275,FE,S,MILL RD,,,,35,25,26,,,N,,29142
2019132919MW03137,MONMOUTH,MATAWAN BORO,04/12/2019,FR,1731,01,MATAWAN PD,,0,0,0,0,P,B,N,N,03,2,WILSON AVE,W,,,13291257__,.29,07,,01,04,02,02,01,02,05,01,200,FE,W,NJ 79 / FRENEAU AVE,,,,25,40,26,,,N,,29125
2019132919MW03158,MONMOUTH,MATAWAN BORO,04/13/2019,SA,1419,01,MATAWAN PD,,0,0,0,0,P,B,N,N,08,2,MONMOUTH COUNTY 6A II,S,6,2,13000006A2,1.31,05,,01,04,02,01,01,01,05,01,360,FE,S,ABERDEEN RD / MORRISTOWN RD,,,,35,25,26,,,N,,29140
2019132919MW03172,MONMOUTH,MATAWAN BORO,04/13/2019,SA,2218,01,MATAWAN PD,,0,0,0,0,P,B,N,N,06,2,TINA PL **,W,,,13291258__,.00,07,,01,04,02,01,06,01,05,01,350,FE,W,SARA CT,,,,25,25,28,,,N,,29139
2019132919MW03323,MONMOUTH,MATAWAN BORO,04/26/2019,FR,0857,01,MATAWAN PD,,0,0,0,0,P,B,N,N,01,2,ROUTE 516,W,516,,00000516__,7.21,05,,01,04,02,01,01,01,05,01,92,FE,E,NJ 34 / VALLEY RD,,,,30,35,26,,,N,,29138
2019132919MW03330,MONMOUTH,MATAWAN BORO,04/18/2019,TH,1451,01,MATAWAN PD,,0,0,0,0,P,I,N,N,01,2,TEXAS RD,S,,,,,07,,01,04,02,01,01,01,05,01,,AT,,WILSON AVE,,,,30,30,26,,,N,,29137
2019132919MW03606,MONMOUTH,MATAWAN BORO,04/29/2019,MO,1717,01,MATAWAN PD,,0,0,0,0,P,B,N,N,01,2,ROUTE 516,E,516,,00000516__,6.90,05,,01,04,02,01,01,01,05,01,15,FE,W,NJ 79 / MAIN ST,,,,30,25,26,,,N,,29140
2019132919MW03623,MONMOUTH,MATAWAN BORO,04/30/2019,TU,1135,01,MATAWAN PD,,0,0,0,0,P,B,N,N,01,2,NJ 79,N,79,,00000079__,11.84,02,,01,04,02,01,01,01,05,01,20,FE,S,ROUTE 516 / BROAD ST / NEW BRUNSWIC,,,,35,25,26,,,N,,29140
2019132919MW03830,MONMOUTH,MATAWAN BORO,05/06/2019,MO,2142,01,MATAWAN PD,,0,0,0,0,P,B,N,N,06,2,STEAMBOAT ALLEY,W,,,,,07,,01,04,02,01,01,01,05,01,90,FE,W,MAIN STREET,,,,25,25,28,,,N,,29141
2019132919MW03853,MONMOUTH,MATAWAN BORO,05/07/2019,TU,1457,01,MATAWAN PD,,0,0,0,0,P,B,N,N,01,2,ROUTE 516,S,516,,00000516__,7.19,05,,01,04,02,01,01,01,05,01,25,FE,N,NJ 34 / VALLEY RD,,,,30,35,26,,,N,,29124
2019132919MW03878,MONMOUTH,MATAWAN BORO,05/08/2019,WE,0847,01,MATAWAN PD,,0,0,0,0,P,I,N,N,02,2,NJ 34,N,34,,00000034__,22.58,02,,02,06,02,01,01,01,05,01,,AT,,FRANKLIN ST,,,,35,25,26,,,N,,29142
2019132919MW03945,MONMOUTH,MATAWAN BORO,05/10/2019,FR,0855,01,MATAWAN PD,,0,0,0,0,P,B,N,N,01,2,MATAWAN AVE,N,,,13291256__,.64,07,,01,06,02,01,01,01,05,01,71,FE,N,ABERDEEN RD,,,,25,35,26,,,N,,29122
2019132919MW03992,MONMOUTH,MATAWAN BORO,05/11/2019,SA,2351,01,MATAWAN PD,,0,0,0,0,P,B,N,N,11,1,MIDDLESEX RD **,N,,,13291043__,.76,07,,01,04,02,02,07,02,05,01,100,FE,S,MAPLE AVE,,,,25,25,,,,N,WOODEN POST AND BUSHES DAMAGED AT 777 SR 34 (MATAWAN AUTO).,29138
2019132919MW04001,MONMOUTH,MATAWAN BORO,05/12/2019,SU,1217,01,MATAWAN PD,,0,0,0,0,P,B,N,N,01,2,NJ 79,N,79,,00000079__,11.82,02,,03,05,02,02,01,02,05,01,123,FE,S,ROUTE 516 / BROAD ST / NEW BRUNSWIC,,,,25,35,26,,,N,,29124
2019132919MW04125,MONMOUTH,MATAWAN BORO,05/16/2019,TH,1800,01,MATAWAN PD,,0,0,0,0,P,B,N,N,03,2,NJ 79,N,79,,00000079__,11.53,02,,01,04,02,01,01,01,05,01,120,FE,N,MINISINK DR,,,,40,25,26,,,N,,29141
2019132919MW04146,MONMOUTH,MATAWAN BORO,05/17/2019,FR,1039,01,MATAWAN PD,,0,0,0,0,P,B,N,N,01,2,ROUTE 516,W,516,,00000516__,7.19,05,,01,04,02,01,01,01,05,01,15,FE,N,NJ 34 / VALLEY RD,,,,30,35,26,,,N,,29142
2019132919MW04169,MONMOUTH,MATAWAN BORO,05/18/2019,SA,1005,01,MATAWAN PD,,0,2,0,0,I,I,N,N,03,2,ROUTE 516,N,516,,00000516__,7.46,05,,01,04,02,01,01,01,05,01,,AT,,CHURCH ST,,,,30,25,26,,,N,,29139
2019132919MW04176,MONMOUTH,MATAWAN BORO,05/18/2019,SA,1400,01,MATAWAN PD,,0,0,0,0,P,B,N,N,11,1,SOUTH ST **,E,,,13291018__,.01,07,,01,04,02,01,01,01,05,01,31,FE,E,ROUTE 516 / MAIN ST,,,,25,30,52,,,N,POLE # JC 508MAT,29122
2019132919MW04250,MONMOUTH,MATAWAN BORO,05/21/2019,TU,0822,01,MATAWAN PD,,0,0,0,0,P,B,N,N,02,2,ROUTE 516,S,516,,00000516__,7.38,05,,01,04,02,01,01,01,05,01,13,FE,W,SOUTH ST,,,,30,25,26,,,N,,29122
2019132919MW04263,MONMOUTH,MATAWAN BORO,05/21/2019,TU,1642,01,MATAWAN PD,,0,1,0,0,I,B,N,N,01,2,NJ 79,S,79,,00000079__,11.59,02,,01,04,02,01,01,01,05,01,247,FE,S,VERMONT CT WEST,,,,40,25,26,,,N,,29122
2019132919MW04267,MONMOUTH,MATAWAN BORO,05/21/2019,TU,1832,01,MATAWAN PD,,0,0,0,0,P,B,N,N,01,2,MIDDLESEX RD **,W,,,13291043__,.85,07,,01,04,02,01,01,01,05,01,11,FE,E,NJ 34,,,,25,40,26,,,N,,29122
2019132919MW04277,MONMOUTH,MATAWAN BORO,05/21/2019,TU,2211,01,MATAWAN PD,,0,0,0,0,P,B,Y,N,11,1,NJ 34,S,34,,00000034__,22.43,02,,01,04,02,01,06,01,05,01,48,FE,N,NJ 79 / ROUTE 516 Z / MAIN ST,,,,35,35,52,,,N,,29137
2019132919MW04479,MONMOUTH,MATAWAN BORO,05/28/2019,TU,1320,01,MATAWAN PD,,0,0,0,0,P,B,N,N,06,2,LAKESIDE DR **,N,,,13291047__,.36,07,,01,04,02,01,01,01,05,01,33,FE,E,WELDON DR,,,,25,25,26,,,Y,,29122
2019132919MW04585,MONMOUTH,MATAWAN BORO,05/31/2019,FR,1432,01,MATAWAN PD,,0,0,0,0,P,B,N,N,06,2,CENTER AVE **,N,,,13291005__,.05,07,,01,04,02,01,01,01,05,01,250,FE,N,SUTPHIN AVE,,,,25,25,26,,,N,,29139
2019132919MW04606,MONMOUTH,MATAWAN BORO,06/01/2019,SA,0309,01,MATAWAN PD,,0,0,0,0,P,B,N,N,06,2,ATLANTIC ST **,S,,,13291035__,,07,,01,04,02,01,06,01,05,01,313,FE,N,LITTLE ST,,,,30,25,26,,,N,,29124
2019132919MW04741,MONMOUTH,MATAWAN BORO,06/06/2019,TH,1258,01,MATAWAN PD,,0,0,0,0,P,B,N,N,01,2,NJ 34,S,34,,00000034__,22.40,02,,01,04,02,01,01,01,05,01,,,,,T,NJ 79,SB,40,,26,,,N,,29122
2019132919MW04859,MONMOUTH,MATAWAN BORO,06/10/2019,MO,1333,01,MATAWAN PD,,0,0,0,0,P,I,N,N,03,2,NJ 34,S,34,,00000034__,22.34,02,,01,04,02,02,01,02,05,01,,AT,,ROUTE 516 / BROAD ST,,,,35,30,26,,,N,,29139
2019132919MW04890,MONMOUTH,MATAWAN BORO,06/11/2019,TU,1520,01,MATAWAN PD,,0,1,0,0,I,I,N,N,03,2,ROUTE 516,E,516,,00000516__,6.90,05,,01,04,02,01,01,01,05,01,,AT,,NJ 79 / MAIN ST,,,,35,35,26,,,N,,29137
2019132919MW04997,MONMOUTH,MATAWAN BORO,06/14/2019,FR,2317,01,MATAWAN PD,,0,0,0,0,P,B,Y,N,06,3,ROUTE 516,E,516,,00000516__,7.54,05,,01,04,02,01,06,01,05,01,105,FE,W,CLINTON ST,,,,30,25,26,,,N,,