Year(4)-CountyCode(2)-MunicipalityCode(2)-CaseNumber(9),County Name,Municipality Name,Crash Date,Crash Day of Week,Crash Time,Police Department Code,Police Department,Police Station,Total Killed,Total Injured,Pedestrians Killed,Pedestrians Injured,Severity,Intersection,Alcohol Involved,Hazmat Involved,Crash Type,Total Vehicles,Location,Location Direction,Route,Route Suffix,Std Rte Identifier,MilePost,Road System,Road Character,Road Horizontal Alignment,Road Grade,Road Surface Type,Surface Condition,Light Condition,Environmental Condition,Road Divided By,Temporary Traffic Control Zone,Distance To Cross Street,Unit Of Measurement,Direction From Cross Street,Cross Street Name,Is Ramp,Ramp To/From Route Name,Ramp To/From Route Direction,Posted Speed,Posted Speed Cross Street,First Harmful Event,Latitude,Longitude,Cell Phone In Use Flag,Other Property Damage,Reporting Badge No.
2019132919MW05135,MONMOUTH,MATAWAN BORO,06/20/2019,TH,0710,01,MATAWAN PD,,0,0,0,0,P,B,N,N,11,1,ROUTE 516,E,516,,00000516__,7.19,05,,01,04,02,02,01,05,05,01,10,FE,E,NJ 34 / VALLEY RD,,,,30,35,52,,,N,MINOR DAMAGE TO JCPL POLE JC200MAT,29138
2019132919MW05236,MONMOUTH,MATAWAN BORO,06/23/2019,SU,1930,01,MATAWAN PD,,0,1,0,0,I,B,Y,N,11,1,NJ 79,S,79,,00000079__,11.84,02,,02,04,02,01,01,02,05,01,300,FE,S,ROUTE 516 / BROAD ST / NEW BRUNSWIC,,,,25,30,56,,,N,DAMAGE TO POLE # BT155MAT. A WIRE FROM THE POLE WAS TANGLED IN THE MOTORCYCLE.,29139
2019132919MW05472,MONMOUTH,MATAWAN BORO,07/01/2019,MO,1853,01,MATAWAN PD,,0,0,0,0,P,B,N,N,11,1,ABERDEEN ROAD,W,,,,,07,,01,04,02,01,01,01,05,01,25,FE,E,OLIVIA PLACE,,,,35,25,52,,,N,,29139
2019132919MW05510,MONMOUTH,MATAWAN BORO,07/02/2019,TU,1716,01,MATAWAN PD,,0,0,0,0,P,B,N,N,01,2,NJ 34,S,34,,00000034__,22.08,02,,01,04,02,01,01,01,05,01,413,FE,S,BROOKVIEW LN,,,,35,25,26,,,N,,29124
2019132919MW05543,MONMOUTH,MATAWAN BORO,07/03/2019,WE,1724,01,MATAWAN PD,,0,1,0,0,I,B,Y,N,04,2,MATAWAN AVE,N,,,13291256__,.20,07,,02,05,02,01,01,01,05,01,47,FE,N,MARC DR,,,,30,25,26,,,N,,29124
2019132919MW05558,MONMOUTH,MATAWAN BORO,07/04/2019,TH,1054,01,MATAWAN PD,,0,0,0,0,P,I,N,N,01,2,NJ 34,N,34,,00000034__,23.08,02,,01,04,02,01,01,01,05,01,,AT,,FIERRO AVE / MIDDLESEX RD,,,,40,25,26,,,N,,29124
2019132919MW05559,MONMOUTH,MATAWAN BORO,07/04/2019,TH,1154,01,MATAWAN PD,,0,0,0,0,P,B,N,N,08,2,ROUTE 516,E,516,,00000516__,7.19,05,,01,04,02,01,01,01,05,01,6,FE,W,NJ 34 / VALLEY RD,,,,35,35,26,,,N,,29124
2019132919MW05684,MONMOUTH,MATAWAN BORO,07/08/2019,MO,1430,01,MATAWAN PD,,0,0,0,0,P,B,N,N,01,2,ROUTE 516,E,516,,00000516__,7.18,05,,01,04,02,02,01,02,05,01,50,FE,W,NJ 34 / VALLEY RD,,,,30,40,26,,,N,,29164
2019132919MW05742,MONMOUTH,MATAWAN BORO,07/10/2019,WE,0957,01,MATAWAN PD,,0,0,0,0,P,B,N,N,01,2,NJ 79,N,79,,00000079__,11.77,02,,01,04,02,01,01,01,05,01,369,FE,S,ROUTE 516 / BROAD ST / NEW BRUNSWIC,,,,30,35,26,,,N,,29141
2019132919MW05764,MONMOUTH,MATAWAN BORO,07/10/2019,WE,2007,01,MATAWAN PD,,0,0,0,0,P,B,N,N,01,2,NJ 34,N,34,,00000034__,22.42,02,,01,04,02,01,03,01,05,01,25,FE,S,NJ 79 / ROUTE 516 Z / MAIN ST,,,,35,30,26,,,N,,29139
2019132919MW05804,MONMOUTH,MATAWAN BORO,07/11/2019,TH,1942,01,MATAWAN PD,,0,2,0,0,I,B,N,N,11,1,ROUTE 516 Z,S,516,Z,00000516Z_,.82,05,,01,04,02,02,06,02,05,01,15,FE,N,NORTH ST,,,,30,25,56,,,N,DAMAGE TO 25 MPH SPEED LIMIT SIGN,29139
2019132919MW06123,MONMOUTH,MATAWAN BORO,07/21/2019,SU,1242,01,MATAWAN PD,,0,0,0,0,P,B,N,N,11,1,MIDDLESEX RD **,W,,,13291043__,.69,07,,03,04,02,01,01,01,05,01,150,FE,W,CHRISTINE CT,,,,25,25,56,,,N,,29140
2019132919MW06146,MONMOUTH,MATAWAN BORO,07/22/2019,MO,1058,01,MATAWAN PD,,0,0,0,0,P,I,N,N,02,2,NJ 79,S,79,,00000079__,11.84,02,,01,04,02,01,01,01,05,01,,AT,N,ROUTE 516 / BROAD ST / NEW BRUNSWIC,,,,40,25,26,,,N,,29122
2019132919MW06181,MONMOUTH,MATAWAN BORO,07/23/2019,TU,0920,01,MATAWAN PD,,0,0,0,0,P,B,N,N,06,2,ROUTE 516,S,516,,00000516__,7.35,05,,01,04,02,02,01,02,05,01,182,FE,S,SOUTH ST,,,,30,25,28,,,N,,29122
2019132919MW06248,MONMOUTH,MATAWAN BORO,07/25/2019,TH,1228,01,MATAWAN PD,,0,0,0,0,P,B,N,N,06,2,ROUTE 516 Z,S,516,Z,00000516Z_,.56,05,,01,04,02,01,01,01,05,01,150,FE,N,CR 6A / RAVINE DR,,,,25,35,26,,,N,,29136
2019132919MW06431,MONMOUTH,MATAWAN BORO,07/31/2019,WE,1535,01,MATAWAN PD,,0,1,0,0,I,B,N,N,02,2,NJ 34,N,34,,00000034__,23.07,02,,01,04,02,02,01,02,05,01,77,FE,S,FIERRO AVE / MIDDLESEX RD,,,,40,25,26,,,N,POLE # JC379MAT  HIGHWAY SIGN- N 34 MILE 23,29122
2019132919MW06450,MONMOUTH,MATAWAN BORO,08/01/2019,TH,1154,01,MATAWAN PD,,0,0,0,0,P,B,N,N,07,2,MONMOUTH COUNTY 6A II,N,6,2,13000006A2,1.27,05,,01,04,02,01,01,01,05,01,10,FE,N,MIDDLESEX RD,,,,25,25,26,,,N,,29131
2019132919MW06471,MONMOUTH,MATAWAN BORO,08/01/2019,TH,2304,01,MATAWAN PD,,0,0,0,0,P,B,N,N,11,1,MATAWAN AVE,S,,,13291256__,.63,07,,01,04,02,01,06,01,05,01,25,FE,W,ABERDEEN RD,,,,25,35,56,,,N,MATAWAN BOROUGH PEDESTRIAN CROSSING SIGN/STREET SIGN-201 BROAD ST. MATAWAN  NJ,29143
2019132919MW06608,MONMOUTH,MATAWAN BORO,08/06/2019,TU,0719,01,MATAWAN PD,,0,0,0,0,P,B,N,N,15,1,ROUTE 516,W,516,,00000516__,6.35,05,,01,04,02,01,01,01,05,02,617,FE,W,MIRIAM DR,,,,40,25,29,,,N,TEMPORARY TRAFFIC LIGHT STAND-OWNED BY SPARWICK CONTRACTING INC.,29122
2019132919MW06720,MONMOUTH,MATAWAN BORO,08/09/2019,FR,0630,01,MATAWAN PD,,0,0,0,0,P,B,N,N,08,2,ROUTE 516,S,516,,00000516__,7.53,05,,01,04,02,01,02,01,05,01,150,FE,W,CLINTON ST,,,,30,,26,,,N,,29143
2019132919MW06732,MONMOUTH,MATAWAN BORO,08/09/2019,FR,1557,01,MATAWAN PD,,0,0,0,0,P,I,N,N,03,2,ROUTE 516 Z,N,516,Z,00000516Z_,.27,05,,01,04,02,01,01,01,05,01,,AT,,CHURCH ST,,,,30,25,26,,,N,,29143
2019132919MW06734,MONMOUTH,MATAWAN BORO,08/09/2019,FR,1701,01,MATAWAN PD,,0,0,0,0,P,B,N,N,01,2,ROUTE 516,S,516,,00000516__,7.46,05,,01,04,02,01,01,01,05,01,20,FE,S,CHURCH ST,,,,25,25,26,,,N,,29140
2019132919MW06797,MONMOUTH,MATAWAN BORO,08/11/2019,SU,1457,01,MATAWAN PD,,0,2,0,0,I,B,N,N,01,2,NJ 79,S,79,,00000079__,11.40,02,,01,04,02,01,01,01,05,01,75,FE,S,MILL RD,,,,40,25,26,,,N,,29139
2019132919MW06825,MONMOUTH,MATAWAN BORO,08/12/2019,MO,1227,01,MATAWAN PD,,0,1,0,0,I,B,N,N,03,2,NJ 34,S,34,,00000034__,23.08,02,,01,04,02,01,01,01,05,01,10,FE,N,FIERRO AVE / MIDDLESEX RD,,,,40,25,26,,,N,,29139
2019132919MW06907,MONMOUTH,MATAWAN BORO,08/15/2019,TH,0802,01,MATAWAN PD,,0,0,0,0,P,B,N,N,01,2,MATAWAN AVE,N,,,13291256__,.71,07,,01,04,02,01,01,01,05,01,400,FE,E,ABERDEEN RD,,,,40,35,26,,,N,,29143
2019132919MW07134,MONMOUTH,MATAWAN BORO,08/22/2019,TH,1023,01,MATAWAN PD,,0,0,0,0,P,B,N,N,01,2,MONMOUTH COUNTY 6A II,W,6,2,13000006A2,.57,05,,01,04,02,01,01,01,05,01,10,FE,E,LIBERTY ST,,,,35,25,26,,,N,,29143
2019132919MW07160,MONMOUTH,MATAWAN BORO,08/23/2019,FR,1310,01,MATAWAN PD,,0,1,0,0,I,B,N,N,01,2,NJ 79,S,79,,00000079__,11.67,02,,02,04,02,01,01,05,05,01,130,FE,S,CLAIR CT / SUTPHIN AVE,,,,35,25,26,,,N,,29143
2019132919MW07229,MONMOUTH,MATAWAN BORO,08/26/2019,MO,1244,01,MATAWAN PD,,0,1,0,0,I,B,N,N,10,1,ROUTE 516 Z,S,516,Z,00000516Z_,.10,05,,01,04,02,01,01,01,05,01,143,FE,S,WASHINGTON ST,,,,30,25,56,,,Y,TREE  MATAWAN BOROUGH,29124
2019132919MW07232,MONMOUTH,MATAWAN BORO,08/26/2019,MO,1707,01,MATAWAN PD,,0,0,0,0,P,B,N,N,01,2,NJ 79,N,79,,00000079__,12.12,02,,01,04,02,01,01,01,05,01,53,FE,S,NJ 34 / MIDDLESEX ST,,,,35,35,26,,,N,,29124
2019132919MW07286,MONMOUTH,MATAWAN BORO,08/28/2019,WE,0729,01,MATAWAN PD,,0,0,0,0,P,B,N,N,06,2,ROUTE 516,S,516,,00000516__,7.52,05,,01,04,02,01,01,05,05,01,300,FE,N,CHURCH ST,,,,25,30,28,,,N,,29141
2019132919MW07297,MONMOUTH,MATAWAN BORO,08/28/2019,WE,1050,01,MATAWAN PD,,0,0,0,0,P,B,N,N,11,1,LITTLE ST **,E,,,13291028__,,07,,03,04,02,01,01,05,05,01,2,FE,E,JACKSON ST,,,,25,25,56,,,N,,29141
2019132919MW07303,MONMOUTH,MATAWAN BORO,08/28/2019,WE,2109,01,MATAWAN PD,,0,0,0,0,P,B,N,N,01,2,ROUTE 516 Z,S,516,Z,00000516Z_,.36,05,,01,04,02,02,01,02,05,01,465,FE,N,CHURCH ST,,,,25,25,26,,,N,,29129
2019132919MW07310,MONMOUTH,MATAWAN BORO,08/28/2019,WE,2037,01,MATAWAN PD,,0,0,0,0,P,I,N,N,02,2,NJ 34,S,34,,00000034__,22.34,02,,01,04,02,01,06,05,05,01,,AT,S,ROUTE 516 / BROAD ST,,,,35,30,26,,,N,,29142
2019132919MW07353,MONMOUTH,MATAWAN BORO,08/29/2019,TH,2054,01,MATAWAN PD,,0,0,0,0,P,B,N,N,06,2,ELIZABETH DR / FIERRO AVE **,W,,,13291051__,.00,07,,01,04,02,01,03,01,05,01,50,FE,W,NJ 34,,,,25,40,28,,,N,,29142
2019132919MW07403,MONMOUTH,MATAWAN BORO,08/31/2019,SA,1223,01,MATAWAN PD,,0,1,0,0,I,B,N,N,02,2,NJ 34,S,34,,00000034__,21.81,02,,01,04,02,01,01,01,05,01,50,FE,S,MILL RD,,,,40,25,26,,,N,,29143
2019132919MW07479,MONMOUTH,MATAWAN BORO,09/03/2019,TU,1816,01,MATAWAN PD,,0,0,0,0,P,B,N,N,01,2,NJ 34,S,34,,00000034__,21.94,02,,01,04,02,01,01,01,05,01,15,FE,N,MACARTHUR DR,,,,40,25,26,,,N,,29139
2019132919MW07494,MONMOUTH,MATAWAN BORO,09/04/2019,WE,0841,01,MATAWAN PD,,0,0,0,0,P,B,N,N,01,2,NJ 79,N,79,,00000079__,11.80,02,,01,04,02,01,01,01,05,01,230,FE,S,ROUTE 516 / BROAD ST / NEW BRUNSWIC,,,,30,30,26,,,N,,29141
2019132919MW07539,MONMOUTH,MATAWAN BORO,09/05/2019,TH,1415,01,MATAWAN PD,,0,0,0,0,P,B,N,N,01,2,ROUTE 516,S,516,,00000516__,8.33,05,,01,04,02,01,01,01,05,01,417,FE,N,HIGH ST / RAILROAD PLAZA,,,,30,25,26,,,N,,29124
2019132919MW07540,MONMOUTH,MATAWAN BORO,09/05/2019,TH,1444,01,MATAWAN PD,,0,0,0,0,P,I,Y,N,11,1,NJ 34,S,34,,00000034__,23.08,02,,01,04,02,01,01,01,05,01,,AT,,FIERRO AVE / MIDDLESEX RD,,,,40,25,51,,,N,LANDSCAPE 1 FIERRO AVE  NJ DOT TRAFFIC LIGHT CAMERA  UTILITY POLE JCPL,29124
2019132919MW07656,MONMOUTH,MATAWAN BORO,09/09/2019,MO,0745,01,MATAWAN PD,,0,1,0,0,I,B,N,N,01,3,NJ 79,N,79,,00000079__,11.73,02,,01,04,02,01,02,01,05,01,200,FE,N,CLAIR CT / SUTPHIN AVE,,,,35,,26,,,N,,
2019132919MW07774,MONMOUTH,MATAWAN BORO,09/12/2019,TH,1554,01,MATAWAN PD,,0,0,0,0,P,I,N,N,11,1,NJ 79,S,79,,00000079__,11.41,02,,01,04,02,01,01,05,05,01,,AT,,MILL RD,,,,40,25,,,,N,ILLUMINATED PEDESTRIAN POST,29141
2019132919MW07817,MONMOUTH,MATAWAN BORO,09/13/2019,FR,1919,01,MATAWAN PD,,0,0,0,0,P,I,N,N,01,2,NJ 34,S,34,,00000034__,23.08,02,,01,04,02,01,06,01,05,01,,AT,,FIERRO AVE / MIDDLESEX RD,,,,35,25,26,,,N,,29137
2019132919MW07838,MONMOUTH,MATAWAN BORO,09/14/2019,SA,1459,01,MATAWAN PD,,0,0,0,0,P,B,N,N,08,2,ROUTE 516,E,516,,00000516__,7.19,05,,01,04,02,01,01,05,05,01,15,FE,W,NJ 34 / VALLEY RD,,,,30,35,26,,,N,,29136
2019132919MW07988,MONMOUTH,MATAWAN BORO,09/19/2019,TH,0734,01,MATAWAN PD,,0,1,0,0,I,B,N,N,01,2,NJ 79,N,79,,00000079__,11.83,02,,01,04,02,01,01,01,05,01,50,FE,S,ROUTE 516 / BROAD ST / NEW BRUNSWIC,,,,30,30,26,,,N,,29139
2019132919MW08022,MONMOUTH,MATAWAN BORO,09/20/2019,FR,0828,01,MATAWAN PD,,0,0,0,0,P,B,N,N,08,2,ROUTE 516,E,516,,00000516__,8.01,05,,01,04,02,01,01,01,05,01,25,FE,E,RABBIT LN,,,,30,25,26,,,N,,29139
2019132919MW08155,MONMOUTH,MATAWAN BORO,09/23/2019,MO,1941,01,MATAWAN PD,,0,0,0,0,P,B,Y,N,04,2,ROUTE 516,N,516,,00000516__,7.13,05,,02,04,02,01,06,01,05,01,300,FE,S,NJ 34 / VALLEY RD,,,,30,35,26,,,N,,29143
2019132919MW08170,MONMOUTH,MATAWAN BORO,09/24/2019,TU,1155,01,MATAWAN PD,,0,0,0,0,P,I,N,N,03,2,MONMOUTH COUNTY 6A II,E,6,2,13000006A2,1.27,05,,01,04,02,01,01,01,05,01,,AT,,MIDDLESEX RD,,,,35,25,26,,,N,,29140
2019132919MW08184,MONMOUTH,MATAWAN BORO,09/24/2019,TU,1523,01,MATAWAN PD,,0,0,0,0,P,B,N,N,01,2,ROUTE 516,W,516,,00000516__,6.90,05,,01,04,02,01,01,01,05,01,17,FE,E,NJ 79 / MAIN ST,,,,35,25,26,,,N,,29122
2019132919MW08219,MONMOUTH,MATAWAN BORO,09/25/2019,WE,1814,01,MATAWAN PD,,0,0,0,0,P,B,N,N,02,2,NJ 34,N,34,,00000034__,22.34,02,,01,04,02,01,01,01,05,01,5,FE,S,ROUTE 516 / BROAD ST,,,,40,30,26,,,N,,29122
2019132919MW08308,MONMOUTH,MATAWAN BORO,09/28/2019,SA,1943,01,MATAWAN PD,,0,0,0,0,P,I,N,N,03,2,ATLANTIC ST **,N,,,13291035__,,07,,01,04,02,01,06,01,05,01,,AT,,RAILROAD PLAZA,,,,30,25,26,,,N,,29141
2019132919MW08327,MONMOUTH,MATAWAN BORO,09/29/2019,SU,1536,01,MATAWAN PD,,0,0,0,0,P,B,N,N,06,2,MONMOUTH COUNTY 6A II,S,6,2,13000006A2,1.48,05,,01,04,02,01,01,01,05,01,525,FE,N,ABERDEEN RD / MORRISTOWN RD,,,,35,35,28,,,N,,29136
2019132919MW08328,MONMOUTH,MATAWAN BORO,09/29/2019,SU,1609,01,MATAWAN PD,,0,0,0,0,P,B,N,N,06,2,BROAD ST,N,,,,,07,,01,04,02,01,00,01,05,01,,,,,,,,25,,28,,,N,,29142
2019132919MW08374,MONMOUTH,MATAWAN BORO,10/01/2019,TU,1414,01,MATAWAN PD,,0,0,0,0,P,B,N,N,11,1,ROUTE 516,W,516,,00000516__,6.89,05,,01,04,02,01,01,01,05,01,50,FE,W,NJ 79 / MAIN ST,,,,30,35,,,,N,FENCE BELONGING TO CEMETARY,29131
2019132919MW08417,MONMOUTH,MATAWAN BORO,10/02/2019,WE,1827,01,MATAWAN PD,,0,1,0,0,I,B,N,N,11,1,ROUTE 516,S,516,,00000516__,7.20,05,,01,04,02,01,01,01,05,01,53,FE,N,NJ 34 / VALLEY RD,,,,30,40,,,,N,VERIZON POLE # BT141,29122
2019132919MW08484,MONMOUTH,MATAWAN BORO,10/04/2019,FR,1915,01,MATAWAN PD,,0,1,0,0,I,B,N,N,01,2,NJ 34,S,34,,00000034__,22.30,02,,01,04,02,01,06,01,05,01,200,FE,S,ROUTE 516 / BROAD ST,,,,40,30,26,,,N,,29143
2019132919MW08532,MONMOUTH,MATAWAN BORO,10/06/2019,SU,1146,01,MATAWAN PD,,0,0,0,0,P,B,N,N,08,2,ROUTE 516,S,516,,00000516__,,05,,01,04,02,01,01,01,05,01,,,,,,,,25,,26,,,N,,29142
2019132919MW08575,MONMOUTH,MATAWAN BORO,10/07/2019,MO,1735,01,MATAWAN PD,,0,0,0,0,P,B,N,N,01,2,NJ 79,N,79,,00000079__,11.83,02,,01,04,02,01,01,01,05,01,50,FE,S,ROUTE 516 / BROAD ST / NEW BRUNSWIC,,,,30,30,26,,,N,,29139
2019132919MW08694,MONMOUTH,MATAWAN BORO,10/11/2019,FR,0659,01,MATAWAN PD,,0,1,0,0,I,B,N,N,03,2,MATAWAN AVE,N,,,13291256__,.83,07,,01,04,02,01,01,01,05,01,7,FE,W,OAK KNOLL DR,,,,25,24,26,,,N,,29122
2019132919MW08707,MONMOUTH,MATAWAN BORO,10/11/2019,FR,1646,01,MATAWAN PD,,0,0,0,0,P,I,N,N,02,2,NJ 34,N,34,,00000034__,22.34,02,,01,04,02,01,01,01,04,01,,AT,,ROUTE 516 / BROAD ST,,,,40,35,26,,,N,,29122
2019132919MW08751,MONMOUTH,MATAWAN BORO,10/13/2019,SU,0910,01,MATAWAN PD,,0,1,0,0,I,B,N,N,03,2,MONMOUTH COUNTY 6A II,S,6,2,13000006A2,1.44,05,,01,04,02,01,01,01,05,01,300,FE,N,ABERDEEN RD / MORRISTOWN RD,,,,35,35,26,,,N,MATAWAN BORO- FIRE HYDRANT WAS STRUCK AND REMOVED FROM THE GROUND,29139
2019132919MW08812,MONMOUTH,MATAWAN BORO,10/15/2019,TU,0742,01,MATAWAN PD,,0,0,0,0,P,B,N,N,01,2,ROUTE 516,S,516,,00000516__,7.19,05,,01,04,02,01,01,01,05,01,15,FE,N,NJ 34 / VALLEY RD,,,,30,35,26,,,N,,29142
2019132919MW08838,MONMOUTH,MATAWAN BORO,10/15/2019,TU,1710,01,MATAWAN PD,,0,0,0,0,P,B,N,N,01,2,NJ 34,S,34,,00000034__,22.33,02,,01,04,02,01,01,01,05,01,50,FE,S,ROUTE 516 / BROAD ST,,,,35,30,26,,,N,,29142
2019132919MW08880,MONMOUTH,MATAWAN BORO,10/16/2019,WE,1859,01,MATAWAN PD,,0,0,0,0,P,I,N,N,04,2,ABERDEEN RD,N,,,,,07,,01,04,02,02,06,02,05,01,,AT,,MORRISTOWN RD,,,,35,30,26,,,N,,29137
2019132919MW08963,MONMOUTH,MATAWAN BORO,10/17/2019,TH,2027,01,MATAWAN PD,,0,1,0,0,I,I,N,N,14,1,MONMOUTH COUNTY 6A II,W,6,2,13000006A2,.33,05,,01,04,02,01,06,01,05,01,,AT,,WASHINGTON AVE,,,,35,25,21,,,N,,29122
2019132919MW09030,MONMOUTH,MATAWAN BORO,10/21/2019,MO,1622,01,MATAWAN PD,,0,0,0,0,P,B,N,N,03,2,ROUTE 516,N,516,,00000516__,8.22,05,,01,04,02,01,01,01,05,01,150,FE,S,HIGH ST / RAILROAD PLAZA,,,,30,35,26,,,N,,29139
2019132919MW09059,MONMOUTH,MATAWAN BORO,10/22/2019,TU,0839,01,MATAWAN PD,,0,1,0,0,I,B,N,N,01,2,NJ 79,N,79,,00000079__,11.75,02,,01,04,02,01,01,05,05,01,500,FE,S,ROUTE 516 / BROAD ST / NEW BRUNSWIC,,,,30,30,26,,,N,THULE BIKE RACK,29141
2019132919MW09109,MONMOUTH,MATAWAN BORO,10/23/2019,WE,1625,01,MATAWAN PD,,0,0,0,0,P,B,N,N,08,2,ROUTE 516,W,516,,00000516__,7.14,05,,02,04,02,01,01,01,05,01,250,FE,S,NJ 34 / VALLEY RD,,,,30,35,26,,,N,,29141
2019132919MW09164,MONMOUTH,MATAWAN BORO,10/24/2019,TH,1818,01,MATAWAN PD,,0,1,0,0,I,B,N,N,11,1,NJ 79,N,79,,00000079__,11.93,02,,01,04,02,01,06,01,05,01,450,FE,N,ROUTE 516 / BROAD ST / NEW BRUNSWIC,,,,30,30,56,,,N,MATAWAN BORO FIRE HYDRANT  POLE # JC189MAT (SEE NARRATIVE),29141
2019132919MW09168,MONMOUTH,MATAWAN BORO,10/24/2019,TH,1933,01,MATAWAN PD,,0,0,0,0,P,B,N,N,99,1,ROUTE 516,N,516,,00000516__,7.81,05,,01,04,02,01,06,01,05,01,225,FE,N,LITTLE ST,,,,30,25,99,,,N,,29136
2019132919MW09179,MONMOUTH,MATAWAN BORO,10/24/2019,TH,2303,01,MATAWAN PD,,0,0,0,0,P,B,N,N,08,2,NJ 79,S,79,,00000079__,11.87,02,,01,04,02,01,07,01,05,02,150,FE,N,ROUTE 516 / BROAD ST / NEW BRUNSWIC,,,,30,30,26,,,N,,29142
2019132919MW09222,MONMOUTH,MATAWAN BORO,10/26/2019,SA,1225,01,MATAWAN PD,,0,0,0,0,P,B,N,N,02,2,ROUTE 516,E,516,,00000516__,7.38,05,,01,04,02,01,01,01,05,01,5,FE,S,SOUTH ST,,,,35,25,26,,,N,,29137
2019132919MW09322,MONMOUTH,MATAWAN BORO,10/30/2019,WE,0628,01,MATAWAN PD,,0,1,0,0,I,B,N,N,01,2,MIDDLESEX RD **,N,,,13291043__,.00,07,,01,04,02,01,03,01,05,01,15,FE,S,RAVINE DR,,,,25,35,26,,,N,,29142
2019132919MW09368,MONMOUTH,MATAWAN BORO,10/31/2019,TH,1137,01,MATAWAN PD,,0,0,0,0,P,B,N,N,11,1,RYERS LN **,E,,,13281070__,.17,07,,01,04,02,02,01,05,05,01,120,FE,W,WEST CT,,,,25,25,69,,,N,TELEPHONE WIRE FROM POLE # JC 347 MAT,29141
2019132919MW09383,MONMOUTH,MATAWAN BORO,10/31/2019,TH,1600,01,MATAWAN PD,,0,0,0,0,P,B,N,N,11,1,1 JOHNSON AVE,,,,,,09,,01,04,02,01,01,05,05,01,,,,,,,,,,54,,,N,GUIDE WIRE TO POLE # JC 143 MAT,29141
2019132919MW09415,MONMOUTH,MATAWAN BORO,11/01/2019,FR,1502,01,MATAWAN PD,,0,1,0,0,I,I,N,N,01,2,NJ 79,S,79,,00000079__,11.41,02,,01,04,02,01,01,01,05,01,,AT,,MILL RD,,,,40,25,26,,,N,,29137
2019132919MW09445,MONMOUTH,MATAWAN BORO,11/02/2019,SA,1352,01,MATAWAN PD,,0,0,0,0,P,B,N,N,01,2,NJ 79,N,79,,00000079__,11.39,02,,01,04,02,01,01,01,05,01,100,FE,S,MILL RD,,,,40,25,26,,,N,,29138
2019132919MW09476,MONMOUTH,MATAWAN BORO,11/03/2019,SU,1705,01,MATAWAN PD,,0,1,0,0,I,B,N,N,01,2,NJ 34,S,34,,00000034__,21.95,02,,01,04,02,01,03,01,05,01,75,FE,N,MACARTHUR DR,,,,35,25,26,,,N,,29138
2019132919MW09538,MONMOUTH,MATAWAN BORO,11/06/2019,WE,0804,01,MATAWAN PD,,0,1,0,0,I,B,N,N,01,2,WILSON AVE,S,,,13291257__,.33,07,,01,04,02,01,01,01,05,01,73,FE,N,NJ 79 / FRENEAU AVE,,,,25,35,26,,,N,,29137
2019132919MW09563,MONMOUTH,MATAWAN BORO,11/06/2019,WE,2334,01,MATAWAN PD,,0,0,0,0,P,B,N,N,12,1,NJ 79,N,79,,00000079__,11.51,02,,01,04,02,01,06,01,05,01,25,FE,S,MINISINK DR,,,,40,25,24,,,N,,29139
2019132919MW09576,MONMOUTH,MATAWAN BORO,11/07/2019,TH,1044,01,MATAWAN PD,,0,0,0,0,P,B,N,N,02,2,NJ 34,S,34,,00000034__,21.90,02,,01,04,02,01,01,01,05,01,50,FE,N,SO ATLANTIC AVE,,,,40,30,26,,,N,,29141
2019132919MW09595,MONMOUTH,MATAWAN BORO,11/07/2019,TH,1906,01,MATAWAN PD,,0,0,0,0,P,B,N,N,03,2,NJ 79,N,79,,00000079__,11.85,02,,01,04,02,02,06,02,05,01,40,FE,N,ROUTE 516 / BROAD ST / NEW BRUNSWIC,,,,30,30,26,,,N,,29139
2019132919MW09596,MONMOUTH,MATAWAN BORO,11/07/2019,TH,1919,01,MATAWAN PD,,0,0,0,0,P,B,N,N,09,2,ROUTE 516,E,516,,00000516__,6.90,05,,01,04,02,02,06,02,05,01,25,FE,E,NJ 79 / MAIN ST,,,,30,35,26,,,N,,29142
2019132919MW09613,MONMOUTH,MATAWAN BORO,11/08/2019,FR,0942,01,MATAWAN PD,,0,2,0,0,I,B,N,N,01,2,NJ 34,N,34,,00000034__,23.08,02,,01,04,02,01,01,01,05,01,25,FE,S,FIERRO AVE / MIDDLESEX RD,,,,40,25,26,,,N,,29141
2019132919MW09802,MONMOUTH,MATAWAN BORO,11/15/2019,FR,1350,01,MATAWAN PD,,0,0,0,0,P,B,N,N,06,2,FREDWOOD PL **,S,,,13291064__,.07,07,,01,04,02,01,01,01,05,01,350,FE,N,CR 6A / RAVINE DR,,,,25,35,28,,,N,,29141
2019132919MW09803,MONMOUTH,MATAWAN BORO,11/15/2019,FR,1442,01,MATAWAN PD,,0,0,0,0,P,B,N,N,08,2,RYERS LN **,W,,,13281070__,.21,07,,01,04,02,01,01,01,05,01,217,FE,E,WEST CT,,,,25,25,26,,,N,,29124
2019132919MW09878,MONMOUTH,MATAWAN BORO,11/18/2019,MO,0212,01,MATAWAN PD,,0,0,0,0,P,B,N,N,11,1,ROUTE 516,N,516,,00000516__,8.42,05,,01,04,02,01,06,01,05,01,131,FE,S,ATLANTIC AVE,,,,25,25,52,,,N,VERIZON UTILITY POLE BT40157,29124
2019132919MW09882,MONMOUTH,MATAWAN BORO,11/18/2019,MO,0730,01,MATAWAN PD,,0,0,0,0,P,B,N,N,03,2,HIGH ST,E,,,13291041__,.02,07,,01,04,02,02,01,01,05,01,113,FE,E,ROUTE 516 / MAIN ST,,,,25,25,26,,,N,,29122
2019132919MW09898,MONMOUTH,MATAWAN BORO,11/18/2019,MO,1704,01,MATAWAN PD,,0,1,0,0,I,B,N,N,01,2,NJ 79,N,79,,00000079__,11.16,02,,01,04,02,02,06,02,05,01,33,FE,S,SCENIC LN,,,,35,25,26,,,N,,29122