Year(4)-CountyCode(2)-MunicipalityCode(2)-CaseNumber(9),County Name,Municipality Name,Crash Date,Crash Day of Week,Crash Time,Police Department Code,Police Department,Police Station,Total Killed,Total Injured,Pedestrians Killed,Pedestrians Injured,Severity,Intersection,Alcohol Involved,Hazmat Involved,Crash Type,Total Vehicles,Location,Location Direction,Route,Route Suffix,Std Rte Identifier,MilePost,Road System,Road Character,Road Horizontal Alignment,Road Grade,Road Surface Type,Surface Condition,Light Condition,Environmental Condition,Road Divided By,Temporary Traffic Control Zone,Distance To Cross Street,Unit Of Measurement,Direction From Cross Street,Cross Street Name,Is Ramp,Ramp To/From Route Name,Ramp To/From Route Direction,Posted Speed,Posted Speed Cross Street,First Harmful Event,Latitude,Longitude,Cell Phone In Use Flag,Other Property Damage,Reporting Badge No.
20191330I-2019-003320,MONMOUTH,ABERDEEN TWP,03/03/2019,SU,0235,01,ABERDEEN TWP PD,,0,0,0,0,P,I,N,N,12,1,CHURCH ST,,,,13301307__,.19,07,,01,04,02,01,06,01,05,01,,AT,,EIGHTH ST,,,,35,,24,,,N,,67
20191330I-2019-003419,MONMOUTH,ABERDEEN TWP,03/05/2019,TU,1642,01,ABERDEEN TWP PD,ABERDEEN TOWNS?,0,0,0,0,P,B,N,N,01,2,MONMOUTH COUNTY 6A I,W,6,1,13000006A1,.16,05,,01,04,02,01,01,01,05,01,75,FE,W,CR 6A / CROSS ST,,,,35,30,26,,,N,,86
20191330I-2019-003497,MONMOUTH,ABERDEEN TWP,03/07/2019,TH,1517,01,ABERDEEN TWP PD,,0,0,0,0,P,B,N,N,01,2,MONMOUTH COUNTY 6A I,E,6,1,13000006A1,1.43,05,,01,04,02,01,01,01,05,01,300,FE,E,NJ 35,,,,25,50,26,,,N,,59
20191330I-2019-003532,MONMOUTH,ABERDEEN TWP,03/08/2019,FR,1304,01,ABERDEEN TWP PD,ABERDEEN POLICE,0,0,0,0,P,I,N,N,12,1,NJ 34,N,34,,00000034__,20.70,02,,01,04,02,01,01,01,04,01,,AT,E,WELLINGTON PL,,,,45,15,24,,,N,,805
20191330I-2019-003586,MONMOUTH,ABERDEEN TWP,03/09/2019,SA,1409,01,ABERDEEN TWP PD,,0,0,0,0,P,B,N,N,03,2,NJ 34,N,34,,00000034__,21.53,02,,00,04,02,01,01,01,05,01,400,FE,S,CAMBRIDGE DR,,,,40,25,26,,,N,,75
20191330I-2019-003619,MONMOUTH,ABERDEEN TWP,03/10/2019,SU,1332,01,ABERDEEN TWP PD,,0,0,0,0,P,B,N,N,03,2,NJ 34,N,34,,00000034__,21.30,02,,00,05,02,02,01,02,04,01,85,FE,S,CR 3 / LLOYD RD,,,,40,35,26,,,N,,75
20191330I-2019-003821,MONMOUTH,ABERDEEN TWP,03/13/2019,WE,1813,01,ABERDEEN TWP PD,ABERDEEN TOWNS?,0,0,0,0,P,B,Y,N,11,1,DOGWOOD COURT,N,,,,,07,,01,04,02,01,01,01,05,01,2640,FE,S,MATAWAN AVENUE,,,,25,25,56,,,N,THE VEHICLE RAN OFF THE ROADWAY STRIKING A STREET LIGHT AND A MAILBOX IN FRONT ?,86
20191330I-2019-003844,MONMOUTH,ABERDEEN TWP,03/14/2019,TH,0632,01,ABERDEEN TWP PD,,0,0,0,0,P,B,N,N,02,2,NJ 35,N,35,,00000035__,45.22,02,,01,04,02,01,01,01,01,01,200,FE,N,COUNTY RD,,,,50,25,26,,,N,,66
20191330I-2019-003871,MONMOUTH,ABERDEEN TWP,03/14/2019,TH,2018,01,ABERDEEN TWP PD,ABERDEEN TOWNS?,0,0,0,0,P,I,N,N,03,2,MONMOUTH COUNTY 3,S,3,,13000003__,10.31,05,,01,04,02,01,03,01,05,01,,AT,E,WARREN DR,,,,35,25,26,,,N,,86
20191330I-2019-003906,MONMOUTH,ABERDEEN TWP,03/15/2019,FR,0726,01,ABERDEEN TWP PD,,0,0,0,0,P,I,N,N,03,2,FIFTH ST **,N,,,13301080__,.07,07,,01,04,02,02,02,02,05,01,,AT,E,ATLANTIC AVE,,,,25,,26,,,N,,78
20191330I-2019-003912,MONMOUTH,ABERDEEN TWP,03/15/2019,FR,1118,01,ABERDEEN TWP PD,,0,0,0,0,P,B,N,N,01,2,MONMOUTH COUNTY 3,W,3,,13000003__,12.62,05,,01,04,02,01,01,01,05,01,,,,,F,GARDEN STATE PARKWAY,SB,35,,26,,,N,,78
20191330I-2019-004135,MONMOUTH,ABERDEEN TWP,03/18/2019,MO,0905,01,ABERDEEN TWP PD,,0,1,0,0,I,B,N,N,01,2,MONMOUTH COUNTY 6A I,W,6,1,13000006A1,.81,05,,00,05,02,01,01,01,04,01,600,FE,W,LOCUST ST / MEINZER ST,,,,30,25,26,,,N,,75
20191330I-2019-004304,MONMOUTH,ABERDEEN TWP,03/20/2019,WE,1344,01,ABERDEEN TWP PD,,0,2,0,0,I,I,N,N,03,2,CLIFFWOOD AVE **,E,,,13301162__,.06,07,,00,04,02,01,01,01,04,01,,AT,,SWEETBRIAR ST,,,,25,25,26,,,N,,75
20191330I-2019-004307,MONMOUTH,ABERDEEN TWP,03/20/2019,WE,1443,01,ABERDEEN TWP PD,,0,0,0,0,P,I,N,N,03,2,IDLEWILD LN **,W,,,13301035__,.12,07,,00,04,02,01,01,01,05,01,,AT,,IVANHOE LN,,,,25,25,26,,,N,,75
20191330I-2019-004349,MONMOUTH,ABERDEEN TWP,03/21/2019,TH,0754,01,ABERDEEN TWP PD,,0,0,0,0,P,B,N,N,02,2,NJ 34,,34,,00000034__,21.21,02,,01,04,02,02,01,02,05,01,100,FE,N,VAN BRACKLE RD,,,,40,25,26,,,N,,83
20191330I-2019-004450,MONMOUTH,ABERDEEN TWP,03/23/2019,SA,1202,01,ABERDEEN TWP PD,,0,0,0,0,P,B,N,N,03,2,NJ 34,N,34,,00000034__,21.58,02,,01,04,02,01,01,01,05,01,150,FE,S,CAMBRIDGE DR,,,,40,,26,,,N,,78
20191330I-2019-004740,MONMOUTH,ABERDEEN TWP,03/27/2019,WE,1743,01,ABERDEEN TWP PD,,0,0,0,0,P,B,N,N,01,2,MONMOUTH COUNTY 6A I,E,6,1,13000006A1,1.43,05,,01,04,02,01,02,01,05,01,3,FE,E,NJ 35,,,,30,,26,,,N,,81
20191330I-2019-004798,MONMOUTH,ABERDEEN TWP,03/28/2019,TH,0616,01,ABERDEEN TWP PD,,0,0,0,0,P,B,N,N,06,2,COUNTY RD **,W,,,13301215__,.42,07,,00,04,02,01,02,01,05,01,85,FE,E,GORDON ST,,,,25,25,26,,,N,DAMAGE TO FENCE POST AT 33 GORDON STREET. ESTIMATED DAMAGE COST $200.,75
20191330I-2019-004925,MONMOUTH,ABERDEEN TWP,03/29/2019,FR,2159,01,ABERDEEN TWP PD,ABERDEEN TOWNS?,0,0,0,0,P,B,N,N,06,2,ROSE ST **,W,,,13301231__,.00,07,,01,06,02,01,07,01,05,01,75,FE,W,COUNTY RD,,,,25,25,26,,,N,,86
20191330I-2019-004948,MONMOUTH,ABERDEEN TWP,03/30/2019,SA,1059,01,ABERDEEN TWP PD,,0,0,0,0,P,I,N,N,01,2,S ATLANTIC AVE **,E,,,13301245__,.00,07,,01,04,02,01,01,01,05,01,,AT,N,CHURCH RD,,,,25,,26,,,N,,49
20191330I-2019-004956,MONMOUTH,ABERDEEN TWP,03/30/2019,SA,1440,01,ABERDEEN TWP PD,,0,0,0,0,P,B,N,N,01,2,NJ 34,N,34,,00000034__,21.80,02,,01,04,02,01,01,01,05,01,100,FE,S,MILL RD,,,,40,25,26,,,N,,83
20191330I-2019-005036,MONMOUTH,ABERDEEN TWP,04/01/2019,MO,1621,01,ABERDEEN TWP PD,,0,0,0,0,P,B,N,N,03,2,NJ 35,N,35,,00000035__,44.60,02,,01,04,02,01,01,01,01,01,300,FE,S,CR 6 / AMBOY AVE,,,,50,,26,,,N,,78
20191330I-2019-005083,MONMOUTH,ABERDEEN TWP,04/02/2019,TU,1500,01,ABERDEEN TWP PD,,0,0,0,0,P,B,N,N,01,2,LINE RD,W,,,13181304__,.49,07,,00,04,02,01,01,01,04,01,45,FE,E,IVYHILL DR,,,,30,25,26,,,N,,75
20191330I-2019-005164,MONMOUTH,ABERDEEN TWP,04/04/2019,TH,0700,01,ABERDEEN TWP PD,,0,0,0,0,P,B,N,N,09,2,NJ 35,S,35,,00000035__,44.81,02,,00,04,02,01,01,01,01,01,15,FE,S,CR 6A / CLIFFWOOD AVE,,,,50,30,26,,,N,,75
20191330I-2019-005242,MONMOUTH,ABERDEEN TWP,04/05/2019,FR,1244,01,ABERDEEN TWP PD,,0,0,0,0,P,B,N,N,06,2,SHORE CONCOURSE **,W,,,13301160__,,07,,00,04,02,02,01,02,05,01,25,FE,W,MARZ WAY,,,,25,25,26,,,N,,75
20191330I-2019-005266,MONMOUTH,ABERDEEN TWP,04/05/2019,FR,2318,01,ABERDEEN TWP PD,,0,0,0,0,P,B,N,N,11,1,MONMOUTH COUNTY 6 I,S,6,1,130000061_,.16,05,,03,04,02,02,06,02,02,01,500,FE,N,SHORE CONCOURSE,,,,35,25,56,,,N,LANE SHIFT SIGN MARKED R47 NJDOT 6/2012 AND POST REMOVED FROM ISLAND ON AMBOY A?,91
20191330I-2019-005289,MONMOUTH,ABERDEEN TWP,04/06/2019,SA,1421,01,ABERDEEN TWP PD,,0,0,0,0,P,B,N,N,01,3,MONMOUTH COUNTY 3,E,3,,13000003__,10.64,05,,01,04,02,01,01,01,05,01,100,FE,W,OXFORD LN,,,,35,,26,,,N,,78
20191330I-2019-005379,MONMOUTH,ABERDEEN TWP,04/08/2019,MO,1541,01,ABERDEEN TWP PD,,0,0,0,0,P,B,N,N,01,2,MONMOUTH COUNTY 6A I,E,6,1,13000006A1,1.10,05,,01,04,02,01,01,01,05,01,50,FE,E,MAXWELL AVE,,,,25,,26,,,N,,78
20191330I-2019-005380,MONMOUTH,ABERDEEN TWP,04/08/2019,MO,1645,01,ABERDEEN TWP PD,ABERDEEN TOWNS?,0,0,0,0,P,B,N,N,01,2,MONMOUTH COUNTY 6A I,W,6,1,13000006A1,1.43,05,,01,04,02,01,01,01,05,01,50,FE,E,NJ 35,,,,35,50,26,,,N,,87
20191330I-2019-005480,MONMOUTH,ABERDEEN TWP,04/10/2019,WE,1837,01,ABERDEEN TWP PD,,0,0,0,0,P,B,N,N,11,1,NJ 35,S,35,,00000035__,44.84,02,,01,04,02,01,01,01,01,01,150,FE,S,ANGEL ST,,,,50,25,69,,,N,,91
20191330I-2019-005635,MONMOUTH,ABERDEEN TWP,04/12/2019,FR,1808,01,ABERDEEN TWP PD,,0,0,0,0,P,B,N,N,01,2,NJ 35,N,35,,00000035__,44.81,02,,01,04,02,02,01,02,05,01,10,FE,S,CR 6A / CLIFFWOOD AVE,,,,50,25,26,,,N,,85
20191330I-2019-005674,MONMOUTH,ABERDEEN TWP,04/13/2019,SA,1105,01,ABERDEEN TWP PD,,0,0,0,0,P,B,N,N,01,2,MONMOUTH COUNTY 3,E,3,,13000003__,11.13,05,,00,04,02,01,01,01,04,01,45,FE,W,CAMBRIDGE DR,,,,35,25,26,,,N,,75
20191330I-2019-005735,MONMOUTH,ABERDEEN TWP,04/14/2019,SU,1749,01,ABERDEEN TWP PD,ABERDEEN TOWNS?,0,0,0,0,P,B,Y,N,06,5,BEVERLY DR **,,,,13301200__,.14,07,,03,04,02,01,01,01,05,01,25,FE,N,SHORE CONCOURSE,,,,25,25,28,,,N,VEHICLE 1 STRUCK A DETACHED PLOW ON THE RIGHT SIDE CAUSING CAUSING A DENT IN TH?,95
20191330I-2019-005767,MONMOUTH,ABERDEEN TWP,04/15/2019,MO,1057,01,ABERDEEN TWP PD,,0,0,0,0,P,B,N,N,02,2,NJ 35,N,35,,00000035__,44.65,02,,01,04,02,01,01,01,01,01,75,FE,S,CR 6 / AMBOY AVE,,,,50,,26,,,N,,78
20191330I-2019-005938,MONMOUTH,ABERDEEN TWP,04/18/2019,TH,1837,01,ABERDEEN TWP PD,,0,1,0,0,I,B,N,N,01,2,NJ 34,S,34,,00000034__,21.65,02,,01,04,02,01,01,01,04,01,10,FE,W,OXFORD LN,,,,40,25,26,,,N,,91
20191330I-2019-005944,MONMOUTH,ABERDEEN TWP,04/18/2019,TH,2217,01,ABERDEEN TWP PD,,0,0,0,0,P,B,N,N,02,2,MONMOUTH COUNTY 3,W,3,,13000003__,10.64,05,,01,04,02,01,06,01,04,01,125,FE,W,OXFORD LN,,,,35,25,26,,,N,,92
20191330I-2019-006056,MONMOUTH,ABERDEEN TWP,04/20/2019,SA,1025,01,ABERDEEN TWP PD,,0,0,0,0,P,B,N,N,11,1,MONMOUTH COUNTY 3,E,3,,13000003__,10.75,05,,01,05,02,02,01,02,04,01,125,FE,E,NJ 34,,,,35,40,56,,,N,,75
20191330I-2019-006136,MONMOUTH,ABERDEEN TWP,04/21/2019,SU,1936,01,ABERDEEN TWP PD,,0,0,0,0,P,B,N,N,01,2,MONMOUTH COUNTY 6A I,E,6,1,13000006A1,1.43,05,,01,04,02,01,03,01,04,01,10,FE,W,NJ 35,,,,30,55,26,,,N,,85
20191330I-2019-006201,MONMOUTH,ABERDEEN TWP,04/23/2019,TU,1206,01,ABERDEEN TWP PD,,0,1,0,0,I,I,N,N,03,2,NJ 34,N,34,,00000034__,21.10,02,,01,04,02,01,01,01,05,01,,AT,E,WYNDHAM RD,,,,45,,26,,,N,,78
20191330I-2019-006251,MONMOUTH,ABERDEEN TWP,04/24/2019,WE,1532,01,ABERDEEN TWP PD,,0,3,0,0,I,I,N,N,04,2,NJ 34,S,34,,00000034__,21.32,02,,01,04,01,01,01,01,05,01,,AT,W,CR 3 / LLOYD RD,,,,40,,26,,,N,,78
20191330I-2019-006299,MONMOUTH,ABERDEEN TWP,04/25/2019,TH,1037,01,ABERDEEN TWP PD,,0,0,0,0,P,I,N,N,01,2,CHURCH ST,W,,,13301307__,.27,07,,01,04,02,01,01,01,05,01,,AT,E,ATLANTIC AVE,,,,35,,26,,,N,,78
20191330I-2019-006436,MONMOUTH,ABERDEEN TWP,04/27/2019,SA,1056,01,ABERDEEN TWP PD,,0,0,0,0,P,B,N,N,01,2,MONMOUTH COUNTY 3,S,3,,13000003__,11.55,05,,00,04,02,01,01,01,04,01,35,FE,N,CHURCH ST,,,,35,35,26,,,N,,75
20191330I-2019-006548,MONMOUTH,ABERDEEN TWP,04/29/2019,MO,0826,01,ABERDEEN TWP PD,,0,0,0,0,P,B,N,N,01,2,MONMOUTH COUNTY 3,S,3,,13000003__,11.36,05,,00,04,02,01,01,01,04,01,75,FE,S,CYPRESS LN,,,,35,25,26,,,N,,75
20191330I-2019-006585,MONMOUTH,ABERDEEN TWP,04/29/2019,MO,1716,01,ABERDEEN TWP PD,,0,1,0,0,I,B,N,N,01,2,MONMOUTH COUNTY 3,E,3,,13000003__,11.55,05,,01,04,02,01,02,01,05,01,50,FE,E,CHURCH ST,,,,40,35,26,,,N,,81
20191330I-2019-006593,MONMOUTH,ABERDEEN TWP,04/29/2019,MO,2135,01,ABERDEEN TWP PD,,0,0,0,0,P,B,N,N,03,2,CLIFFWOOD AVE **,E,,,13301162__,.06,07,,01,04,02,02,06,02,05,01,10,FE,S,SWEETBRIAR ST,,,,35,25,26,,,N,VEHICLE WAS PUSHED ONTO THE LAWN OF 628 CLIFFWOOD AVE. TIRE TRACKS WERRE LEFT O?,81
20191330I-2019-006613,MONMOUTH,ABERDEEN TWP,04/30/2019,TU,1337,01,ABERDEEN TWP PD,,0,0,0,0,P,I,N,N,11,1,SHORE CONCOURSE **,W,,,13301160__,,07,,01,04,02,01,01,01,05,01,,AT,E,SHERWOOD DRIVE,,,,25,,52,,,N,UTILITY POLE #BT 40178 MNT,78
20191330I-2019-006784,MONMOUTH,ABERDEEN TWP,05/03/2019,FR,1619,01,ABERDEEN TWP PD,,0,0,0,0,P,B,N,N,02,2,NJ 35,N,35,,00000035__,45.00,02,,01,04,02,01,01,01,01,01,,,,,,,,50,,26,,,N,,78
20191330I-2019-006914,MONMOUTH,ABERDEEN TWP,05/05/2019,SU,1514,01,ABERDEEN TWP PD,,0,1,0,0,I,I,N,N,03,2,MATAWAN AVE,N,,,13291256__,1.15,07,,00,04,02,02,01,02,04,01,,AT,,GROVE ST / W PROSPECT,,,,35,25,26,,,N,,92
20191330I-2019-006918,MONMOUTH,ABERDEEN TWP,05/05/2019,SU,1717,01,ABERDEEN TWP PD,,0,1,0,0,I,B,N,N,01,2,NJ 35,S,35,,00000035__,44.81,02,,01,04,02,02,01,02,01,01,10,FE,N,CR 6A / CLIFFWOOD AVE,,,,50,30,26,,,N,,85
20191330I-2019-006965,MONMOUTH,ABERDEEN TWP,05/06/2019,MO,1703,01,ABERDEEN TWP PD,,0,0,0,0,P,B,N,N,01,2,CHURCH ST,N,,,13301114__,.71,07,,01,04,02,01,01,01,04,01,50,FE,E,CR 3 / LLOYD RD,,,,35,35,26,,,N,,91
20191330I-2019-006989,MONMOUTH,ABERDEEN TWP,05/07/2019,TU,0717,01,ABERDEEN TWP PD,,0,0,0,0,P,B,N,N,11,2,INGLEWOOD LN **,,,,13301046__,.06,07,,03,05,02,01,01,01,05,01,300,FE,E,IDOLSTONE LN,,,,25,25,09,,,N,,46
20191330I-2019-007249,MONMOUTH,ABERDEEN TWP,05/12/2019,SU,2148,01,ABERDEEN TWP PD,,0,2,0,0,I,B,N,N,06,3,COUNTY RD **,E,,,13301215__,,07,,01,04,02,02,06,02,05,01,10,FE,N,PHILIP FRANK WAY,,,,25,,24,,,N,,81
20191330I-2019-007278,MONMOUTH,ABERDEEN TWP,05/13/2019,MO,0928,01,ABERDEEN TWP PD,,0,0,0,0,P,B,N,N,11,1,MONMOUTH COUNTY 3,W,3,,13000003__,12.10,05,,00,04,02,02,01,02,04,01,25,FE,E,NORWOOD LN,,,,35,25,52,,,N,UTILITY POLE # JC1254ABT JERSEY CENTRAL POWER AND LIGHT. LAWN DAMAGE TO MELISSA?,75
20191330I-2019-007383,MONMOUTH,ABERDEEN TWP,05/14/2019,TU,1750,01,ABERDEEN TWP PD,,0,0,0,0,P,B,N,N,01,2,MONMOUTH COUNTY 6A I,E,6,1,13000006A1,.30,05,,01,04,02,02,03,02,05,01,15,FE,W,COUNTY RD,,,,40,,26,,,N,,81
20191330I-2019-007535,MONMOUTH,ABERDEEN TWP,05/16/2019,TH,2020,01,ABERDEEN TWP PD,ABERDEEN TOWNS?,0,0,0,0,P,B,N,N,08,2,MATAWAN AVE,,,,13291256__,1.63,07,,01,04,02,01,03,01,05,01,75,FE,N,CR 6A I / CLIFFWOOD AVE,,,,30,30,26,,,N,,86
20191330I-2019-007637,MONMOUTH,ABERDEEN TWP,05/18/2019,SA,1641,01,ABERDEEN TWP PD,ABERDEEN TOWNS?,0,0,0,0,P,B,N,N,01,2,NJ 34,N,34,,00000034__,21.56,02,,01,04,02,01,01,01,05,01,250,FE,S,CAMBRIDGE DR,,,,45,25,26,,,N,,86
20191330I-2019-007690,MONMOUTH,ABERDEEN TWP,05/19/2019,SU,1854,01,ABERDEEN TWP PD,ABERDEEN TOWNS?,0,0,0,0,P,I,N,N,01,2,NJ 35,E,35,,00000035__,45.18,02,,01,05,02,01,01,01,05,01,,AT,,COUNTY RD,,,,25,50,26,,,N,,86
20191330I-2019-007748,MONMOUTH,ABERDEEN TWP,05/20/2019,MO,1850,01,ABERDEEN TWP PD,,0,0,0,0,P,B,N,N,08,2,DONNA PL **,N,,,13301131__,.01,07,,03,04,02,01,01,01,05,01,50,FE,N,DEERFIELD LN,,,,25,25,28,,,N,,91
20191330I-2019-007892,MONMOUTH,ABERDEEN TWP,05/22/2019,WE,2003,01,ABERDEEN TWP PD,,1,1,0,0,F,I,N,N,07,2,MONMOUTH COUNTY 6 I,N,6,1,130000061_,.19,05,,01,04,02,01,03,01,05,01,,AT,W,PROSPECT AVE,,,,35,25,26,,,N,,81
20191330I-2019-007925,MONMOUTH,ABERDEEN TWP,05/23/2019,TH,1632,01,ABERDEEN TWP PD,,0,0,0,0,P,B,N,N,06,2,1 CREST WAY,N,,,,,09,,00,00,02,02,01,02,05,01,,,,,,,,10,,28,,,N,,92
20191330I-2019-008062,MONMOUTH,ABERDEEN TWP,05/25/2019,SA,2005,01,ABERDEEN TWP PD,ABERDEEN TOWNS?,0,0,0,0,P,B,N,N,08,2,SALEM PL **,N,,,13301217__,.00,07,,01,05,02,01,03,01,05,01,75,FE,S,COUNTY RD,,,,25,25,26,,,N,,86
20191330I-2019-008212,MONMOUTH,ABERDEEN TWP,05/27/2019,MO,1929,01,ABERDEEN TWP PD,ABERDEEN TOWNS?,0,0,0,0,P,B,N,N,08,2,2 OCEAN BOULEVARD,N,,,,,09,,01,04,02,01,03,01,05,01,30,FE,W,OCEAN BLVD,,,,15,25,26,,,N,,86
20191330I-2019-008292,MONMOUTH,ABERDEEN TWP,05/29/2019,WE,1410,01,ABERDEEN TWP PD,,0,0,0,0,P,B,N,N,03,2,MONMOUTH COUNTY 3,E,3,,13000003__,10.70,05,,00,04,02,01,01,01,04,01,180,FE,W,NJ 34,,,,35,40,26,,,N,,75
20191330I-2019-008339,MONMOUTH,ABERDEEN TWP,05/30/2019,TH,1304,01,ABERDEEN TWP PD,,0,0,0,0,P,B,N,N,01,2,MONMOUTH COUNTY 3,S,3,,13000003__,11.95,05,,01,04,02,01,01,01,05,01,50,FE,N,ANDOVER LN,,,,40,,26,,,Y,,60
20191330I-2019-008378,MONMOUTH,ABERDEEN TWP,05/31/2019,FR,0600,01,ABERDEEN TWP PD,,0,0,0,0,P,I,N,N,03,2,MONMOUTH COUNTY 6A I,W,6,1,13000006A1,1.38,05,,01,04,02,02,02,01,04,01,,AT,W,POND ST,,,,30,25,26,,,N,,89
20191330I-2019-008446,MONMOUTH,ABERDEEN TWP,06/01/2019,SA,1309,01,ABERDEEN TWP PD,,0,1,0,0,I,I,N,N,01,3,MONMOUTH COUNTY 3,E,3,,13000003__,10.31,05,,01,04,02,01,01,01,05,01,,AT,N,WARREN DR,,,,35,,26,,,N,,78
20191330I-2019-008520,MONMOUTH,ABERDEEN TWP,06/02/2019,SU,2027,01,ABERDEEN TWP PD,,0,0,0,0,P,I,N,N,01,2,CHURCH ST,E,,,13301114__,.71,07,,01,04,02,01,03,01,05,01,,AT,W,CR 3 / LLOYD RD,,,,35,40,26,,,N,,93
20191330I-2019-008583,MONMOUTH,ABERDEEN TWP,06/04/2019,TU,0657,01,ABERDEEN TWP PD,,0,0,0,0,P,B,N,N,11,1,575 LLOYD ROAD,S,,,,,09,,02,04,02,01,06,01,05,01,,,,,,,,35,,56,,,N,VEHICLE STRUCK POLE # JC 390 ABT AND THE MONMOUTH COUNTY DOT METAL REFLECTOR PO?,78
20191330I-2019-008733,MONMOUTH,ABERDEEN TWP,06/07/2019,FR,1145,01,ABERDEEN TWP PD,,0,0,0,0,P,B,N,N,01,2,MONMOUTH COUNTY 3,E,3,,13000003__,10.65,05,,00,04,02,01,01,01,04,01,50,FE,W,OXFORD LN,,,,35,25,26,,,N,,75
20191330I-2019-008753,MONMOUTH,ABERDEEN TWP,06/07/2019,FR,1938,01,ABERDEEN TWP PD,,0,1,0,0,I,B,N,N,03,2,NJ 34,,34,,00000034__,21.35,02,,01,05,02,01,01,01,04,01,150,FE,N,CR 3 / LLOYD RD,,,,40,,26,,,N,,90
20191330I-2019-008766,MONMOUTH,ABERDEEN TWP,06/08/2019,SA,0755,01,ABERDEEN TWP PD,,0,0,0,0,P,B,N,N,01,2,MONMOUTH COUNTY 3,S,3,,13000003__,10.54,05,,01,05,02,01,01,01,04,01,100,FE,N,OVERLEA LN,,,,35,25,26,,,N,,89
20191330I-2019-008769,MONMOUTH,ABERDEEN TWP,06/08/2019,SA,1154,01,ABERDEEN TWP PD,,0,1,0,0,I,B,N,N,01,2,MONMOUTH COUNTY 3,W,3,,13000003__,11.57,05,,01,04,02,01,01,01,05,01,150,FE,E,CHURCH ST,,,,40,40,26,,,N,,63
20191330I-2019-008771,MONMOUTH,ABERDEEN TWP,06/08/2019,SA,1417,01,ABERDEEN TWP PD,,0,0,0,0,P,B,N,N,04,2,NJ 34,S,34,,00000034__,21.70,02,,01,04,02,01,01,01,05,01,500,FE,N,CAMBRIDGE DR,,,,40,,26,,,N,,93
20191330I-2019-008823,MONMOUTH,ABERDEEN TWP,06/09/2019,SU,1905,01,ABERDEEN TWP PD,,0,0,0,0,P,I,N,N,09,2,318 LLOYD ROAD,S,,,,,09,,01,04,02,01,01,01,04,01,,AT,E,LLOYD ROAD,,,,25,35,26,,,N,,79
20191330I-2019-008893,MONMOUTH,ABERDEEN TWP,06/11/2019,TU,1153,01,ABERDEEN TWP PD,,0,2,0,0,I,B,N,N,11,1,ROUTE 516,S,516,,00000516__,8.47,05,,01,04,02,01,01,01,05,01,300,FE,S,SUYDAM PL,,,,30,,56,,,N,UTILITY POLE BT 365 ABT. THE SOFFIT WAS DAMAGED TO 158 LOWER MAIN FROM THE WIRE?,78
20191330I-2019-008937,MONMOUTH,ABERDEEN TWP,06/12/2019,WE,1503,01,ABERDEEN TWP PD,,0,0,0,0,P,I,N,N,02,2,NJ 34,S,34,,00000034__,21.32,02,,01,04,02,01,01,01,05,01,,AT,W,CR 3 / LLOYD RD,,,,40,,26,,,N,,78
20191330I-2019-008939,MONMOUTH,ABERDEEN TWP,06/12/2019,WE,1614,01,ABERDEEN TWP PD,,0,0,0,0,P,I,N,N,03,2,MONMOUTH COUNTY 3,N,3,,13000003__,11.54,05,,01,04,02,01,01,01,05,01,,AT,E,CHURCH ST,,,,35,,26,,,N,,78
20191330I-2019-008969,MONMOUTH,ABERDEEN TWP,06/13/2019,TH,1118,01,ABERDEEN TWP PD,,0,0,0,0,P,B,N,N,11,1,WEST PROSPECT **,W,,,13301349__,.13,07,,00,06,02,02,01,01,04,01,113,FE,E,HILLTOP AVE,,,,25,25,52,,,N,VERIZON POLE #BT598MNT STRUCK AND CRACKED,75
20191330I-2019-009007,MONMOUTH,ABERDEEN TWP,06/14/2019,FR,0655,01,ABERDEEN TWP PD,,0,0,0,0,P,B,N,N,09,2,NJ 35,N,35,,00000035__,44.70,02,,00,04,02,01,01,01,01,01,,,,CR 6 / AMBOY AVE,,,,50,35,26,,,N,,75
20191330I-2019-009049,MONMOUTH,ABERDEEN TWP,06/15/2019,SA,1400,01,ABERDEEN TWP PD,,0,0,0,0,P,I,N,N,07,2,NJ 34,,34,,00000034__,21.32,02,,,06,02,01,01,01,04,01,,AT,,CR 3 / LLOYD RD,,,,40,40,26,,,N,,60
20191330I-2019-009092,MONMOUTH,ABERDEEN TWP,06/16/2019,SU,1409,01,ABERDEEN TWP PD,,0,0,0,0,P,B,N,N,08,2,MATAWAN AVE,,,,13291256__,.86,07,,00,04,02,01,01,01,04,01,1523,FE,S,GROVE ST / W PROSPECT,,,,40,25,28,,,N,,75
20191330I-2019-009095,MONMOUTH,ABERDEEN TWP,06/16/2019,SU,1515,01,ABERDEEN TWP PD,,0,1,0,0,I,B,N,N,01,2,VAN BRACKLE RD,W,,,13301255__,.00,07,,00,04,02,01,01,01,04,01,10,FE,E,NJ 34,,,,25,40,26,,,N,,75
20191330I-2019-009103,MONMOUTH,ABERDEEN TWP,06/16/2019,SU,2051,01,ABERDEEN TWP PD,,0,0,0,0,P,B,Y,N,06,2,SHERWOOD DR **,,,,13301195__,.16,07,,01,04,02,02,03,01,05,,20,FE,N,MALDEN DR,,,,25,25,26,,,N,,91
20191330I-2019-009121,MONMOUTH,ABERDEEN TWP,06/17/2019,MO,1225,01,ABERDEEN TWP PD,,0,0,0,0,P,I,N,N,03,2,MONMOUTH COUNTY 6 I,W,6,1,130000061_,.19,05,,01,04,02,01,01,01,05,01,,AT,S,PROSPECT AVE,,,,35,,26,,,N,,78
20191330I-2019-009224,MONMOUTH,ABERDEEN TWP,06/19/2019,WE,0811,01,ABERDEEN TWP PD,,0,0,0,0,P,I,N,N,03,2,NJ 34,,34,,00000034__,21.82,02,,01,04,02,02,01,02,05,01,,AT,,MILL RD,,,,40,25,26,,,N,,83
20191330I-2019-009243,MONMOUTH,ABERDEEN TWP,06/19/2019,WE,1805,01,ABERDEEN TWP PD,ABERDEEN TOWNS?,0,0,0,0,P,B,Y,N,01,2,NJ 34,N,34,,00000034__,20.90,02,,01,04,02,02,01,02,05,01,75,FE,S,WYNDHAM RD,,,,45,25,26,,,N,,86