Year(4)-CountyCode(2)-MunicipalityCode(2)-CaseNumber(9),County Name,Municipality Name,Crash Date,Crash Day of Week,Crash Time,Police Department Code,Police Department,Police Station,Total Killed,Total Injured,Pedestrians Killed,Pedestrians Injured,Severity,Intersection,Alcohol Involved,Hazmat Involved,Crash Type,Total Vehicles,Location,Location Direction,Route,Route Suffix,Std Rte Identifier,MilePost,Road System,Road Character,Road Horizontal Alignment,Road Grade,Road Surface Type,Surface Condition,Light Condition,Environmental Condition,Road Divided By,Temporary Traffic Control Zone,Distance To Cross Street,Unit Of Measurement,Direction From Cross Street,Cross Street Name,Is Ramp,Ramp To/From Route Name,Ramp To/From Route Direction,Posted Speed,Posted Speed Cross Street,First Harmful Event,Latitude,Longitude,Cell Phone In Use Flag,Other Property Damage,Reporting Badge No.
20191330I-2019-009331,MONMOUTH,ABERDEEN TWP,06/21/2019,FR,1649,01,ABERDEEN TWP PD,,0,2,0,0,I,I,N,N,03,2,ATLANTIC AVE **,E,,,13301080__,.17,07,,01,04,02,01,01,01,05,01,,AT,,RAILROAD PLZ,,,,40,25,,,,N,,63
20191330I-2019-009344,MONMOUTH,ABERDEEN TWP,06/21/2019,FR,2205,01,ABERDEEN TWP PD,,0,1,0,0,I,B,Y,N,01,2,NJ 34,N,34,,00000034__,21.32,02,,01,08,02,01,06,01,04,01,20,FE,S,CR 3 / LLOYD RD,,,,40,35,26,,,N,,89
20191330I-2019-009403,MONMOUTH,ABERDEEN TWP,06/23/2019,SU,1248,01,ABERDEEN TWP PD,,0,0,0,0,P,B,N,N,06,2,CROSS RD,N,,,,,07,,03,04,02,01,01,01,04,01,25,FE,S,CLIFFWOOD AVENUE,,,,25,,28,,,N,,60
20191330I-2019-009450,MONMOUTH,ABERDEEN TWP,06/24/2019,MO,1243,01,ABERDEEN TWP PD,,0,0,0,0,P,I,N,N,02,3,NJ 35,S,35,,00000035__,44.81,02,,01,04,02,01,01,01,01,01,,AT,,CR 6A / CLIFFWOOD AVE,,,,50,,26,,,N,,60
20191330I-2019-009453,MONMOUTH,ABERDEEN TWP,06/24/2019,MO,1348,01,ABERDEEN TWP PD,,0,0,0,0,P,B,N,N,06,2,MAXWELL ST **,S,,,13301148__,.00,07,,01,04,02,01,01,01,05,01,25,FE,S,CR 6A / CLIFFWOOD DR,,,,25,,26,,,N,,60
20191330I-2019-009506,MONMOUTH,ABERDEEN TWP,06/25/2019,TU,1331,01,ABERDEEN TWP PD,,0,1,0,0,I,B,N,N,03,2,NJ 34,N,34,,00000034__,21.57,02,,01,04,02,01,01,01,05,01,200,FE,S,CAMBRIDGE DR,,,,40,,26,,,N,,78
20191330I-2019-009521,MONMOUTH,ABERDEEN TWP,06/25/2019,TU,1913,01,ABERDEEN TWP PD,ABERDEEN TOWNS?,0,1,0,0,I,I,Y,N,03,2,ATLANTIC AVE **,N,,,13301080__,.17,07,,01,04,02,01,01,01,05,01,,AT,E,RAILROAD PLZ,,,,30,10,26,,,N,,86
20191330I-2019-009522,MONMOUTH,ABERDEEN TWP,06/26/2019,WE,1307,01,ABERDEEN TWP PD,,0,0,0,0,P,B,N,N,99,1,IVYHILL DR **,,,,13301065__,,07,,,,,,,,,,,,,,,,,,,26,,,N,,78
20191330I-2019-009552,MONMOUTH,ABERDEEN TWP,06/26/2019,WE,1307,01,ABERDEEN TWP PD,,0,0,0,0,P,B,N,N,06,2,IVYHILL DR **,N,,,13301065__,.27,07,,02,04,02,01,01,01,05,01,150,FE,S,ITHAN LN,,,,25,,28,,,N,101 IVY HILL DRIVE - PROPERTY DAMAGE TO THE LAWN. GLASS FROM VEHICLES ON THE LA?,78
20191330I-2019-009558,MONMOUTH,ABERDEEN TWP,06/26/2019,WE,1614,01,ABERDEEN TWP PD,,0,0,0,0,P,B,N,N,01,2,NJ 34,S,34,,00000034__,21.90,02,,01,04,02,01,01,01,05,01,50,FE,E,SO ATLANTIC AVE,,,,40,,26,,,N,,78
20191330I-2019-009560,MONMOUTH,ABERDEEN TWP,06/26/2019,WE,1653,01,ABERDEEN TWP PD,ABERDEEN TOWNS?,0,0,0,0,P,B,N,N,11,1,40 CROSS ROAD,W,,,,,09,,01,04,02,01,01,01,05,01,,,,,,,,10,,69,,,N,DAMAGE TO AN OVERHEAD PHONE WIRE WHICH IS OWNED BY VERIZON.,86
20191330I-2019-009607,MONMOUTH,ABERDEEN TWP,06/27/2019,TH,1323,01,ABERDEEN TWP PD,,0,0,0,0,P,B,N,N,02,2,NJ 34,S,34,,00000034__,21.54,02,,01,04,02,01,01,01,05,01,375,FE,S,CAMBRIDGE DR,,,,40,,26,,,N,,78
20191330I-2019-009642,MONMOUTH,ABERDEEN TWP,06/28/2019,FR,0504,01,ABERDEEN TWP PD,,0,1,0,1,I,B,N,N,13,1,CHURCH ST,E,,,13301114__,.46,07,,02,04,02,01,07,01,05,01,100,FE,W,CYPRESS LN,,,,40,25,22,,,N,,78
20191330I-2019-009680,MONMOUTH,ABERDEEN TWP,06/29/2019,SA,1131,01,ABERDEEN TWP PD,,0,0,0,0,P,B,N,N,02,2,NJ 35,N,35,,00000035__,44.66,02,,01,04,02,01,01,01,01,01,10,FE,S,CR 6 / AMBOY AVE,,,,50,25,26,,,N,,63
20191330I-2019-009689,MONMOUTH,ABERDEEN TWP,06/29/2019,SA,1613,01,ABERDEEN TWP PD,,0,0,0,0,P,B,N,N,11,1,MATAWAN AVE,S,,,13291256__,,07,,01,04,02,01,01,01,04,01,,,,,,,,40,,52,,,N,VEHICLE STRUCK UTILITY POLE NUMBER JC 425 ABT. WHICH WAS SUBSEQUENTLY DAMAGED F?,91
20191330I-2019-009708,MONMOUTH,ABERDEEN TWP,06/30/2019,SU,0304,01,ABERDEEN TWP PD,,0,2,0,0,I,B,N,N,01,3,LAURELHURST DR **,S,,,13301166__,.09,07,,01,04,02,01,07,01,04,01,60,FE,S,LAKESHORE DR,,,,25,25,26,,,N,THE FENCE OF 57 LAURELHURST SUSTAINED MAJOR DAMAGE TO MULTIPLE PANELINGS OF THE?,89
20191330I-2019-009765,MONMOUTH,ABERDEEN TWP,07/01/2019,MO,2207,01,ABERDEEN TWP PD,,0,0,0,0,P,B,N,N,08,2,604 RANDALL WAY,N,,,,,09,,01,04,02,01,06,01,05,01,,,,,,,,5,,28,,,N,,91
20191330I-2019-009783,MONMOUTH,ABERDEEN TWP,07/02/2019,TU,1150,01,ABERDEEN TWP PD,,0,0,0,0,P,B,N,N,01,3,NJ 35,N,35,,00000035__,44.80,02,,01,04,02,01,01,01,01,01,30,FE,S,CR 6A / CLIFFWOOD AVE,,,,50,,26,,,N,,60
20191330I-2019-009836,MONMOUTH,ABERDEEN TWP,07/03/2019,WE,1639,01,ABERDEEN TWP PD,ABERDEEN TOWNS?,0,0,0,0,P,I,N,N,03,2,MONMOUTH COUNTY 6 I,N,6,1,130000061_,.19,05,,01,04,02,01,01,01,05,01,,AT,,PROSPECT AVE,,,,35,25,26,,,N,MINOR DAMAGE TO THE UTILITY POLE IN FRONT OF 424 AMBOY ROAD. ALSO SUBSEQUENT MI?,86
20191330I-2019-009866,MONMOUTH,ABERDEEN TWP,07/04/2019,TH,0838,01,ABERDEEN TWP PD,,0,0,0,0,P,B,N,N,06,2,SWEETBRIAR ST **,E,,,13301159__,.14,07,,01,04,02,01,01,01,05,01,100,FE,E,SUNRISE AVE,,,,25,,28,,,N,,78
20191330I-2019-009873,MONMOUTH,ABERDEEN TWP,07/04/2019,TH,1043,01,ABERDEEN TWP PD,,0,0,0,0,P,I,N,N,03,2,NJ 35,N,35,,00000035__,44.81,02,,01,04,02,01,01,01,05,01,,AT,E,CR 6A / CLIFFWOOD AVE,,,,50,25,26,,,N,,78
20191330I-2019-009886,MONMOUTH,ABERDEEN TWP,07/04/2019,TH,1615,01,ABERDEEN TWP PD,,0,0,0,0,P,B,N,N,06,2,WASHINGTON AVE **,S,,,13301096__,.05,07,,01,04,02,01,01,01,05,01,250,FE,E,MAIN ST,,,,25,35,28,,,N,,78
20191330I-2019-009976,MONMOUTH,ABERDEEN TWP,07/06/2019,SA,1522,01,ABERDEEN TWP PD,,0,1,0,0,I,B,N,N,01,2,CHURCH ST,W,,,13301307__,.02,07,,01,04,02,02,01,01,05,01,100,FE,E,CR 3 / LLOYD RD,,,,35,,26,,,N,,78
20191330I-2019-010042,MONMOUTH,ABERDEEN TWP,07/07/2019,SU,1900,01,ABERDEEN TWP PD,,0,0,0,0,P,I,N,N,01,2,COUNTY RD **,E,,,13301215__,.83,07,,01,04,02,01,01,01,05,01,,AT,,SALEM PL,,,,25,25,26,,,N,,91
20191330I-2019-010043,MONMOUTH,ABERDEEN TWP,07/07/2019,SU,1902,01,ABERDEEN TWP PD,,0,0,0,0,P,B,N,N,06,3,COUNTY RD **,W,,,13301215__,.84,07,,01,04,02,01,01,01,05,01,50,FE,E,SALEM PL,,,,25,25,28,,,N,,91
20191330I-2019-010060,MONMOUTH,ABERDEEN TWP,07/08/2019,MO,0632,01,ABERDEEN TWP PD,,0,1,0,0,I,I,N,N,03,2,MONMOUTH COUNTY 6A I,W,6,1,13000006A1,1.38,05,,00,04,02,02,01,02,04,01,,AT,,POND ST,,,,30,25,26,,,N,,75
20191330I-2019-010062,MONMOUTH,ABERDEEN TWP,07/08/2019,MO,0917,01,ABERDEEN TWP PD,,0,0,0,0,P,B,N,N,06,2,NETHERWOOD DR **,S,,,13301190__,,07,,00,04,02,02,01,02,05,01,1459,FE,S,PROSPECT AVENUE,,,,25,25,26,,,N,,75
20191330I-2019-010063,MONMOUTH,ABERDEEN TWP,07/08/2019,MO,0920,01,ABERDEEN TWP PD,,0,0,0,0,P,B,N,N,08,2,PENGEL LN **,N,,,13301211__,.08,07,,01,04,02,02,01,02,05,01,150,FE,N,ANGEL ST,,,,25,25,,,,N,,63
20191330I-2019-010271,MONMOUTH,ABERDEEN TWP,07/11/2019,TH,1921,01,ABERDEEN TWP PD,,0,0,0,0,P,B,N,N,01,2,MONMOUTH COUNTY 3,S,3,,13000003__,11.37,05,,01,04,02,02,01,02,05,01,25,FE,S,CYPRESS LN,,,,35,25,26,,,N,,87
20191330I-2019-010312,MONMOUTH,ABERDEEN TWP,07/12/2019,FR,1240,01,ABERDEEN TWP PD,,0,0,0,0,P,I,N,N,03,2,NJ 34,N,34,,00000034__,21.61,02,,01,04,02,01,01,01,05,01,,AT,,CAMBRIDGE DR,,,,40,25,26,,,N,,78
20191330I-2019-010393,MONMOUTH,ABERDEEN TWP,07/14/2019,SU,0918,01,ABERDEEN TWP PD,,0,0,0,0,P,B,N,N,11,1,MONMOUTH COUNTY 3,S,3,,13000003__,11.95,05,,01,04,02,01,06,01,05,01,50,FE,N,ANDOVER LN,,,,35,,62,,,N,NEW JERSEY AMERICAN WATER COMPANY FIRE HYDRANT 202,78
20191330I-2019-010431,MONMOUTH,ABERDEEN TWP,07/15/2019,MO,1811,01,ABERDEEN TWP PD,,0,0,0,0,P,B,N,N,15,1,CLIFFWOOD AVE **,E,,,13301162__,.35,07,,01,04,02,01,01,01,04,01,25,FE,N,BEVERLY DR,,,,25,25,39,,,N,,89
20191330I-2019-010460,MONMOUTH,ABERDEEN TWP,07/16/2019,TU,0958,01,ABERDEEN TWP PD,,0,0,0,0,P,B,N,N,01,2,MONMOUTH COUNTY 3,E,3,,13000003__,11.83,05,,00,04,02,01,01,01,04,01,565,FE,W,ANDOVER LN,,,,35,25,26,,,N,,75
20191330I-2019-010475,MONMOUTH,ABERDEEN TWP,07/16/2019,TU,1830,01,ABERDEEN TWP PD,,0,0,0,0,P,B,N,N,10,1,SHORE CONCOURSE **,E,,,13301160__,,07,,02,04,02,01,01,01,04,01,50,FE,E,CR 6,,,,25,35,54,,,N,STRUCK GUY WIRE CAUSING REMOVAL OF PROTECTIVE COVER AND FRAYING GUY WIRE. POLE ?,85
20191330I-2019-010490,MONMOUTH,ABERDEEN TWP,07/17/2019,WE,0737,01,ABERDEEN TWP PD,,0,0,0,0,P,I,N,N,01,2,MONMOUTH COUNTY 3,E,3,,13000003__,10.60,05,,01,06,02,01,01,01,04,01,,AT,,JANKISZ LN,,,,40,25,26,,,N,,75
20191330I-2019-010504,MONMOUTH,ABERDEEN TWP,07/17/2019,WE,1541,01,ABERDEEN TWP PD,,0,0,0,0,P,B,N,N,01,2,NJ 34,N,34,,00000034__,21.52,02,,00,04,02,01,01,,04,01,485,FE,S,CAMBRIDGE DR,,,,40,25,26,,,N,,75
20191330I-2019-010526,MONMOUTH,ABERDEEN TWP,07/17/2019,WE,2130,01,ABERDEEN TWP PD,,0,0,0,0,P,B,N,N,01,2,MONMOUTH COUNTY 3,E,3,,13000003__,10.75,05,,00,00,02,02,06,02,04,01,500,FE,E,OXFORD LN,,,,35,15,26,,,N,,92
20191330I-2019-010597,MONMOUTH,ABERDEEN TWP,07/19/2019,FR,0837,01,ABERDEEN TWP PD,,0,0,0,0,P,B,N,N,06,2,FAIRFIELD WAY **,W,,,13301204__,.05,07,,01,04,02,01,01,01,05,01,75,FE,E,SHORE CONCOURSE,,,,25,,28,,,N,,78
20191330I-2019-010609,MONMOUTH,ABERDEEN TWP,07/19/2019,FR,1818,01,ABERDEEN TWP PD,ABERDEEN TOWNS?,0,0,0,0,P,B,N,N,01,2,NJ 35,N,35,,00000035__,45.11,02,,01,04,02,01,01,01,01,01,350,FE,S,COUNTY RD,,,,50,25,26,,,N,,86
20191330I-2019-010644,MONMOUTH,ABERDEEN TWP,07/20/2019,SA,0105,01,ABERDEEN TWP PD,ABERDEEN TOWNS?,0,0,0,0,P,B,Y,N,11,1,2 OCEAN BOULEVARD,N,,,,,09,,02,04,02,01,07,01,05,01,,,,,,,,10,,46,,,N,DAMAGE TO THE GUARDRAIL AT THE ENTRANCE TO THE BEACH FRONT FISHING AREA.,86
20191330I-2019-010664,MONMOUTH,ABERDEEN TWP,07/20/2019,SA,1639,01,ABERDEEN TWP PD,ABERDEEN TOWNS?,0,0,0,0,P,I,N,N,01,3,NJ 35,S,35,,00000035__,44.87,02,,01,04,02,01,01,01,01,01,,AT,,ANGEL ST,,,,50,25,26,,,N,,86
20191330I-2019-010710,MONMOUTH,ABERDEEN TWP,07/21/2019,SU,1920,01,ABERDEEN TWP PD,ABERDEEN TOWNS?,0,0,0,0,P,I,Y,N,11,1,ROUTE 516,E,516,,00000516__,8.68,05,,02,04,02,01,03,01,05,01,,AT,E,CENTRAL AVE,,,,35,10,56,,,N,DAMAGE TO UTILITY POLE NUMBER JC1023ABT. THE DAMAGE APPEARED TO BE SUPERFICIAL ?,86
20191330I-2019-010765,MONMOUTH,ABERDEEN TWP,07/22/2019,MO,1839,01,ABERDEEN TWP PD,ABERDEEN TOWNS?,0,1,0,0,I,I,N,N,03,2,NJ 35,N,35,,00000035__,44.81,02,,01,04,02,02,01,02,01,05,,AT,,CR 6A / CLIFFWOOD AVE,,,,50,35,26,,,N,,86
20191330I-2019-010815,MONMOUTH,ABERDEEN TWP,07/23/2019,TU,1858,01,ABERDEEN TWP PD,,0,0,0,0,P,B,N,N,01,2,NJ 35,S,35,,00000035__,44.89,02,,01,04,02,02,01,01,01,01,100,FE,N,ANGEL ST,,,,55,25,26,,,N,,85
20191330I-2019-010858,MONMOUTH,ABERDEEN TWP,07/24/2019,WE,2058,01,ABERDEEN TWP PD,,0,0,0,0,P,B,N,N,08,2,SHORE CONCOURSE **,W,,,13301160__,,07,,01,04,02,01,07,01,04,01,50,FE,N,PINEHURST DRIVE,,,,25,25,28,,,N,,85
20191330I-2019-010965,MONMOUTH,ABERDEEN TWP,07/26/2019,FR,2146,01,ABERDEEN TWP PD,,0,0,0,0,P,B,N,N,08,2,ANDOVER LN **,,,,13301119__,.38,07,,02,04,02,01,05,01,05,01,1000,FE,S,AVONDALE LN,,,,25,25,42,,,N,,85
20191330I-2019-010994,MONMOUTH,ABERDEEN TWP,07/27/2019,SA,1258,01,ABERDEEN TWP PD,,0,0,0,0,P,B,N,N,03,2,CAMBRIDGE DR **,E,,,13301024__,.07,07,,01,04,02,01,01,01,05,01,300,FE,W,CANFIELD LN,,,,25,,26,,,N,,78
20191330I-2019-011002,MONMOUTH,ABERDEEN TWP,07/27/2019,SA,1632,01,ABERDEEN TWP PD,ABERDEEN TOWNS?,0,0,0,0,P,B,N,N,08,2,IVY PL **,,,,13301051__,.15,07,,01,04,02,01,01,01,05,01,75,FE,S,INGRAM CIR,,,,25,25,28,,,N,,86
20191330I-2019-011029,MONMOUTH,ABERDEEN TWP,07/27/2019,SA,2358,01,ABERDEEN TWP PD,ABERDEEN TOWNS?,0,0,0,0,P,I,N,N,12,1,CHURCH ST,W,,,13301114__,.48,07,,02,04,02,01,07,01,05,01,,AT,,CYPRESS LN,,,,40,25,24,,,N,,86
20191330I-2019-011050,MONMOUTH,ABERDEEN TWP,07/28/2019,SU,1722,01,ABERDEEN TWP PD,ABERDEEN TOWNS?,0,0,0,0,P,I,N,N,02,2,CLIFFWOOD AVE **,E,,,13301162__,.27,07,,01,04,02,01,01,01,05,01,,AT,,LENNOX RD,,,,25,25,26,,,N,,86
20191330I-2019-011106,MONMOUTH,ABERDEEN TWP,07/29/2019,MO,1919,01,ABERDEEN TWP PD,ABERDEEN TOWNS?,0,0,0,0,P,I,N,N,01,2,COUNTY RD **,E,,,13301215__,1.16,07,,01,04,02,01,01,01,05,01,,AT,,NJ 35,,,,25,50,26,,,N,,86
20191330I-2019-011130,MONMOUTH,ABERDEEN TWP,07/30/2019,TU,0854,01,ABERDEEN TWP PD,,0,0,0,0,P,B,N,N,01,2,NJ 35,S,35,,00000035__,44.67,02,,01,04,02,01,01,01,01,02,75,FE,N,CR 6 / AMBOY AVE,,,,50,35,26,,,N,,78
20191330I-2019-011148,MONMOUTH,ABERDEEN TWP,07/30/2019,TU,1732,01,ABERDEEN TWP PD,ABERDEEN TOWNS?,0,0,0,0,P,I,N,N,01,2,MONMOUTH COUNTY 6A I,W,6,1,13000006A1,1.38,05,,01,04,02,01,01,01,04,01,,AT,,POND ST,,,,35,25,26,,,N,,86
20191330I-2019-011292,MONMOUTH,ABERDEEN TWP,08/02/2019,FR,1222,01,ABERDEEN TWP PD,,0,0,0,0,P,B,N,N,01,2,MONMOUTH COUNTY 6A I,E,6,1,13000006A1,1.32,05,,01,04,02,01,01,01,04,01,10,FE,W,MATAWAN AVE / PENDEL LN,,,,30,40,26,,,N,,75
20191330I-2019-011393,MONMOUTH,ABERDEEN TWP,08/04/2019,SU,1451,01,ABERDEEN TWP PD,,0,0,0,0,P,I,N,N,03,2,MONMOUTH COUNTY 3,S,3,,13000003__,12.78,05,,01,04,02,01,01,01,05,01,,AT,E,GERARD AVE,,,,35,,26,,,N,,84
20191330I-2019-011423,MONMOUTH,ABERDEEN TWP,08/05/2019,MO,0916,01,ABERDEEN TWP PD,,0,0,0,0,P,I,N,N,01,2,NJ 34,N,34,,00000034__,20.91,02,,01,04,02,01,01,01,05,01,,AT,E,WYNDHAM RD,,,,45,,26,,,N,,78
20191330I-2019-011495,MONMOUTH,ABERDEEN TWP,08/06/2019,TU,1029,01,ABERDEEN TWP PD,,0,0,0,0,P,I,N,N,11,1,ROUTE 516,E,516,,00000516__,8.68,05,,02,04,02,01,01,01,05,01,,AT,N,CENTRAL AVE,,,,35,,52,,,N,JCP&L UTILITY POLE JC1023ABT,78
20191330I-2019-011517,MONMOUTH,ABERDEEN TWP,08/06/2019,TU,1913,01,ABERDEEN TWP PD,ABERDEEN TOWNS?,0,1,0,0,I,I,N,N,02,2,ROUTE 516,E,516,,00000516__,8.95,05,,01,04,02,01,01,01,05,01,,AT,,MAPLE AVE,,,,35,,26,,,N,,86
20191330I-2019-011604,MONMOUTH,ABERDEEN TWP,08/08/2019,TH,0914,01,ABERDEEN TWP PD,,0,1,0,0,I,B,N,N,04,2,SHORE CONCOURSE **,E,,,13301160__,,07,,00,04,02,01,01,01,04,01,10,FE,E,MARZ WAY,,,,25,25,26,,,N,,75
20191330I-2019-011665,MONMOUTH,ABERDEEN TWP,08/09/2019,FR,1104,01,ABERDEEN TWP PD,,0,0,0,0,P,B,Y,N,02,2,NJ 35,N,35,,00000035__,45.14,02,,00,06,02,01,01,01,01,01,185,FE,S,COUNTY RD,,,,50,25,26,,,N,,75
20191330I-2019-011709,MONMOUTH,ABERDEEN TWP,08/10/2019,SA,1716,01,ABERDEEN TWP PD,,0,1,0,0,I,B,N,N,02,2,NJ 35,S,35,,00000035__,44.70,02,,01,04,02,01,01,01,01,01,200,FE,N,CR 6 / AMBOY AVE,,,,50,35,26,,,N,,88
20191330I-2019-011781,MONMOUTH,ABERDEEN TWP,08/12/2019,MO,0853,01,ABERDEEN TWP PD,,0,0,0,0,P,B,N,N,01,2,NJ 35,S,35,,00000035__,44.87,02,,01,06,02,01,01,01,01,01,300,FE,N,CR 6A / CLIFFWOOD AVE,,,,50,30,26,,,N,,59
20191330I-2019-011848,MONMOUTH,ABERDEEN TWP,08/13/2019,TU,1700,01,ABERDEEN TWP PD,ABERDEEN TOWNS?,0,0,0,0,P,I,N,N,01,2,NJ 35,N,35,,00000035__,44.81,02,,01,04,02,01,01,01,01,01,,AT,,CR 6A / CLIFFWOOD AVE,,,,50,35,26,,,N,,86
20191330I-2019-011877,MONMOUTH,ABERDEEN TWP,08/14/2019,WE,0840,01,ABERDEEN TWP PD,ABERDEEN TOWNS?,0,0,0,0,P,I,N,N,02,2,NJ 34,S,34,,00000034__,21.32,02,,01,04,02,01,01,01,04,01,,AT,N,CR 3 / LLOYD RD,,,,35,35,26,,,N,,93
20191330I-2019-011879,MONMOUTH,ABERDEEN TWP,08/14/2019,WE,0919,01,ABERDEEN TWP PD,ABERDEEN TOWNS?,0,0,0,0,P,I,N,N,01,2,NJ 35,N,35,,00000035__,44.81,02,,01,04,02,01,01,01,01,01,,AT,,CR 6A / CLIFFWOOD AVE,,,,50,30,26,,,N,,84
20191330I-2019-011887,MONMOUTH,ABERDEEN TWP,08/14/2019,WE,1210,01,ABERDEEN TWP PD,ABERDEEN TOWNS?,0,1,0,1,I,I,N,N,13,1,1121 ROUTE 34 HIGHWAY,W,,,,,09,,01,06,02,01,01,01,05,01,,AT,,,,,,15,,26,,,N,,93
20191330I-2019-011889,MONMOUTH,ABERDEEN TWP,08/14/2019,WE,1347,01,ABERDEEN TWP PD,ABERDEEN TOWNS?,0,0,0,0,P,B,N,N,11,1,CHURCH ST,E,,,13301307__,.12,07,,02,06,02,01,01,01,04,01,100,FE,N,BAILEY RD,,,,25,25,56,,,N,GARAGE DOOR HAS LARGE DENT.,93
20191330I-2019-011941,MONMOUTH,ABERDEEN TWP,08/15/2019,TH,1829,01,ABERDEEN TWP PD,ABERDEEN TOWNS?,0,0,0,0,P,B,N,N,03,2,NJ 34,N,34,,00000034__,21.33,02,,01,04,02,01,01,01,05,01,75,FE,N,CR 3 / LLOYD RD,,,,40,35,26,,,N,,86
20191330I-2019-011984,MONMOUTH,ABERDEEN TWP,08/16/2019,FR,0841,01,ABERDEEN TWP PD,,0,0,0,0,P,B,N,N,08,2,204 ROUTE 35 HIGHWAY NORTH,,,,,,09,,00,04,02,01,01,01,05,01,,,,,,,,,,26,,,N,,75
20191330I-2019-011991,MONMOUTH,ABERDEEN TWP,08/16/2019,FR,1004,01,ABERDEEN TWP PD,,0,0,0,0,P,I,N,N,02,2,MONMOUTH COUNTY 3,W,3,,13000003__,12.63,05,,00,04,02,01,01,01,04,01,,AT,,,T,GARDEN STATE PARKWAY,SB,40,,26,,,N,,75
20191330I-2019-011994,MONMOUTH,ABERDEEN TWP,08/16/2019,FR,1111,01,ABERDEEN TWP PD,,0,0,0,0,P,I,N,N,03,2,PINEHURST DR **,E,,,13301198__,.00,07,,00,04,02,01,01,01,04,01,,AT,,SOUTH CONCOURSE,,,,25,25,26,,,N,,75
20191330I-2019-012076,MONMOUTH,ABERDEEN TWP,08/17/2019,SA,1851,01,ABERDEEN TWP PD,,0,0,0,0,P,B,N,N,02,2,NJ 35,S,35,,00000035__,44.43,02,,01,04,02,01,01,01,01,01,300,FE,N,RIVERDALE DR,,,,50,25,26,,,N,,91
20191330I-2019-012127,MONMOUTH,ABERDEEN TWP,08/18/2019,SU,1938,01,ABERDEEN TWP PD,,0,0,0,0,P,I,N,N,03,2,NJ 35,S,35,,00000035__,45.18,02,,01,04,02,01,01,01,01,01,,AT,,COUNTY RD,,,,45,25,26,,,N,,91
20191330I-2019-012257,MONMOUTH,ABERDEEN TWP,08/21/2019,WE,1837,01,ABERDEEN TWP PD,ABERDEEN TOWNS?,0,1,0,0,I,I,N,N,01,2,MONMOUTH COUNTY 3,E,3,,13000003__,10.31,05,,01,04,02,02,01,02,05,01,,AT,,WARREN DR,,,,35,25,26,,,N,,86
20191330I-2019-012290,MONMOUTH,ABERDEEN TWP,08/22/2019,TH,1015,01,ABERDEEN TWP PD,,0,0,0,0,P,B,N,N,01,2,NJ 34,S,34,,00000034__,21.33,02,,01,04,02,01,01,01,05,01,75,FE,N,CR 3 / LLOYD RD,,,,40,,26,,,N,,78
20191330I-2019-012334,MONMOUTH,ABERDEEN TWP,08/23/2019,FR,0821,01,ABERDEEN TWP PD,,0,0,0,0,P,B,N,N,11,1,MONMOUTH COUNTY 3,W,3,,13000003__,10.87,05,,01,04,02,02,01,01,05,01,750,FE,E,NJ 34,,,,35,,56,,,N,MONMOUTH COUNTY DOT SIGN,78
20191330I-2019-012441,MONMOUTH,ABERDEEN TWP,08/25/2019,SU,1039,01,ABERDEEN TWP PD,,0,0,0,0,P,I,N,N,07,2,MONMOUTH COUNTY 6A I,W,6,1,13000006A1,1.32,05,,00,04,02,01,01,01,04,01,,AT,,MATAWAN AVE / PENDEL LN,,,,30,40,26,,,N,,75
20191330I-2019-012550,MONMOUTH,ABERDEEN TWP,08/28/2019,WE,1304,01,ABERDEEN TWP PD,,0,0,0,0,P,B,N,N,01,2,CHURCH ST,W,,,13301307__,.01,07,,01,04,02,02,01,02,05,01,75,FE,E,CR 3 / LLOYD RD,,,,35,,26,,,N,,78
20191330I-2019-012551,MONMOUTH,ABERDEEN TWP,08/28/2019,WE,1313,01,ABERDEEN TWP PD,,0,0,0,0,P,B,N,N,08,2,NJ 34,N,34,,00000034__,20.74,02,,01,04,02,02,01,02,05,01,25,FE,E,WOODBROOK DR,,,,45,,26,,,N,,78
20191330I-2019-012592,MONMOUTH,ABERDEEN TWP,08/29/2019,TH,0031,01,ABERDEEN TWP PD,ABERDEEN TOWNS?,0,0,0,0,P,B,N,N,11,1,MONMOUTH COUNTY 3,N,3,,13000003__,12.34,05,,02,04,02,02,07,01,05,01,75,FE,S,LINE RD / NUTMEG RD,,,,40,25,56,,,N,,86
20191330I-2019-012607,MONMOUTH,ABERDEEN TWP,08/29/2019,TH,0935,01,ABERDEEN TWP PD,,0,0,0,0,P,B,N,N,02,2,MONMOUTH COUNTY 6A I,E,6,1,13000006A1,1.39,05,,01,04,02,01,01,01,05,01,50,FE,E,POND ST,,,,30,,26,,,N,,78
20191330I-2019-012621,MONMOUTH,ABERDEEN TWP,08/29/2019,TH,1639,01,ABERDEEN TWP PD,ABERDEEN TOWNS?,0,0,0,0,P,B,N,N,99,1,IDOL PL **,E,,,13301052__,,07,,01,04,02,01,01,01,05,01,,,,,,,,25,,29,,,N,,86
20191330I-2019-012627,MONMOUTH,ABERDEEN TWP,08/29/2019,TH,1908,01,ABERDEEN TWP PD,ABERDEEN TOWNS?,0,0,0,0,P,B,N,N,02,2,NJ 34,N,34,,00000034__,21.88,02,,01,04,02,01,03,01,05,01,45,FE,S,SO ATLANTIC AVE,,,,40,25,26,,,N,,86
20191330I-2019-012749,MONMOUTH,ABERDEEN TWP,08/31/2019,SA,1241,01,ABERDEEN TWP PD,,0,0,0,0,P,B,N,N,06,2,EDGEVIEW RD **,W,,,13301152__,.22,07,,01,04,02,01,01,01,05,01,550,FE,W,RIVERDALE ST,,,,25,,28,,,N,,78
20191330I-2019-012786,MONMOUTH,ABERDEEN TWP,08/31/2019,SA,2237,01,ABERDEEN TWP PD,ABERDEEN TOWNS?,0,2,0,0,I,I,N,N,03,2,MONMOUTH COUNTY 3,S,3,,13000003__,12.22,05,,01,04,02,01,07,01,05,01,,AT,,NORTHLAND LN,,,,40,25,26,,,N,,86
20191330I-2019-012799,MONMOUTH,ABERDEEN TWP,09/01/2019,SU,0941,01,ABERDEEN TWP PD,,0,1,0,0,I,B,N,N,01,2,NJ 35,S,35,,00000035__,44.70,02,,00,04,02,01,01,01,01,01,200,FE,N,CR 6 / AMBOY AVE,,,,50,35,26,,,N,,75