Year(4)-CountyCode(2)-MunicipalityCode(2)-CaseNumber(9),County Name,Municipality Name,Crash Date,Crash Day of Week,Crash Time,Police Department Code,Police Department,Police Station,Total Killed,Total Injured,Pedestrians Killed,Pedestrians Injured,Severity,Intersection,Alcohol Involved,Hazmat Involved,Crash Type,Total Vehicles,Location,Location Direction,Route,Route Suffix,Std Rte Identifier,MilePost,Road System,Road Character,Road Horizontal Alignment,Road Grade,Road Surface Type,Surface Condition,Light Condition,Environmental Condition,Road Divided By,Temporary Traffic Control Zone,Distance To Cross Street,Unit Of Measurement,Direction From Cross Street,Cross Street Name,Is Ramp,Ramp To/From Route Name,Ramp To/From Route Direction,Posted Speed,Posted Speed Cross Street,First Harmful Event,Latitude,Longitude,Cell Phone In Use Flag,Other Property Damage,Reporting Badge No.
2019133119MT10577,MONMOUTH,MIDDLETOWN TWP,04/04/2019,TH,2000,01,MIDDLETOWN PD,,0,1,0,1,I,B,N,N,13,1,THOMPSON MIDDLE SCHOOL,S,,,,,08,,01,05,02,01,06,01,05,01,10,FE,S,MIDDLETOWN LINCROFT RD,,,,,40,22,,,N,,
2019133119MT10790,MONMOUTH,MIDDLETOWN TWP,04/06/2019,SA,1127,01,MIDDLETOWN PD,01,0,0,0,0,P,B,N,N,02,2,NJ 36,S,36,,00000036__,20.42,02,,01,04,02,01,01,01,01,01,15,FE,W,CR 7 / MAIN ST / PALMER AVE,,,,50,35,26,,,N,,31334
2019133119MT10818,MONMOUTH,MIDDLETOWN TWP,04/06/2019,SA,1547,01,MIDDLETOWN PD,,0,0,0,0,P,B,N,N,01,2,NJ 35,N,35,,00000035__,37.18,02,,01,04,02,01,01,01,02,01,200,FE,S,KINGS HWY EAST,,,,50,35,26,,,N,,31360
2019133119MT10911,MONMOUTH,MIDDLETOWN TWP,04/07/2019,SU,0334,01,MIDDLETOWN PD,MIDDLETOWN,0,0,0,0,P,B,Y,N,01,2,NJ 36,E,36,,00000036__,17.79,02,,01,04,02,01,06,01,01,01,20,FE,N,EAST RD,,,,50,35,26,,,N,,31376
2019133119MT11061,MONMOUTH,MIDDLETOWN TWP,04/08/2019,MO,1121,01,MIDDLETOWN PD,,0,0,0,0,P,B,N,N,01,2,NJ 35,N,35,,00000035__,39.43,02,,02,04,02,01,01,01,01,01,10,FE,S,ROUTE 516 / CHERRY TREE FARM RD,,,,50,35,26,,,N,,31327
2019133119MT11085,MONMOUTH,MIDDLETOWN TWP,04/08/2019,MO,1409,01,MIDDLETOWN PD,,0,2,0,0,I,B,N,N,01,2,NJ 35,N,35,,00000035__,36.81,02,,01,04,02,01,01,01,01,01,125,FE,N,WOODLAND DR,,,,50,25,26,40.387410,74.097370,N,,31259
2019133119MT11166,MONMOUTH,MIDDLETOWN TWP,04/09/2019,TU,0744,01,MIDDLETOWN PD,,0,0,0,0,P,B,N,N,01,2,GARDEN STATE PARKWAY,N,444,,00000444__,,03,,01,04,02,01,01,05,05,01,,,,,T,HALF MILE RD,NB,65,,26,,,N,,31332
2019133119MT11208,MONMOUTH,MIDDLETOWN TWP,04/09/2019,TU,1333,01,MIDDLETOWN PD,,0,0,0,0,P,I,N,N,07,3,ROUTE 516,E,516,,00000516__,14.94,05,,01,04,02,01,01,05,05,01,,AT,,HARMONY RD,,,,40,35,26,,,N,,
2019133119MT11257,MONMOUTH,MIDDLETOWN TWP,04/09/2019,TU,1943,01,MIDDLETOWN PD,,0,0,0,0,P,B,N,N,06,2,10 HARBOR WAY,E,,,,,06,,01,04,02,00,00,00,05,01,,,,BELFORD FERRY TERMINAL,,,,,,28,,,N,,31343
2019133119MT11318,MONMOUTH,MIDDLETOWN TWP,04/10/2019,WE,0721,01,MIDDLETOWN PD,,0,0,0,0,P,B,N,N,06,2,SANDY HOOK AVE **,E,,,13311182__,,07,,01,04,02,01,00,01,05,01,,,,,,,,25,,28,40.415080,74.086500,N,,31367
2019133119MT11393,MONMOUTH,MIDDLETOWN TWP,04/10/2019,WE,1746,01,MIDDLETOWN PD,,0,0,0,0,P,B,N,N,02,2,ROUTE 520,E,520,,00000520__,12.36,05,,01,04,02,01,01,01,05,01,250,FE,E,GREENTREE TER,,,,40,25,26,,,N,,31325
2019133119MT11412,MONMOUTH,MIDDLETOWN TWP,04/10/2019,WE,2214,01,MIDDLETOWN PD,,0,0,0,0,P,B,N,N,01,2,ROUTE 520,W,520,,00000520__,15.24,05,,01,04,02,01,06,01,02,01,100,FE,W,SCHULZ DR,,,,45,25,26,,,N,,31353
2019133119MT11413,MONMOUTH,MIDDLETOWN TWP,04/10/2019,WE,2210,01,MIDDLETOWN PD,,0,1,0,0,I,B,Y,N,11,1,LEONARD AVE **,N,,,13311227__,.10,07,,01,05,02,02,07,01,05,01,20,FE,S,NJ 36,,,,25,50,60,,,N,TREE-BOARD OF EDUCATION,31369
2019133119MT11449,MONMOUTH,MIDDLETOWN TWP,04/11/2019,TH,0906,01,MIDDLETOWN PD,,0,0,0,0,P,I,N,N,03,2,HILLSIDE AVE **,W,,,13311254__,.42,07,,01,04,02,01,01,01,05,01,,AT,,FIRST AVE,,,,25,25,26,,,N,,31294
2019133119MT11634,MONMOUTH,MIDDLETOWN TWP,04/12/2019,FR,1419,01,MIDDLETOWN PD,MIDDLETOWN,0,0,0,0,P,B,N,N,01,2,NJ 36,N,36,,00000036__,18.77,02,,01,04,02,01,01,01,01,01,100,FE,N,WILSON AVE,,,,50,25,26,,,N,,31290
2019133119MT11637,MONMOUTH,MIDDLETOWN TWP,04/12/2019,FR,1458,01,MIDDLETOWN PD,,0,0,0,0,P,I,N,N,02,2,ROUTE 520,,520,,00000520__,14.85,05,,01,04,02,01,01,05,03,02,,AT,,GARDEN STATE PARKWAY,,,,40,65,26,40.336680,74.096740,N,,31259
2019133119MT11779,MONMOUTH,MIDDLETOWN TWP,04/13/2019,SA,1655,01,MIDDLETOWN PD,,0,0,0,0,P,B,N,N,01,2,NJ 35,N,35,,00000035__,38.73,02,,01,04,02,01,01,01,01,01,200,FE,N,HARMONY RD / KINGS HWY,,,,50,35,26,,,N,,31362
2019133119MT11836,MONMOUTH,MIDDLETOWN TWP,04/13/2019,SA,2340,01,MIDDLETOWN PD,,0,0,0,0,P,B,Y,N,01,2,NJ 36,N,36,,00000036__,14.45,02,,02,05,02,01,06,01,03,01,50,FE,S,SEARS AVE,,,,50,25,26,,,N,,31303
2019133119MT11879,MONMOUTH,MIDDLETOWN TWP,04/14/2019,SU,1112,01,MIDDLETOWN PD,,0,0,0,0,P,B,N,N,01,2,MONMOUTH COUNTY 7 I,N,7,1,130000071_,1.01,05,,01,04,02,01,01,01,05,01,10,FE,S,MAURICE AVE,,,,40,25,26,,,N,,31240
2019133119MT11983,MONMOUTH,MIDDLETOWN TWP,04/15/2019,MO,0730,01,MIDDLETOWN PD,,0,0,0,0,P,I,N,N,07,2,ROUTE 516,W,516,,00000516__,16.04,05,,01,04,02,02,01,01,05,01,,AT,,CR 50 / NEW MONMOUTH RD / TINDALL R,,,,35,40,26,40.411930,74.102870,N,TRAFFIC POLE AND BRICK WALL OF 148 TINDALL RD,31374
2019133119MT12034,MONMOUTH,MIDDLETOWN TWP,04/15/2019,MO,1426,01,MIDDLETOWN PD,,0,0,0,0,P,B,N,N,12,1,MONMOUTH COUNTY 50,S,50,,13000050__,5.36,05,,01,05,02,01,01,01,05,01,20,FE,N,MCCUTCHEON CT,,,,40,25,24,,,N,,31276
2019133119MT12144,MONMOUTH,MIDDLETOWN TWP,04/16/2019,TU,0716,01,MIDDLETOWN PD,,0,0,0,0,P,B,N,N,01,2,MONMOUTH COUNTY 12,W,12,,13000012__,2.05,05,,01,06,02,01,01,01,05,01,20,FE,E,EAGLE WAY,,,,40,25,26,40.416540,74.070310,N,,31346
2019133119MT12285,MONMOUTH,MIDDLETOWN TWP,04/17/2019,WE,0757,01,MIDDLETOWN PD,,0,0,0,0,P,B,N,N,05,2,HURLEY LN **,S,,,13311524__,.00,07,,01,04,02,01,01,01,05,01,25,FE,S,ROUTE 520,,,,25,40,26,,,N,,31331
2019133119MT12292,MONMOUTH,MIDDLETOWN TWP,04/17/2019,WE,0854,01,MIDDLETOWN PD,,0,0,0,0,P,I,N,N,01,3,ROUTE 516,W,516,,00000516__,,05,,01,04,02,01,01,01,04,01,,AT,,CHERRY TREE FARM ROAD,,,,35,35,26,,,N,,
2019133119MT12346,MONMOUTH,MIDDLETOWN TWP,04/17/2019,WE,1500,01,MIDDLETOWN PD,,0,2,0,0,I,I,N,N,03,2,NJ 35,N,35,,00000035__,37.33,02,,01,04,02,01,01,01,02,01,,AT,,KINGS HWY WEST / TINDALL RD,,,,50,35,26,,,N,TRAFFIC LIGHT STANCHION AT HWY 35 SOUTH AND KINGS HWY,31290
2019133119MT12366,MONMOUTH,MIDDLETOWN TWP,04/17/2019,WE,1800,01,MIDDLETOWN PD,,0,0,0,0,P,I,N,N,03,2,HARMONY RD,S,,,,,07,,01,04,02,01,01,01,05,01,,AT,W,OLD COUNTRY RD,,,,35,25,26,,,N,,31364
2019133119MT12484,MONMOUTH,MIDDLETOWN TWP,04/18/2019,TH,1611,01,MIDDLETOWN PD,,0,1,0,0,I,B,N,N,01,3,ROUTE 516,S,516,,00000516__,15.73,05,,01,04,02,01,01,01,05,01,100,FE,S,MILLBROOK DR,,,,35,25,26,,,N,,
2019133119MT12498,MONMOUTH,MIDDLETOWN TWP,04/18/2019,TH,2058,01,MIDDLETOWN PD,,0,1,0,0,I,I,N,N,07,2,MONMOUTH COUNTY 7 I,N,7,1,130000071_,.85,05,,01,04,02,01,01,01,05,01,,AT,,MAIN ST / MIDDLE AVE,,,,40,35,26,,,N,,31350
2019133119MT12590,MONMOUTH,MIDDLETOWN TWP,04/19/2019,FR,1211,01,MIDDLETOWN PD,,0,0,0,0,P,B,N,N,08,2,MAPLEWOOD AVE **,S,,,13311065__,.13,07,,01,04,02,01,01,01,05,01,200,FE,N,LENWOOD AVE,,,,25,25,28,,,N,,31294
2019133119MT12596,MONMOUTH,MIDDLETOWN TWP,04/19/2019,FR,1312,01,MIDDLETOWN PD,,0,0,0,0,P,B,N,N,01,2,MONMOUTH COUNTY 8 A,N,8,A,13000008A_,2.58,05,,03,06,02,01,01,01,04,01,15,FE,E,LOCUST PT RD,,,,35,35,26,,,N,,31333
2019133119MT12652,MONMOUTH,MIDDLETOWN TWP,04/19/2019,FR,2112,01,MIDDLETOWN PD,,0,0,0,0,P,I,N,N,03,3,NJ 35,N,35,,00000035__,37.10,02,,01,04,02,02,06,02,02,01,,AT,S,TWIN BROOKS RD,,,,50,35,26,,,N,,31361
2019133119MT12757,MONMOUTH,MIDDLETOWN TWP,04/20/2019,SA,1536,01,MIDDLETOWN PD,,0,0,0,0,P,B,N,N,11,1,MAIN ST,,,,13312103__,.67,07,,01,04,02,01,01,01,05,01,400,FE,N,BROADWAY,,,,25,25,56,,,N,UTILITY POLE JC4664MDT,31309
2019133119MT12775,MONMOUTH,MIDDLETOWN TWP,04/20/2019,SA,1830,01,MIDDLETOWN PD,,0,2,0,0,I,B,N,N,01,2,NJ 35,N,35,,00000035__,39.56,02,,01,04,02,01,01,01,01,01,100,FE,S,CR 7 / PALMER AVE,,,,50,40,26,,,N,,31360
2019133119MT12788,MONMOUTH,MIDDLETOWN TWP,04/20/2019,SA,2026,01,MIDDLETOWN PD,,0,1,0,0,I,I,Y,N,07,2,NJ 36,N,36,,00000036__,18.01,02,,01,04,02,01,06,01,05,01,,AT,,MAIN ST,,,,50,30,26,,,N,,31354
2019133119MT12876,MONMOUTH,MIDDLETOWN TWP,04/21/2019,SU,1820,01,MIDDLETOWN PD,,0,0,0,0,P,B,N,N,01,2,MONMOUTH COUNTY 12 A,E,12,A,13000012A_,.52,05,,01,04,02,01,01,01,04,01,150,FE,W,NJ 35,,,,35,50,26,,,N,,31375
2019133119MT12884,MONMOUTH,MIDDLETOWN TWP,04/21/2019,SU,1900,01,MIDDLETOWN PD,,0,0,0,0,P,B,N,N,12,1,NJ 36,S,36,,00000036__,18.22,02,,01,04,02,01,06,01,05,01,50,FE,N,CHURCH ST,,,,50,15,24,,,N,,31347
2019133119MT12947,MONMOUTH,MIDDLETOWN TWP,04/22/2019,MO,1057,01,MIDDLETOWN PD,,0,0,0,0,P,B,N,N,08,2,WALNUT ST **,S,,,13311477__,.09,07,,01,04,02,02,01,02,05,01,30,FE,E,BEECH ST,,,,25,25,28,,,N,,31330
2019133119MT12962,MONMOUTH,MIDDLETOWN TWP,04/22/2019,MO,1239,01,MIDDLETOWN PD,,0,1,0,0,I,B,N,N,01,3,NJ 35,S,35,,00000035__,36.32,02,,01,05,02,02,01,02,01,01,30,FE,N,APPLE FARM RD,,,,50,25,26,,,N,,
2019133119MT12999,MONMOUTH,MIDDLETOWN TWP,04/22/2019,MO,1803,01,MIDDLETOWN PD,,0,0,0,0,P,B,N,N,06,2,CHAMONE AVENUE,N,,,,,07,,01,04,02,02,00,02,05,01,200,FE,N,ROUTE 516,,,,25,40,28,40.412770,74.054970,N,,31362
2019133119MT13056,MONMOUTH,MIDDLETOWN TWP,04/23/2019,TU,0919,01,MIDDLETOWN PD,,0,0,0,0,P,B,N,N,06,2,MONMOUTH PKWY,N,,,,,07,,01,04,02,01,05,01,05,01,100,FE,W,NEPTUNE PL,,,,25,25,28,,,N,,31290
2019133119MT13195,MONMOUTH,MIDDLETOWN TWP,04/24/2019,WE,1302,01,MIDDLETOWN PD,,0,0,0,0,P,B,N,N,02,2,PINE ST **,W,,,13311328__,.18,07,,01,06,02,01,01,01,05,01,75,FE,W,WALNUT AVE,,,,25,25,26,,,N,,31311
2019133119MT13222,MONMOUTH,MIDDLETOWN TWP,04/24/2019,WE,1713,01,MIDDLETOWN PD,,0,0,0,0,P,B,N,N,01,2,NJ 35,S,35,,00000035__,35.18,02,,01,05,02,01,01,01,01,01,200,FE,N,PINE ST,,,,50,25,26,,,N,,31325
2019133119MT13229,MONMOUTH,MIDDLETOWN TWP,04/24/2019,WE,1747,01,MIDDLETOWN PD,,0,0,0,0,P,B,N,N,01,2,NJ 35,S,35,,00000035__,38.78,02,,01,04,02,01,01,01,01,01,500,FE,N,HARMONY RD / KINGS HWY,,,,50,35,26,,,N,,31381
2019133119MT13295,MONMOUTH,MIDDLETOWN TWP,04/25/2019,TH,0706,01,MIDDLETOWN PD,,0,2,0,0,I,I,N,N,03,2,ROUTE 516,S,516,,00000516__,14.94,05,,01,04,02,01,01,01,05,01,,AT,,HARMONY RD,,,,35,35,26,,,N,,31281
2019133119MT13298,MONMOUTH,MIDDLETOWN TWP,04/25/2019,TH,0759,01,MIDDLETOWN PD,,0,0,0,0,P,B,N,N,01,2,NJ 36,E,36,,00000036__,16.26,02,,01,04,02,01,01,01,01,01,75,FE,W,HOSFORD AVE / THOMPSON AVE,,,,50,25,26,,,N,,31311
2019133119MT13305,MONMOUTH,MIDDLETOWN TWP,04/25/2019,TH,0927,01,MIDDLETOWN PD,,0,1,0,1,I,B,N,N,13,1,KEARNY DR **,,,,13311051__,.00,07,,01,04,02,01,01,01,05,01,50,FE,W,HARMONY RD,,,,25,40,22,,,N,,31317
2019133119MT13319,MONMOUTH,MIDDLETOWN TWP,04/25/2019,TH,1305,01,MIDDLETOWN PD,,0,0,0,0,P,B,N,N,02,2,NJ 35,S,35,,00000035__,37.14,02,,01,04,02,01,01,01,02,01,200,FE,N,TWIN BROOKS RD,,,,50,25,26,,,N,,31334
2019133119MT13322,MONMOUTH,MIDDLETOWN TWP,04/25/2019,TH,1323,01,MIDDLETOWN PD,,0,1,0,0,I,B,N,N,01,2,NJ 36,N,36,,00000036__,18.79,02,,01,04,02,01,01,01,01,01,200,FE,N,WILSON AVE,,,,50,35,26,,,N,,31294
2019133119MT13340,MONMOUTH,MIDDLETOWN TWP,04/25/2019,TH,1615,01,MIDDLETOWN PD,,0,0,0,0,P,B,N,N,99,1,MCCLEES ROAD,N,,,,,07,,01,04,02,02,01,02,05,01,2112,FE,N,CR 12A,,,,25,40,99,,,N,,31325
2019133119MT13445,MONMOUTH,MIDDLETOWN TWP,04/26/2019,FR,1743,01,MIDDLETOWN PD,,0,1,0,0,I,B,N,N,02,2,MONMOUTH COUNTY 7 I,N,7,1,130000071_,1.67,05,,01,04,02,01,01,01,05,01,50,FE,S,VERDUN PL,,,,30,25,26,40.434730,74.131140,N,,31362
2019133119MT13517,MONMOUTH,MIDDLETOWN TWP,04/27/2019,SA,0959,01,MIDDLETOWN PD,,0,1,0,0,I,B,N,N,01,2,MONMOUTH COUNTY 50,,50,,13000050__,4.07,05,,01,04,02,01,01,01,05,01,300,FE,S,ALLAIRE AVE,,,,40,25,26,,,N,,31332
2019133119MT13521,MONMOUTH,MIDDLETOWN TWP,04/27/2019,SA,1016,01,MIDDLETOWN PD,,0,0,0,0,P,B,N,N,06,2,AZALEA CT **,N,,,13311599__,.01,07,,01,04,02,01,01,01,05,01,75,FE,N,ILER DR,,,,25,25,28,,,N,,31331
2019133119MT13663,MONMOUTH,MIDDLETOWN TWP,04/28/2019,SU,1117,01,MIDDLETOWN PD,,0,0,0,0,P,B,N,N,01,2,KINGS HWY,W,,,13312101__,2.41,07,,01,04,02,02,01,02,05,01,30,FE,E,ROUTE 516 / CHERRY TREE FARM RD,,,,35,40,26,,,N,,31327
2019133119MT13664,MONMOUTH,MIDDLETOWN TWP,04/28/2019,SU,1407,01,MIDDLETOWN PD,,0,0,0,0,P,B,N,N,03,2,ROUTE 520,,520,,00000520__,13.71,05,,01,04,02,02,01,02,05,01,50,FE,E,CR 50 / MIDDLETOWN-LINCROFT RD / SW,,,,35,35,26,,,N,,31332
2019133119MT13743,MONMOUTH,MIDDLETOWN TWP,04/29/2019,MO,0800,01,MIDDLETOWN PD,,0,1,0,0,I,B,N,N,02,2,NJ 36,E,36,,00000036__,18.75,02,,01,04,02,01,01,01,01,01,20,FE,N,WILSON AVE,,,,50,35,26,,,N,,31317
2019133119MT13777,MONMOUTH,MIDDLETOWN TWP,04/29/2019,MO,1325,01,MIDDLETOWN PD,,0,1,0,0,I,B,N,N,05,2,THOMPSON AVE,,,,13312104__,.17,07,,01,04,02,01,01,01,05,01,20,FE,N,HUDSON AVE / CARTER AVE,,,,35,25,26,,,N,,31317
2019133119MT13797,MONMOUTH,MIDDLETOWN TWP,04/29/2019,MO,1552,01,MIDDLETOWN PD,,0,0,0,0,P,B,N,N,11,1,TINDALL RD,W,,,13312100__,1.33,07,,01,04,02,01,01,01,05,01,10,FE,W,ROUTE 516/CR 50/LEONARDVILLE RD/POR,,,,40,35,52,,,N,TELEPHONE POLE-JC87MDT (MINOR DAMAGE),31377
2019133119MT13810,MONMOUTH,MIDDLETOWN TWP,04/29/2019,MO,1821,01,MIDDLETOWN PD,,0,2,0,0,I,I,N,N,03,2,HARMONY RD,E,,,13311836__,.56,07,,01,04,02,01,01,01,05,01,,AT,,MAIN ST,,,,40,35,26,,,N,,31375
2019133119MT13813,MONMOUTH,MIDDLETOWN TWP,04/29/2019,MO,1805,01,MIDDLETOWN PD,,0,0,0,0,P,B,N,N,01,2,MONMOUTH COUNTY 50,N,50,,13000050__,7.07,05,,01,04,02,01,01,01,05,01,50,FE,S,NJ 35,,,,35,50,26,,,N,,31381
2019133119MT13878,MONMOUTH,MIDDLETOWN TWP,04/30/2019,TU,0716,01,MIDDLETOWN PD,,0,0,0,0,P,I,N,N,01,2,NJ 35,S,35,,00000035__,35.14,02,,01,04,02,01,01,01,05,01,,AT,S,PINE ST,,,,55,25,26,,,N,,31345
2019133119MT13883,MONMOUTH,MIDDLETOWN TWP,04/30/2019,TU,0902,01,MIDDLETOWN PD,,0,0,0,0,P,B,N,N,09,2,MONMOUTH COUNTY 52,N,52,,13000052__,3.19,05,,01,04,02,02,01,05,04,01,100,FE,S,FOX HUNT RD,,,,45,25,26,,,N,,31340
2019133119MT13910,MONMOUTH,MIDDLETOWN TWP,04/30/2019,TU,1440,01,MIDDLETOWN PD,,0,0,0,0,P,I,N,N,01,2,ROUTE 520,E,520,,00000520__,14.19,05,,01,04,02,01,01,01,05,01,,AT,,HILLTOP CIR,,,,40,25,26,,,N,,31321
2019133119MT13918,MONMOUTH,MIDDLETOWN TWP,04/30/2019,TU,1615,01,MIDDLETOWN PD,,0,0,0,0,P,B,N,N,01,2,ROUTE 520,E,520,,00000520__,13.70,05,,01,04,02,01,01,01,05,01,10,FE,E,CR 50 / MIDDLETOWN-LINCROFT RD / SW,,,,35,40,26,,,N,,31293
2019133119MT13986,MONMOUTH,MIDDLETOWN TWP,05/01/2019,WE,0859,01,MIDDLETOWN PD,,0,1,0,0,I,B,N,N,03,3,OAK HILL RD,,,,,,07,,01,04,02,01,01,01,05,01,50,FE,,NJ 35,,,,35,50,26,,,N,,31339
2019133119MT14019,MONMOUTH,MIDDLETOWN TWP,05/01/2019,WE,1226,01,MIDDLETOWN PD,,0,0,0,0,P,B,N,N,10,1,WHIPPORWILL VALLEY RD **,,,,13311237__,.16,07,,02,05,03,01,01,01,05,01,1000,FE,W,BOWNE RD,,,,25,25,56,,,N,,31339
2019133119MT14054,MONMOUTH,MIDDLETOWN TWP,05/01/2019,WE,1658,01,MIDDLETOWN PD,,0,0,0,0,P,B,N,N,08,2,ANTONIA CT **,E,,,13311974__,.00,07,,02,04,02,01,01,05,05,01,750,FE,E,HAMILTON HILL RD,,,,25,25,28,,,N,,31373
2019133119MT14066,MONMOUTH,MIDDLETOWN TWP,05/01/2019,WE,1606,01,MIDDLETOWN PD,,0,0,0,0,P,B,N,N,03,2,MONMOUTH COUNTY 50,W,50,,13000050__,7.11,05,,01,04,02,02,01,02,05,01,150,FE,N,NJ 35,,,,35,50,26,,,N,,31372
2019133119MT14072,MONMOUTH,MIDDLETOWN TWP,05/01/2019,WE,1913,01,MIDDLETOWN PD,,0,0,0,0,P,B,N,N,01,2,MONMOUTH COUNTY 50,W,50,,13000050__,7.08,05,,01,04,02,02,01,02,05,01,25,FE,E,NJ 35,,,,35,50,26,,,N,,31372
2019133119MT14133,MONMOUTH,MIDDLETOWN TWP,05/02/2019,TH,1054,01,MIDDLETOWN PD,,0,0,0,0,P,B,N,N,02,2,MAIN ST,N,,,13312103__,.01,07,,01,04,02,01,01,01,05,01,50,FE,E,NJ 36,,,,25,50,26,,,N,,31290
2019133119MT14165,MONMOUTH,MIDDLETOWN TWP,05/02/2019,TH,1536,01,MIDDLETOWN PD,,0,0,0,0,P,I,N,N,01,2,MONMOUTH COUNTY 12,S,12,,13000012__,.47,05,,01,04,02,01,01,01,05,01,,AT,,ALEXANDER DR,,,,35,25,26,,,N,,31373
2019133119MT14175,MONMOUTH,MIDDLETOWN TWP,05/02/2019,TH,1632,01,MIDDLETOWN PD,,0,0,0,0,P,B,N,N,08,2,RHEA RD **,N,,,13311032__,.17,07,,01,04,02,01,01,01,05,01,50,FE,E,RAVATT RD,,,,25,25,28,,,N,,31357
2019133119MT14219,MONMOUTH,MIDDLETOWN TWP,05/03/2019,FR,0549,01,MIDDLETOWN PD,,0,0,0,0,P,I,N,N,11,1,MONMOUTH COUNTY 52,,52,,13000052__,.52,05,,01,04,02,01,02,05,05,01,,AT,,WEST FRONT ST,,,,40,40,58,,,N,,31355
2019133119MT14232,MONMOUTH,MIDDLETOWN TWP,05/03/2019,FR,0847,01,MIDDLETOWN PD,,0,0,0,0,P,B,N,N,08,2,MAIN ST **,N,,,13311839__,.28,07,,01,04,02,01,01,01,05,01,50,FE,N,WOODLAND AVE,,,,35,35,26,,,N,,31311
2019133119MT14239,MONMOUTH,MIDDLETOWN TWP,05/03/2019,FR,1018,01,MIDDLETOWN PD,01,0,0,0,0,P,I,N,N,03,2,NJ 35,S,35,,00000035__,35.71,02,,01,04,02,02,01,02,01,01,,AT,,CHAPEL HILL RD / OAK HILL RD,,,,50,35,26,40.373220,74.087660,N,,31334
2019133119MT14263,MONMOUTH,MIDDLETOWN TWP,05/03/2019,FR,1504,01,MIDDLETOWN PD,,0,0,0,0,P,I,N,N,05,2,CENTER AVE **,W,,,,,07,,02,04,02,01,01,01,05,01,,AT,,BROADWAY AVE,,,,35,35,26,,,N,,31321
2019133119MT14370,MONMOUTH,MIDDLETOWN TWP,05/04/2019,SA,1203,01,MIDDLETOWN PD,,0,1,0,0,I,I,N,N,03,2,MONMOUTH COUNTY 12,N,12,,13000012__,.58,05,,01,04,02,01,01,01,05,01,,AT,,CR 12 A / NAVESINK RIVER RD / TODD,,,,25,25,,40.356280,74.088410,N,,31306
2019133119MT14548,MONMOUTH,MIDDLETOWN TWP,05/06/2019,MO,0105,01,MIDDLETOWN PD,MIDDLETOWN,0,0,0,0,P,B,N,N,11,1,MONMOUTH COUNTY 8 B,S,8,B,13000008B_,.04,05,,03,05,02,02,07,02,05,01,50,FE,S,HARTSHORNE RD,,,,40,25,46,,,Y,UTILITY POLE NUMBER BT40604MDT ON NAVESINK AVENUE  AND GUIDE RAIL,31376
2019133119MT14593,MONMOUTH,MIDDLETOWN TWP,05/06/2019,MO,1123,01,MIDDLETOWN PD,,0,0,0,0,P,R,N,N,11,1,OAK HILL RD,E,,,,,07,,01,04,02,01,01,01,05,01,250,FE,W,JOHNNY COURT,,,,35,25,49,,,N,NEW JERSEY TRANSIT CROSS ARM FOR CROSSING SIGNAL,31306
2019133119MT14621,MONMOUTH,MIDDLETOWN TWP,05/06/2019,MO,1438,01,MIDDLETOWN PD,,0,0,0,0,P,B,N,N,01,2,W FRONT ST,,,,13312109__,3.42,07,,01,04,02,01,01,01,05,01,200,FE,E,APPLEGATE ST,,,,35,25,26,,,N,,31332
2019133119MT14643,MONMOUTH,MIDDLETOWN TWP,05/06/2019,MO,1657,01,MIDDLETOWN PD,,0,0,0,0,P,B,N,N,01,2,NJ 35,S,35,,00000035__,37.98,02,,01,04,02,01,01,01,01,01,20,FE,N,CR 50 / NEW MONMOUTH RD,,,,50,40,26,,,N,,31342
2019133119MT14644,MONMOUTH,MIDDLETOWN TWP,05/06/2019,MO,1746,01,MIDDLETOWN PD,,0,0,0,0,P,I,N,N,01,2,NJ 35,N,35,,00000035__,35.71,02,,03,04,02,01,01,01,01,01,,AT,N,,T,CHAPEL HILL RD,WB,50,,26,,,N,,31362
2019133119MT14712,MONMOUTH,MIDDLETOWN TWP,05/07/2019,TU,0705,01,MIDDLETOWN PD,,0,0,0,0,P,B,N,N,08,2,33 CHURCH STREET,,,,,,08,,01,04,02,01,01,01,05,01,,,,PARKING LOT MIDDLETOWN TRAIN STA,,,,,,28,,,N,,31355
2019133119MT14762,MONMOUTH,MIDDLETOWN TWP,05/07/2019,TU,1554,01,MIDDLETOWN PD,,0,0,0,0,P,I,N,N,03,2,NJ 35,N,35,,00000035__,34.70,02,,01,04,02,01,01,01,01,01,,AT,,CR 12 A / NAVISINK RIVER RD,,,,50,40,26,,,N,,31342
2019133119MT14784,MONMOUTH,MIDDLETOWN TWP,05/07/2019,TU,1752,01,MIDDLETOWN PD,,0,1,0,0,I,I,N,N,03,2,ROUTE 520,W,520,,00000520__,14.19,05,,01,04,02,01,01,01,05,01,,AT,,HILLTOP CIR,,,,40,25,26,,,N,,31372
2019133119MT14795,MONMOUTH,MIDDLETOWN TWP,05/07/2019,TU,1853,01,MIDDLETOWN PD,,0,0,0,0,P,B,N,N,01,2,ROUTE 516,E,516,,00000516__,15.04,05,,01,04,02,01,01,01,05,01,500,FE,W,CLARIDGE DR,,,,40,25,26,,,N,,31364
2019133119MT14815,MONMOUTH,MIDDLETOWN TWP,05/07/2019,TU,2140,01,MIDDLETOWN PD,,0,0,0,0,P,B,N,N,11,1,MONMOUTH COUNTY 8 A,,8,A,13000008A_,2.39,05,,01,04,02,01,06,01,05,01,1000,FE,S,LOCUST PT RD,,,,35,35,56,,,N,GUARD RAIL ON OCEANIC BRIDGE,31342
2019133119MT14868,MONMOUTH,MIDDLETOWN TWP,05/08/2019,WE,0943,01,MIDDLETOWN PD,,0,0,0,0,P,B,N,N,06,2,669 STATE ROUTE 36,,,,,,09,,01,04,02,01,01,05,05,01,,,,USPS POST OFFICE (BELFORD)PRKNG LT,,,,,,28,,,N,,31340
2019133119MT14884,MONMOUTH,MIDDLETOWN TWP,05/08/2019,WE,1240,01,MIDDLETOWN PD,,0,0,0,0,P,B,N,N,02,2,NJ 35,,35,,00000035__,38.90,02,,01,04,02,01,01,01,05,01,150,FE,S,MAGNOLIA LN,,,,50,25,26,,,N,,31309