Year(4)-CountyCode(2)-MunicipalityCode(2)-CaseNumber(9),County Name,Municipality Name,Crash Date,Crash Day of Week,Crash Time,Police Department Code,Police Department,Police Station,Total Killed,Total Injured,Pedestrians Killed,Pedestrians Injured,Severity,Intersection,Alcohol Involved,Hazmat Involved,Crash Type,Total Vehicles,Location,Location Direction,Route,Route Suffix,Std Rte Identifier,MilePost,Road System,Road Character,Road Horizontal Alignment,Road Grade,Road Surface Type,Surface Condition,Light Condition,Environmental Condition,Road Divided By,Temporary Traffic Control Zone,Distance To Cross Street,Unit Of Measurement,Direction From Cross Street,Cross Street Name,Is Ramp,Ramp To/From Route Name,Ramp To/From Route Direction,Posted Speed,Posted Speed Cross Street,First Harmful Event,Latitude,Longitude,Cell Phone In Use Flag,Other Property Damage,Reporting Badge No.
2019133119MT14888,MONMOUTH,MIDDLETOWN TWP,05/08/2019,WE,1330,01,MIDDLETOWN PD,01,0,0,0,0,P,B,N,N,02,2,NJ 35,N,35,,00000035__,36.08,02,,01,04,02,01,01,01,01,01,25,FE,N,CRESTVIEW DR,,,,50,25,26,,,N,,31334
2019133119MT14910,MONMOUTH,MIDDLETOWN TWP,05/08/2019,WE,1549,01,MIDDLETOWN PD,,0,0,0,0,P,B,N,N,01,3,MONMOUTH COUNTY 12 A,E,12,A,13000012A_,.43,05,,01,06,02,01,01,01,05,01,5,FE,N,LINCOLN CIR W,,,,35,25,26,,,N,,
2019133119MT14913,MONMOUTH,MIDDLETOWN TWP,05/08/2019,WE,1629,01,MIDDLETOWN PD,,0,0,0,0,P,B,N,N,01,2,ROUTE 516,W,516,,00000516__,16.93,05,,01,04,02,01,01,01,05,01,25,FE,E,EAST RD,,,,35,40,26,,,N,,31354
2019133119MT14921,MONMOUTH,MIDDLETOWN TWP,05/08/2019,WE,1800,01,MIDDLETOWN PD,,0,0,0,0,P,B,N,N,01,2,ROUTE 520,E,520,,00000520__,13.70,05,,01,04,02,01,01,01,05,01,10,FE,E,CR 50 / MIDDLETOWN-LINCROFT RD / SW,,,,35,35,26,,,N,,31293
2019133119MT14924,MONMOUTH,MIDDLETOWN TWP,05/08/2019,WE,1915,01,MIDDLETOWN PD,,0,0,0,0,P,B,N,N,01,2,NJ 35,S,35,,00000035__,37.23,02,,01,04,02,02,01,02,05,01,50,FE,N,KINGS HWY EAST,,,,50,35,26,,,N,,31347
2019133119MT15032,MONMOUTH,MIDDLETOWN TWP,05/09/2019,TH,1637,01,MIDDLETOWN PD,,0,0,0,0,P,B,N,N,01,2,NJ 36,E,36,,00000036__,18.00,02,,01,04,02,01,01,01,01,01,50,FE,W,MAIN ST,,,,50,35,26,,,N,,31377
2019133119MT15049,MONMOUTH,MIDDLETOWN TWP,05/09/2019,TH,2034,01,MIDDLETOWN PD,,0,1,0,0,I,I,N,N,07,2,NJ 36,N,36,,00000036__,15.67,02,,01,04,02,01,06,01,01,03,,AT,,AVE D,,,,50,25,26,,,N,,31340
2019133119MT15162,MONMOUTH,MIDDLETOWN TWP,05/10/2019,FR,1423,01,MIDDLETOWN PD,,0,1,0,0,I,B,N,N,01,2,NJ 35,N,35,,00000035__,37.98,02,,01,04,02,01,01,01,01,01,,,,,F,CR 50 / NEW MONMOUTH ROAD,NB,50,,26,,,N,,31341
2019133119MT15164,MONMOUTH,MIDDLETOWN TWP,05/10/2019,FR,1429,01,MIDDLETOWN PD,,0,0,0,0,P,B,N,N,01,2,CHAPEL HILL RD **,,,,13311222__,,07,,01,04,02,01,01,01,05,01,50,FE,E,NJ 35,,,,35,50,26,,,N,,31339
2019133119MT15166,MONMOUTH,MIDDLETOWN TWP,05/10/2019,FR,1433,01,MIDDLETOWN PD,,0,0,0,0,P,B,N,N,06,2,MONMOUTH COUNTY 50,N,50,,13000050__,4.54,05,,01,04,02,01,01,01,05,01,150,FE,N,CR 12 / DWIGHT RD / NUT SWAMP RD,,,,40,40,28,,,N,,31332
2019133119MT15185,MONMOUTH,MIDDLETOWN TWP,05/10/2019,FR,1851,01,MIDDLETOWN PD,,0,0,0,0,P,B,N,N,07,2,ROUTE 516,W,516,,00000516__,14.94,05,,01,04,02,01,01,01,05,01,5,FE,E,HARMONY RD,,,,35,35,26,,,N,,31357
2019133119MT15195,MONMOUTH,MIDDLETOWN TWP,05/10/2019,FR,1728,01,MIDDLETOWN PD,,0,0,0,0,P,B,N,N,06,2,PINE ST **,E,,,13311328__,.18,07,,01,04,02,01,01,01,05,01,50,FE,W,WALNUT AVE,,,,25,25,28,,,N,,31378
2019133119MT15253,MONMOUTH,MIDDLETOWN TWP,05/11/2019,SA,0033,01,MIDDLETOWN PD,,0,0,0,0,P,I,N,N,01,2,NJ 36,S,36,,00000036__,,02,,01,04,02,02,06,02,05,01,,AT,E,SEA BREEZE AVE(NAD EARLE NAVAL ST),,,,50,15,26,,,N,,31359
2019133119MT15276,MONMOUTH,MIDDLETOWN TWP,05/11/2019,SA,0819,01,MIDDLETOWN PD,,0,1,0,0,I,B,Y,N,11,1,NJ 35,N,35,,00000035__,36.88,02,,01,05,02,01,01,01,01,01,500,FE,N,WOODLAND DR,,,,50,25,50,,,N,DOT SIGN; POLE #BT89MDT; FIRE HYDRANT #129,31327
2019133119MT15279,MONMOUTH,MIDDLETOWN TWP,05/11/2019,SA,0916,01,MIDDLETOWN PD,,0,0,0,0,P,I,N,N,01,2,NJ 35,N,35,,00000035__,36.79,02,,01,04,02,01,01,01,01,01,,AT,,WOODLAND DR,,,,50,25,26,,,N,,31339
2019133119MT15495,MONMOUTH,MIDDLETOWN TWP,05/13/2019,MO,1146,01,MIDDLETOWN PD,,0,0,0,0,P,B,N,N,01,2,NJ 35,S,35,,00000035__,34.71,02,,01,04,02,02,01,02,01,01,50,FE,N,CR 12 A / NAVISINK RIVER RD,,,,50,35,26,,,N,,31314
2019133119MT15506,MONMOUTH,MIDDLETOWN TWP,05/13/2019,MO,1323,01,MIDDLETOWN PD,,0,0,0,0,P,B,N,N,11,1,COMPTON ST **,W,,,13311205__,.12,07,,01,04,02,02,01,02,05,01,50,FE,W,THOMAS STREET,,,,25,25,59,,,N,BROKE SECTION OF WHITE VINYL FENCE TO THE RESIDENCE OF 71 COMPTON ST.,31311
2019133119MT15513,MONMOUTH,MIDDLETOWN TWP,05/13/2019,MO,1408,01,MIDDLETOWN PD,,0,0,0,0,P,B,N,N,08,2,63 TINDALL RD,,,,,,09,,01,04,02,02,01,02,05,01,,,,MIDDLETOWN HS NORTH PARKING LOT,,,,,,26,,,N,,31314
2019133119MT15519,MONMOUTH,MIDDLETOWN TWP,05/13/2019,MO,1534,01,MIDDLETOWN PD,,0,1,0,0,I,I,N,N,01,2,ROUTE 520,E,520,,00000520__,14.12,05,,01,04,02,02,01,02,05,01,,AT,,DOGWOOD LN,,,,40,25,26,,,N,,31321
2019133119MT15529,MONMOUTH,MIDDLETOWN TWP,05/13/2019,MO,1729,01,MIDDLETOWN PD,,0,0,0,0,P,B,N,N,01,2,NJ 35,N,35,,00000035__,37.99,02,,01,04,02,02,01,02,05,01,50,FE,N,CR 50 / NEW MONMOUTH RD,,,,50,30,26,,,N,,31347
2019133119MT15574,MONMOUTH,MIDDLETOWN TWP,05/14/2019,TU,0430,01,MIDDLETOWN PD,,0,0,0,0,P,B,N,N,11,1,RED HILL RD,W,,,13312106__,.00,07,,01,05,02,02,07,02,02,01,,,,,T,CR 12 / DWIGHT ROAD,NB,30,,56,40.365930,74.119810,N,,31346
2019133119MT15607,MONMOUTH,MIDDLETOWN TWP,05/14/2019,TU,1211,01,MIDDLETOWN PD,,0,0,0,0,P,I,N,N,03,2,TINDALL RD,N,,,13312100__,.00,07,,01,04,02,01,01,05,05,01,,AT,,,F,NJ 35,NB,40,,26,,,N,,31278
2019133119MT15625,MONMOUTH,MIDDLETOWN TWP,05/14/2019,TU,1544,01,MIDDLETOWN PD,,0,0,0,0,P,I,N,N,01,2,NJ 35,S,35,,00000035__,37.98,02,,01,04,02,02,01,01,05,01,,AT,W,,T,CR 50 / NEW MONMOUTH ROAD,EB,50,,26,,,N,,31377
2019133119MT15629,MONMOUTH,MIDDLETOWN TWP,05/14/2019,TU,1621,01,MIDDLETOWN PD,,0,1,0,0,I,B,N,N,01,2,MONMOUTH COUNTY 12 A,E,12,A,13000012A_,.84,05,,01,04,02,02,01,02,05,01,125,FE,W,GLENMARY AVE,,,,35,25,26,,,N,,31309
2019133119MT15687,MONMOUTH,MIDDLETOWN TWP,05/15/2019,WE,1022,01,MIDDLETOWN PD,,0,0,0,0,P,B,N,N,02,2,MONMOUTH COUNTY 12 A,,12,A,13000012A_,1.32,05,,01,04,02,01,01,01,05,01,5,FE,W,PATTERSON LN,,,,40,30,26,,,N,,31339
2019133119MT15694,MONMOUTH,MIDDLETOWN TWP,05/15/2019,WE,1139,01,MIDDLETOWN PD,,0,0,0,0,P,I,N,N,03,2,BROADWAY,,,,13311838__,.21,07,,01,04,02,01,01,01,05,01,,AT,,OAKWOOD DR,,,,35,25,26,,,N,,31282
2019133119MT15704,MONMOUTH,MIDDLETOWN TWP,05/15/2019,WE,1412,01,MIDDLETOWN PD,,0,1,0,0,I,B,N,N,11,1,SWARTZEL DR **,,,,13311663__,.00,07,,01,04,02,01,01,01,05,01,500,FE,W,TINDALL RD,,,,40,40,56,,,N,,31339
2019133119MT15713,MONMOUTH,MIDDLETOWN TWP,05/15/2019,WE,1517,01,MIDDLETOWN PD,,0,0,0,0,P,B,N,N,01,2,KINGS HWY,E,,,13312101__,2.71,07,,00,04,02,01,01,01,05,01,10,FE,W,PORTLAND RD / WHIPPORWILL VALLEY RD,,,,35,35,26,,,N,,31341
2019133119MT15715,MONMOUTH,MIDDLETOWN TWP,05/15/2019,WE,1527,01,MIDDLETOWN PD,,0,0,0,0,P,B,N,N,06,2,COOPERS RD **,E,,,13311291__,2.99,07,,01,04,02,01,01,01,05,01,50,FE,N,FRANCES CT,,,,35,25,28,,,N,,31282
2019133119MT15724,MONMOUTH,MIDDLETOWN TWP,05/15/2019,WE,1714,01,MIDDLETOWN PD,,0,0,0,0,P,B,N,N,06,2,MAPLEWOOD AVE **,W,,,13311065__,.46,07,,01,04,02,01,01,01,05,01,20,FE,W,DANIEL DT,,,,25,25,26,,,N,,31343
2019133119MT15725,MONMOUTH,MIDDLETOWN TWP,05/15/2019,WE,1737,01,MIDDLETOWN PD,,0,0,0,0,P,I,N,N,03,2,MONMOUTH COUNTY 12 A,E,12,A,13000012A_,.69,05,,01,04,02,01,01,01,05,01,,AT,,STATESIR PL / VICTORIA PL,,,,35,25,26,,,N,STREET SIGN (VICTORIA LANE),31342
2019133119MT15736,MONMOUTH,MIDDLETOWN TWP,05/15/2019,WE,1921,01,MIDDLETOWN PD,,0,2,0,0,I,B,N,N,99,1,NJ 35,S,35,,00000035__,34.71,02,,01,04,02,01,01,01,01,01,50,FE,N,CR 12 A / NAVISINK RIVER RD,,,,50,35,19,,,N,,31342
2019133119MT15779,MONMOUTH,MIDDLETOWN TWP,05/16/2019,TH,0848,01,MIDDLETOWN PD,,0,0,0,0,P,B,N,N,02,2,MONMOUTH COUNTY 12,E,12,,13000012__,1.99,05,,01,04,02,01,01,01,05,01,300,FE,W,EAGLE WAY,,,,40,25,26,,,N,,31327
2019133119MT15792,MONMOUTH,MIDDLETOWN TWP,05/16/2019,TH,1010,01,MIDDLETOWN PD,,0,0,0,0,P,I,N,N,11,1,DAVENPORT DR **,W,,,13311500__,,07,,02,04,02,01,01,01,02,,,AT,,SUNNYSIDE ROAD,,,,35,25,50,,,N,,31327
2019133119MT15793,MONMOUTH,MIDDLETOWN TWP,05/16/2019,TH,1010,01,MIDDLETOWN PD,,0,0,0,0,P,B,N,N,01,2,HARMONY RD,S,,,,,07,,01,04,02,01,01,01,05,01,10,FE,N,OVERTON DRIVE,,,,35,25,26,,,N,,31341
2019133119MT15804,MONMOUTH,MIDDLETOWN TWP,05/16/2019,TH,1142,01,MIDDLETOWN PD,,0,0,0,0,P,B,N,N,03,2,HARMONY RD,S,,,,,07,,01,04,02,01,01,01,05,01,100,FE,N,OVERTON AVENUE,,,,35,25,26,,,N,,31330
2019133119MT15835,MONMOUTH,MIDDLETOWN TWP,05/16/2019,TH,1613,01,MIDDLETOWN PD,,0,0,0,0,P,B,N,N,01,2,CHAPEL HILL RD **,N,,,13311222__,,07,,01,04,02,01,01,01,05,01,10,FE,S,KINGS HWY EAST,,,,35,40,26,,,N,,31342
2019133119MT15854,MONMOUTH,MIDDLETOWN TWP,05/16/2019,TH,1840,01,MIDDLETOWN PD,,0,1,0,0,I,B,N,N,01,2,NJ 36,S,36,,00000036__,18.67,02,,01,04,02,01,01,01,01,01,400,FE,W,WILSON AVE,,,,50,35,26,40.423190,74.133890,N,,31362
2019133119MT15855,MONMOUTH,MIDDLETOWN TWP,05/16/2019,TH,1856,01,MIDDLETOWN PD,,0,1,0,0,I,I,N,N,01,2,CAMPBELL AVE **,E,,,13311211__,.00,07,,01,04,02,01,01,01,05,01,,AT,,MAIN ST,,,,25,35,26,,,N,,31378
2019133119MT15863,MONMOUTH,MIDDLETOWN TWP,05/16/2019,TH,2044,01,MIDDLETOWN PD,,0,0,0,0,P,B,N,N,01,2,NJ 36,S,36,,00000036__,18.03,02,,01,04,02,01,06,01,01,01,100,FE,N,MAIN ST,,,,50,35,26,40.435360,74.131290,N,,31362
2019133119MT15922,MONMOUTH,MIDDLETOWN TWP,05/17/2019,FR,1409,01,MIDDLETOWN PD,,0,0,0,0,P,B,N,N,01,2,ROUTE 520,W,520,,00000520__,15.28,05,,01,04,02,01,01,01,02,01,100,FE,E,SCHULZ DR,,,,40,25,26,,,N,,31321
2019133119MT15943,MONMOUTH,MIDDLETOWN TWP,05/17/2019,FR,1648,01,MIDDLETOWN PD,,0,0,0,0,P,I,N,N,03,2,MONMOUTH COUNTY 8 A,E,8,A,13000008A_,2.98,05,,03,05,02,01,01,01,05,01,,AT,,CR 8 B / MONMOUTH AVE,,,,35,35,26,40.398290,74.021270,N,,31369
2019133119MT15956,MONMOUTH,MIDDLETOWN TWP,05/17/2019,FR,1919,01,MIDDLETOWN PD,,0,0,0,0,P,B,N,N,01,2,NJ 35,N,35,,00000035__,38.67,02,,01,04,02,01,01,01,01,01,100,FE,S,HARMONY RD / KINGS HWY,,,,50,35,26,,,N,,31377
2019133119MT15963,MONMOUTH,MIDDLETOWN TWP,05/17/2019,FR,2035,01,MIDDLETOWN PD,,0,0,0,0,P,B,N,N,12,1,NJ 35,S,35,,00000035__,36.68,02,,01,04,02,01,06,01,01,01,600,FE,S,WOODLAND DR,,,,50,25,24,,,N,,31381
2019133119MT16034,MONMOUTH,MIDDLETOWN TWP,05/18/2019,SA,1539,01,MIDDLETOWN PD,,0,0,0,0,P,I,N,N,01,2,ROUTE 520,E,520,,00000520__,13.70,05,,01,04,01,01,01,01,05,01,,AT,,CR 50 / MIDDLETOWN-LINCROFT RD / SW,,,,35,35,26,,,N,,31321
2019133119MT16039,MONMOUTH,MIDDLETOWN TWP,05/18/2019,SA,1329,01,MIDDLETOWN PD,,0,0,0,0,P,B,N,N,01,2,EAST ROAD,N,,,,,07,,01,04,02,01,01,01,05,01,100,FE,N,OCEANVIEW AVE,,,,35,25,26,,,N,,31317
2019133119MT16054,MONMOUTH,MIDDLETOWN TWP,05/18/2019,SA,1556,01,MIDDLETOWN PD,,0,0,0,0,P,I,N,N,03,2,BAMM HOLLOW RD,,,,13312095__,.00,07,,02,08,02,01,01,01,05,01,,AT,,RED HILL RD,,,,30,40,26,,,N,,31351
2019133119MT16064,MONMOUTH,MIDDLETOWN TWP,05/18/2019,SA,1750,01,MIDDLETOWN PD,,0,0,0,0,P,I,N,N,03,2,BRYANT AVE **,S,,,13311233__,.00,07,,01,06,02,01,01,01,05,01,,AT,W,HOSFORD AVE,,,,35,25,26,40.411530,74.058980,N,,31369
2019133119MT16069,MONMOUTH,MIDDLETOWN TWP,05/18/2019,SA,1835,01,MIDDLETOWN PD,,0,0,0,0,P,B,N,N,01,2,KINGS HWY,W,,,13312101__,.00,07,,01,05,02,01,01,01,05,01,10,FE,E,NJ 35,,,,35,50,26,,,N,,31325
2019133119MT16110,MONMOUTH,MIDDLETOWN TWP,05/18/2019,SA,2300,01,MIDDLETOWN PD,,0,0,0,0,P,B,N,N,09,2,NJ 35,S,35,,00000035__,34.73,02,,01,04,02,01,07,01,01,01,150,FE,N,CR 12 A / NAVISINK RIVER RD,,,,50,35,26,,,N,,31351
2019133119MT16193,MONMOUTH,MIDDLETOWN TWP,05/19/2019,SU,1619,01,MIDDLETOWN PD,,0,0,0,0,P,I,N,N,03,2,ROUTE 516,W,516,,00000516__,18.40,05,,01,04,02,01,01,01,05,01,,AT,,HOSFORD AVE,,,,35,35,26,,,N,,31325
2019133119MT16220,MONMOUTH,MIDDLETOWN TWP,05/19/2019,SU,1924,01,MIDDLETOWN PD,,0,0,0,0,P,B,N,N,08,2,HUDSON AVE **,S,,,13311467__,.00,07,,01,04,02,01,01,01,05,01,25,FE,W,MAIN ST,,,,25,30,28,,,N,,31347
2019133119MT16285,MONMOUTH,MIDDLETOWN TWP,05/20/2019,MO,0847,01,MIDDLETOWN PD,,0,0,0,0,P,B,N,N,01,2,MONMOUTH COUNTY 50,N,50,,13000050__,1.85,05,,01,04,02,01,01,01,05,01,20,FE,S,ROUTE 520 / NEWMAN SPRINGS RD,,,,35,40,26,,,N,,31240
2019133119MT16314,MONMOUTH,MIDDLETOWN TWP,05/20/2019,MO,1148,01,MIDDLETOWN PD,,0,3,0,0,I,I,N,N,03,2,NJ 36,S,36,,00000036__,17.79,02,,01,04,02,01,01,01,01,01,,AT,,EAST RD,,,,50,35,26,,,N,TRAFFIC LIGHT POST (NJDOT ON SCENE),31278
2019133119MT16319,MONMOUTH,MIDDLETOWN TWP,05/20/2019,MO,1258,01,MIDDLETOWN PD,,0,1,0,0,I,B,N,N,01,2,ROUTE 516,E,516,,00000516__,15.68,05,,01,04,02,01,01,01,05,01,20,FE,W,WILSON AVE,,,,40,35,26,,,N,,31341
2019133119MT16353,MONMOUTH,MIDDLETOWN TWP,05/20/2019,MO,1840,01,MIDDLETOWN PD,,0,2,0,0,I,B,N,N,01,3,MONMOUTH COUNTY 12 A,E,12,A,13000012A_,.28,05,,01,04,02,01,01,01,05,01,10,FE,W,TULIP LN,,,,40,25,26,,,N,,31342
2019133119MT16362,MONMOUTH,MIDDLETOWN TWP,05/20/2019,MO,1953,01,MIDDLETOWN PD,,0,0,0,0,P,B,N,N,06,2,CENTER AVE **,W,,,,,07,,01,04,02,01,03,01,05,01,100,FE,E,LEONARD AVE,,,,35,25,28,,,N,,31372
2019133119MT16366,MONMOUTH,MIDDLETOWN TWP,05/20/2019,MO,2045,01,MIDDLETOWN PD,,0,0,0,0,P,I,N,N,01,2,MONMOUTH COUNTY 52,N,52,,13000052__,,05,,01,04,02,01,06,01,05,01,,AT,W,AT&T DRIVE,,,,45,25,26,,,N,,31364
2019133119MT16409,MONMOUTH,MIDDLETOWN TWP,05/21/2019,TU,0905,01,MIDDLETOWN PD,,0,0,0,0,P,B,N,N,01,2,MONMOUTH COUNTY 12 A,E,12,A,13000012A_,.28,05,,01,04,02,01,01,01,05,01,25,FE,E,TULIP LN,,,,35,25,26,,,N,,31339
2019133119MT16451,MONMOUTH,MIDDLETOWN TWP,05/21/2019,TU,1514,01,MIDDLETOWN PD,,0,0,0,0,P,B,N,N,01,2,MONMOUTH COUNTY 50,S,50,,13000050__,7.09,05,,01,04,02,01,01,01,05,01,50,FE,N,NJ 35,,,,35,50,26,,,N,,31341
2019133119MT16518,MONMOUTH,MIDDLETOWN TWP,05/22/2019,WE,0326,01,MIDDLETOWN PD,,0,0,0,0,P,B,N,N,02,2,NJ 35,N,35,,00000035__,34.48,02,,01,07,01,01,06,01,04,02,500,FE,S,CONOVER LN / LAKE SHORE DR,,,,40,25,26,,,N,,31374
2019133119MT16548,MONMOUTH,MIDDLETOWN TWP,05/22/2019,WE,1052,01,MIDDLETOWN PD,,0,0,0,0,P,B,N,N,01,2,HALF MILE RD,N,,,13312110__,.53,07,,01,04,02,01,01,01,05,01,25,FE,S,WEST FRONT ST,,,,40,35,26,40.344600,74.093810,N,,31323
2019133119MT16580,MONMOUTH,MIDDLETOWN TWP,05/22/2019,WE,1540,01,MIDDLETOWN PD,01,0,0,0,0,P,B,N,N,01,2,NJ 35,S,35,,00000035__,37.98,02,,01,05,02,01,01,01,05,01,5,FE,S,,T,CR 50,NB,50,,26,,,N,,31334
2019133119MT16601,MONMOUTH,MIDDLETOWN TWP,05/22/2019,WE,1910,01,MIDDLETOWN PD,,0,0,0,0,P,B,N,N,02,2,ROUTE 516,E,516,,00000516__,14.33,05,,01,04,02,01,01,01,05,01,50,FE,E,NJ 35,,,,30,50,26,,,N,,31347
2019133119MT16640,MONMOUTH,MIDDLETOWN TWP,05/23/2019,TH,0835,01,MIDDLETOWN PD,,0,0,0,0,P,I,N,N,01,2,HALF MILE RD,S,,,13312110__,.28,07,,01,04,02,02,01,02,05,01,,AT,,BRUCE RD,,,,40,25,26,,,N,,31321
2019133119MT16646,MONMOUTH,MIDDLETOWN TWP,05/23/2019,TH,1046,01,MIDDLETOWN PD,,0,0,0,0,P,B,N,N,01,2,MONMOUTH COUNTY 12 A,E,12,A,13000012A_,.54,05,,01,04,02,02,01,05,05,01,50,FE,W,NJ 35,,,,35,50,26,,,N,,31340
2019133119MT16811,MONMOUTH,MIDDLETOWN TWP,05/24/2019,FR,1255,01,MIDDLETOWN PD,,0,0,0,0,P,I,N,N,03,2,MONMOUTH COUNTY 36,N,36,,13000036__,.59,05,,01,04,02,01,01,01,05,01,,AT,,PORT MONMOUTH RD,,,,25,35,26,40.441940,74.116730,N,,31290
2019133119MT16836,MONMOUTH,MIDDLETOWN TWP,05/24/2019,FR,1518,01,MIDDLETOWN PD,,0,0,0,0,P,I,N,N,02,2,ROUTE 520,W,520,,00000520__,15.05,05,,01,04,02,01,01,01,01,01,,AT,,HALF MILE RUN,,,,40,40,26,,,N,,31327
2019133119MT16843,MONMOUTH,MIDDLETOWN TWP,05/24/2019,FR,1608,01,MIDDLETOWN PD,,0,0,0,0,P,B,N,N,01,3,MAIN ST,N,,,13312103__,.00,07,,01,04,02,01,01,01,05,01,25,FE,N,NJ 36,,,,35,50,26,,,N,,
2019133119MT16854,MONMOUTH,MIDDLETOWN TWP,05/24/2019,FR,1705,01,MIDDLETOWN PD,,0,0,0,0,P,I,N,N,03,2,NJ 36,S,36,,00000036__,16.59,02,,01,04,02,01,01,01,05,01,,AT,E,APPLETON AVE,,,,50,35,26,40.415590,74.065240,N,,31358
2019133119MT16886,MONMOUTH,MIDDLETOWN TWP,05/24/2019,FR,2050,01,MIDDLETOWN PD,,0,0,0,0,P,B,N,N,02,2,NJ 35,N,35,,00000035__,38.68,02,,01,04,02,01,06,01,01,01,50,FE,S,HARMONY RD / KINGS HWY,,,,50,40,26,40.401710,74.120260,N,,31362
2019133119MT16891,MONMOUTH,MIDDLETOWN TWP,05/24/2019,FR,2128,01,MIDDLETOWN PD,,0,0,0,0,P,B,N,N,01,2,TINDALL RD,S,,,13312100__,.00,07,,01,05,02,01,06,01,05,01,200,FE,S,NJ 35,,,,40,50,26,,,N,,31364
2019133119MT16949,MONMOUTH,MIDDLETOWN TWP,05/25/2019,SA,0915,01,MIDDLETOWN PD,,0,0,0,0,P,B,Y,N,06,2,CHAMONE AVE **,,,,13311236__,.00,07,,01,04,02,01,01,01,05,01,50,FE,,HIGHLAND AVE,,,,25,35,28,,,N,,31282
2019133119MT16975,MONMOUTH,MIDDLETOWN TWP,05/25/2019,SA,1327,01,MIDDLETOWN PD,,0,0,0,0,P,I,N,N,01,2,NJ 36,S,36,,00000036__,13.14,02,,03,04,02,01,01,01,03,01,,AT,,,F,CR 8B,NB,50,,26,,,N,,31282
2019133119MT16996,MONMOUTH,MIDDLETOWN TWP,05/25/2019,SA,1629,01,MIDDLETOWN PD,,0,0,0,0,P,I,N,N,11,1,SLEEPY HOLLOW RD,S,,,13312096__,.56,07,,01,04,02,01,01,01,05,01,,AT,,STAVOLA RD,,,,40,25,56,,,N,,31342
2019133119MT17007,MONMOUTH,MIDDLETOWN TWP,05/25/2019,SA,1751,01,MIDDLETOWN PD,,0,0,0,0,P,B,N,N,08,2,HEIGHTS TER **,,,,13311733__,.43,07,,01,04,02,01,01,01,05,01,500,FE,E,KAMAR CT,,,,25,25,28,,,N,,31342
2019133119MT17015,MONMOUTH,MIDDLETOWN TWP,05/25/2019,SA,1759,01,MIDDLETOWN PD,,0,0,0,0,P,I,N,N,07,2,MONMOUTH COUNTY 8 A,N,8,A,13000008A_,2.58,05,,01,04,02,01,01,01,05,01,,AT,,LOCUST PT RD,,,,25,25,26,,,N,,31257
2019133119MT17019,MONMOUTH,MIDDLETOWN TWP,05/25/2019,SA,2037,01,MIDDLETOWN PD,,0,0,0,0,P,B,N,N,06,2,MONMOUTH COUNTY 36,N,36,,13000036__,.43,05,,01,04,02,01,01,01,05,01,30,FE,E,CRUISE PL,,,,25,25,28,,,N,,31364
2019133119MT17093,MONMOUTH,MIDDLETOWN TWP,05/26/2019,SU,1156,01,MIDDLETOWN PD,,0,0,0,0,P,B,N,N,02,2,HARMONY AVE **,N,,,13311438__,.77,07,,01,04,02,01,01,01,05,01,800,FE,N,HARMONY RD,,,,25,35,26,,,N,,31330
2019133119MT17108,MONMOUTH,MIDDLETOWN TWP,05/26/2019,SU,1422,01,MIDDLETOWN PD,,0,0,0,0,P,B,N,N,02,2,NJ 36,S,36,,00000036__,12.88,02,,01,04,02,01,01,01,03,01,20,FE,W,CR 8 / LINDEN AVE,,,,50,25,26,,,N,,31240
2019133119MT17123,MONMOUTH,MIDDLETOWN TWP,05/26/2019,SU,1748,01,MIDDLETOWN PD,,0,1,0,0,I,I,N,N,03,2,MONMOUTH COUNTY 12,N,12,,13000012__,1.86,05,,01,04,02,01,01,05,05,01,,AT,,COTTON PKWY / MANNY WAY,,,,40,25,26,,,N,,31240
2019133119MT17208,MONMOUTH,MIDDLETOWN TWP,05/27/2019,MO,1046,01,MIDDLETOWN PD,,0,0,0,0,P,B,N,N,06,2,HARMONY AVE **,S,,,13311438__,.00,07,,01,04,02,01,01,01,05,01,50,FE,S,THOMPSON AVE,,,,35,35,28,,,N,,31317
2019133119MT17210,MONMOUTH,MIDDLETOWN TWP,05/27/2019,MO,1124,01,MIDDLETOWN PD,,0,1,0,0,I,B,N,N,01,2,ROUTE 516,E,516,,00000516__,18.40,05,,01,04,02,01,01,01,05,01,10,FE,E,HOSFORD AVE,,,,40,35,26,,,N,,31294
2019133119MT17214,MONMOUTH,MIDDLETOWN TWP,05/27/2019,MO,1210,01,MIDDLETOWN PD,,0,0,0,0,P,I,N,N,15,1,NJ 35,N,35,,00000035__,34.80,02,,01,04,02,01,01,01,01,01,,AT,,HENDRICKSON AVE,,,,50,25,30,,,N,,31333
2019133119MT17246,MONMOUTH,MIDDLETOWN TWP,05/27/2019,MO,1723,01,MIDDLETOWN PD,,0,0,0,0,P,B,N,N,06,2,COMPTON ST **,W,,,13311205__,.06,07,,01,04,02,01,01,01,05,01,75,FE,W,SUMMERFIELD CT,,,,25,25,28,,,N,,31354
2019133119MT17313,MONMOUTH,MIDDLETOWN TWP,05/28/2019,TU,0739,01,MIDDLETOWN PD,,0,0,0,0,P,I,N,N,03,2,NJ 36,S,36,,00000036__,13.14,02,,01,04,02,01,01,01,02,01,,AT,,CR 8B / NAVESINK AVE / ORCHARD AVE,,,,50,40,26,,,N,,31294
2019133119MT17339,MONMOUTH,MIDDLETOWN TWP,05/28/2019,TU,1452,01,MIDDLETOWN PD,,0,0,0,0,P,B,N,N,02,2,TWIN BROOKS AVE **,N,,,13311729__,.00,07,,03,04,02,01,01,05,05,01,50,FE,W,NJ 35,,,,25,50,26,,,N,,31334
2019133119MT17346,MONMOUTH,MIDDLETOWN TWP,05/28/2019,TU,1322,01,MIDDLETOWN PD,01,0,0,0,0,P,B,N,N,11,1,MONMOUTH COUNTY 12 A,N,12,A,13000012A_,4.31,05,,02,05,02,02,01,02,05,01,500,FE,S,CR 8 A / LOCUST POINT RD,,,,15,35,,,,N,GUARD RAILS ON NAVESINK RIVER ROAD,31334
2019133119MT17348,MONMOUTH,MIDDLETOWN TWP,05/28/2019,TU,1217,01,MIDDLETOWN PD,,0,0,0,0,P,B,N,N,11,1,MONMOUTH COUNTY 12 A,E,12,A,13000012A_,3.20,05,,02,05,02,02,01,02,05,01,1000,FE,W,BROWNS DOCK RD,,,,35,25,58,,,N,DAMAGE TO TURF AND EARTHEN EMBANKMENT OF 767 NAVESINK RIVER RD,31333