Year(4)-CountyCode(2)-MunicipalityCode(2)-CaseNumber(9),County Name,Municipality Name,Crash Date,Crash Day of Week,Crash Time,Police Department Code,Police Department,Police Station,Total Killed,Total Injured,Pedestrians Killed,Pedestrians Injured,Severity,Intersection,Alcohol Involved,Hazmat Involved,Crash Type,Total Vehicles,Location,Location Direction,Route,Route Suffix,Std Rte Identifier,MilePost,Road System,Road Character,Road Horizontal Alignment,Road Grade,Road Surface Type,Surface Condition,Light Condition,Environmental Condition,Road Divided By,Temporary Traffic Control Zone,Distance To Cross Street,Unit Of Measurement,Direction From Cross Street,Cross Street Name,Is Ramp,Ramp To/From Route Name,Ramp To/From Route Direction,Posted Speed,Posted Speed Cross Street,First Harmful Event,Latitude,Longitude,Cell Phone In Use Flag,Other Property Damage,Reporting Badge No.
2019133119MT17349,MONMOUTH,MIDDLETOWN TWP,05/28/2019,TU,1246,01,MIDDLETOWN PD,,0,2,0,0,I,B,N,N,01,2,NJ 36,W,36,,00000036__,18.07,02,,01,04,02,02,01,02,01,01,300,FE,E,MAIN ST,,,,50,35,26,,,N,,31311
2019133119MT17351,MONMOUTH,MIDDLETOWN TWP,05/28/2019,TU,1423,01,MIDDLETOWN PD,,0,0,0,0,P,B,N,N,02,2,NJ 35,N,35,,00000035__,39.58,02,,01,04,02,01,01,01,01,01,15,FE,S,CR 7 / PALMER AVE,,,,50,40,26,,,N,,31334
2019133119MT17366,MONMOUTH,MIDDLETOWN TWP,05/28/2019,TU,1611,01,MIDDLETOWN PD,,0,1,0,0,I,B,N,N,01,2,TINDALL RD,S,,,13312100__,.64,07,,01,04,02,01,01,01,05,01,25,FE,S,MERKEL DR,,,,40,25,26,,,N,,31377
2019133119MT17368,MONMOUTH,MIDDLETOWN TWP,05/28/2019,TU,1644,01,MIDDLETOWN PD,,0,0,0,0,P,B,N,N,05,2,MONMOUTH COUNTY 8 A,N,8,A,13000008A_,,05,,01,04,02,01,01,01,04,01,200,FE,N,NJ 36,,,,40,50,26,,,N,,31375
2019133119MT17373,MONMOUTH,MIDDLETOWN TWP,05/28/2019,TU,1658,01,MIDDLETOWN PD,,0,0,0,0,P,B,N,N,01,2,BAMM HOLLOW RD,E,,,13312095__,1.21,07,,01,06,02,01,01,01,05,01,150,FE,E,CR 50 / MIDDLETOWN-LINCROFT RD,,,,35,40,26,,,N,,31293
2019133119MT17459,MONMOUTH,MIDDLETOWN TWP,05/29/2019,WE,0949,01,MIDDLETOWN PD,,0,0,0,0,P,B,N,N,06,2,DAVENPORT DR **,W,,,13311500__,,07,,01,04,02,01,01,01,05,01,50,FE,E,WATERFORD WAY,,,,25,25,28,,,N,,31286
2019133119MT17470,MONMOUTH,MIDDLETOWN TWP,05/29/2019,WE,1131,01,MIDDLETOWN PD,,0,0,0,0,P,B,N,N,01,2,NJ 35,S,35,,00000035__,39.58,02,,01,04,02,01,01,01,01,01,10,FE,S,CR 7 / PALMER AVE,,,,50,35,26,,,N,,31341
2019133119MT17479,MONMOUTH,MIDDLETOWN TWP,05/29/2019,WE,1254,01,MIDDLETOWN PD,,0,0,0,0,P,B,N,N,03,2,MONMOUTH COUNTY 50,N,50,,13000050__,7.09,05,,01,04,02,01,01,01,05,01,50,FE,N,NJ 35,,,,35,50,26,,,N,,31341
2019133119MT17516,MONMOUTH,MIDDLETOWN TWP,05/29/2019,WE,1827,01,MIDDLETOWN PD,,0,0,0,0,P,B,N,N,01,4,MONMOUTH COUNTY 50,N,50,,13000050__,2.81,05,,01,04,02,02,01,02,05,01,50,FE,N,TURN BERRY DR,,,,40,25,26,,,N,,31342
2019133119MT17569,MONMOUTH,MIDDLETOWN TWP,06/03/2019,MO,0620,01,MIDDLETOWN PD,,0,1,0,0,I,I,N,N,04,2,ROUTE 516,W,516,,00000516__,14.94,05,,01,04,02,01,01,01,05,01,,AT,,HARMONY RD,,,,40,35,26,,,N,TRAFFIC CONTROL BOX NUMBER 31015,31286
2019133119MT17602,MONMOUTH,MIDDLETOWN TWP,05/30/2019,TH,1213,01,MIDDLETOWN PD,,0,0,0,0,P,B,N,N,01,3,ROUTE 520,W,520,,00000520__,14.20,05,,01,04,02,01,01,01,05,01,75,FE,E,HILLTOP CIR,,,,40,25,26,,,N,,
2019133119MT17639,MONMOUTH,MIDDLETOWN TWP,05/30/2019,TH,1741,01,MIDDLETOWN PD,,0,0,0,0,P,B,N,N,01,2,NJ 36,N,36,,00000036__,16.79,02,,01,04,02,02,01,02,01,01,200,FE,W,BROADWAY,,,,50,25,26,,,N,,31343
2019133119MT17682,MONMOUTH,MIDDLETOWN TWP,05/31/2019,FR,0758,01,MIDDLETOWN PD,,0,0,0,0,P,I,N,N,03,2,BRIGHTON AVE **,S,,,13311808__,.37,07,,01,04,02,01,01,01,05,01,,AT,,LONGWOOD ST,,,,25,25,26,,,N,,31273
2019133119MT17693,MONMOUTH,MIDDLETOWN TWP,05/31/2019,FR,0841,01,MIDDLETOWN PD,,0,0,0,0,P,B,N,N,02,2,ROUTE 520,W,520,,00000520__,15.04,05,,01,04,02,01,01,01,05,01,65,FE,W,HALF MILE RUN,,,,40,35,26,,,N,,31273
2019133119MT17695,MONMOUTH,MIDDLETOWN TWP,05/31/2019,FR,0859,01,MIDDLETOWN PD,,1,0,0,0,F,B,N,N,11,1,NJ 36,S,36,,00000036__,20.09,02,,01,04,02,01,01,01,01,01,550,FE,S,HENRY PL,,,,50,25,52,,,N,TELEPHONE POLE JC2286MDT AND HIGHWAY GUIDERAIL,31286
2019133119MT17699,MONMOUTH,MIDDLETOWN TWP,05/31/2019,FR,0943,01,MIDDLETOWN PD,,0,1,0,0,I,I,N,N,03,2,W FRONT ST,W,,,13312109__,.34,07,,01,04,02,01,01,01,05,01,,AT,,PENNY LN,,,,40,25,26,,,N,,31321
2019133119MT17714,MONMOUTH,MIDDLETOWN TWP,05/31/2019,FR,1044,01,MIDDLETOWN PD,,0,0,0,0,P,B,N,N,01,3,MONMOUTH COUNTY 12,S,12,,13000012__,1.01,05,,03,04,02,01,01,01,05,01,15,FE,S,GORDON RD,,,,35,25,26,,,N,,31276
2019133119MT17748,MONMOUTH,MIDDLETOWN TWP,05/31/2019,FR,1513,01,MIDDLETOWN PD,,0,0,0,0,P,B,N,N,06,2,CHURCH ST **,N,,,13311150__,.18,07,,01,04,02,01,01,01,05,01,75,FE,S,W PARK AVE / PARK AVE,,,,25,25,28,,,N,,31294
2019133119MT17752,MONMOUTH,MIDDLETOWN TWP,05/31/2019,FR,1546,01,MIDDLETOWN PD,,0,0,0,0,P,I,N,N,02,2,ROUTE 520,N,520,,00000520__,15.05,05,,01,04,02,01,01,01,02,01,,AT,,HALF MILE RUN,,,,40,35,26,,,N,,31293
2019133119MT17821,MONMOUTH,MIDDLETOWN TWP,06/01/2019,SA,0112,01,MIDDLETOWN PD,,0,1,0,0,I,B,Y,N,11,1,NJ 35,N,35,,00000035__,36.77,02,,01,06,02,01,06,01,01,02,100,FE,S,WOODLAND DR,,,,50,25,56,,,N,VERIZON POLE # BT-82,31281
2019133119MT18026,MONMOUTH,MIDDLETOWN TWP,06/02/2019,SU,2243,01,MIDDLETOWN PD,,0,0,0,0,P,B,N,N,01,2,OAK HILL RD,E,,,,,07,,01,04,02,02,07,01,05,01,528,FE,W,IVY HILL RD,,,,40,25,26,,,N,,31351
2019133119MT18077,MONMOUTH,MIDDLETOWN TWP,06/03/2019,MO,0743,01,MIDDLETOWN PD,,0,0,0,0,P,B,N,N,01,2,ROUTE 516,E,516,,00000516__,15.75,05,,01,04,02,01,01,01,04,02,25,FE,W,MILLBROOK DR,,,,25,25,26,,,N,,31281
2019133119MT18084,MONMOUTH,MIDDLETOWN TWP,06/03/2019,MO,0826,01,MIDDLETOWN PD,,0,0,0,0,P,B,N,N,12,1,BROWNS DOCK RD **,S,,,13311260__,.27,07,,01,04,02,01,01,01,05,01,50,FE,N,COOPER RD,,,,35,40,24,,,N,,31240
2019133119MT18089,MONMOUTH,MIDDLETOWN TWP,06/03/2019,MO,0941,01,MIDDLETOWN PD,,0,0,0,0,P,B,N,N,01,2,NJ 35,S,35,,00000035__,34.56,02,,01,05,01,01,01,01,04,02,50,FE,S,CONOVER LN / LAKE SHORE DR,,,,50,25,26,,,N,,31341
2019133119MT18091,MONMOUTH,MIDDLETOWN TWP,06/03/2019,MO,0955,01,MIDDLETOWN PD,,0,1,0,0,I,I,N,N,03,2,MONMOUTH COUNTY 8 A,N,8,A,13000008A_,2.98,05,,02,04,02,01,01,01,05,01,,AT,,CR 8 B / MONMOUTH AVE,,,,35,35,26,,,N,,31282
2019133119MT18185,MONMOUTH,MIDDLETOWN TWP,06/04/2019,TU,0456,01,MIDDLETOWN PD,,0,1,0,0,I,B,N,N,01,2,MONMOUTH COUNTY 12,S,12,,13000012__,.01,05,,01,04,02,01,07,01,04,01,35,FE,N,CR 10 / W FRONT ST,,,,35,35,26,40.349700,74.081520,N,,31290
2019133119MT18215,MONMOUTH,MIDDLETOWN TWP,06/04/2019,TU,1054,01,MIDDLETOWN PD,,0,0,0,0,P,B,N,N,01,3,HARMONY RD,S,,,13311836__,,07,,01,04,02,01,01,01,05,01,10,FE,N,NJ 35,,,,40,50,26,,,N,,
2019133119MT18221,MONMOUTH,MIDDLETOWN TWP,06/04/2019,TU,1148,01,MIDDLETOWN PD,,0,0,0,0,P,B,N,N,06,2,63 TINDALL RD,S,,,,,08,,01,04,02,01,01,01,05,01,,,,MIDDLETOWN HIGH SCHOOL NORTH,,,,,,28,,,N,,31240
2019133119MT18235,MONMOUTH,MIDDLETOWN TWP,06/04/2019,TU,1432,01,MIDDLETOWN PD,,0,0,0,0,P,B,N,N,01,2,ROUTE 520,W,520,,00000520__,15.26,05,,01,04,02,01,01,01,05,01,25,FE,E,SCHULZ DR,,,,40,25,26,,,N,,31331
2019133119MT18238,MONMOUTH,MIDDLETOWN TWP,06/04/2019,TU,1515,01,MIDDLETOWN PD,,0,2,0,0,I,I,N,N,07,2,MONMOUTH COUNTY 12 A,E,12,A,13000012A_,4.40,05,,01,04,02,01,01,01,05,01,,AT,,CR 8 A / LOCUST POINT RD,,,,35,25,26,,,N,,31282
2019133119MT18250,MONMOUTH,MIDDLETOWN TWP,06/04/2019,TU,1651,01,MIDDLETOWN PD,,0,0,0,0,P,B,N,N,01,2,NJ 35,N,35,,00000035__,35.71,02,,03,04,02,01,01,01,05,01,25,FE,E,,T,CHAPEL HILL RD,WB,50,,26,,,N,,31362
2019133119MT18259,MONMOUTH,MIDDLETOWN TWP,06/04/2019,TU,1846,01,MIDDLETOWN PD,,0,0,0,0,P,B,N,N,01,2,NJ 35,N,35,,00000035__,35.63,02,,01,04,02,01,01,01,01,01,100,FE,S,COOPER RD,,,,50,35,26,,,N,,31342
2019133119MT18277,MONMOUTH,MIDDLETOWN TWP,06/04/2019,TU,2146,01,MIDDLETOWN PD,,0,0,0,0,P,B,N,N,12,1,NJ 35,N,35,,00000035__,36.75,02,,01,06,02,02,06,02,01,01,200,FE,S,WOODLAND DR,,,,50,25,24,40.387410,74.097370,N,,31362
2019133119MT18342,MONMOUTH,MIDDLETOWN TWP,06/05/2019,WE,1538,01,MIDDLETOWN PD,,0,0,0,0,P,B,N,N,02,2,ROUTE 516,E,516,,00000516__,16.05,05,,01,04,02,01,01,01,05,01,50,FE,N,CR 50 / NEW MONMOUTH RD / TINDALL R,,,,35,35,26,,,N,,31317
2019133119MT18414,MONMOUTH,MIDDLETOWN TWP,06/06/2019,TH,0709,01,MIDDLETOWN PD,,0,0,0,0,P,I,N,N,01,2,ROUTE 516,W,516,,00000516__,,05,,01,04,02,01,01,01,05,01,,AT,,ROUTE 516,,,,40,40,26,,,N,,31345
2019133119MT18457,MONMOUTH,MIDDLETOWN TWP,06/06/2019,TH,1255,01,MIDDLETOWN PD,,0,0,0,0,P,B,N,N,02,2,NJ 36,N,36,,00000036__,13.13,02,,01,07,02,01,01,01,03,01,50,FE,S,CR 8B / NAVESINK AVE / ORCHARD AVE,,,,50,25,26,,,N,,31333
2019133119MT18461,MONMOUTH,MIDDLETOWN TWP,06/06/2019,TH,1344,01,MIDDLETOWN PD,,0,2,0,0,I,B,N,N,01,2,NJ 36,N,36,,00000036__,19.47,02,,01,06,02,01,01,01,01,01,1320,FE,S,CR 36 / THOMPSON AVE,,,,50,35,26,,,N,,31311
2019133119MT18472,MONMOUTH,MIDDLETOWN TWP,06/06/2019,TH,1505,01,MIDDLETOWN PD,,0,0,0,0,P,B,N,N,01,2,MONMOUTH COUNTY 52,N,52,,13000052__,.87,05,,01,04,02,01,01,01,05,01,250,FE,S,ETZKORN WAY,,,,40,25,26,,,N,,31294
2019133119MT18482,MONMOUTH,MIDDLETOWN TWP,06/06/2019,TH,1725,01,MIDDLETOWN PD,,0,0,0,0,P,B,N,N,03,2,MONMOUTH COUNTY 8 A,N,8,A,13000008A_,,05,,01,06,02,01,01,01,05,01,100,FE,N,OWENS AVENUE,,,,40,25,26,40.403840,74.007160,N,,31369
2019133119MT18573,MONMOUTH,MIDDLETOWN TWP,06/07/2019,FR,1002,01,MIDDLETOWN PD,,0,0,0,0,P,B,N,N,08,2,W FRONT ST,W,,,13312109__,,07,,01,04,02,01,01,01,05,01,250,FE,E,WINDERMERE ROAD,,,,40,25,26,,,N,,31331
2019133119MT18595,MONMOUTH,MIDDLETOWN TWP,06/07/2019,FR,1252,01,MIDDLETOWN PD,,0,0,0,0,P,I,N,N,01,2,NJ 35,S,35,,00000035__,34.70,02,,01,04,02,01,01,01,01,01,,AT,,CR 12 A / NAVISINK RIVER RD,,,,50,35,26,40.360120,74.079110,N,,31259
2019133119MT18599,MONMOUTH,MIDDLETOWN TWP,06/07/2019,FR,1329,01,MIDDLETOWN PD,,0,0,0,0,P,B,N,N,01,2,NJ 36,E,36,,00000036__,,02,,01,06,02,01,01,05,03,01,30,FE,W,,F,NJ 36,,50,,26,,,N,,31240
2019133119MT18604,MONMOUTH,MIDDLETOWN TWP,06/07/2019,FR,1407,01,MIDDLETOWN PD,,0,0,0,0,P,R,N,N,01,2,OAK HILL ROAD,S,,,,,07,,01,04,02,01,01,01,05,01,50,FE,S,JOHNNY CT,,,,40,25,26,,,N,,31331
2019133119MT18605,MONMOUTH,MIDDLETOWN TWP,06/07/2019,FR,1409,01,MIDDLETOWN PD,,0,0,0,0,P,B,N,N,11,1,RED HILL RD,,,,13312106__,1.04,07,,03,04,02,01,01,01,05,01,300,FE,N,CHURCH LN,,,,40,25,52,,,N,WOODEN RETAINING WALL #164 RED HILL ROAD / VERIZON UTILITY POLE #VZ8459,31259
2019133119MT18628,MONMOUTH,MIDDLETOWN TWP,06/07/2019,FR,1830,01,MIDDLETOWN PD,,0,0,0,0,P,B,N,N,06,2,GLENMARY AVE **,,,,13311265__,.09,07,,01,04,02,01,01,01,05,01,25,FE,E,HAMILTON AVE,,,,25,25,28,,,N,,31290
2019133119MT18715,MONMOUTH,MIDDLETOWN TWP,06/08/2019,SA,1408,01,MIDDLETOWN PD,,0,2,0,0,I,I,N,N,03,2,JAMES ST **,W,,,13311570__,.09,07,,01,04,02,01,01,01,05,01,,AT,,WEST FRONT ST,,,,40,25,26,,,N,POLE BT4116MDT,31331
2019133119MT18718,MONMOUTH,MIDDLETOWN TWP,06/08/2019,SA,1426,01,MIDDLETOWN PD,,0,0,0,0,P,B,N,N,06,2,TURNBERRY DR **,N,,,13311526__,.24,07,,01,04,02,01,01,01,05,01,50,FE,W,LEEDSVILLE DR,,,,25,25,28,,,N,,*****
2019133119MT18721,MONMOUTH,MIDDLETOWN TWP,06/08/2019,SA,1456,01,MIDDLETOWN PD,,0,0,0,0,P,I,N,N,04,2,MONMOUTH COUNTY 50,W,50,,13000050__,5.92,05,,01,04,02,01,01,01,05,01,,AT,W,FOX WOOD RUN,,,,40,25,26,,,N,,31341
2019133119MT18724,MONMOUTH,MIDDLETOWN TWP,06/08/2019,SA,1527,01,MIDDLETOWN PD,,0,0,0,0,P,I,N,N,03,2,ROUTE 516,E,516,,00000516__,18.03,05,,01,04,02,01,01,01,05,01,,AT,,APPLETON AVE,,,,40,25,26,,,N,,31350
2019133119MT18822,MONMOUTH,MIDDLETOWN TWP,06/09/2019,SU,0929,01,MIDDLETOWN PD,,0,0,0,0,P,I,N,N,03,2,NJ 35,S,35,,00000035__,35.14,02,,01,04,02,01,01,01,05,01,,AT,,PINE ST,,,,50,25,26,,,N,,31339
2019133119MT19048,MONMOUTH,MIDDLETOWN TWP,06/11/2019,TU,0801,01,MIDDLETOWN PD,,0,0,0,0,P,B,N,N,01,2,MONMOUTH COUNTY 50,N,50,,13000050__,1.86,05,,01,04,02,02,01,02,05,01,50,FE,N,ROUTE 520 / NEWMAN SPRINGS RD,,,,35,35,26,,,N,,31321
2019133119MT19069,MONMOUTH,MIDDLETOWN TWP,06/11/2019,TU,1050,01,MIDDLETOWN PD,01,0,1,0,0,I,I,N,N,03,2,NJ 35,S,35,,00000035__,38.69,02,,01,04,02,01,01,01,02,01,,AT,,HARMONY RD / KINGS HWY,,,,50,35,26,40.402730,74.124550,N,,31334
2019133119MT19089,MONMOUTH,MIDDLETOWN TWP,06/11/2019,TU,1503,01,MIDDLETOWN PD,,0,0,0,0,P,B,N,N,11,1,ROUTE 516,E,516,,00000516__,15.20,05,,01,04,02,01,01,01,05,01,30,FE,S,RENIER CT,,,,40,25,56,,,N,LANDSCAPING AND METALIC DECORATIVE SIGN OF #74 CHERRY TREE FARM RD,31340
2019133119MT19095,MONMOUTH,MIDDLETOWN TWP,06/11/2019,TU,1521,01,MIDDLETOWN PD,,0,0,0,0,P,B,N,N,03,2,ROXBURY RD **,N,,,13311130__,.09,07,,01,04,02,01,01,01,05,01,500,FE,N,EAST RD,,,,25,35,26,,,N,,31294
2019133119MT19107,MONMOUTH,MIDDLETOWN TWP,06/11/2019,TU,1641,01,MIDDLETOWN PD,,0,0,0,0,P,B,N,N,06,2,GRACE ST **,W,,,13311472__,.20,07,,01,04,02,01,01,01,05,01,100,FE,E,ILLINOIS AVE,,,,25,25,28,,,N,,31354
2019133119MT19110,MONMOUTH,MIDDLETOWN TWP,06/11/2019,TU,1702,01,MIDDLETOWN PD,,0,0,0,0,P,I,N,N,03,2,ROUTE 516,W,516,,00000516__,18.03,05,,01,04,02,01,01,01,05,01,,AT,,APPLETON AVE,,,,40,25,26,40.414120,74.066160,N,,31369
2019133119MT19114,MONMOUTH,MIDDLETOWN TWP,06/11/2019,TU,1748,01,MIDDLETOWN PD,,0,0,0,0,P,I,N,N,01,2,NJ 35,S,35,,00000035__,38.69,02,,03,05,02,01,01,01,01,01,,AT,,HARMONY RD / KINGS HWY,,,,50,40,26,,,N,,31351
2019133119MT19125,MONMOUTH,MIDDLETOWN TWP,06/11/2019,TU,1952,01,MIDDLETOWN PD,,0,1,0,0,I,I,N,N,03,2,NJ 36,N,36,,00000036__,18.01,02,,01,04,02,01,01,01,01,01,,AT,,MAIN ST,,,,50,35,26,,,N,,31354
2019133119MT19133,MONMOUTH,MIDDLETOWN TWP,06/11/2019,TU,2116,01,MIDDLETOWN PD,,0,0,0,0,P,B,N,N,11,1,ROUTE 516,W,516,,00000516__,15.70,05,,01,04,02,01,06,01,05,01,100,FE,E,WILSON AVE,,,,35,35,56,,,N,,31325
2019133119MT19134,MONMOUTH,MIDDLETOWN TWP,06/11/2019,TU,2133,01,MIDDLETOWN PD,,0,1,0,0,I,I,N,N,01,2,MONMOUTH COUNTY 12 A,N,12,A,13000012A_,1.78,05,,01,04,02,01,04,01,05,01,,AT,,LUFFFBURROW LN,,,,35,25,26,40.370970,74.061020,N,,31369
2019133119MT19193,MONMOUTH,MIDDLETOWN TWP,06/12/2019,WE,0859,01,MIDDLETOWN PD,,0,0,0,0,P,B,N,N,02,2,ROUTE 520,W,520,,00000520__,13.71,05,,01,04,02,01,01,01,05,01,50,FE,E,CR 50 / MIDDLETOWN-LINCROFT RD / SW,,,,40,40,26,,,N,,31331
2019133119MT19242,MONMOUTH,MIDDLETOWN TWP,06/12/2019,WE,1415,01,MIDDLETOWN PD,,0,0,0,0,P,I,N,N,07,2,CHERRY TREE LN **,N,,,13311616__,.00,07,,01,04,02,01,01,01,05,01,,AT,,KINGS HWY,,,,35,25,26,,,N,,31339
2019133119MT19263,MONMOUTH,MIDDLETOWN TWP,06/12/2019,WE,1639,01,MIDDLETOWN PD,,0,0,0,0,P,B,N,N,01,3,ROUTE 520,W,520,,00000520__,15.30,05,,02,06,02,01,01,01,03,01,200,FE,E,SCHULZ DR,,,,40,25,26,,,N,,
2019133119MT19340,MONMOUTH,MIDDLETOWN TWP,06/13/2019,TH,0928,01,MIDDLETOWN PD,,0,0,0,0,P,B,N,N,08,2,MONMOUTH COUNTY 36,S,36,,13000036__,.60,05,,01,04,02,01,01,01,05,01,50,FE,E,PORT MONMOUTH RD,,,,35,35,28,,,N,,31290
2019133119MT19343,MONMOUTH,MIDDLETOWN TWP,06/13/2019,TH,1013,01,MIDDLETOWN PD,,0,0,0,0,P,I,N,N,11,1,MONMOUTH COUNTY 12,N,12,,13000012__,3.77,05,,01,06,02,02,01,02,05,01,,AT,,LAIRD RD,,,,40,25,56,,,N,STOP SIGN AT LAIRD RD AND DWIGHT RD DESTROYED. DAMAGE TO FRONT LAWN OF 2 LAIRD,31280
2019133119MT19345,MONMOUTH,MIDDLETOWN TWP,06/13/2019,TH,0955,01,MIDDLETOWN PD,,0,0,0,0,P,B,N,N,01,2,MAIN ST,S,,,13312103__,.00,07,,01,04,02,02,01,02,05,01,20,FE,N,NJ 36,,,,35,50,26,,,N,,31240
2019133119MT19387,MONMOUTH,MIDDLETOWN TWP,06/13/2019,TH,1447,01,MIDDLETOWN PD,,0,0,0,0,P,B,N,N,01,2,MONMOUTH COUNTY 12,N,12,,13000012__,.58,05,,01,04,02,01,01,01,05,01,5,FE,S,CR 12 A / NAVESINK RIVER RD / TODD,,,,35,35,26,,,N,,31341
2019133119MT19413,MONMOUTH,MIDDLETOWN TWP,06/13/2019,TH,1855,01,MIDDLETOWN PD,,0,0,0,0,P,B,N,N,01,2,MONMOUTH COUNTY 50,S,50,,13000050__,4.54,05,,01,04,02,01,03,01,05,01,150,FE,N,CR 12 / DWIGHT RD / NUT SWAMP RD,,,,40,40,26,,,N,,31372
2019133119MT19516,MONMOUTH,MIDDLETOWN TWP,06/14/2019,FR,1807,01,MIDDLETOWN PD,,0,0,0,0,P,B,N,N,06,2,UNITY COURT,S,,,,,07,,01,04,02,01,01,01,05,01,75,FE,,GILLVILLE LANE,,,,25,25,28,,,N,,31377
2019133119MT19556,MONMOUTH,MIDDLETOWN TWP,06/14/2019,FR,2247,01,MIDDLETOWN PD,,0,0,0,0,P,B,N,N,01,2,MONMOUTH COUNTY 50,N,50,,13000050__,,05,,01,04,02,01,06,01,05,01,10,FE,,TINDALL ROAD,,,,35,40,26,,,N,,31377
2019133119MT19615,MONMOUTH,MIDDLETOWN TWP,06/15/2019,SA,1054,01,MIDDLETOWN PD,,0,0,0,0,P,B,N,N,02,2,NJ 36,S,36,,00000036__,19.72,02,,01,04,02,01,01,01,01,01,5,FE,E,CR 36 / THOMPSON AVE,,,,50,35,26,,,N,,31317
2019133119MT19617,MONMOUTH,MIDDLETOWN TWP,06/15/2019,SA,1101,01,MIDDLETOWN PD,,0,0,0,0,P,B,N,N,12,1,MONMOUTH COUNTY 12 A,S,12,A,13000012A_,2.24,05,,01,04,02,01,01,01,05,01,100,FE,N,CLUB WAY,,,,35,25,24,,,N,,31314
2019133119MT19637,MONMOUTH,MIDDLETOWN TWP,06/15/2019,SA,1548,01,MIDDLETOWN PD,,0,0,0,0,P,B,N,N,01,2,ROUTE 516,E,516,,00000516__,15.67,05,,01,04,02,01,01,01,05,01,50,FE,W,WILSON AVE,,,,40,35,26,,,N,,31347
2019133119MT19759,MONMOUTH,MIDDLETOWN TWP,06/16/2019,SU,1735,01,MIDDLETOWN PD,,0,2,0,0,I,I,N,N,03,2,NJ 35,S,35,,00000035__,34.70,02,,01,04,02,01,01,01,01,01,,AT,,CR 12 A / NAVISINK RIVER RD,,,,50,35,26,,,N,,31294
2019133119MT19912,MONMOUTH,MIDDLETOWN TWP,06/17/2019,MO,1847,01,MIDDLETOWN PD,,0,1,0,0,I,B,N,N,01,2,MONMOUTH COUNTY 7 I,N,7,1,130000071_,1.59,05,,01,04,02,01,01,05,05,01,10,FE,N,THOMPSON AVE,,,,30,35,26,,,N,,31278
2019133119MT19915,MONMOUTH,MIDDLETOWN TWP,06/17/2019,MO,1926,01,MIDDLETOWN PD,,0,2,0,1,I,B,N,N,13,1,HURLEY LN **,S,,,13311524__,.16,07,,01,04,02,02,03,02,05,01,25,FE,S,SAMUEL CT,,,,35,25,26,,,N,PERSONAL PROPERTY ANTHONY ARAGON'S UMBRELLA,31372
2019133119MT19966,MONMOUTH,MIDDLETOWN TWP,06/18/2019,TU,0857,01,MIDDLETOWN PD,,0,1,0,0,I,B,N,N,01,2,MONMOUTH COUNTY 12 A,E,12,A,13000012A_,.28,05,,01,07,02,02,01,02,05,01,5,FE,W,TULIP LN,,,,35,25,26,40.358110,74.083490,N,,31259
2019133119MT19974,MONMOUTH,MIDDLETOWN TWP,06/18/2019,TU,0947,01,MIDDLETOWN PD,,0,0,0,0,P,B,N,N,01,2,NJ 35,S,35,,00000035__,35.71,02,,01,04,02,02,01,02,01,01,5,FE,N,CHAPEL HILL RD / OAK HILL RD,,,,50,35,26,40.373220,74.087660,N,,31259
2019133119MT20003,MONMOUTH,MIDDLETOWN TWP,06/18/2019,TU,1336,01,MIDDLETOWN PD,,0,0,0,0,P,B,N,N,08,2,63 TINDALL ROAD,E,,,,,09,,01,04,02,01,01,01,05,01,,,,MIDDLETOWN HS NORTH PARKING LOT,,,,,,26,,,N,,31341
2019133119MT20008,MONMOUTH,MIDDLETOWN TWP,06/18/2019,TU,1328,01,MIDDLETOWN PD,,0,0,0,0,P,B,N,N,01,2,NJ 35,S,35,,00000035__,37.98,02,,03,07,02,01,01,05,05,01,,,,,T,CR 50 / NEW MONMOUTH RD,EB,50,,26,,,N,,31280
2019133119MT20146,MONMOUTH,MIDDLETOWN TWP,06/19/2019,WE,1723,01,MIDDLETOWN PD,,0,1,0,0,I,I,N,N,01,2,HARMONY RD,W,,,13311836__,1.03,07,,01,04,02,02,01,02,05,01,,AT,,DUCHESS AVE,,,,35,25,26,,,N,,31375
2019133119MT20217,MONMOUTH,MIDDLETOWN TWP,06/20/2019,TH,0758,01,MIDDLETOWN PD,,0,0,0,0,P,I,N,N,03,2,MAIN ST,N,,,13312103__,.00,07,,01,04,02,02,01,01,05,01,,AT,,,F,NJ 36,NB,35,,26,,,N,,31311
2019133119MT20220,MONMOUTH,MIDDLETOWN TWP,06/20/2019,TH,0819,01,MIDDLETOWN PD,01,0,0,0,0,P,B,N,N,15,1,NJ 35,N,35,,00000035__,38.67,02,,01,04,02,02,01,02,01,01,100,FE,S,HARMONY RD / KINGS HWY,,,,50,35,39,40.402660,74.124540,N,,31334
2019133119MT20222,MONMOUTH,MIDDLETOWN TWP,06/20/2019,TH,0847,01,MIDDLETOWN PD,,0,0,0,0,P,B,N,N,01,2,NJ 35,S,35,,00000035__,34.72,02,,01,04,02,01,01,05,01,01,100,FE,N,CR 12 A / NAVISINK RIVER RD,,,,50,35,26,,,Y,,31278
2019133119MT20232,MONMOUTH,MIDDLETOWN TWP,06/20/2019,TH,1031,01,MIDDLETOWN PD,,0,0,0,0,P,I,N,N,03,2,NJ 35,N,35,,00000035__,39.43,02,,01,04,02,01,01,05,01,01,,AT,,ROUTE 516 / CHERRY TREE FARM RD,,,,50,35,26,40.410740,74.134140,N,,31323
2019133119MT20291,MONMOUTH,MIDDLETOWN TWP,06/20/2019,TH,1904,01,MIDDLETOWN PD,,0,0,0,0,P,B,N,N,08,2,COLEMAN AVE,W,,,,,07,,01,05,02,01,01,01,05,01,150,FE,N,CR 12A,,,,15,35,28,,,N,,31325
2019133119MT20349,MONMOUTH,MIDDLETOWN TWP,06/21/2019,FR,0844,01,MIDDLETOWN PD,,0,0,0,0,P,B,N,N,06,2,WILSON AVE **,N,,,13311103__,.00,07,,01,04,02,01,05,01,05,01,260,FE,S,PORT MONMOUTH AVE,,,,35,35,28,40.437150,74.093780,N,,31290