Year(4)-CountyCode(2)-MunicipalityCode(2)-CaseNumber(9),County Name,Municipality Name,Crash Date,Crash Day of Week,Crash Time,Police Department Code,Police Department,Police Station,Total Killed,Total Injured,Pedestrians Killed,Pedestrians Injured,Severity,Intersection,Alcohol Involved,Hazmat Involved,Crash Type,Total Vehicles,Location,Location Direction,Route,Route Suffix,Std Rte Identifier,MilePost,Road System,Road Character,Road Horizontal Alignment,Road Grade,Road Surface Type,Surface Condition,Light Condition,Environmental Condition,Road Divided By,Temporary Traffic Control Zone,Distance To Cross Street,Unit Of Measurement,Direction From Cross Street,Cross Street Name,Is Ramp,Ramp To/From Route Name,Ramp To/From Route Direction,Posted Speed,Posted Speed Cross Street,First Harmful Event,Latitude,Longitude,Cell Phone In Use Flag,Other Property Damage,Reporting Badge No.
2019133119MT23297,MONMOUTH,MIDDLETOWN TWP,07/14/2019,SU,1236,01,MIDDLETOWN PD,,0,0,0,0,P,B,N,N,01,2,HARMONY RD,E,,,13311836__,,07,,01,04,02,01,01,01,05,01,25,FE,E,ACKER DR,,,,40,25,26,40.412970,74.124250,N,,31346
2019133119MT23319,MONMOUTH,MIDDLETOWN TWP,07/14/2019,SU,1817,01,MIDDLETOWN PD,,0,0,0,0,P,B,N,N,04,2,MONMOUTH COUNTY 36,S,36,,13000036__,,05,,01,04,02,01,01,01,05,01,25,FE,S,PARK PLACE,,,,35,35,26,,,N,,31361
2019133119MT23435,MONMOUTH,MIDDLETOWN TWP,07/15/2019,MO,1254,01,MIDDLETOWN PD,,0,0,0,0,P,I,N,N,01,2,MONMOUTH COUNTY 8 A,S,8,A,13000008A_,2.58,05,,01,04,02,01,01,01,05,01,,AT,,LOCUST PT RD,,,,25,25,26,,,N,,31282
2019133119MT23539,MONMOUTH,MIDDLETOWN TWP,07/16/2019,TU,0858,01,MIDDLETOWN PD,,0,1,0,0,I,I,N,N,01,3,OAK HILL RD,W,,,,,07,,01,04,02,01,01,01,05,01,,AT,,NORMANDY CT,,,,35,25,26,,,N,,
2019133119MT23580,MONMOUTH,MIDDLETOWN TWP,07/16/2019,TU,1312,01,MIDDLETOWN PD,,0,1,0,0,I,B,N,N,11,1,MONMOUTH COUNTY 12,E,12,,13000012__,.72,05,,01,04,02,01,01,01,05,01,20,FE,W,SOUTH LAKE DR,,,,40,25,52,,,N,UTILITY POLE #JC9177-MOV,31332
2019133119MT23584,MONMOUTH,MIDDLETOWN TWP,07/16/2019,TU,1342,01,MIDDLETOWN PD,,0,0,0,0,P,B,N,N,02,2,NJ 35,,35,,00000035__,34.79,02,,01,04,02,01,01,01,01,02,50,FE,S,HENDRICKSON AVE,,,,50,25,26,,,N,,31339
2019133119MT23585,MONMOUTH,MIDDLETOWN TWP,07/16/2019,TU,1402,01,MIDDLETOWN PD,,0,0,0,0,P,B,N,N,08,2,CAMPO TER **,W,,,13311904__,.00,07,,02,06,02,01,01,01,05,01,1000,FE,W,SOUTH LAKE DR,,,,25,25,26,,,N,,31332
2019133119MT23588,MONMOUTH,MIDDLETOWN TWP,07/16/2019,TU,1422,01,MIDDLETOWN PD,,0,0,0,0,P,B,N,N,01,2,HARMONY RD,W,,,13311836__,,07,,01,04,02,01,01,01,05,01,60,FE,E,NJ 35,,,,40,50,26,,,N,,31327
2019133119MT23608,MONMOUTH,MIDDLETOWN TWP,07/16/2019,TU,1821,01,MIDDLETOWN PD,,0,0,0,0,P,B,N,N,01,2,ROUTE 520,E,520,,00000520__,15.04,05,,01,04,02,01,01,01,02,01,30,FE,W,HALF MILE RUN,,,,40,40,26,,,N,,31373
2019133119MT23611,MONMOUTH,MIDDLETOWN TWP,07/16/2019,TU,1854,01,MIDDLETOWN PD,,0,0,0,0,P,I,N,N,02,2,ROUTE 520,E,520,,00000520__,14.85,05,,01,04,02,01,01,01,01,01,,AT,,GARDEN STATE PARKWAY,,,,40,25,26,,,N,,31373
2019133119MT23664,MONMOUTH,MIDDLETOWN TWP,07/17/2019,WE,0857,01,MIDDLETOWN PD,,0,0,0,0,P,I,N,N,01,2,W FRONT ST,E,,,13312109__,3.22,07,,01,04,02,01,01,01,05,01,,AT,,ALBERT ST,,,,35,25,26,,,N,,31321
2019133119MT23691,MONMOUTH,MIDDLETOWN TWP,07/17/2019,WE,1356,01,MIDDLETOWN PD,,0,0,0,0,P,I,N,N,03,2,ROUTE 516,,516,,00000516__,18.40,05,,01,04,02,01,01,01,05,01,,AT,,HOSFORD AVE,,,,40,25,26,,,N,,31317
2019133119MT23704,MONMOUTH,MIDDLETOWN TWP,07/17/2019,WE,1603,01,MIDDLETOWN PD,,0,0,0,0,P,B,N,N,01,2,THOMPSON AVE,,,,13312104__,.01,07,,01,04,02,01,01,01,05,01,30,FE,N,NJ 36,,,,35,50,26,,,N,,31360
2019133119MT23712,MONMOUTH,MIDDLETOWN TWP,07/17/2019,WE,1717,01,MIDDLETOWN PD,,0,0,0,0,P,B,N,N,01,2,NJ 35,N,35,,00000035__,35.63,02,,01,06,02,01,01,01,01,01,100,FE,S,COOPER RD,,,,50,25,26,,,N,,31325
2019133119MT23713,MONMOUTH,MIDDLETOWN TWP,07/17/2019,WE,1722,01,MIDDLETOWN PD,,0,1,0,0,I,I,N,N,04,2,NJ 36,N,36,,00000036__,18.01,02,,01,04,02,01,01,01,05,01,,AT,,MAIN ST,,,,50,35,26,,,N,,31381
2019133119MT23723,MONMOUTH,MIDDLETOWN TWP,07/17/2019,WE,1848,01,MIDDLETOWN PD,,0,0,0,0,P,B,N,N,01,2,HALF MILE RD,N,,,13312110__,.00,07,,01,04,02,01,01,01,05,01,10,FE,N,ROUTE 520 / NEWMAN SPRINGS RD,,,,35,40,26,,,N,,31293
2019133119MT23729,MONMOUTH,MIDDLETOWN TWP,07/17/2019,WE,1928,01,MIDDLETOWN PD,,0,0,0,0,P,B,N,N,01,2,NJ 35,S,35,,00000035__,37.22,02,,03,04,02,01,03,01,05,03,5,FE,,,T,KINGS HWY,,50,,26,,,N,,31381
2019133119MT23752,MONMOUTH,MIDDLETOWN TWP,07/17/2019,WE,2339,01,MIDDLETOWN PD,,0,0,0,0,P,B,Y,N,11,1,MONMOUTH COUNTY 12,N,12,,13000012__,1.58,05,,02,04,02,02,06,02,05,01,100,FE,S,NINA WAY,,,,40,25,69,40.362790,74.104180,N,STEVEN KRACZ 838 NUT SWAMP RD. DAMAGE TO LANDSCAPE SHRUBS  BUSHES  STONE PILLAR,31346
2019133119MT23825,MONMOUTH,MIDDLETOWN TWP,07/18/2019,TH,1349,01,MIDDLETOWN PD,,0,1,0,0,I,I,N,N,03,2,FOXWOOD RUN **,W,,,13312038__,.13,07,,01,06,02,01,01,01,05,01,,AT,,WYCHWOOD RD,,,,35,25,26,40.384160,74.121690,N,,31276
2019133119MT23868,MONMOUTH,MIDDLETOWN TWP,07/18/2019,TH,2332,01,MIDDLETOWN PD,,0,0,0,0,P,B,N,N,11,1,RED HILL RD,S,,,13312106__,.78,07,,02,05,02,02,07,04,05,01,300,FE,N,BAMM HOLLOW RD,,,,30,40,52,40.381700,74.133490,N,POLE VZ333,31346
2019133119MT23936,MONMOUTH,MIDDLETOWN TWP,07/19/2019,FR,1437,01,MIDDLETOWN PD,,0,0,0,0,P,B,N,N,03,2,KINGS HWY,W,,,13312101__,.13,07,,01,04,02,01,01,01,05,01,20,FE,W,SPRUCE DR,,,,40,25,26,,,N,,31240
2019133119MT23937,MONMOUTH,MIDDLETOWN TWP,07/19/2019,FR,1500,01,MIDDLETOWN PD,,0,0,0,0,P,I,N,N,01,2,ROUTE 516,E,516,,00000516__,15.32,05,,01,04,02,01,01,01,05,01,,AT,,BAYBERRY LN,,,,35,25,26,,,N,,31339
2019133119MT24034,MONMOUTH,MIDDLETOWN TWP,07/20/2019,SA,1053,01,MIDDLETOWN PD,,0,1,0,0,I,I,N,N,11,1,EVERETT RD,N,,,,,07,,01,06,02,01,01,01,05,01,,AT,,SUNNYSIDE RD,,,,40,25,56,,,N,CURB ON THE CORNER OF EVERETT RD. AND SUNNYSIDE RD.,31331
2019133119MT24038,MONMOUTH,MIDDLETOWN TWP,07/20/2019,SA,1126,01,MIDDLETOWN PD,,0,0,0,0,P,B,N,N,06,2,CONOVER LN **,,,,13311329__,.29,07,,01,04,02,01,01,01,05,01,250,FE,W,VICTORIA PL,,,,25,25,28,,,N,,31339
2019133119MT24056,MONMOUTH,MIDDLETOWN TWP,07/20/2019,SA,1357,01,MIDDLETOWN PD,,0,1,0,0,I,I,N,N,03,2,MONMOUTH AVE,,,,,,07,,01,04,02,01,01,02,05,01,,AT,,NAVESINK AVE,,,,35,35,26,,,N,212 MONMOUTH AVE-PLANTS/SHRUBS  SOD/LAWN DAMAGED. STOP SIGN DAMAGED.,31282
2019133119MT24073,MONMOUTH,MIDDLETOWN TWP,07/20/2019,SA,1711,01,MIDDLETOWN PD,,0,0,0,0,P,B,N,N,99,4,ROUTE 516,,516,,00000516__,16.52,05,,01,04,02,01,01,01,05,01,5,FE,E,MAIN ST,,,,35,35,26,40.410240,74.043260,N,,
2019133119MT24101,MONMOUTH,MIDDLETOWN TWP,07/20/2019,SA,2226,01,MIDDLETOWN PD,,0,2,0,0,I,B,N,N,03,2,W FRONT ST,W,,,13312109__,1.49,07,,01,04,02,01,06,01,05,01,100,FE,W,SILVERBROOK PL,,,,40,25,26,,,N,,31372
2019133119MT24144,MONMOUTH,MIDDLETOWN TWP,07/21/2019,SU,0947,01,MIDDLETOWN PD,,0,0,0,0,P,I,N,N,03,2,NJ 35,,35,,00000035__,35.14,02,,01,04,02,01,01,01,01,01,,AT,,PINE ST,,,,50,25,26,,,N,,31339
2019133119MT24155,MONMOUTH,MIDDLETOWN TWP,07/21/2019,SU,1126,01,MIDDLETOWN PD,,0,0,0,0,P,I,N,N,03,2,NJ 35,S,35,,00000035__,37.10,02,,01,04,02,01,01,01,01,01,,AT,,TWIN BROOKS RD,,,,50,25,26,,,N,A ONE WAY TRAFFIC SIGN AND A NO TURNS TRAFFIC SIGN WERE KNOCKED DOWN.,31341
2019133119MT24172,MONMOUTH,MIDDLETOWN TWP,07/21/2019,SU,1511,01,MIDDLETOWN PD,,0,0,0,0,P,B,N,N,01,2,ROUTE 516,E,516,,00000516__,14.92,05,,01,04,02,01,01,01,05,01,100,FE,W,HARMONY RD,,,,40,35,26,,,N,,31240
2019133119MT24237,MONMOUTH,MIDDLETOWN TWP,07/22/2019,MO,0834,01,MIDDLETOWN PD,01,0,0,0,0,P,B,N,N,01,2,CHAPEL HILL RD **,E,,,13311222__,,07,,01,04,02,01,01,01,05,01,100,FE,E,NJ 35,,,,35,50,26,,,N,,31334
2019133119MT24268,MONMOUTH,MIDDLETOWN TWP,07/22/2019,MO,1456,01,MIDDLETOWN PD,,0,0,0,0,P,B,N,N,01,2,NJ 35,N,35,,00000035__,38.69,02,,01,04,02,01,01,01,02,01,75,FE,N,,F,HARMONY RD,SB,50,,26,,,N,,31340
2019133119MT24298,MONMOUTH,MIDDLETOWN TWP,07/22/2019,MO,1603,01,MIDDLETOWN PD,,0,0,0,0,P,I,N,N,03,2,ROUTE 516,,516,,00000516__,14.32,05,,01,04,02,01,01,01,05,01,,AT,,,F,NJ 35,NB,40,,26,,,N,,31360
2019133119MT24322,MONMOUTH,MIDDLETOWN TWP,07/22/2019,MO,2019,01,MIDDLETOWN PD,,0,0,0,0,P,I,N,N,15,1,HERB RD **,S,,,13311006__,.09,07,,01,04,02,02,01,02,05,01,,AT,,KARYN TER W,,,,25,25,39,,,N,,31375
2019133119MT24492,MONMOUTH,MIDDLETOWN TWP,07/23/2019,TU,1743,01,MIDDLETOWN PD,,0,0,0,0,P,B,N,N,02,2,ROUTE 520,E,520,,00000520__,13.70,05,,01,04,02,01,01,01,05,01,20,FE,E,CR 50 / MIDDLETOWN-LINCROFT RD / SW,,,,40,40,26,,,N,,31293
2019133119MT24557,MONMOUTH,MIDDLETOWN TWP,07/24/2019,WE,0901,01,MIDDLETOWN PD,,0,0,0,0,P,B,N,N,06,2,63 TINDALL RD; MIDDLETOW,E,,,,,09,,01,04,02,01,01,01,05,01,,,,MIDDLETOWN TWP. HIGH SCHOOL LOT,,,,,,28,40.402100,74.100100,N,,31315
2019133119MT24573,MONMOUTH,MIDDLETOWN TWP,07/24/2019,WE,1043,01,MIDDLETOWN PD,,0,0,0,0,P,B,N,N,01,2,NJ 36,S,36,,00000036__,,02,,01,04,02,01,01,01,05,01,,,,,T,NJ 36,NB,50,,26,40.403580,74.000280,N,,31315
2019133119MT24587,MONMOUTH,MIDDLETOWN TWP,07/24/2019,WE,1240,01,MIDDLETOWN PD,,0,0,0,0,P,I,N,N,11,1,PULSCH ST **,S,,,13311346__,.00,07,,01,04,02,01,01,01,05,01,,AT,,WILSON AVE,,,,30,25,56,40.426430,74.102650,N,UTILITY POLE # JC1717MDT,31315
2019133119MT24590,MONMOUTH,MIDDLETOWN TWP,07/24/2019,WE,1306,01,MIDDLETOWN PD,,0,0,0,0,P,I,N,N,03,2,BRIGHTON AVE **,,,,13311808__,.17,07,,01,04,02,01,01,01,05,01,,AT,,HARVARD ST,,,,25,25,26,,,N,,31339
2019133119MT24601,MONMOUTH,MIDDLETOWN TWP,07/24/2019,WE,1433,01,MIDDLETOWN PD,,0,0,0,0,P,B,N,N,03,2,HALF MILE RD,,,,13312110__,.06,07,,01,04,02,01,01,01,05,01,300,FE,N,ROUTE 520 / NEWMAN SPRINGS RD,,,,40,45,26,,,N,,31332
2019133119MT24621,MONMOUTH,MIDDLETOWN TWP,07/24/2019,WE,1630,01,MIDDLETOWN PD,,0,0,0,0,P,B,N,N,02,2,MONMOUTH COUNTY 50,S,50,,13000050__,7.95,05,,01,04,02,01,01,01,05,01,300,FE,S,NORTH LAKE DR,,,,35,25,26,,,N,,31362
2019133119MT24643,MONMOUTH,MIDDLETOWN TWP,07/24/2019,WE,2034,01,MIDDLETOWN PD,,0,0,0,0,P,I,N,N,03,2,CAMPBELL AVE **,E,,,13311211__,.68,07,,01,04,02,01,03,01,05,01,,AT,N,RIDGE AVE,,,,30,15,26,,,N,,31364
2019133119MT24675,MONMOUTH,MIDDLETOWN TWP,07/25/2019,TH,0741,01,MIDDLETOWN PD,,0,0,0,0,P,I,N,N,03,2,HARMONY RD,E,,,13311836__,.56,07,,01,04,02,01,01,01,05,01,,AT,,MAIN ST,,,,35,35,26,,,N,STREET SIGN POST WITH STOP SIGN AND STREET SIGN CONNECTED,31341
2019133119MT24733,MONMOUTH,MIDDLETOWN TWP,07/25/2019,TH,1641,01,MIDDLETOWN PD,,0,1,0,0,I,B,N,N,01,2,MONMOUTH COUNTY 50,N,50,,13000050__,1.85,05,,01,06,02,01,01,01,05,01,20,FE,S,ROUTE 520 / NEWMAN SPRINGS RD,,,,40,40,26,,,N,,31364
2019133119MT24751,MONMOUTH,MIDDLETOWN TWP,07/25/2019,TH,1942,01,MIDDLETOWN PD,,0,0,0,0,P,I,N,N,02,2,NJ 35,N,35,,00000035__,37.98,02,,01,04,02,01,01,01,05,01,,AT,,CR 50 / NEW MONMOUTH RD,,,,50,35,26,,,N,,31357
2019133119MT24781,MONMOUTH,MIDDLETOWN TWP,07/26/2019,FR,0706,01,MIDDLETOWN PD,,0,0,0,0,P,B,N,N,01,2,SLEEPY HOLLOW RD,N,,,13312096__,1.25,07,,01,04,02,01,01,01,05,01,30,FE,S,KINGS HWY E,,,,35,40,26,,,N,,31379
2019133119MT24795,MONMOUTH,MIDDLETOWN TWP,07/26/2019,FR,1006,01,MIDDLETOWN PD,01,0,0,0,0,P,B,N,N,08,2,W FRONT ST,E,,,13312109__,1.30,07,,01,04,02,01,01,01,05,01,250,FE,E,MERION DR,,,,40,25,26,40.345400,74.121980,N,,31334
2019133119MT24832,MONMOUTH,MIDDLETOWN TWP,07/26/2019,FR,1558,01,MIDDLETOWN PD,,0,0,0,0,P,B,N,N,01,2,ROUTE 520,W,520,,00000520__,15.26,05,,01,04,02,01,01,01,03,01,25,FE,W,SCHULZ DR,,,,40,25,26,,,N,,31341
2019133119MT24927,MONMOUTH,MIDDLETOWN TWP,07/27/2019,SA,1432,01,MIDDLETOWN PD,,0,0,0,0,P,B,N,N,06,2,EASTEND AVE **,W,,,13311186__,.10,07,,01,04,02,01,01,01,05,01,50,FE,E,SECOND ST,,,,25,25,26,,,N,,31311
2019133119MT24951,MONMOUTH,MIDDLETOWN TWP,07/27/2019,SA,1754,01,MIDDLETOWN PD,,0,0,0,0,P,B,N,N,11,1,MONMOUTH COUNTY 12 A,E,12,A,13000012A_,.58,05,,01,06,02,01,01,01,05,01,150,FE,E,NJ 35,,,,35,50,56,,,N,SPEED SIGN & LAWN@ 218 NAVESINK RIVER RD.,31293
2019133119MT24996,MONMOUTH,MIDDLETOWN TWP,07/28/2019,SU,1029,01,MIDDLETOWN PD,,0,0,0,0,P,I,N,N,03,2,MONMOUTH COUNTY 8 A,,8,A,13000008A_,,05,,01,06,02,01,01,01,05,01,,AT,,SEARS AVE,,,,40,25,26,,,N,,31340
2019133119MT25067,MONMOUTH,MIDDLETOWN TWP,07/28/2019,SU,2346,01,MIDDLETOWN PD,,0,0,0,0,P,B,N,N,08,2,MIDDLETOWN AVE **,,,,13311251__,.27,07,,01,04,02,01,07,01,05,01,200,FE,E,SEVENTH AVE,,,,25,25,28,40.404050,74.036380,N,,31368
2019133119MT25074,MONMOUTH,MIDDLETOWN TWP,07/29/2019,MO,0220,01,MIDDLETOWN PD,,0,0,0,0,P,I,N,N,11,1,MONMOUTH COUNTY 12 A,W,12,A,13000012A_,2.22,05,,02,04,02,01,06,01,05,01,,AT,W,CLUB WAY,,,,35,25,56,40.373900,74.052700,N,,31290
2019133119MT25095,MONMOUTH,MIDDLETOWN TWP,07/29/2019,MO,0939,01,MIDDLETOWN PD,,0,0,0,0,P,B,N,N,02,2,ROUTE 520,E,520,,00000520__,15.33,05,,01,04,02,01,01,01,05,02,50,FE,W,PARKWAY PL,,,,40,25,26,,,N,,31331
2019133119MT25111,MONMOUTH,MIDDLETOWN TWP,07/29/2019,MO,1157,01,MIDDLETOWN PD,,0,0,0,0,P,B,N,N,08,2,SEABREEZE AVE,,,,,,07,,01,04,02,01,01,01,05,01,150,FE,W,HUDSON AVE,,,,25,25,28,,,N,,31290
2019133119MT25117,MONMOUTH,MIDDLETOWN TWP,07/29/2019,MO,1220,01,MIDDLETOWN PD,,0,0,0,0,P,I,N,N,03,2,MARVIN DR **,E,,,13311144__,.61,07,,01,04,02,01,01,01,05,01,,AT,,SWARTZEL DR,,,,25,25,26,,,N,,31341
2019133119MT25119,MONMOUTH,MIDDLETOWN TWP,07/29/2019,MO,1236,01,MIDDLETOWN PD,,0,0,0,0,P,B,N,N,15,1,MONMOUTH COUNTY 54,N,54,,13000054__,3.44,07,,01,04,02,01,01,01,05,01,200,FE,N,LAUREL AVE,,,,40,25,39,40.325280,74.124760,N,,31315
2019133119MT25120,MONMOUTH,MIDDLETOWN TWP,07/29/2019,MO,1238,01,MIDDLETOWN PD,,0,0,0,0,P,B,N,N,04,2,DANEMAR DR **,N,,,13311711__,.30,07,,03,05,02,01,01,01,05,01,300,FE,S,CRESTVIEW DR,,,,25,25,26,,,N,,31286
2019133119MT25150,MONMOUTH,MIDDLETOWN TWP,07/29/2019,MO,1645,01,MIDDLETOWN PD,,0,0,0,0,P,B,N,N,01,2,MONMOUTH COUNTY 50,N,50,,13000050__,4.17,05,,01,04,02,01,01,01,05,01,25,FE,S,MARCSHIRE DR,,,,40,25,26,,,N,,31372
2019133119MT25231,MONMOUTH,MIDDLETOWN TWP,07/30/2019,TU,1119,01,MIDDLETOWN PD,,0,0,0,0,P,I,N,N,03,2,ROUTE 516,E,516,,00000516__,18.40,05,,01,04,02,01,01,01,05,01,,AT,,HOSFORD AVE,,,,40,35,26,40.414530,74.059300,N,,31259
2019133119MT25249,MONMOUTH,MIDDLETOWN TWP,07/30/2019,TU,1327,01,MIDDLETOWN PD,,0,1,0,0,I,B,N,N,01,2,CAMPUS DRIVE,N,,,,,05,,01,04,02,01,01,01,05,01,10,FE,S,ROUTE 520,,,,25,40,26,,,N,,31331
2019133119MT25273,MONMOUTH,MIDDLETOWN TWP,07/30/2019,TU,1620,01,MIDDLETOWN PD,,0,0,0,0,P,B,N,N,01,2,ROUTE 520,N,520,,00000520__,14.86,05,,01,04,02,01,01,01,05,01,50,FE,N,GARDEN STATE PARKWAY,,,,40,65,26,,,N,,31357
2019133119MT25332,MONMOUTH,MIDDLETOWN TWP,07/31/2019,WE,0717,01,MIDDLETOWN PD,,0,1,0,0,I,B,N,N,01,2,THOMPSON AVE,N,,,13312104__,.00,07,,01,04,02,01,01,01,05,01,10,FE,N,NJ 36,,,,25,50,26,,,N,,31374
2019133119MT25333,MONMOUTH,MIDDLETOWN TWP,07/31/2019,WE,0720,01,MIDDLETOWN PD,,0,0,0,0,P,I,N,N,01,2,HOSFORD AVE,S,,,13312098__,1.30,07,,01,04,02,01,01,01,05,01,,AT,,ROUTE 516 / LEONARDVILLE RD,,,,25,35,26,,,N,,31359
2019133119MT25344,MONMOUTH,MIDDLETOWN TWP,07/31/2019,WE,0925,01,MIDDLETOWN PD,,0,1,0,0,I,B,N,N,01,2,MONMOUTH COUNTY 50,,50,,13000050__,7.19,05,,01,04,02,01,01,01,05,01,20,FE,W,OAKDALE DR,,,,35,25,26,,,N,,31340
2019133119MT25365,MONMOUTH,MIDDLETOWN TWP,07/31/2019,WE,1240,01,MIDDLETOWN PD,,0,0,0,0,P,B,N,N,01,3,ROUTE 516,,516,,00000516__,14.32,05,,01,04,02,01,01,01,02,01,,,,,T,NJ 35,NB,40,,26,,,N,,31340
2019133119MT25378,MONMOUTH,MIDDLETOWN TWP,07/31/2019,WE,1438,01,MIDDLETOWN PD,,0,0,0,0,P,B,N,N,01,2,ROUTE 520,E,520,,00000520__,14.69,05,,01,04,02,02,01,02,05,01,50,FE,E,PARK VIEW TER W,,,,40,25,26,,,N,,31321
2019133119MT25380,MONMOUTH,MIDDLETOWN TWP,08/11/2019,SU,1440,01,MIDDLETOWN PD,,0,0,0,0,P,B,N,N,01,2,MONMOUTH COUNTY 50,N,50,,13000050__,2.78,05,,01,04,02,02,01,02,05,01,100,FE,S,TURN BERRY DR,,,,40,25,26,,,N,,31334
2019133119MT25404,MONMOUTH,MIDDLETOWN TWP,07/31/2019,WE,1600,01,MIDDLETOWN PD,,0,0,0,0,P,B,N,N,01,2,EAST RD,N,,,,,07,,01,04,02,02,01,02,05,01,15,FE,S,NJ 36,,,,35,50,26,,,N,,31311
2019133119MT25406,MONMOUTH,MIDDLETOWN TWP,07/31/2019,WE,1602,01,MIDDLETOWN PD,,0,0,0,0,P,B,N,N,11,1,OAK HILL RD,E,,,,,07,,01,04,02,02,01,02,05,01,600,FE,E,IVY HILL RD,,,,35,25,52,,,N,POWER LINE POLE JC-4120-MDT,31381
2019133119MT25410,MONMOUTH,MIDDLETOWN TWP,07/31/2019,WE,1610,01,MIDDLETOWN PD,,0,0,0,0,P,B,N,N,01,2,OAK HILL ROAD,W,,,,,07,,01,05,02,02,01,05,05,01,150,FE,E,CR 50,,,,35,40,26,,,N,,31325
2019133119MT254323,MONMOUTH,MIDDLETOWN TWP,07/31/2019,WE,1812,01,MIDDLETOWN PD,,0,0,0,0,P,I,N,N,03,2,CEDAR AVE **,,,,13311281__,.20,07,,01,04,02,02,01,02,05,01,,AT,,MONMOUTH PKWY,,,,25,25,26,,,N,,31360
2019133119MT25443,MONMOUTH,MIDDLETOWN TWP,07/31/2019,WE,2158,01,MIDDLETOWN PD,,0,0,0,0,P,B,N,N,06,2,BRAY AVE,N,,,13311381__,.19,07,,01,04,02,01,06,01,05,01,15,FE,S,BERGEN ST,,,,30,25,28,,,N,,31347
2019133119MT25446,MONMOUTH,MIDDLETOWN TWP,07/31/2019,WE,2216,01,MIDDLETOWN PD,,0,0,0,0,P,B,N,N,08,2,NJ 36,N,36,,00000036__,16.81,02,,01,04,02,02,07,02,01,02,100,FE,W,BROADWAY,,,,50,25,26,40.415420,74.066610,N,,31369
2019133119MT25552,MONMOUTH,MIDDLETOWN TWP,08/01/2019,TH,1840,01,MIDDLETOWN PD,,0,0,0,0,P,B,N,N,01,2,HALF MILE RD,S,,,13312110__,.26,07,,01,04,02,01,01,01,05,01,100,FE,S,BRUCE RD,,,,40,25,26,,,N,,31381
2019133119MT25651,MONMOUTH,MIDDLETOWN TWP,08/02/2019,FR,1128,01,MIDDLETOWN PD,,0,0,0,0,P,I,N,N,03,2,ROUTE 516,E,516,,00000516__,14.32,05,,01,04,02,01,01,01,05,01,,AT,,,F,NJ 35,,35,,26,,,N,,31339
2019133119MT25653,MONMOUTH,MIDDLETOWN TWP,08/02/2019,FR,1219,01,MIDDLETOWN PD,,0,0,0,0,P,B,N,N,01,2,NJ 35,S,35,,00000035__,36.33,02,,01,05,02,01,01,01,02,01,100,FE,N,APPLE FARM RD,,,,50,25,26,,,N,,31341
2019133119MT25659,MONMOUTH,MIDDLETOWN TWP,08/02/2019,FR,1321,01,MIDDLETOWN PD,,0,0,0,0,P,B,N,N,01,2,NJ 35,,35,,00000035__,35.69,02,,01,04,02,01,01,01,01,01,100,FE,S,CHAPEL HILL RD / OAK HILL RD,,,,50,35,26,,,N,,31339
2019133119MT25708,MONMOUTH,MIDDLETOWN TWP,08/02/2019,FR,2127,01,MIDDLETOWN PD,,0,0,0,0,P,B,N,N,06,2,STATESIR PLACE,,,,,,07,,01,04,02,01,06,01,05,01,500,FE,N,HENDRICKSON AVENUE,,,,25,25,28,,,N,,31342
2019133119MT25739,MONMOUTH,MIDDLETOWN TWP,08/03/2019,SA,0155,01,MIDDLETOWN PD,,0,0,0,0,P,B,Y,N,11,1,NJ 35,N,35,,00000035__,35.71,02,,03,04,02,01,06,01,01,01,,,,,T,CHAPEL HILL RD,EB,50,,56,,,N,SIDEWALK AND CURB,31350
2019133119MT25743,MONMOUTH,MIDDLETOWN TWP,08/03/2019,SA,0400,01,MIDDLETOWN PD,,0,0,0,0,P,B,N,N,11,1,MONMOUTH COUNTY 7 I,N,7,1,130000071_,1.32,05,,01,04,02,01,06,01,05,01,100,FE,N,N CLARK ST,,,,40,25,52,40.411150,74.136780,N,BROKEN POWER POLE - JC 1768 MDT,31367
2019133119MT25750,MONMOUTH,MIDDLETOWN TWP,08/03/2019,SA,0921,01,MIDDLETOWN PD,,0,0,0,0,P,B,N,N,01,2,WILSON AVE **,N,,,13311103__,1.05,07,,01,04,02,01,01,01,05,01,40,FE,S,NJ 36,,,,40,50,26,,,N,,31375
2019133119MT25949,MONMOUTH,MIDDLETOWN TWP,08/05/2019,MO,0925,01,MIDDLETOWN PD,,0,1,0,0,I,B,Y,N,01,2,NJ 36,N,36,,00000036__,15.66,02,,01,04,02,01,01,01,01,01,50,FE,S,AVE D,,,,50,25,26,,,N,,31286
2019133119MT25959,MONMOUTH,MIDDLETOWN TWP,08/05/2019,MO,1119,01,MIDDLETOWN PD,,0,1,0,1,I,B,N,N,13,1,LONGWOOD AVE **,E,,,13311810__,.29,07,,01,04,02,99,01,01,05,02,25,FE,W,WESLYAN AVE,,,,25,25,26,,,N,,31340
2019133119MT25993,MONMOUTH,MIDDLETOWN TWP,08/05/2019,MO,1518,01,MIDDLETOWN PD,,0,0,0,0,P,B,N,N,01,2,LAKESHORE DR **,E,,,13311789__,.00,07,,01,05,02,01,01,01,05,01,20,FE,W,NJ 35,,,,25,50,26,,,N,,31341
2019133119MT26100,MONMOUTH,MIDDLETOWN TWP,08/06/2019,TU,1200,01,MIDDLETOWN PD,,0,0,0,0,P,B,N,N,01,2,ROUTE 520,W,520,,00000520__,13.45,05,,01,04,02,01,01,01,04,01,200,FE,E,BROUWER CT,,,,35,25,26,,,N,,31321
2019133119MT26110,MONMOUTH,MIDDLETOWN TWP,08/06/2019,TU,1304,01,MIDDLETOWN PD,,0,0,0,0,P,I,N,N,01,2,MONMOUTH COUNTY 10,,10,,13000010__,.00,05,,01,04,02,01,01,01,05,01,,AT,,CR 12 / HUBBARD AVE,,,,35,35,26,,,N,,31340
2019133119MT26125,MONMOUTH,MIDDLETOWN TWP,08/06/2019,TU,1441,01,MIDDLETOWN PD,,0,0,0,0,P,B,N,N,08,2,102 CONCORD AVE,,,,,,04,,01,04,02,01,01,01,05,01,,,,LEONARDO STATE MARINA PARK LOT,,,,,,28,,,N,,31294