Year(4)-CountyCode(2)-MunicipalityCode(2)-CaseNumber(9),County Name,Municipality Name,Crash Date,Crash Day of Week,Crash Time,Police Department Code,Police Department,Police Station,Total Killed,Total Injured,Pedestrians Killed,Pedestrians Injured,Severity,Intersection,Alcohol Involved,Hazmat Involved,Crash Type,Total Vehicles,Location,Location Direction,Route,Route Suffix,Std Rte Identifier,MilePost,Road System,Road Character,Road Horizontal Alignment,Road Grade,Road Surface Type,Surface Condition,Light Condition,Environmental Condition,Road Divided By,Temporary Traffic Control Zone,Distance To Cross Street,Unit Of Measurement,Direction From Cross Street,Cross Street Name,Is Ramp,Ramp To/From Route Name,Ramp To/From Route Direction,Posted Speed,Posted Speed Cross Street,First Harmful Event,Latitude,Longitude,Cell Phone In Use Flag,Other Property Damage,Reporting Badge No.
2019133119MT42112,MONMOUTH,MIDDLETOWN TWP,12/12/2019,TH,1615,01,MIDDLETOWN PD,,0,0,0,0,P,B,N,N,12,1,MONMOUTH COUNTY 8 B,E,8,B,13000008B_,.34,05,,01,06,02,01,01,01,05,01,300,FE,W,WOODHAVEN LN,,,,35,25,24,,,N,,31350
2019133119MT42117,MONMOUTH,MIDDLETOWN TWP,12/12/2019,TH,1615,01,MIDDLETOWN PD,,0,0,0,0,P,B,N,N,02,2,ROUTE 520,E,520,,00000520__,15.05,05,,01,04,02,01,01,01,05,01,3,FE,S,HALF MILE RUN,,,,45,35,26,,,N,,31373
2019133119MT42131,MONMOUTH,MIDDLETOWN TWP,12/12/2019,TH,1833,01,MIDDLETOWN PD,,0,2,0,0,I,B,N,N,08,2,PARK AVE **,E,,,13311119__,.26,07,,01,05,02,01,05,01,05,01,1000,FE,E,HENRY DR,,,,35,25,26,,,N,,31362
2019133119MT42139,MONMOUTH,MIDDLETOWN TWP,12/12/2019,TH,1957,01,MIDDLETOWN PD,,0,0,0,0,P,I,N,N,02,2,ROUTE 520,N,520,,00000520__,15.05,05,,01,04,02,01,06,01,05,01,,AT,,HALF MILE RUN,,,,40,35,26,,,N,,31372
2019133119MT42162,MONMOUTH,MIDDLETOWN TWP,12/12/2019,TH,1815,01,MIDDLETOWN PD,,0,0,0,0,P,B,N,N,12,1,MONMOUTH COUNTY 8 B,E,8,B,13000008B_,.46,05,,01,06,02,01,01,01,05,01,300,FE,E,WOODHAVEN LN,,,,35,25,24,,,N,,31350
2019133119MT42211,MONMOUTH,MIDDLETOWN TWP,12/13/2019,FR,0832,01,MIDDLETOWN PD,,0,0,0,0,P,I,N,N,03,2,PINE ST **,E,,,13311328__,.14,07,,01,04,02,02,01,02,05,01,,AT,,STATESIR PL,,,,25,25,26,,,N,,31333
2019133119MT42214,MONMOUTH,MIDDLETOWN TWP,12/13/2019,FR,0907,01,MIDDLETOWN PD,,0,0,0,0,P,I,N,N,02,2,TINDALL RD,S,,,13312100__,.48,07,,01,04,02,01,01,01,05,01,,AT,,MELROSE TER / SWARTZEL DR,,,,40,25,26,,,N,,31311
2019133119MT42228,MONMOUTH,MIDDLETOWN TWP,12/13/2019,FR,1227,01,MIDDLETOWN PD,,0,0,0,0,P,B,N,N,01,2,MONMOUTH COUNTY 12 A,W,12,A,13000012A_,.56,05,,01,04,01,02,01,02,05,01,30,FE,E,NJ 35,,,,35,50,26,,,N,,31333
2019133119MT42242,MONMOUTH,MIDDLETOWN TWP,12/13/2019,FR,1507,01,MIDDLETOWN PD,,0,0,0,0,P,B,N,N,02,2,RED HILL RD,E,,,13312106__,,07,,01,06,02,02,01,02,05,01,50,FE,E,MIDDLETOWN ROAD,,,,35,35,26,,,N,,31293
2019133119MT42253,MONMOUTH,MIDDLETOWN TWP,12/13/2019,FR,1638,01,MIDDLETOWN PD,,0,0,0,0,P,B,N,N,11,1,GRAND TOUR / HARTSHORNE RD **,E,,,13311483__,1.32,07,,02,04,02,02,05,02,05,01,100,FE,W,WIGWAM RD,,,,25,25,59,,,N,DAMAGE TO WOOD FENCE AND GUARD RAIL ON HARTSHORNE RD  PROPERTY OF HARSHORNE PARK,31379
2019133119MT42264,MONMOUTH,MIDDLETOWN TWP,12/13/2019,FR,1819,01,MIDDLETOWN PD,,0,0,0,0,P,B,N,N,01,2,NJ 35,N,35,,00000035__,37.22,02,,02,04,02,02,06,02,05,01,20,FE,S,KINGS HWY EAST,,,,50,35,26,,,N,,31383
2019133119MT42319,MONMOUTH,MIDDLETOWN TWP,12/14/2019,SA,0120,01,MIDDLETOWN PD,,0,3,0,0,I,B,N,N,11,1,NJ 35,N,35,,00000035__,36.44,02,,01,04,02,02,06,02,01,01,115,FE,N,BUCKINGHAM CIR,,,,50,15,56,,,N,SEE NARRATIVE,31383
2019133119MT42333,MONMOUTH,MIDDLETOWN TWP,12/14/2019,SA,0805,01,MIDDLETOWN PD,,0,0,0,0,P,B,N,N,02,2,NJ 35,S,35,,00000035__,37.29,02,,01,04,02,01,01,01,02,01,1000,FE,N,TWIN BROOKS RD,,,,50,25,26,40.393340,74.101550,N,,31334
2019133119MT42339,MONMOUTH,MIDDLETOWN TWP,12/14/2019,SA,0954,01,MIDDLETOWN PD,,0,0,0,0,P,B,N,N,01,2,NJ 35,N,35,,00000035__,36.07,02,,01,04,02,02,01,02,01,01,60,FE,S,CRESTVIEW DR,,,,50,25,26,,,N,,31333
2019133119MT42358,MONMOUTH,MIDDLETOWN TWP,12/14/2019,SA,1430,01,MIDDLETOWN PD,,0,0,0,0,P,B,N,N,08,2,ROLLING KNOLL DR **,S,,,13311859__,.43,07,,01,04,02,02,01,05,05,01,200,FE,S,BROOKLYN CT,,,,30,25,26,40.381930,74.109900,N,,31276
2019133119MT42361,MONMOUTH,MIDDLETOWN TWP,12/14/2019,SA,1456,01,MIDDLETOWN PD,,0,2,0,0,I,I,N,N,01,2,MONMOUTH COUNTY 50,N,50,,13000050__,5.92,05,,02,04,02,02,01,05,05,01,,AT,,FOX WOOD RUN,,,,40,,26,40.384640,74.115960,N,,31276
2019133119MT42489,MONMOUTH,MIDDLETOWN TWP,12/15/2019,SU,1415,01,MIDDLETOWN PD,,0,0,0,0,P,B,N,N,11,1,BERNARD DR,,,,,,07,,02,04,02,01,01,01,05,01,300,FE,S,ROZLYN CT,,,,25,25,56,40.343119,74.100119,N,,31265
2019133119MT42518,MONMOUTH,MIDDLETOWN TWP,12/15/2019,SU,2128,01,MIDDLETOWN PD,,0,0,0,0,P,B,N,N,08,2,OREGON AVE **,E,,,13311422__,.02,07,,01,04,02,01,06,01,05,01,100,FE,E,THOMPSON AVE,,,,25,35,28,,,N,,31354
2019133119MT42618,MONMOUTH,MIDDLETOWN TWP,12/16/2019,MO,1310,01,MIDDLETOWN PD,,0,0,0,0,P,B,N,N,01,2,NJ 36,N,36,,00000036__,16.19,02,,01,04,02,01,01,05,01,01,100,FE,E,LEONARD AVE,,,,40,35,26,,,N,,31282
2019133119MT42622,MONMOUTH,MIDDLETOWN TWP,12/16/2019,MO,1321,01,MIDDLETOWN PD,,0,0,0,0,P,B,N,N,01,2,NJ 35,N,35,,00000035__,35.14,02,,01,04,02,01,01,01,01,01,25,FE,S,PINE ST,,,,50,25,26,,,N,,31339
2019133119MT42652,MONMOUTH,MIDDLETOWN TWP,12/16/2019,MO,1653,01,MIDDLETOWN PD,,0,0,0,0,P,B,N,N,12,1,BAMM HOLLOW RD,S,,,13312095__,.44,07,,01,04,02,01,02,01,05,01,50,FE,W,STORK CT,,,,35,25,24,,,N,,31357
2019133119MT42656,MONMOUTH,MIDDLETOWN TWP,12/16/2019,MO,1720,01,MIDDLETOWN PD,,0,0,0,0,P,B,N,N,01,2,MONMOUTH COUNTY 50,N,50,,13000050__,8.18,05,,01,04,02,01,06,01,05,01,50,FE,S,ROUTE 516 / CHERRY TREE FARM RD,,,,35,35,26,,,N,,31362
2019133119MT42668,MONMOUTH,MIDDLETOWN TWP,12/16/2019,MO,1853,01,MIDDLETOWN PD,,0,0,0,0,P,I,N,N,03,2,MONMOUTH COUNTY 52,N,52,,13000052__,4.01,05,,01,04,02,02,06,02,05,01,,AT,W,CONTINENTAL BLVD / SATINWOOD DR,,,,50,15,26,,,N,,31362
2019133119MT42679,MONMOUTH,MIDDLETOWN TWP,12/16/2019,MO,2042,01,MIDDLETOWN PD,,0,0,0,0,P,I,N,N,02,2,MONMOUTH COUNTY 8 A,W,8,A,13000008A_,,05,,01,05,02,02,07,02,05,01,,AT,,SEARS AVE,,,,40,25,26,,,N,,31350
2019133119MT42737,MONMOUTH,MIDDLETOWN TWP,12/17/2019,TU,0650,01,MIDDLETOWN PD,,0,0,0,0,P,B,N,N,11,1,MONMOUTH COUNTY 50,S,50,,13000050__,8.19,05,,01,04,02,02,01,02,05,01,25,FE,S,ROUTE 516 / CHERRY TREE FARM RD,,,,35,35,69,,,N,MULTIPLE BUSHES OF 61 KINGS HIGHWAY,31374
2019133119MT42743,MONMOUTH,MIDDLETOWN TWP,12/17/2019,TU,0732,01,MIDDLETOWN PD,,0,0,0,0,P,B,N,N,05,2,MONMOUTH COUNTY 54,N,54,,13000054__,3.82,07,,01,04,02,02,01,02,05,01,25,FE,S,ROUTE 520 / NEWMAN SPRINGS RD,,,,40,35,26,,,N,,31377
2019133119MT42783,MONMOUTH,MIDDLETOWN TWP,12/17/2019,TU,1146,01,MIDDLETOWN PD,,0,0,0,0,P,B,N,N,01,2,KINGS HWY,W,,,13312101__,.93,07,,01,04,02,02,01,02,05,01,5,FE,E,MARLPIT PL,,,,35,25,26,,,N,,31341
2019133119MT42820,MONMOUTH,MIDDLETOWN TWP,12/17/2019,TU,1656,01,MIDDLETOWN PD,,0,0,0,0,P,B,N,N,01,2,NJ 35,N,35,,00000035__,35.25,02,,01,06,02,02,05,02,01,01,600,FE,N,PINE ST,,,,50,25,26,,,N,,31362
2019133119MT42822,MONMOUTH,MIDDLETOWN TWP,12/17/2019,TU,1736,01,MIDDLETOWN PD,,0,2,0,0,I,B,N,N,01,2,MONMOUTH COUNTY 12 A,E,12,A,13000012A_,.55,05,,01,04,02,02,06,02,05,01,10,FE,E,NJ 35,,,,35,50,26,,,N,,31342
2019133119MT42827,MONMOUTH,MIDDLETOWN TWP,12/17/2019,TU,1741,01,MIDDLETOWN PD,,0,0,0,0,P,B,N,N,03,2,ROUTE 516,W,516,,00000516__,14.36,05,,01,04,02,01,07,01,05,01,200,FE,E,NJ 35,,,,35,50,26,,,N,,31362
2019133119MT42828,MONMOUTH,MIDDLETOWN TWP,12/17/2019,TU,1757,01,MIDDLETOWN PD,,0,0,0,0,P,I,N,N,03,2,ROUTE 520,W,520,,00000520__,15.05,05,,01,04,02,02,06,02,05,01,,AT,S,HALF MILE RUN,,,,40,35,26,,,N,,31364
2019133119MT42830,MONMOUTH,MIDDLETOWN TWP,12/17/2019,TU,1852,01,MIDDLETOWN PD,,0,0,0,0,P,B,N,N,11,1,NJ 35,S,35,,00000035__,39.12,02,,01,04,02,02,06,02,05,01,200,FE,S,CHERRY TREE LN / OLD COUNTRY RD,,,,,25,49,,,N,,31385
2019133119MT42941,MONMOUTH,MIDDLETOWN TWP,12/18/2019,WE,1514,01,MIDDLETOWN PD,,0,0,0,0,P,B,N,N,01,2,ROUTE 516,E,516,,00000516__,15.69,05,,01,04,02,01,01,01,05,01,40,FE,E,WILSON AVE,,,,35,35,26,40.414030,74.108670,N,,31334
2019133119MT42959,MONMOUTH,MIDDLETOWN TWP,12/18/2019,WE,1844,01,MIDDLETOWN PD,,0,1,0,0,I,B,N,N,01,2,NJ 35,N,35,,00000035__,35.31,02,,01,05,02,01,06,01,01,01,150,FE,N,CHESTNUT ST,,,,50,25,26,,,N,,31325
2019133119MT42969,MONMOUTH,MIDDLETOWN TWP,12/18/2019,WE,2058,01,MIDDLETOWN PD,,0,0,0,0,P,B,N,N,12,1,MONMOUTH COUNTY 8 A,E,8,A,13000008A_,2.64,05,,01,04,02,01,05,01,04,01,300,FE,N,LOCUST PT RD,,,,35,35,24,,,N,,31380
2019133119MT43047,MONMOUTH,MIDDLETOWN TWP,12/19/2019,TH,1441,01,MIDDLETOWN PD,,0,0,0,0,P,B,N,N,06,2,PACIFIC AVE **,N,,,13311407__,.00,07,,01,04,02,01,01,01,05,02,50,FE,S,PORT MONMOUTH RD,,,,25,35,28,,,N,,31340
2019133119MT43055,MONMOUTH,MIDDLETOWN TWP,12/19/2019,TH,1542,01,MIDDLETOWN PD,,0,3,0,0,I,I,N,N,10,3,ROUTE 520,W,520,,00000520__,15.05,05,,01,04,02,01,01,01,02,01,,AT,,HALF MILE RUN,,,,40,35,01,,,N,,31293
2019133119MT43074,MONMOUTH,MIDDLETOWN TWP,12/19/2019,TH,1843,01,MIDDLETOWN PD,,0,0,0,0,P,B,N,N,12,1,W FRONT ST,,,,13312109__,1.60,07,,01,06,02,01,06,01,05,01,5,FE,E,BROADMOOR DR,,,,40,35,24,,,N,,31282
2019133119MT43171,MONMOUTH,MIDDLETOWN TWP,12/20/2019,FR,1001,01,MIDDLETOWN PD,,0,0,0,0,P,B,N,N,01,2,TINDALL RD,,,,13312100__,.79,07,,01,04,02,01,01,01,05,01,800,FE,N,MERKEL DR,,,,40,25,26,,,N,,31332
2019133119MT43195,MONMOUTH,MIDDLETOWN TWP,12/20/2019,FR,1304,01,MIDDLETOWN PD,,0,0,0,0,P,B,N,N,02,2,NJ 35,S,35,,00000035__,39.01,02,,01,04,02,01,01,01,01,01,800,FE,S,CHERRY TREE LN / OLD COUNTRY RD,,,,50,25,26,,,N,,31332
2019133119MT43207,MONMOUTH,MIDDLETOWN TWP,12/20/2019,FR,1415,01,MIDDLETOWN PD,,0,0,0,0,P,B,N,N,01,2,MAIN ST **,N,,,13311839__,.42,07,,01,04,02,01,01,01,05,01,150,FE,N,ROUTE 516 / LENOARDVILLE RD,,,,35,40,26,,,N,,31330
2019133119MT43208,MONMOUTH,MIDDLETOWN TWP,12/20/2019,FR,1408,01,MIDDLETOWN PD,,0,0,0,0,P,I,N,N,03,2,NJ 35,N,35,,00000035__,35.71,02,,01,04,02,01,01,01,01,01,,AT,,CHAPEL HILL RD / OAK HILL RD,,,,50,35,26,,,N,,31240
2019133119MT43264,MONMOUTH,MIDDLETOWN TWP,12/20/2019,FR,2246,01,MIDDLETOWN PD,,0,0,0,0,P,B,N,N,01,2,HALF MILE RD,S,,,13312110__,.00,07,,01,04,02,01,06,01,05,01,20,FE,N,ROUTE 520 / NEWMAN SPRINGS RD,,,,35,50,26,,,N,,31362
2019133119MT43540,MONMOUTH,MIDDLETOWN TWP,12/22/2019,SU,1430,01,MIDDLETOWN PD,,0,0,0,0,P,B,N,N,06,2,MONMOUTH COUNTY 36,N,36,,13000036__,.50,05,,01,04,02,01,01,01,04,01,35,FE,N,NEPTUNE PL,,,,25,25,28,,,N,,31290
2019133119MT43603,MONMOUTH,MIDDLETOWN TWP,12/23/2019,MO,0601,01,MIDDLETOWN PD,,0,1,0,0,I,B,N,N,11,1,MONMOUTH COUNTY 12 A,E,12,A,13000012A_,4.31,05,,02,05,02,01,07,01,05,01,500,FE,S,CR 8 A / LOCUST POINT RD,,,,40,40,46,,,N,GUARDRAIL AND LANDSCAPE OF #936 NAVESINK RIVER RD.,31350
2019133119MT43610,MONMOUTH,MIDDLETOWN TWP,12/23/2019,MO,0818,01,MIDDLETOWN PD,,0,0,0,0,P,I,Y,N,07,2,MONMOUTH COUNTY 52,N,52,,13000052__,2.76,05,,03,04,02,01,01,01,05,01,,AT,,CR 12 / DWIGHT RD,,,,40,35,26,40.365930,74.119810,N,,31276
2019133119MT43620,MONMOUTH,MIDDLETOWN TWP,12/23/2019,MO,1024,01,MIDDLETOWN PD,,0,2,0,0,I,B,N,N,01,2,NJ 35,N,35,,00000035__,37.71,02,,01,04,02,01,01,01,01,01,5,FE,N,ROSEWOOD TER,,,,50,25,26,,,N,,
2019133119MT43632,MONMOUTH,MIDDLETOWN TWP,12/23/2019,MO,1150,01,MIDDLETOWN PD,,0,0,0,0,P,I,N,N,03,2,ROUTE 516,E,516,,00000516__,18.40,05,,01,04,02,01,01,01,05,01,,AT,,HOSFORD AVE,,,,40,35,26,,,N,,31314
2019133119MT43643,MONMOUTH,MIDDLETOWN TWP,12/23/2019,MO,1321,01,MIDDLETOWN PD,,0,0,0,0,P,B,N,N,03,2,MONMOUTH COUNTY 50,S,50,,13000050__,7.12,05,,01,04,02,01,01,01,05,01,200,FE,E,NJ 35,,,,35,50,26,,,N,,31333
2019133119MT43651,MONMOUTH,MIDDLETOWN TWP,12/23/2019,MO,1549,01,MIDDLETOWN PD,,0,0,0,0,P,B,N,N,11,1,W FRONT ST,E,,,13312109__,1.87,07,,01,04,02,01,01,01,05,01,30,FE,E,NORMANDY RD,,,,40,45,60,,,N,,31379
2019133119MT43743,MONMOUTH,MIDDLETOWN TWP,12/24/2019,TU,1203,01,MIDDLETOWN PD,,0,1,0,0,I,B,N,N,01,2,KINGS HWY,E,,,13312101__,.00,07,,01,04,02,01,01,01,05,01,20,FE,E,NJ 35,,,,40,50,26,,,N,,31383
2019133119MT43744,MONMOUTH,MIDDLETOWN TWP,12/24/2019,TU,1217,01,MIDDLETOWN PD,,0,0,0,0,P,B,N,N,11,1,MAXSON AVE,N,,,,,07,,01,04,02,01,01,01,05,01,100,FE,E,SWAN AVE,,,,25,25,56,,,N,MINOR DAMAGE TO TREE AT 30 SWAN,31314
2019133119MT43760,MONMOUTH,MIDDLETOWN TWP,12/24/2019,TU,1421,01,MIDDLETOWN PD,,0,0,0,0,P,B,N,N,03,2,NJ 35,N,35,,00000035__,37.33,02,,03,04,02,01,01,01,02,01,200,FE,,,T,TINDALL RD,,50,,26,,,N,,31333
2019133119MT43761,MONMOUTH,MIDDLETOWN TWP,12/24/2019,TU,1418,01,MIDDLETOWN PD,,0,0,0,0,P,B,N,N,03,2,ROUTE 516,W,516,,00000516__,14.36,05,,01,04,01,01,01,01,05,01,200,FE,N,NJ 35,,,,40,50,26,,,N,,31314
2019133119MT43909,MONMOUTH,MIDDLETOWN TWP,12/26/2019,TH,0855,01,MIDDLETOWN PD,,0,0,0,0,P,B,N,N,11,1,UNITY CT,,,,,,07,,01,04,02,01,01,01,05,01,1000,FE,S,GILLVILLE DR,,,,25,25,60,,,N,MINOR DAMAGE TO TREE,31339
2019133119MT43913,MONMOUTH,MIDDLETOWN TWP,12/26/2019,TH,0929,01,MIDDLETOWN PD,,0,0,0,0,P,B,N,N,03,2,ROUTE 520,W,520,,00000520__,14.37,05,,01,04,02,01,01,01,05,01,50,FE,W,ROMA CT,,,,40,25,26,,,N,,31341
2019133119MT43930,MONMOUTH,MIDDLETOWN TWP,12/26/2019,TH,1258,01,MIDDLETOWN PD,,0,0,0,0,P,B,N,N,01,2,NJ 35,S,35,,00000035__,39.43,02,,01,04,02,01,01,01,05,01,50,FE,N,,T,ROUTE 516,NB,50,,26,,,N,,31330
2019133119MT43938,MONMOUTH,MIDDLETOWN TWP,12/26/2019,TH,1435,01,MIDDLETOWN PD,,0,0,0,0,P,B,N,N,01,2,NJ 35,S,35,,00000035__,35.18,02,,01,04,02,01,01,01,01,01,200,FE,N,PINE ST,,,,50,25,26,,,N,,31339
2019133119MT43951,MONMOUTH,MIDDLETOWN TWP,12/26/2019,TH,1750,01,MIDDLETOWN PD,,0,2,0,0,I,I,N,N,03,2,ROUTE 516,E,516,,00000516__,18.40,05,,01,04,02,01,06,01,05,01,,AT,,HOSFORD AVE,,,,40,35,26,,,N,UTILITY POLE #VZ41323 FRONT LAWN OF 823 LEONARDVILLE ROAD,31372
2019133119MT43954,MONMOUTH,MIDDLETOWN TWP,12/26/2019,TH,1911,01,MIDDLETOWN PD,,0,0,0,0,P,B,N,N,11,1,ROUTE 516,E,516,,00000516__,16.04,05,,01,04,02,01,06,01,04,01,15,FE,N,CR 50 / NEW MONMOUTH RD / TINDALL R,,,,35,,56,,,N,LAWN OF 2 LEONARDVILLE RD HAS TIRE INDENTATIONS. JCP&L POLE JC7280MDT DAMAGED,31385
2019133119MT44039,MONMOUTH,MIDDLETOWN TWP,12/27/2019,FR,1240,01,MIDDLETOWN PD,,0,0,0,0,P,B,N,N,01,2,NJ 35,S,35,,00000035__,,02,,01,04,02,01,01,05,01,01,20,FE,S,KIMBERLY CT,,,,50,25,26,,,N,,31333
2019133119MT44157,MONMOUTH,MIDDLETOWN TWP,12/28/2019,SA,1542,01,MIDDLETOWN PD,,0,0,0,0,P,B,N,N,01,2,NJ 35,S,35,,00000035__,36.79,02,,01,04,02,01,01,01,01,01,25,FE,N,WOODLAND DR,,,,50,25,26,,,N,,31383
2019133119MT44185,MONMOUTH,MIDDLETOWN TWP,12/28/2019,SA,1937,01,MIDDLETOWN PD,,0,0,0,0,P,I,Y,N,01,2,MONMOUTH COUNTY 52,,52,,13000052__,4.64,05,,01,04,02,01,07,01,05,01,,AT,,STEVEN CT,,,,45,25,26,,,N,,31351
2019133119MT44231,MONMOUTH,MIDDLETOWN TWP,12/29/2019,SU,0154,01,MIDDLETOWN PD,,0,0,0,0,P,B,Y,N,11,1,NJ 35,N,35,,00000035__,36.79,02,,01,04,02,01,06,01,01,01,10,FE,S,WOODLAND DR,,,,50,35,50,,,N,"UTILITY POLE #BT84MDT AND """"NO TURNS"""" SIGN",31361
2019133119MT44274,MONMOUTH,MIDDLETOWN TWP,12/29/2019,SU,1541,01,MIDDLETOWN PD,,0,0,0,0,P,B,N,N,11,1,MURPHY RD,S,,,,,07,,01,04,02,02,01,01,05,01,100,FE,W,ELDRIDGE AVE,,,,35,25,56,,,N,VEHICLE STRUCK HOUSE 101 MURPHY RD,31379
2019133119MT44283,MONMOUTH,MIDDLETOWN TWP,12/29/2019,SU,1712,01,MIDDLETOWN PD,,0,0,0,0,P,B,N,N,06,2,BEACH AVE / LEONARD AVE / THOMPSON AVE,E,,,13312104__,.26,07,,01,04,02,02,05,02,05,01,100,FE,S,CENTER AVE,,,,35,25,28,,,N,,31379
2019133119MT44329,MONMOUTH,MIDDLETOWN TWP,12/30/2019,MO,0616,01,MIDDLETOWN PD,,0,2,0,0,I,B,N,N,02,2,MONMOUTH COUNTY 52,N,52,,13000052__,.99,05,,01,06,02,02,07,02,05,01,400,FE,S,STILLWELL RD / SUNNYSIDE RD,,,,40,25,26,,,N,,31348
2019133119MT44388,MONMOUTH,MIDDLETOWN TWP,12/30/2019,MO,1318,01,MIDDLETOWN PD,,0,0,0,0,P,B,N,N,01,2,W FRONT ST,E,,,13312109__,3.57,07,,01,04,02,02,01,02,05,01,50,FE,W,CR 12 / HUBBARD AVE,,,,35,35,26,,,N,,31278
2019133119MT44429,MONMOUTH,MIDDLETOWN TWP,12/30/2019,MO,1717,01,MIDDLETOWN PD,,0,0,0,0,P,B,N,N,08,2,FIRST AVE **,W,,,13311492__,.11,07,,01,04,02,02,07,02,05,01,150,FE,N,CENTRAL AVE,,,,25,25,28,,,N,,31385
2019133119MT44462,MONMOUTH,MIDDLETOWN TWP,12/31/2019,TU,0039,01,MIDDLETOWN PD,,0,1,0,0,I,B,Y,N,15,1,MONMOUTH COUNTY 12 A,S,12,A,13000012A_,1.34,05,,02,05,02,02,06,01,05,01,100,FE,N,PATTERSON LN,,,,40,25,39,,,N,RETAINING WALL OF 459 NAVESINK RIVER ROAD,31377
2019133119MT44495,MONMOUTH,MIDDLETOWN TWP,12/31/2019,TU,1046,01,MIDDLETOWN PD,,0,0,0,0,P,B,N,N,02,2,1005 STATE ROUTE 35,,,,,,09,,01,04,02,01,01,01,05,01,,,,MJS PIZZA BAR AND GRILL PARKING LT,,,,,,26,,,N,,31339
2019133119MT44499,MONMOUTH,MIDDLETOWN TWP,12/31/2019,TU,1115,01,MIDDLETOWN PD,,0,0,0,0,P,B,N,N,01,2,MAIN ST / MIDDLE RD,N,,,13182107__,1.02,07,,01,04,02,01,01,01,05,01,100,FE,W,HARMONY RD,,,,35,35,26,,,N,,31332
2019133119MT44516,MONMOUTH,MIDDLETOWN TWP,12/31/2019,TU,1335,01,MIDDLETOWN PD,,0,0,0,0,P,B,N,N,01,2,NJ 35,N,35,,00000035__,37.69,02,,01,04,02,01,01,01,01,01,100,FE,S,ROSEWOOD TER,,,,50,25,26,,,N,,31339
2019133119MT44531,MONMOUTH,MIDDLETOWN TWP,12/31/2019,TU,1548,01,MIDDLETOWN PD,,0,1,0,0,I,B,N,N,01,2,NJ 35,S,35,,00000035__,35.16,02,,01,04,02,01,01,05,01,01,100,FE,N,PINE ST,,,,50,25,26,,,N,,31373
2019133119MT44536,MONMOUTH,MIDDLETOWN TWP,12/31/2019,TU,1632,01,MIDDLETOWN PD,,0,0,0,0,P,B,N,N,07,2,MONMOUTH COUNTY 50,W,50,,13000050__,7.14,05,,01,04,02,01,01,01,05,01,300,FE,E,NJ 35,,,,35,50,26,,,N,,31378
2019133119MT44544,MONMOUTH,MIDDLETOWN TWP,12/31/2019,TU,1902,01,MIDDLETOWN PD,,0,0,0,0,P,I,N,N,07,2,MONMOUTH COUNTY 52,N,52,,13000052__,2.76,05,,03,04,02,01,06,01,05,01,,AT,,CR 12 / DWIGHT RD,,,,50,40,26,,,N,,31362
2019133119MY36695,MONMOUTH,MIDDLETOWN TWP,11/03/2019,SU,0943,01,MIDDLETOWN PD,,0,0,0,0,P,B,N,N,08,2,BURLINGTON AVE **,E,,,13311280__,.48,07,,01,04,02,01,01,01,05,01,50,FE,E,ONEIL AVE,,,,25,25,26,,,N,,31331
2019133119NC05720,MONMOUTH,MIDDLETOWN TWP,09/10/2019,TU,1257,99,BROOKDALE COLLEGE PD,,0,0,0,0,P,B,N,N,06,2,765 NEWMAN SPRING RDPARKING LOT 4,N,,,,,06,,01,04,02,01,01,01,05,,,,,,,,,15,,28,,,N,,56155
2019133119NC05903,MONMOUTH,MIDDLETOWN TWP,09/16/2019,MO,1419,99,BROOKDALE COLLEGE PD,,0,0,0,0,P,B,N,N,03,2,765 NEWMANSPRINGRDBCC/PARKING LOT 4,S,,,,,06,,01,05,02,01,01,01,05,01,,,,,,,,15,,26,40.330560,74.128730,N,,56148
2019133119T28901,MONMOUTH,MIDDLETOWN TWP,08/30/2019,FR,0544,01,MIDDLETOWN PD,,0,1,0,0,I,B,N,N,03,2,NJ 35,N,35,,00000035__,37.28,02,,01,06,02,01,01,01,02,01,250,FE,S,KINGS HWY WEST / TINDALL RD,,,,50,35,26,,,N,,31281
20191331E050-2019-00037A,MONMOUTH,MIDDLETOWN TWP,01/07/2019,MO,1758,02,NEW JERSEY STATE POLICE,HOLMDEL - SQUAD,0,0,0,0,P,B,N,N,02,2,GARDEN STATE PARKWAY,N,444,,00000444__,111.30,03,,01,04,02,01,05,01,01,01,,,,,,,,65,,26,40.347910,74.115150,N,,7576
20191331E050-2019-00045A,MONMOUTH,MIDDLETOWN TWP,01/08/2019,TU,1757,02,NEW JERSEY STATE POLICE,HOLMDEL - SQUAD,0,0,0,0,P,B,N,N,01,2,GARDEN STATE PARKWAY,N,444,,00000444__,113.50,03,,01,04,02,01,06,01,01,01,,,,,,,,65,,26,40.370250,74.143300,N,,7845
20191331E050-2019-00060A,MONMOUTH,MIDDLETOWN TWP,01/04/2019,FR,1754,02,NEW JERSEY STATE POLICE,HOLMDEL - SQUAD,0,0,0,0,P,B,N,N,01,2,GARDEN STATE PARKWAY,N,444,,00000444__,113.50,03,,01,04,02,01,01,01,01,01,,,,,,,,65,,26,40.370250,74.143300,N,,7448
20191331E050-2019-00066A,MONMOUTH,MIDDLETOWN TWP,01/10/2019,TH,1748,02,NEW JERSEY STATE POLICE,HOLMDEL - SQUAD,0,0,0,0,P,B,N,N,06,2,GARDEN STATE PARKWAY,N,444,,00000444__,110.00,03,,01,04,02,01,03,01,99,01,,,,,,,,15,,26,40.386550,74.177130,N,,7779
20191331E050-2019-00067A,MONMOUTH,MIDDLETOWN TWP,01/04/2019,FR,2244,02,NEW JERSEY STATE POLICE,HOLMDEL - SQUAD,0,1,0,0,I,B,N,N,11,1,GARDEN STATE PARKWAY,N,444,,00000444__,110.60,03,,01,04,02,01,05,01,01,01,,,,,,,,65,,46,40.342200,74.104700,N,NJTA - Metal Guardrail,7411
20191331E050-2019-00093A,MONMOUTH,MIDDLETOWN TWP,01/15/2019,TU,2148,02,NEW JERSEY STATE POLICE,HOLMDEL - SQUAD,0,0,0,0,P,B,N,N,12,1,GARDEN STATE PARKWAY,N,444,,00000444__,109.70,03,,01,04,02,01,05,01,01,01,,,,,,,,65,,24,40.330580,74.097880,N,,7453