Year(4)-CountyCode(2)-MunicipalityCode(2)-CaseNumber(9),County Name,Municipality Name,Crash Date,Crash Day of Week,Crash Time,Police Department Code,Police Department,Police Station,Total Killed,Total Injured,Pedestrians Killed,Pedestrians Injured,Severity,Intersection,Alcohol Involved,Hazmat Involved,Crash Type,Total Vehicles,Location,Location Direction,Route,Route Suffix,Std Rte Identifier,MilePost,Road System,Road Character,Road Horizontal Alignment,Road Grade,Road Surface Type,Surface Condition,Light Condition,Environmental Condition,Road Divided By,Temporary Traffic Control Zone,Distance To Cross Street,Unit Of Measurement,Direction From Cross Street,Cross Street Name,Is Ramp,Ramp To/From Route Name,Ramp To/From Route Direction,Posted Speed,Posted Speed Cross Street,First Harmful Event,Latitude,Longitude,Cell Phone In Use Flag,Other Property Damage,Reporting Badge No.
20191332C060-2019-00573A,MONMOUTH,MILLSTONE TWP,05/04/2019,SA,1026,02,NEW JERSEY STATE POLICE,HAMILTON-SUB -,0,0,0,0,P,B,N,N,11,1,COUNTRY STORE & DELI PARKING LOT 454 STATE 33,,,,,,09,,01,04,02,01,01,01,05,01,,,,,,,,,,54,40.258630,74.398230,N,ELECTRICAL EQUIPMENT  NICHOLAS MARAVELIAS 454 STATE HIGHT 33 MILLSTONE TWP.,8144
20191332C060-2019-00578A,MONMOUTH,MILLSTONE TWP,05/08/2019,WE,1754,02,NEW JERSEY STATE POLICE,HAMILTON-SUB -,0,0,0,0,P,B,N,N,01,3,NJ 33,E,33,,00000033__,18.94,02,,01,04,02,01,01,01,03,01,,,,,,,,50,,26,40.261920,74.434410,N,,8111
20191332C060-2019-00584A,MONMOUTH,MILLSTONE TWP,05/10/2019,FR,1839,02,NEW JERSEY STATE POLICE,HAMILTON-SUB -,0,0,0,0,P,B,N,N,08,2,18 SCHOOLHOUSE RD,N,,,,,08,,01,04,02,01,01,01,05,01,,,,,,,,10,,28,40.201500,74.429100,N,,8184
20191332C060-2019-00586A,MONMOUTH,MILLSTONE TWP,05/11/2019,SA,1526,02,NEW JERSEY STATE POLICE,HAMILTON-SUB -,0,0,0,0,P,B,N,N,01,2,PAINT ISLAND SPRING RD,E,,,13321038__,1.73,07,,01,04,02,01,01,01,05,01,10,FE,W,STILLHOUSE RD,,,,35,35,26,40.185310,74.399110,N,,8182
20191332C060-2019-00594A,MONMOUTH,MILLSTONE TWP,05/12/2019,SU,0032,02,NEW JERSEY STATE POLICE,HAMILTON-SUB -,0,0,0,0,P,B,Y,N,11,1,PINE DR **,,,,13321033__,.79,07,,03,04,02,02,05,02,05,01,,,,,T,MONMOUTH RD,,50,,60,40.259640,74.259640,N,,8165
20191332C060-2019-00610A,MONMOUTH,MILLSTONE TWP,05/13/2019,MO,1654,02,NEW JERSEY STATE POLICE,HAMILTON-SUB -,0,0,0,0,P,B,N,N,11,1,MILLSTONE RD,N,,,13321017__,4.55,07,,02,05,02,02,01,02,05,01,,,S,CLARKSBURG RD,,,,25,35,52,40.200170,74.427780,N,JCP&L Utility Pole #JC1929 ME,8113
20191332C060-2019-00611A,MONMOUTH,MILLSTONE TWP,05/13/2019,MO,2059,02,NEW JERSEY STATE POLICE,HAMILTON-SUB -,0,0,0,0,P,B,N,N,15,2,I-195,W,195,,00000195__,14.60,01,,01,04,02,01,05,01,03,01,,,,,,,,65,,30,40.173430,74.459470,N,Guard Rail - NJ DOT PO BOX 600  Trenton  NJ 08625,8194
20191332C060-2019-00612A,MONMOUTH,MILLSTONE TWP,05/13/2019,MO,1907,02,NEW JERSEY STATE POLICE,HAMILTON-SUB -,0,0,0,0,P,B,N,N,11,1,ROUTE 571,W,571,,00000571__,26.91,05,,01,05,02,02,01,02,05,01,,,N,AGRESS RD,,,,25,35,52,40.343980,74.789320,N,JCP&L UTILITY POLE# JC743ME,8144
20191332C060-2019-00614A,MONMOUTH,MILLSTONE TWP,05/14/2019,TU,0815,02,NEW JERSEY STATE POLICE,HAMILTON-SUB -,0,0,0,0,P,B,N,N,01,3,I-195,W,195,,00000195__,16.00,01,,01,04,02,01,01,01,03,01,,,,,,,,65,,26,40.159240,74.420280,N,,8111
20191332C060-2019-00619A,MONMOUTH,MILLSTONE TWP,05/15/2019,WE,0901,02,NEW JERSEY STATE POLICE,HAMILTON-SUB -,0,0,0,0,P,B,N,N,01,2,NJ 33,E,33,,00000033__,21.10,02,,01,04,02,01,01,01,03,01,,,,,,,,50,,26,40.258250,74.397280,N,,7727
20191332C060-2019-00624A,MONMOUTH,MILLSTONE TWP,05/16/2019,TH,1908,02,NEW JERSEY STATE POLICE,HAMILTON-SUB -,0,0,0,0,P,B,N,N,11,1,NJ 33,W,33,,00000033__,20.00,02,,01,04,02,01,01,01,05,01,,,,,T,MONMOUTH RD,,55,,52,40.261890,74.416510,N,JCPL POLE # 217,8165
20191332C060-2019-00626A,MONMOUTH,MILLSTONE TWP,05/16/2019,TH,1908,02,NEW JERSEY STATE POLICE,HAMILTON-SUB -,0,0,0,0,P,B,N,N,15,1,NJ 33,W,33,,00000033__,20.00,02,,01,04,02,01,03,01,05,01,,,,,,,,55,,39,40.261890,74.416510,N,,8249
20191332C060-2019-00627A,MONMOUTH,MILLSTONE TWP,05/17/2019,FR,0024,02,NEW JERSEY STATE POLICE,HAMILTON-SUB -,0,0,0,0,P,B,N,N,11,1,PRODELIN WAY **,S,,,13321009__,.00,07,,01,04,02,01,06,01,05,01,,,E,CR 1 / BAIRD RD,,,,25,25,52,40.238430,74.444100,N,"Utility Pole labeled ""JC2359ME""",8247
20191332C060-2019-00629A,MONMOUTH,MILLSTONE TWP,05/17/2019,FR,0923,02,NEW JERSEY STATE POLICE,HAMILTON-SUB -,0,0,0,0,P,B,N,N,12,1,NJ 33,W,33,,00000033__,18.94,02,,01,04,02,01,01,01,03,01,,,,,,,,45,,24,40.261730,74.436230,N,,8111
20191332C060-2019-00631A,MONMOUTH,MILLSTONE TWP,05/17/2019,FR,1718,02,NEW JERSEY STATE POLICE,HAMILTON-SUB -,0,0,0,0,P,B,N,N,02,2,I-195,E,195,,00000195__,16.30,01,,01,04,02,01,01,01,03,01,,,,,,,,65,,26,40.161070,74.427450,N,,8144
20191332C060-2019-00638A,MONMOUTH,MILLSTONE TWP,05/19/2019,SU,1423,02,NEW JERSEY STATE POLICE,HAMILTON-SUB -,0,1,0,0,I,B,N,N,11,1,ROUTE 571,N,571,,00000571__,24.40,07,,01,04,02,01,01,01,05,01,,,,,,,,40,,26,40.174070,74.422980,N,JCP&L POLE #JC158ME 300 MADISON AVE  MORRISTOWN  NJ 07960,7997
20191332C060-2019-00639A,MONMOUTH,MILLSTONE TWP,05/19/2019,SU,1707,02,NEW JERSEY STATE POLICE,HAMILTON-SUB -,0,0,0,0,P,B,N,N,01,2,NJ 33,W,33,,00000033__,20.40,02,,02,04,02,01,01,01,03,01,,,,DUGANS GROVE RD,,,,55,25,26,40.260640,74.409570,N,,8141
20191332C060-2019-00646A,MONMOUTH,MILLSTONE TWP,05/20/2019,MO,0927,02,NEW JERSEY STATE POLICE,HAMILTON-SUB -,0,1,0,0,I,B,N,N,03,2,ROUTE 571,S,571,,00000571__,25.63,07,,01,04,02,01,01,01,05,01,,,,ROUTE 524 / CLARKSBURG RD / PAINT I,,,,55,50,26,40.201520,74.429110,N,,8249
20191332C060-2019-00655A,MONMOUTH,MILLSTONE TWP,05/22/2019,WE,0727,02,NEW JERSEY STATE POLICE,HAMILTON-SUB -,0,0,0,0,P,B,N,N,02,3,I-195,W,195,,00000195__,15.00,01,,01,04,02,01,01,01,03,01,,,,,,,,65,,26,40.172710,74.452210,N,,8187
20191332C060-2019-00661A,MONMOUTH,MILLSTONE TWP,05/22/2019,WE,0652,02,NEW JERSEY STATE POLICE,HAMILTON-SUB -,0,0,0,0,P,B,N,N,03,2,NJ 33,W,33,,00000033__,20.30,02,,01,04,02,01,01,01,05,01,,,,DUGANS GROVE RD,,,,55,40,26,40.260230,74.407290,N,,8117
20191332C060-2019-00666A,MONMOUTH,MILLSTONE TWP,05/23/2019,TH,1629,02,NEW JERSEY STATE POLICE,HAMILTON-SUB -,0,0,0,0,P,B,N,N,01,2,NJ 33,E,33,,00000033__,21.00,02,,01,04,02,02,01,01,03,01,,,,,,,,45,,26,40.258540,74.399100,N,,7469
20191332C060-2019-00676A,MONMOUTH,MILLSTONE TWP,05/24/2019,FR,1755,02,NEW JERSEY STATE POLICE,HAMILTON-SUB -,0,0,0,0,P,I,N,N,03,2,ROUTE 571,S,571,,00000571__,26.73,05,,01,04,02,01,01,01,05,01,,AT,,ROUTE 524,,,,55,50,26,40.190880,74.430320,N,,8252
20191332C060-2019-00678A,MONMOUTH,MILLSTONE TWP,05/26/2019,SU,0134,02,NEW JERSEY STATE POLICE,HAMILTON-SUB -,0,0,0,0,P,B,N,N,11,1,ROUTE 524,W,524,,00000524__,14.30,05,,01,04,02,01,05,01,05,01,,,E,EPHRIAM RD,,,,50,35,61,40.204520,74.362850,N,Mailbox located at 523 Stagecoach Rd  Utility pole JC2288,8182
20191332C060-2019-00681A,MONMOUTH,MILLSTONE TWP,05/26/2019,SU,1112,02,NEW JERSEY STATE POLICE,HAMILTON-SUB -,0,0,0,0,P,B,N,N,05,2,PINE DR,S,,,,,09,,01,04,01,01,01,01,05,01,,,,WAWA PARKING LOT,,,,35,,26,40.157500,74.429420,N,,8249
20191332C060-2019-00686A,MONMOUTH,MILLSTONE TWP,05/26/2019,SU,1941,02,NEW JERSEY STATE POLICE,HAMILTON-SUB -,0,1,0,0,I,B,N,N,03,2,ROUTE 524,W,524,,00000524__,18.10,05,,01,04,02,01,01,01,05,01,,,,STILLHOUSE RD,,,,50,35,26,40.200660,74.392280,N,,8252
20191332C060-2019-00687A,MONMOUTH,MILLSTONE TWP,05/26/2019,SU,2248,02,NEW JERSEY STATE POLICE,HAMILTON-SUB -,0,0,0,0,P,B,N,N,04,2,ROUTE 537,E,537,,00000537__,41.90,05,,01,04,02,02,06,02,04,01,,,,,,,,35,,26,40.987170,74.177870,N,,8182
20191332C060-2019-00689A,MONMOUTH,MILLSTONE TWP,05/27/2019,MO,1028,02,NEW JERSEY STATE POLICE,HAMILTON-SUB -,0,0,0,0,P,B,N,N,01,2,SCHOOLHOUSE RD **,E,,,13321045__,.74,07,,01,06,01,01,01,01,05,01,,,E,ANDERSON RD,,,,25,25,26,40.206580,74.427560,N,,8237
20191332C060-2019-00706A,MONMOUTH,MILLSTONE TWP,05/30/2019,TH,1952,02,NEW JERSEY STATE POLICE,HAMILTON-SUB -,0,0,0,0,P,B,N,N,04,2,ROUTE 527,N,527,,00000527__,24.30,05,,01,05,02,02,03,01,05,01,,,,,,,,35,,26,40.874850,74.658420,N,,8182
20191332C060-2019-00708A,MONMOUTH,MILLSTONE TWP,05/31/2019,FR,2050,02,NEW JERSEY STATE POLICE,HAMILTON-SUB -,0,1,0,0,I,B,Y,N,01,2,NJ 33,W,33,,00000033__,20.50,02,,01,04,02,01,06,01,03,01,,,,,,,,50,,26,40.261050,74.411360,N,,7982
20191332C060-2019-00712A,MONMOUTH,MILLSTONE TWP,06/01/2019,SA,1734,02,NEW JERSEY STATE POLICE,HAMILTON-SUB -,0,2,0,0,I,B,N,N,01,2,ROUTE 537,W,537,,00000537__,42.17,05,,01,04,02,01,01,01,05,01,200,FE,W,ROUTE 526 / TRENTON-LAKEWOOD RD,,,,50,25,26,40.164790,74.418930,N,,8198
20191332C060-2019-00714A,MONMOUTH,MILLSTONE TWP,06/02/2019,SU,1252,02,NEW JERSEY STATE POLICE,HAMILTON-SUB -,0,1,0,0,I,I,N,N,03,2,ROUTE 524,E,524,,00000524__,16.54,05,,01,04,02,01,01,01,05,01,,AT,E,SCHOOL HOUSE LN,,,,35,25,26,40.201990,74.392410,N,,8237
20191332C060-2019-00716A,MONMOUTH,MILLSTONE TWP,06/02/2019,SU,1717,02,NEW JERSEY STATE POLICE,HAMILTON-SUB -,0,0,0,0,P,I,Y,N,11,1,ROUTE 524,W,524,,00000524__,16.54,05,,02,04,02,01,01,01,04,01,,AT,W,SCHOOL HOUSE LN,,,,50,35,60,40.196780,74.407470,N,OBSERVED DAMAGE TO LIGHT POST  SHRUBS  AND TREE.,8088
20191332C060-2019-00719A,MONMOUTH,MILLSTONE TWP,06/02/2019,SU,1933,02,NEW JERSEY STATE POLICE,HAMILTON-SUB -,0,0,0,0,P,B,N,N,01,2,ROUTE 537,W,537,,00000537__,42.00,05,,01,04,02,02,03,02,05,01,,,,,,,,50,,26,40.163300,74.417580,N,,8111
20191332C060-2019-00725A,MONMOUTH,MILLSTONE TWP,06/03/2019,MO,1116,02,NEW JERSEY STATE POLICE,HAMILTON-SUB -,0,1,0,0,I,B,N,N,11,1,STILLHOUSE RD **,N,,,13321020__,.61,07,,01,05,02,01,01,01,05,01,300,FE,N,PINEHILL RD,,,,35,35,52,40.229510,74.402170,N,UTILITY POLE JC852,8182
20191332C060-2019-00734A,MONMOUTH,MILLSTONE TWP,06/06/2019,TH,1223,02,NEW JERSEY STATE POLICE,HAMILTON-SUB -,0,0,0,0,P,B,N,N,08,2,ROUTE 537,E,537,,00000537__,,05,,01,04,02,01,01,01,05,01,,,,,,,,15,,26,40.165360,74.416720,N,,8014
20191332C060-2019-00737A,MONMOUTH,MILLSTONE TWP,06/06/2019,TH,2011,02,NEW JERSEY STATE POLICE,HAMILTON-SUB -,0,0,0,0,P,B,N,N,12,1,ROUTE 524,W,524,,00000524__,16.63,05,,01,04,02,01,05,01,04,01,500,FE,E,SCHOOL HOUSE LN,,,,30,,24,40.467280,74.603820,N,,8206
20191332C060-2019-00739A,MONMOUTH,MILLSTONE TWP,06/07/2019,FR,0800,02,NEW JERSEY STATE POLICE,HAMILTON-SUB -,0,2,0,0,I,I,N,N,03,2,ROUTE 537,W,537,,00000537__,41.84,05,,01,04,02,01,01,01,05,01,,AT,,BURNT TAVERN ANDERSON RD,,,,50,35,26,40.161860,74.421700,N,,7982
20191332C060-2019-00742A,MONMOUTH,MILLSTONE TWP,06/07/2019,FR,1712,02,NEW JERSEY STATE POLICE,HAMILTON-SUB -,0,2,0,0,I,I,N,N,01,2,NJ 33,E,33,,00000033__,20.84,02,,01,04,02,01,01,01,03,01,,AT,,CONOVER RD,,,,,25,26,40.259060,74.400860,N,,8168
20191332C060-2019-00745A,MONMOUTH,MILLSTONE TWP,06/08/2019,SA,1430,02,NEW JERSEY STATE POLICE,HAMILTON-SUB -,0,0,0,0,P,B,N,N,01,2,ROUTE 537,W,537,,00000537__,41.50,05,,01,04,02,01,01,01,01,01,,,,,,,,50,,26,40.157700,74.427700,N,,7667
20191332C060-2019-00747A,MONMOUTH,MILLSTONE TWP,06/08/2019,SA,1644,02,NEW JERSEY STATE POLICE,HAMILTON-SUB -,0,0,0,0,P,B,N,N,11,1,ROUTE 524,S,524,,00000524__,14.99,05,,01,04,02,01,01,01,05,01,400,FE,S,MERCY MT WAY,,,,40,25,52,40.204520,74.362850,N,Damage to pole #203227. Township notified.,8249
20191332C060-2019-00769A,MONMOUTH,MILLSTONE TWP,06/11/2019,TU,1606,02,NEW JERSEY STATE POLICE,HAMILTON-SUB -,0,0,0,0,P,B,N,N,12,1,SMITHBURG RD,N,,,,,07,,01,04,02,01,01,01,05,01,,,N,GRANVIEW LANE,,,,,25,24,40.238430,74.377570,N,,7738
20191332C060-2019-00774A,MONMOUTH,MILLSTONE TWP,06/12/2019,WE,1758,02,NEW JERSEY STATE POLICE,HAMILTON-SUB -,0,0,0,0,P,B,N,N,01,2,NJ 33,E,33,,00000033__,20.50,02,,01,04,02,01,03,01,01,01,,,,,,,,55,,26,40.259670,74.405740,N,,8247
20191332C060-2019-00783A,MONMOUTH,MILLSTONE TWP,06/13/2019,TH,2130,02,NEW JERSEY STATE POLICE,HAMILTON-SUB -,0,0,0,0,P,B,N,N,11,1,I-195,E,195,,00000195__,16.20,01,,01,04,02,02,05,02,03,01,,,,,,,,65,,60,40.162920,74.433210,N,,8184
20191332C060-2019-00792A,MONMOUTH,MILLSTONE TWP,06/15/2019,SA,1701,02,NEW JERSEY STATE POLICE,HAMILTON-SUB -,0,0,0,0,P,B,N,N,08,2,MONMOUTH RD,S,,,,,07,,01,04,02,01,01,01,05,01,,,,,,,,5,,26,39.468590,74.465460,N,,8144
20191332C060-2019-00793A,MONMOUTH,MILLSTONE TWP,06/15/2019,SA,1807,02,NEW JERSEY STATE POLICE,HAMILTON-SUB -,0,0,0,0,P,B,N,N,11,1,PRODELIN WY,N,,,,,07,,01,04,02,01,01,01,05,01,,,S,RIKE DRIVE,,,,45,25,52,40.243470,74.441750,N,JCP&L UTILITY POLE#208,8144
20191332C060-2019-00795A,MONMOUTH,MILLSTONE TWP,06/16/2019,SU,,02,NEW JERSEY STATE POLICE,HAMILTON-SUB -,0,0,0,0,P,B,N,N,12,1,I-195,W,195,,00000195__,14.20,01,,01,04,01,01,05,01,01,01,,,,,,,,65,,24,40.174910,74.467070,N,,8237
20191332C060-2019-00796A,MONMOUTH,MILLSTONE TWP,06/15/2019,SA,1103,02,NEW JERSEY STATE POLICE,HAMILTON-SUB -,0,0,0,0,P,B,N,N,11,1,ROUTE 526,W,526,,00000526__,19.50,05,,01,04,02,01,01,01,05,01,,,,,,,,50,,52,40.171920,74.440360,N,,8037
20191332C060-2019-00801A,MONMOUTH,MILLSTONE TWP,06/16/2019,SU,1932,02,NEW JERSEY STATE POLICE,HAMILTON-SUB -,0,0,0,0,P,B,N,N,01,2,ROUTE 537,E,537,,00000537__,41.60,05,,01,05,01,02,01,01,05,01,,,,,,,,40,,26,40.160520,74.423580,N,,8237
20191332C060-2019-00818A,MONMOUTH,MILLSTONE TWP,06/18/2019,TU,2126,02,NEW JERSEY STATE POLICE,HAMILTON-SUB -,0,0,0,0,P,I,N,N,11,1,MILLSTONE RD,N,,,13321017__,5.57,07,,01,04,02,02,05,02,05,01,,AT,N,ROUTE 524 / PAINT ISLAND SPRING RD,,,,45,45,59,40.192820,74.430450,N,,7982
20191332C060-2019-00837A,MONMOUTH,MILLSTONE TWP,06/20/2019,TH,1625,02,NEW JERSEY STATE POLICE,HAMILTON-SUB -,0,1,0,0,I,B,N,N,99,1,MONMOUTH COUNTY 1,E,1,,13000001__,3.44,05,,01,04,02,02,01,01,04,01,1500,FE,E,EMORY CT,,,,,25,12,40.225210,74.423570,N,,8014
20191332C060-2019-00848A,MONMOUTH,MILLSTONE TWP,06/23/2019,SU,0228,02,NEW JERSEY STATE POLICE,HAMILTON-SUB -,0,0,0,0,P,B,N,N,11,1,ROUTE 537,N,537,,00000537__,42.80,05,,01,04,02,01,06,01,05,01,,,,,,,,50,,60,40.695190,75.486910,N,,8182
20191332C060-2019-00850A,MONMOUTH,MILLSTONE TWP,06/23/2019,SU,2042,02,NEW JERSEY STATE POLICE,HAMILTON-SUB -,0,0,0,0,P,B,N,N,01,2,ROUTE 537,W,537,,00000537__,40.40,05,,01,04,02,01,06,01,01,01,,,,,,,,50,,26,40.157210,74.428570,N,,8182
20191332C060-2019-00862A,MONMOUTH,MILLSTONE TWP,06/25/2019,TU,1549,02,NEW JERSEY STATE POLICE,HAMILTON-SUB -,0,0,0,0,P,B,N,N,01,2,ROUTE 537,E,537,,00000537__,41.60,05,,01,04,01,01,01,01,05,01,,,,,,,,50,,26,,,N,,8141
20191332C060-2019-00865A,MONMOUTH,MILLSTONE TWP,06/26/2019,WE,0749,02,NEW JERSEY STATE POLICE,HAMILTON-SUB -,0,0,0,0,P,B,N,N,01,2,NJ 33,W,33,,00000033__,19.50,02,,01,04,02,01,01,01,01,02,,,,,,,,45,,26,40.262620,74.425940,N,,8247
20191332C060-2019-00894A,MONMOUTH,MILLSTONE TWP,06/29/2019,SA,0837,02,NEW JERSEY STATE POLICE,HAMILTON-SUB -,0,0,0,0,P,I,N,N,03,2,ROUTE 537,W,537,,00000537__,41.84,05,,01,04,02,01,01,01,05,01,,AT,W,BURNT TAVERN ANDERSON RD,,,,50,25,26,40.161860,74.421710,Y,,8237
20191332C060-2019-00897A,MONMOUTH,MILLSTONE TWP,06/28/2019,FR,1154,02,NEW JERSEY STATE POLICE,HAMILTON-SUB -,0,0,0,0,P,B,N,N,11,1,DISBROW HILL RD,E,,,13321007__,1.01,07,,01,04,02,02,01,02,04,01,50,FE,W,BATTLEGROUND RD,,,,30,30,57,40.252570,74.470360,N,,8113
20191332C060-2019-00899A,MONMOUTH,MILLSTONE TWP,06/30/2019,SU,1238,02,NEW JERSEY STATE POLICE,HAMILTON-SUB -,0,0,0,0,P,B,N,N,01,3,ROUTE 537,W,537,,00000537__,42.30,05,,01,04,02,01,01,01,05,01,,,,,,,,50,,26,40.167000,74.414390,N,,7738
20191332C060-2019-00900A,MONMOUTH,MILLSTONE TWP,06/30/2019,SU,1526,02,NEW JERSEY STATE POLICE,HAMILTON-SUB -,0,3,0,0,I,I,N,N,03,2,ROUTE 524,W,524,,00000524__,15.84,05,,01,04,02,01,01,01,05,01,,AT,,ROUTE 571/PAINT ISLAND/PERRINEVILLE,,,,,45,26,,,N,,8141
20191332C060-2019-00908A,MONMOUTH,MILLSTONE TWP,07/01/2019,MO,0826,02,NEW JERSEY STATE POLICE,HAMILTON-SUB -,0,2,0,0,I,B,N,N,02,2,ROUTE 537,W,537,,00000537__,45.00,05,,01,04,02,01,01,01,05,01,,,,CANDLELIGHT DR / MINERAL SPRINGS RD,,,,50,25,26,40.192830,74.377640,N,,8252
20191332C060-2019-00912A,MONMOUTH,MILLSTONE TWP,07/02/2019,TU,1755,02,NEW JERSEY STATE POLICE,HAMILTON-SUB -,0,0,0,0,P,B,N,N,01,2,WOODVILLE RD,S,,,,,07,,01,04,02,01,03,01,05,01,,,N,RIFKIN COURT,,,,50,25,26,40.219910,74.361700,N,,8168
20191332C060-2019-00922A,MONMOUTH,MILLSTONE TWP,07/04/2019,TH,1038,02,NEW JERSEY STATE POLICE,HAMILTON-SUB -,0,1,0,0,I,B,N,N,01,2,NJ 33,W,33,,00000033__,19.78,02,,01,04,02,01,01,01,03,01,,,,MILLSTONE RD,,,,55,25,26,40.262190,74.420380,N,,8194
20191332C060-2019-00924A,MONMOUTH,MILLSTONE TWP,07/04/2019,TH,2145,02,NEW JERSEY STATE POLICE,HAMILTON-SUB -,0,1,0,0,I,B,N,N,07,2,ROUTE 537,W,537,,00000537__,39.52,05,,01,04,02,01,06,01,05,01,,,,ROUTE 526 / TRENTON-LAKEWOOD RD,,,,50,50,26,40.165660,74.416300,N,,8117
20191332C060-2019-00930A,MONMOUTH,MILLSTONE TWP,06/27/2019,TH,0454,02,NEW JERSEY STATE POLICE,HAMILTON-SUB -,0,0,0,0,P,B,N,N,12,1,I-195,E,195,,00000195__,15.00,01,,01,04,02,01,02,01,03,01,,,,,,,,65,,24,40.157420,74.429460,N,,8249
20191332C060-2019-00931A,MONMOUTH,MILLSTONE TWP,07/06/2019,SA,1140,02,NEW JERSEY STATE POLICE,HAMILTON-SUB -,0,5,0,0,I,B,N,N,02,3,NJ 33,E,33,,00000033__,19.79,02,,01,04,02,01,01,01,03,01,10,FE,W,MILLSTONE RD,,,,,40,26,40.262200,74.420390,N,,8184
20191332C060-2019-00935A,MONMOUTH,MILLSTONE TWP,07/06/2019,SA,1827,02,NEW JERSEY STATE POLICE,HAMILTON-SUB -,0,0,0,0,P,I,N,N,03,2,ROUTE 537,E,537,,00000537__,41.84,05,,01,04,02,01,01,01,05,01,,AT,,BURNT TAVERN ANDERSON RD,,,,,25,26,40.161850,74.421740,N,,8247
20191332C060-2019-00936A,MONMOUTH,MILLSTONE TWP,07/07/2019,SU,1206,02,NEW JERSEY STATE POLICE,HAMILTON-SUB -,0,0,0,0,P,B,N,N,01,2,ROUTE 537,W,537,,00000537__,40.80,05,,01,04,02,01,01,01,01,01,,,,,,,,50,,26,,,N,,8141
20191332C060-2019-00940A,MONMOUTH,MILLSTONE TWP,07/08/2019,MO,1022,02,NEW JERSEY STATE POLICE,HAMILTON-SUB -,0,1,0,0,I,B,N,N,01,2,BURNT TAVERN RD **,E,,,13321026__,.04,07,,01,05,02,01,01,01,05,01,200,FE,W,ROUTE 537 / MONMOUTH RD,,,,25,50,26,40.161780,74.421840,N,,8035
20191332C060-2019-00947A,MONMOUTH,MILLSTONE TWP,07/09/2019,TU,2241,02,NEW JERSEY STATE POLICE,HAMILTON-SUB -,0,0,0,0,P,B,N,N,12,1,NJ 33,E,33,,00000033__,,02,,01,04,02,01,05,01,04,01,,,,,,,,,,24,40.201590,74.748270,N,,8144
20191332C060-2019-00963A,MONMOUTH,MILLSTONE TWP,06/27/2019,TH,1939,02,NEW JERSEY STATE POLICE,HAMILTON-SUB -,0,0,0,0,P,B,N,N,03,2,ROUTE 524,W,524,,00000524__,16.40,05,,01,04,02,01,01,01,05,01,,,,ROUTE 571 / RISING SUN TAVERN RD,,,,40,50,26,40.168540,74.612600,N,,8241
20191332C060-2019-00978A,MONMOUTH,MILLSTONE TWP,07/15/2019,MO,1338,02,NEW JERSEY STATE POLICE,HAMILTON-SUB -,0,0,0,0,P,B,N,N,08,2,548 MONMOUTH RD,E,,,,,09,,01,04,02,01,01,01,05,01,,,,,,,,,,26,40.157650,74.429940,N,,8168
20191332C060-2019-01010A,MONMOUTH,MILLSTONE TWP,07/20/2019,SA,0927,02,NEW JERSEY STATE POLICE,HAMILTON-SUB -,0,0,0,0,P,I,N,N,01,2,I-195,E,195,,00000195__,16.71,01,,01,04,02,01,01,01,05,01,,AT,,ROUTE 537 / MONMOUTH RD,,,WB,65,50,26,40.352640,74.986520,N,,8165
20191332C060-2019-01021A,MONMOUTH,MILLSTONE TWP,07/22/2019,MO,1950,02,NEW JERSEY STATE POLICE,HAMILTON-SUB -,0,1,0,0,I,B,N,N,11,1,BATTLEGROUND RD **,S,,,13321006__,,07,,01,04,02,02,03,02,05,01,,,N,PERRINEVILLE RD.,,,,35,50,60,40.239800,74.470500,N,,6399
20191332C060-2019-01022A,MONMOUTH,MILLSTONE TWP,07/22/2019,MO,1910,02,NEW JERSEY STATE POLICE,HAMILTON-SUB -,0,0,0,0,P,B,N,N,11,1,ROUTE 537,W,537,,00000537__,43.50,05,,01,04,02,02,01,02,05,01,,,,,,,,55,,60,40.161880,74.417590,N,,7865
20191332C060-2019-01023A,MONMOUTH,MILLSTONE TWP,07/22/2019,MO,1925,02,NEW JERSEY STATE POLICE,HAMILTON-SUB -,0,0,0,0,P,B,N,N,15,1,RISING SUN TAVERN RD,E,,,,,07,,01,04,02,02,03,02,05,01,,,E,SPRUCE LANE,,,,45,25,39,40.208220,74.461980,N,,8194