Year(4)-CountyCode(2)-MunicipalityCode(2)-CaseNumber(9),County Name,Municipality Name,Crash Date,Crash Day of Week,Crash Time,Police Department Code,Police Department,Police Station,Total Killed,Total Injured,Pedestrians Killed,Pedestrians Injured,Severity,Intersection,Alcohol Involved,Hazmat Involved,Crash Type,Total Vehicles,Location,Location Direction,Route,Route Suffix,Std Rte Identifier,MilePost,Road System,Road Character,Road Horizontal Alignment,Road Grade,Road Surface Type,Surface Condition,Light Condition,Environmental Condition,Road Divided By,Temporary Traffic Control Zone,Distance To Cross Street,Unit Of Measurement,Direction From Cross Street,Cross Street Name,Is Ramp,Ramp To/From Route Name,Ramp To/From Route Direction,Posted Speed,Posted Speed Cross Street,First Harmful Event,Latitude,Longitude,Cell Phone In Use Flag,Other Property Damage,Reporting Badge No.
20191332C060-2019-01026A,MONMOUTH,MILLSTONE TWP,07/22/2019,MO,2014,02,NEW JERSEY STATE POLICE,HAMILTON-SUB -,0,0,0,0,P,B,N,N,11,1,DUGANS GROVE RD **,S,,,13321012__,.02,07,,01,04,02,02,06,02,05,01,100,FE,N,NJ 33,,,,25,55,60,40.263490,74.406280,N,,7865
20191332C060-2019-01028A,MONMOUTH,MILLSTONE TWP,07/23/2019,TU,1023,02,NEW JERSEY STATE POLICE,HAMILTON-SUB -,0,0,0,0,P,B,N,N,11,1,I-195,E,195,,00000195__,16.00,01,,03,04,02,01,01,01,03,01,,,,,,,,35,,56,40.161070,74.427450,N,20 FEET OF FENCING,8144
20191332C060-2019-01030A,MONMOUTH,MILLSTONE TWP,07/23/2019,TU,2130,02,NEW JERSEY STATE POLICE,HAMILTON-SUB -,0,1,0,0,I,B,N,N,02,2,CARRS TAVERN RD,E,,,13321035__,1.37,07,,01,04,02,01,05,01,05,01,1056,FE,E,ROUTE 571 / MILLSTONE RD,,,,25,45,26,40.178030,74.420800,N,,8194
20191332C060-2019-01038A,MONMOUTH,MILLSTONE TWP,07/24/2019,WE,1712,02,NEW JERSEY STATE POLICE,HAMILTON-SUB -,0,0,0,0,P,B,N,N,01,2,ROUTE 537,S,537,,00000537__,40.50,05,,03,04,02,01,01,01,05,01,,,,,,,,45,,26,40.149710,74.538240,N,,8252
20191332C060-2019-01057A,MONMOUTH,MILLSTONE TWP,07/27/2019,SA,1220,02,NEW JERSEY STATE POLICE,HAMILTON-SUB -,0,0,0,0,P,B,N,N,01,2,ROUTE 524,N,524,,00000524__,20.00,05,,01,04,02,01,01,01,05,01,,,,MERCY MT WAY,,,,40,35,26,,,N,,8141
20191332C060-2019-01059A,MONMOUTH,MILLSTONE TWP,07/26/2019,FR,1643,02,NEW JERSEY STATE POLICE,HAMILTON-SUB -,0,1,0,0,I,B,N,N,01,2,NJ 33,W,33,,00000033__,20.50,02,,01,04,02,01,01,01,03,01,,,,,,,,55,,26,40.260110,74.408180,N,,8194
20191332C060-2019-01068A,MONMOUTH,MILLSTONE TWP,07/29/2019,MO,0641,02,NEW JERSEY STATE POLICE,HAMILTON-SUB -,0,1,0,0,I,B,N,N,11,1,ROUTE 571,N,571,,00000571__,24.55,07,,02,04,02,01,01,01,05,01,,,S,CARRS TAVERN RD,,,,,25,60,40.175600,74.424300,N,Minor damage to tree,8041
20191332C060-2019-01069A,MONMOUTH,MILLSTONE TWP,07/29/2019,MO,0748,02,NEW JERSEY STATE POLICE,HAMILTON-SUB -,0,0,0,0,P,B,N,N,01,2,NJ 33,W,33,,00000033__,20.10,02,,01,04,02,01,01,01,03,01,,,,,,,,50,,26,40.261690,74.414610,N,,8192
20191332C060-2019-01073A,MONMOUTH,MILLSTONE TWP,07/30/2019,TU,2015,02,NEW JERSEY STATE POLICE,HAMILTON-SUB -,0,1,0,0,I,B,Y,N,11,1,MILLSTONE RD,W,,,13321017__,4.45,07,,01,04,02,01,01,01,05,01,50,FE,N,SCHOOLHOUSE RD,,,,40,40,52,40.206690,74.428400,N,Utility Pole (unable to obtain pole number due to live wires),7838
20191332C060-2019-01081A,MONMOUTH,MILLSTONE TWP,07/31/2019,WE,1809,02,NEW JERSEY STATE POLICE,HAMILTON-SUB -,0,0,0,0,P,B,N,N,01,2,ROUTE 526,E,526,,00000526__,19.41,05,,01,04,02,01,01,01,05,01,25,FE,W,ROUTE 571 / MILLSTONE RD,,,,50,50,26,40.172380,74.422050,N,,8206
20191332C060-2019-01083A,MONMOUTH,MILLSTONE TWP,07/31/2019,WE,0746,02,NEW JERSEY STATE POLICE,HAMILTON-SUB -,0,0,0,0,P,B,N,N,01,2,NJ 33,W,33,,00000033__,19.10,02,,01,04,02,01,01,01,03,01,,,,,,,,55,,26,40.262030,74.433490,N,,7874
20191332C060-2019-01085A,MONMOUTH,MILLSTONE TWP,07/31/2019,WE,1525,02,NEW JERSEY STATE POLICE,HAMILTON-SUB -,0,0,0,0,P,B,N,N,08,2,NJ 33,,,,,,09,,01,04,02,02,01,01,05,01,,,,,,,,5,,26,40.253880,74.368690,N,,8303
20191332C060-2019-01088A,MONMOUTH,MILLSTONE TWP,08/01/2019,TH,2030,02,NEW JERSEY STATE POLICE,HAMILTON-SUB -,0,0,0,0,P,I,N,N,04,3,PINE DR **,S,,,13321033__,.79,07,,01,04,02,01,06,01,04,01,,AT,,ROUTE 537 / MONMOUTH RD,,,,,50,26,,,N,,8088
20191332C060-2019-01091A,MONMOUTH,MILLSTONE TWP,08/02/2019,FR,1912,02,NEW JERSEY STATE POLICE,HAMILTON-SUB -,0,0,0,0,P,B,N,N,03,2,MONMOUTH COUNTY 1,S,1,,13000001__,6.54,05,,01,04,02,01,03,01,04,01,,,,PERRINEVILLE RD,,,,,50,26,40.236520,74.477170,N,,7838
20191332C060-2019-01098A,MONMOUTH,MILLSTONE TWP,08/03/2019,SA,1132,02,NEW JERSEY STATE POLICE,HAMILTON-SUB -,0,0,0,0,P,B,N,N,02,2,NJ 33,W,33,,00000033__,20.80,02,,01,04,02,01,01,01,03,01,,,,,,,,50,,26,40.258900,74.400840,N,,8309
20191332C060-2019-01104A,MONMOUTH,MILLSTONE TWP,08/04/2019,SU,1919,02,NEW JERSEY STATE POLICE,HAMILTON-SUB -,0,1,0,0,I,B,N,N,10,1,MONMOUTH COUNTY 1,S,1,,13000001__,2.24,05,,02,04,02,01,01,01,05,01,,,,AGRESS RD,,,,35,35,01,40.228640,74.441580,N,UTILITY POLE.,8084
20191332C060-2019-01120A,MONMOUTH,MILLSTONE TWP,08/07/2019,WE,0736,02,NEW JERSEY STATE POLICE,HAMILTON-SUB -,0,1,0,0,I,B,N,N,10,1,PRODELIN WAY **,S,,,13321009__,1.62,07,,02,04,02,02,01,05,05,01,2640,FE,S,NJ 33,,,,35,55,01,40.259670,74.435870,N,,7857
20191332C060-2019-01137A,MONMOUTH,MILLSTONE TWP,08/09/2019,FR,0738,02,NEW JERSEY STATE POLICE,HAMILTON-SUB -,0,2,0,0,I,B,N,N,01,2,NJ 33,E,33,,00000033__,21.10,02,,01,04,02,01,01,01,03,01,10,FE,W,ROUTE 527 ALT / IRON ORE RD / WOODV,,,,55,35,26,40.258340,74.396270,N,,8198
20191332C060-2019-01140A,MONMOUTH,MILLSTONE TWP,08/09/2019,FR,1136,02,NEW JERSEY STATE POLICE,HAMILTON-SUB -,0,0,0,0,P,B,N,N,01,2,SMITHBURG RD,S,,,,,07,,01,04,02,01,01,01,04,01,,,,BAIRD ROAD,,,,45,35,26,40.242350,74.384200,N,,8111
20191332C060-2019-01148A,MONMOUTH,MILLSTONE TWP,08/10/2019,SA,2157,02,NEW JERSEY STATE POLICE,HAMILTON-SUB -,0,0,0,0,P,I,Y,N,01,2,ROUTE 537,W,537,,00000537__,41.66,05,,01,04,02,01,06,01,05,01,,AT,,I-195,,,,35,35,26,40.201500,74.429100,N,,8187
20191332C060-2019-01150A,MONMOUTH,MILLSTONE TWP,08/11/2019,SU,1159,02,NEW JERSEY STATE POLICE,HAMILTON-SUB -,0,0,0,0,P,B,N,N,02,2,MONMOUTH COUNTY 1,E,1,,13000001__,.10,05,,01,04,02,01,01,01,04,01,,,,,,,,50,,26,40.236530,74.474580,N,,8198
20191332C060-2019-01166A,MONMOUTH,MILLSTONE TWP,08/12/2019,MO,1917,02,NEW JERSEY STATE POLICE,HAMILTON-SUB -,0,2,0,0,I,B,N,N,03,2,ROUTE 524,W,524,,00000524__,18.20,05,,01,04,02,01,01,01,05,01,,,,STILLHOUSE RD,,,,35,35,26,40.202170,74.392410,N,,8041
20191332C060-2019-01173A,MONMOUTH,MILLSTONE TWP,08/15/2019,TH,1235,02,NEW JERSEY STATE POLICE,HAMILTON-SUB -,0,1,0,0,I,B,N,N,03,2,ROUTE 571,W,571,,00000571__,26.91,05,,01,06,02,01,01,01,05,01,5,FE,E,AGRESS RD,,,,30,,26,40.195770,74.449260,N,,7997
20191332C060-2019-01183A,MONMOUTH,MILLSTONE TWP,08/16/2019,FR,1627,02,NEW JERSEY STATE POLICE,HAMILTON-SUB -,0,0,0,0,P,B,N,N,11,1,ROUTE 524,W,524,,00000524__,16.70,05,,01,04,02,01,01,01,05,01,,,,,,,,45,,52,40.197480,74.420200,N,PVC around utility pole cracked. Pole number unable to be identified.,8252
20191332C060-2019-01186A,MONMOUTH,MILLSTONE TWP,08/17/2019,SA,1254,02,NEW JERSEY STATE POLICE,HAMILTON-SUB -,0,0,0,0,P,B,N,N,08,2,ROUTE 537,E,,,,,09,,01,04,02,01,01,01,05,01,,,,,,,,15,,26,40.165360,74.416720,N,,8168
20191332C060-2019-01188A,MONMOUTH,MILLSTONE TWP,08/17/2019,SA,1502,02,NEW JERSEY STATE POLICE,HAMILTON-SUB -,0,1,0,0,I,B,N,N,04,2,ROUTE 537,W,537,,00000537__,41.70,05,,01,04,02,01,01,01,04,01,,,,,,,,50,,26,,,N,,8247
20191332C060-2019-01189A,MONMOUTH,MILLSTONE TWP,08/17/2019,SA,1816,02,NEW JERSEY STATE POLICE,HAMILTON-SUB -,0,1,0,0,I,B,N,N,04,2,MONMOUTH COUNTY 1,S,1,,13000001__,.40,05,,01,04,02,01,01,01,05,01,,,,BAIRD RD / PRODLIN WAY,,,,45,45,26,40.209400,74.437500,N,Guardrail face owned by Monmouth County Road Dept.,8241
20191332C060-2019-01191A,MONMOUTH,MILLSTONE TWP,08/17/2019,SA,1110,02,NEW JERSEY STATE POLICE,HAMILTON-SUB -,0,4,0,0,I,I,N,N,03,2,MILLSTONE RD,S,,,13321017__,5.57,07,,01,04,02,01,01,01,05,01,,AT,,ROUTE 524 / PAINT ISLAND SPRING RD,,,,35,35,26,40.845960,74.152460,N,,8165
20191332C060-2019-01206A,MONMOUTH,MILLSTONE TWP,08/20/2019,TU,1625,02,NEW JERSEY STATE POLICE,HAMILTON-SUB -,0,1,0,0,I,B,N,N,01,2,ROUTE 571,S,571,,00000571__,25.00,07,,01,06,02,01,01,01,05,01,,,,,,,,25,,26,40.188990,74.430160,N,,7972
20191332C060-2019-01207A,MONMOUTH,MILLSTONE TWP,08/20/2019,TU,1646,02,NEW JERSEY STATE POLICE,HAMILTON-SUB -,0,0,0,0,P,B,N,N,11,1,BAIRD RD,W,,,13321040__,.00,07,,01,04,02,01,01,01,05,01,10,FE,N,CR 1 / PRODELIN WAY,,,,35,35,56,40.234790,74.442860,N,,8113
20191332C060-2019-01212A,MONMOUTH,MILLSTONE TWP,08/21/2019,WE,1750,02,NEW JERSEY STATE POLICE,HAMILTON-SUB -,0,0,0,0,P,B,Y,N,11,1,I-195,E,195,,00000195__,16.20,01,,01,04,02,01,01,01,01,01,,,,,,,,65,,50,40.162920,74.433210,N,"A DOT ""Sponser A Highway"" sign was detached from the stantions.",7982
20191332C060-2019-01213A,MONMOUTH,MILLSTONE TWP,08/21/2019,WE,1943,02,NEW JERSEY STATE POLICE,HAMILTON-SUB -,0,0,0,0,P,B,Y,N,11,1,SCHOOLHOUSE RD **,S,,,13321045__,.68,07,,01,04,02,01,02,01,05,01,5,FE,S,BACKBONE HILL RD,,,,35,35,59,40.202060,74.421850,N,School wooden fence at the Millstone Twp. Elementary School,8041
20191332C060-2019-01222A,MONMOUTH,MILLSTONE TWP,07/12/2019,FR,1633,02,NEW JERSEY STATE POLICE,HAMILTON-SUB -,0,0,0,0,P,B,N,N,02,2,ROUTE 537,W,537,,00000537__,43.00,05,,01,04,01,01,01,01,05,01,,,,,F,INTERSTATE 195,EB,50,,26,40.157300,74.428150,N,,7727
20191332C060-2019-01229A,MONMOUTH,MILLSTONE TWP,08/26/2019,MO,1935,02,NEW JERSEY STATE POLICE,HAMILTON-SUB -,1,0,0,0,F,I,Y,N,04,2,OLD ROUTE NJ 33 **,W,,,13321015__,.30,07,,01,04,02,01,03,01,05,01,,AT,,BERGEN MILLS RD,,,,35,35,26,40.262350,74.419050,N,,7838
20191332C060-2019-01238A,MONMOUTH,MILLSTONE TWP,08/28/2019,WE,1638,02,NEW JERSEY STATE POLICE,HAMILTON-SUB -,0,0,0,0,P,B,N,N,03,2,ROUTE 571,N,571,,00000571__,30.50,05,,01,04,02,01,01,01,04,01,,,,,,,,40,,26,40.236490,74.477000,N,,7469
20191332C060-2019-01253A,MONMOUTH,MILLSTONE TWP,08/31/2019,SA,1144,02,NEW JERSEY STATE POLICE,HAMILTON-SUB -,0,1,0,0,I,B,N,N,02,2,MONMOUTH COUNTY 1,E,1,,13000001__,3.40,05,,01,04,02,01,01,01,05,01,,,,,,,,50,,26,40.232210,74.371780,N,,8349
20191332C060-2019-01255A,MONMOUTH,MILLSTONE TWP,08/30/2019,FR,1736,02,NEW JERSEY STATE POLICE,HAMILTON-SUB -,0,0,0,0,P,B,N,N,12,1,ROUTE 571,S,571,,00000571__,25.63,07,,01,04,02,01,01,01,04,01,100,FE,N,ROUTE 524,,,,30,45,24,40.871130,74.134910,N,,8342
20191332C060-2019-01257A,MONMOUTH,MILLSTONE TWP,08/31/2019,SA,1936,02,NEW JERSEY STATE POLICE,HAMILTON-SUB -,0,0,0,0,P,B,N,N,12,1,DISBROW HILL RD,E,,,,2.73,07,,01,04,02,01,03,01,04,01,300,FE,E,CR 1 / PERRINEVILLE RD,,,,35,40,24,40.236600,74.450230,N,,7838
20191332C060-2019-01272A,MONMOUTH,MILLSTONE TWP,09/03/2019,TU,1723,02,NEW JERSEY STATE POLICE,HAMILTON-SUB -,0,0,0,0,P,B,N,N,03,2,ROUTE 571,E,571,,00000571__,25.63,07,,01,04,01,01,01,01,05,01,,,,MILLSTONE RD,,,,50,40,26,40.190890,74.430340,N,,8237
20191332C060-2019-01273A,MONMOUTH,MILLSTONE TWP,09/03/2019,TU,1801,02,NEW JERSEY STATE POLICE,HAMILTON-SUB -,0,0,0,0,P,B,N,N,01,2,ROUTE 524,E,524,,00000524__,15.42,05,,01,04,01,01,01,01,05,01,526,FE,E,RED VALLEY RD,,,,50,25,26,40.204520,74.362850,N,,8237
20191332C060-2019-01274A,MONMOUTH,MILLSTONE TWP,09/03/2019,TU,2024,02,NEW JERSEY STATE POLICE,HAMILTON-SUB -,0,0,0,0,P,B,N,N,12,1,SMITHBURG RD,S,,,,,07,,01,04,02,01,07,01,05,01,,,N,GRANDVIEW LANE,,,,35,25,24,40.237930,74.377280,N,,8194
20191332C060-2019-01282A,MONMOUTH,MILLSTONE TWP,09/04/2019,WE,2205,02,NEW JERSEY STATE POLICE,HAMILTON-SUB -,0,0,0,0,P,B,Y,N,11,1,OLDE NOAH HUNT RD,E,,,,,07,,01,04,02,01,05,01,05,01,200,FE,S,ELLA DR,,,,45,25,60,40.201500,74.429100,N,,8184
20191332C060-2019-01283A,MONMOUTH,MILLSTONE TWP,09/05/2019,TH,1325,02,NEW JERSEY STATE POLICE,HAMILTON-SUB -,0,2,0,0,I,B,N,N,03,2,NJ 33,E,33,,00000033__,21.00,02,,01,04,02,01,01,01,03,01,,,,CONOVER RD,,,,55,25,26,40.258540,74.399100,N,,8309
20191332C060-2019-01294A,MONMOUTH,MILLSTONE TWP,09/08/2019,SU,1657,02,NEW JERSEY STATE POLICE,HAMILTON-SUB -,0,0,0,0,P,B,N,N,01,2,ROUTE 537,E,537,,00000537__,41.60,05,,01,04,02,01,01,01,05,01,,,,,,,,50,,26,40.161230,74.422560,N,,8237
20191332C060-2019-01297A,MONMOUTH,MILLSTONE TWP,09/05/2019,TH,1434,02,NEW JERSEY STATE POLICE,HAMILTON-SUB -,0,0,0,0,P,B,N,N,11,1,WEMROCK RD,N,,,,,07,,01,05,02,01,01,01,05,01,100,FE,S,ROUTE 522,,,,45,45,42,40.261730,74.436410,N,,8309
20191332C060-2019-01312A,MONMOUTH,MILLSTONE TWP,09/09/2019,MO,1904,02,NEW JERSEY STATE POLICE,HAMILTON-SUB -,0,0,0,0,P,B,N,N,12,1,HAMPTON HOLLOW DR **,W,,,,,07,,01,04,02,01,01,01,02,01,,,N,PERRINEVILLE RD,,,,35,50,24,40.233030,74.452760,N,,8113
20191332C060-2019-01314A,MONMOUTH,MILLSTONE TWP,09/09/2019,MO,2008,02,NEW JERSEY STATE POLICE,HAMILTON-SUB -,0,1,0,0,I,B,N,N,01,2,ROUTE 537,S,537,,00000537__,42.76,05,,01,04,02,01,06,01,05,01,,,N,BROOKSIDE RD,,,,50,35,26,40.171840,74.407510,N,,8113
20191332C060-2019-01317A,MONMOUTH,MILLSTONE TWP,09/11/2019,WE,1324,02,NEW JERSEY STATE POLICE,HAMILTON-SUB -,0,0,0,0,P,B,Y,N,02,2,I-195,W,195,,00000195__,16.00,01,,01,04,02,01,01,01,01,01,,,,,,,,65,,26,40.158980,74.419720,N,,8111
20191332C060-2019-01335A,MONMOUTH,MILLSTONE TWP,09/13/2019,FR,1543,02,NEW JERSEY STATE POLICE,HAMILTON-SUB -,0,0,0,0,P,B,N,N,01,2,ROUTE 526,E,526,,00000526__,20.07,05,,01,04,02,01,01,01,05,01,,,W,R 537,,,,50,50,26,40.165360,74.416720,N,,8350
20191332C060-2019-01337A,MONMOUTH,MILLSTONE TWP,09/13/2019,FR,1538,02,NEW JERSEY STATE POLICE,HAMILTON-SUB -,0,2,0,0,I,B,N,N,03,2,MONMOUTH COUNTY 1,N,1,,13000001__,4.49,05,,01,04,02,01,01,01,05,01,,,,STILLHOUSE RD,,,,50,50,26,40.220990,74.401420,N,,7838
20191332C060-2019-01340A,MONMOUTH,MILLSTONE TWP,09/14/2019,SA,2035,02,NEW JERSEY STATE POLICE,HAMILTON-SUB -,0,0,0,0,P,B,N,N,06,3,COTRELL DR **,W,,,,,07,,01,04,02,01,05,01,05,01,200,FE,E,AGRESS RD,,,,25,35,26,40.199590,74.443610,N,,8252
20191332C060-2019-01345A,MONMOUTH,MILLSTONE TWP,09/16/2019,MO,2247,02,NEW JERSEY STATE POLICE,HAMILTON-SUB -,1,0,0,0,F,B,Y,N,11,1,ROUTE 524,E,524,,00000524__,17.20,05,,03,05,02,01,05,01,05,01,,,,,,,,50,,60,40.197690,74.420800,N,Utility Pole #52.,8280
20191332C060-2019-01346A,MONMOUTH,MILLSTONE TWP,09/17/2019,TU,0722,02,NEW JERSEY STATE POLICE,HAMILTON-SUB -,0,0,0,0,P,B,N,N,03,2,NJ 33,E,33,,00000033__,18.94,02,,01,04,01,01,01,01,03,01,,,,PRODELIN WAY,,,,55,25,26,40.261620,74.436400,N,,8237
20191332C060-2019-01359A,MONMOUTH,MILLSTONE TWP,09/18/2019,WE,1301,02,NEW JERSEY STATE POLICE,HAMILTON-SUB -,0,0,0,0,P,B,N,N,11,1,ROUTE 571,W,,,,,09,,01,04,02,01,01,01,05,01,,,,,,,,10,,99,40.201500,74.429100,N,Electric cables  cable cylinder  and building pannel.,8184
20191332C060-2019-01378A,MONMOUTH,MILLSTONE TWP,09/22/2019,SU,1054,02,NEW JERSEY STATE POLICE,HAMILTON-SUB -,1,0,0,0,F,B,N,N,11,1,MONMOUTH COUNTY 1,W,1,,13000001__,5.40,05,,01,07,02,01,01,01,05,01,,,,,,,,35,,60,40.221350,74.385420,N,TREE - 219 SWEETMANS LANE  MILLSTONE TOWNSHIP  NJ 08535,8194
20191332C060-2019-01379A,MONMOUTH,MILLSTONE TWP,09/23/2019,MO,0732,02,NEW JERSEY STATE POLICE,HAMILTON-SUB -,0,0,0,0,P,B,N,N,01,2,NJ 33,W,33,,00000033__,19.00,02,,01,04,02,01,01,01,03,01,,,,,,,,55,,26,40.257670,74.393090,N,,7874
20191332C060-2019-01383A,MONMOUTH,MILLSTONE TWP,09/23/2019,MO,2308,02,NEW JERSEY STATE POLICE,HAMILTON-SUB -,0,0,0,0,P,B,N,N,01,2,I-195,W,195,,00000195__,15.00,01,,01,04,02,01,05,01,03,01,,,,,,,,65,,26,40.172710,74.452210,N,,7838
20191332C060-2019-01393A,MONMOUTH,MILLSTONE TWP,09/24/2019,TU,1943,02,NEW JERSEY STATE POLICE,HAMILTON-SUB -,0,0,0,0,P,B,N,N,12,1,HOLMES MILL RD,S,,,,,07,,01,04,02,01,05,01,04,01,250,FE,S,BURLINGTON PATH ROAD,,,,45,45,24,40.174400,74.522900,N,,8184
20191332C060-2019-01410A,MONMOUTH,MILLSTONE TWP,09/28/2019,SA,1447,02,NEW JERSEY STATE POLICE,HAMILTON-SUB -,0,0,0,0,P,B,N,N,01,2,ROUTE 537,W,537,,00000537__,41.40,05,,01,06,02,01,01,01,01,01,100,FE,E,PINE DR,,,,50,25,26,40.079470,74.552300,N,,8309
20191332C060-2019-01411A,MONMOUTH,MILLSTONE TWP,09/29/2019,SU,1820,02,NEW JERSEY STATE POLICE,HAMILTON-SUB -,0,0,0,0,P,B,N,N,01,3,ROUTE 537,W,537,,00000537__,40.70,05,,01,04,02,01,01,01,01,01,,,,,,,,50,,26,40.498900,74.591790,N,,8247
20191332C060-2019-01412A,MONMOUTH,MILLSTONE TWP,09/29/2019,SU,1829,02,NEW JERSEY STATE POLICE,HAMILTON-SUB -,0,1,0,0,I,B,N,N,01,2,ROUTE 537,W,537,,00000537__,41.40,05,,01,04,02,01,03,01,02,01,100,FE,E,PINE DR,,,,50,45,26,40.157290,74.428360,N,,8168
20191332C060-2019-01413A,MONMOUTH,MILLSTONE TWP,09/29/2019,SU,1838,02,NEW JERSEY STATE POLICE,HAMILTON-SUB -,0,0,0,0,P,B,N,N,01,2,ROUTE 537,W,537,,00000537__,41.40,05,,01,04,02,01,03,01,02,01,100,FE,E,PINE DR,,,,50,45,26,40.157290,74.428360,N,,8168
20191332C060-2019-01414A,MONMOUTH,MILLSTONE TWP,09/29/2019,SU,1911,02,NEW JERSEY STATE POLICE,HAMILTON-SUB -,0,0,0,0,P,B,N,N,02,2,ROUTE 537,W,537,,00000537__,41.40,05,,01,04,02,01,06,01,01,01,,,,,,,,50,,26,40.498900,74.591790,N,,8247
20191332C060-2019-01417A,MONMOUTH,MILLSTONE TWP,09/30/2019,MO,1439,02,NEW JERSEY STATE POLICE,HAMILTON-SUB -,0,2,0,0,I,B,N,N,02,2,NJ 33,W,33,,00000033__,20.00,02,,01,04,02,01,01,01,02,01,,,,,,,,55,,26,40.261890,74.416510,N,,8350
20191332C060-2019-01421A,MONMOUTH,MILLSTONE TWP,10/01/2019,TU,0657,02,NEW JERSEY STATE POLICE,HAMILTON-SUB -,0,0,0,0,P,B,N,N,12,1,ROUTE 537,N,537,,00000537__,46.31,05,,01,04,02,01,01,01,04,01,,,,ROUTE 524 / STAGE COACH RD,,,,45,25,24,40.204920,74.359700,N,,8111
20191332C060-2019-01426A,MONMOUTH,MILLSTONE TWP,10/01/2019,TU,2039,02,NEW JERSEY STATE POLICE,HAMILTON-SUB -,0,0,0,0,P,B,N,N,08,2,ROUTE 526,E,,,,,09,,01,04,01,01,07,01,05,01,,,,,,,,5,,26,40.173450,74.424820,N,,8237
20191332C060-2019-01444A,MONMOUTH,MILLSTONE TWP,10/03/2019,TH,2232,02,NEW JERSEY STATE POLICE,HAMILTON-SUB -,0,1,0,0,I,B,N,N,11,1,MONMOUTH COUNTY 1,W,1,,13000001__,,05,,01,04,02,02,05,02,01,01,10,FE,W,WINDSOR ROAD,,,,45,25,52,40.201500,74.429100,N,Utility pole #387.,8184
20191332C060-2019-01455A,MONMOUTH,MILLSTONE TWP,10/06/2019,SU,1849,02,NEW JERSEY STATE POLICE,HAMILTON-SUB -,0,0,0,0,P,B,N,N,12,1,DAVIS STATION RD,N,,,,,07,,01,04,02,01,05,01,01,01,,,E,WINCHESTER ROAD,,,,25,25,24,40.873940,74.743970,N,,8144
20191332C060-2019-01456A,MONMOUTH,MILLSTONE TWP,10/06/2019,SU,2257,02,NEW JERSEY STATE POLICE,HAMILTON-SUB -,0,0,0,0,P,B,N,N,12,1,ROUTE 539,N,539,,00000539__,,05,,01,04,02,01,04,01,05,01,,,,,,,,50,,24,40.194790,74.373980,N,,7972
20191332C060-2019-01462A,MONMOUTH,MILLSTONE TWP,10/07/2019,MO,2154,02,NEW JERSEY STATE POLICE,HAMILTON-SUB -,0,0,0,0,P,B,N,N,12,1,NJ 33,W,33,,00000033__,19.30,02,,01,04,02,02,06,02,03,01,,,,,,,,55,,24,40.262110,74.418910,N,,8368
20191332C060-2019-01469A,MONMOUTH,MILLSTONE TWP,10/08/2019,TU,2315,02,NEW JERSEY STATE POLICE,HAMILTON-SUB -,0,0,0,0,P,B,N,N,11,1,ROBERTS RD **,W,,,,1.53,07,,02,06,02,01,05,01,05,01,250,FE,E,STILLHOUSE RD,,,,40,35,58,40.234280,74.391240,N,,8309
20191332C060-2019-01477A,MONMOUTH,MILLSTONE TWP,10/09/2019,WE,1416,02,NEW JERSEY STATE POLICE,HAMILTON-SUB -,0,0,0,0,P,B,N,N,11,1,I-195,E,195,,00000195__,16.20,01,,01,04,02,02,01,02,01,01,,,,,,,,65,,54,40.162920,74.433200,N,DOT Hospital Sign,8280
20191332C060-2019-01492A,MONMOUTH,MILLSTONE TWP,10/11/2019,FR,1310,02,NEW JERSEY STATE POLICE,HAMILTON-SUB -,0,0,0,0,P,B,N,N,02,2,NJ 33,E,33,,00000033__,21.00,02,,01,04,02,01,01,01,01,01,,,,,,,,50,,26,40.498900,74.591790,N,,8247
20191332C060-2019-01494A,MONMOUTH,MILLSTONE TWP,10/08/2019,TU,2226,02,NEW JERSEY STATE POLICE,HAMILTON-SUB -,0,1,0,0,I,B,N,N,12,1,I-195,W,195,,00000195__,15.50,01,,01,04,02,01,05,01,01,01,,,,,,,,65,,24,40.169250,74.443980,N,,8252
20191332C060-2019-01497A,MONMOUTH,MILLSTONE TWP,10/13/2019,SU,1106,02,NEW JERSEY STATE POLICE,HAMILTON-SUB -,0,2,0,0,I,B,N,N,03,2,STAGECOACH RD,N,,,,,07,,01,04,02,01,01,01,05,01,,,,STILLHOUSE ROAD,,,,50,50,26,40.201990,74.392410,N,35 feet of grass damage at 188 Stagecoach Road.,8342