Year(4)-CountyCode(2)-MunicipalityCode(2)-CaseNumber(9),County Name,Municipality Name,Crash Date,Crash Day of Week,Crash Time,Police Department Code,Police Department,Police Station,Total Killed,Total Injured,Pedestrians Killed,Pedestrians Injured,Severity,Intersection,Alcohol Involved,Hazmat Involved,Crash Type,Total Vehicles,Location,Location Direction,Route,Route Suffix,Std Rte Identifier,MilePost,Road System,Road Character,Road Horizontal Alignment,Road Grade,Road Surface Type,Surface Condition,Light Condition,Environmental Condition,Road Divided By,Temporary Traffic Control Zone,Distance To Cross Street,Unit Of Measurement,Direction From Cross Street,Cross Street Name,Is Ramp,Ramp To/From Route Name,Ramp To/From Route Direction,Posted Speed,Posted Speed Cross Street,First Harmful Event,Latitude,Longitude,Cell Phone In Use Flag,Other Property Damage,Reporting Badge No.
20191332C060-2019-01499A,MONMOUTH,MILLSTONE TWP,10/13/2019,SU,1742,02,NEW JERSEY STATE POLICE,HAMILTON-SUB -,0,1,0,0,I,B,N,N,01,2,IRON ORE RD,S,,,,,07,,01,04,02,01,01,01,05,01,10,FE,N,STATE HIGHWAY 33,,,,35,55,26,40.786480,74.867930,N,,8187
20191332C060-2019-01509A,MONMOUTH,MILLSTONE TWP,10/15/2019,TU,0819,02,NEW JERSEY STATE POLICE,HAMILTON-SUB -,0,0,0,0,P,B,N,N,12,1,I-195,W,195,,00000195__,16.50,01,,01,04,02,01,01,01,03,01,,,,,,,,65,,24,40.161630,74.428110,N,,8303
20191332C060-2019-01513A,MONMOUTH,MILLSTONE TWP,10/13/2019,SU,1613,02,NEW JERSEY STATE POLICE,HAMILTON-SUB -,0,0,0,0,P,B,N,N,01,2,ROUTE 537,W,537,,00000537__,41.38,05,,01,04,02,01,01,01,01,01,,,W,PINE DR,,,,50,25,26,40.201500,74.429100,N,,7960
20191332C060-2019-01517A,MONMOUTH,MILLSTONE TWP,10/15/2019,TU,1959,02,NEW JERSEY STATE POLICE,HAMILTON-SUB -,0,1,0,0,I,B,N,N,11,1,PRODELIN WAY **,N,,,13321009__,1.12,07,,01,04,02,01,05,01,05,01,5280,FE,S,NJ 33,,,,45,50,52,40.201500,74.429100,N,,8206
20191332C060-2019-01531A,MONMOUTH,MILLSTONE TWP,10/17/2019,TH,0903,02,NEW JERSEY STATE POLICE,HAMILTON-SUB -,0,0,0,0,P,B,N,N,01,2,DUGANS GROVE RD **,S,,,13321012__,.00,07,,01,04,02,01,01,01,05,01,20,FE,N,NJ 33,,,,25,50,26,40.260640,74.409570,N,,8249
20191332C060-2019-01532A,MONMOUTH,MILLSTONE TWP,10/17/2019,TH,1215,02,NEW JERSEY STATE POLICE,HAMILTON-SUB -,0,1,0,0,I,B,N,N,11,1,MONMOUTH COUNTY 1,E,1,,13000001__,6.50,05,,01,04,02,01,01,01,05,01,200,FE,E,ROUTE 527 / ROUTE 527 ALT / WOODVIL,,,,50,50,52,40.232210,74.371780,N,Damage to JCP&L Utility Poles #933/935  Box #251's mailbox and fence.,8168
20191332C060-2019-01537A,MONMOUTH,MILLSTONE TWP,10/18/2019,FR,1142,02,NEW JERSEY STATE POLICE,HAMILTON-SUB -,0,1,0,0,I,B,N,N,01,2,NJ 33,W,33,,00000033__,19.70,02,,01,04,01,01,01,01,03,01,,,,MILLSTONE RD,,,,50,40,26,40.262200,74.420390,N,,8237
20191332C060-2019-01544A,MONMOUTH,MILLSTONE TWP,10/08/2019,TU,2153,02,NEW JERSEY STATE POLICE,HAMILTON-SUB -,0,0,0,0,P,B,N,N,12,1,I-195,W,195,,00000195__,15.60,01,,01,04,02,01,04,01,01,01,,,,,,,,65,,24,40.168340,74.442520,N,,8144
20191332C060-2019-01563A,MONMOUTH,MILLSTONE TWP,10/20/2019,SU,1714,02,NEW JERSEY STATE POLICE,HAMILTON-SUB -,0,0,0,0,P,B,N,N,11,1,ROUTE 524,N,524,,00000524__,15.30,05,,03,04,02,02,01,02,05,01,100,FE,N,SPRING RD,,,,35,25,52,40.192610,74.444030,N,JCP&L Utility pole# JC89ME,8187
20191332C060-2019-01568A,MONMOUTH,MILLSTONE TWP,10/21/2019,MO,0648,02,NEW JERSEY STATE POLICE,HAMILTON-SUB -,0,0,0,0,P,B,N,N,01,2,ROUTE 537,W,537,,00000537__,41.40,05,,01,04,02,02,01,01,01,01,100,FE,E,PINE DR,,,,50,25,26,40.157300,74.428130,N,,8309
20191332C060-2019-01586A,MONMOUTH,MILLSTONE TWP,10/23/2019,WE,2109,02,NEW JERSEY STATE POLICE,HAMILTON-SUB -,0,0,0,0,P,B,N,N,12,1,ROUTE 526,E,526,,00000526__,17.47,05,,01,04,02,01,05,01,05,01,,,W,BRUERE DR,,,,45,25,24,40.161800,74.462400,N,,8187
20191332C060-2019-01587A,MONMOUTH,MILLSTONE TWP,10/23/2019,WE,1936,02,NEW JERSEY STATE POLICE,HAMILTON-SUB -,0,0,0,0,P,B,N,N,12,1,NJ 33,E,33,,00000033__,21.10,02,,01,04,02,01,05,01,03,01,,,,,,,,55,,24,40.262030,74.430680,N,,8280
20191332C060-2019-01588A,MONMOUTH,MILLSTONE TWP,10/23/2019,WE,2342,02,NEW JERSEY STATE POLICE,HAMILTON-SUB -,0,1,0,0,I,B,N,N,12,1,I-195,E,195,,00000195__,16.00,01,,01,04,02,01,05,01,03,01,,,,,,,,65,,24,40.164260,74.436560,N,,8198
20191332C060-2019-01595A,MONMOUTH,MILLSTONE TWP,10/25/2019,FR,1835,02,NEW JERSEY STATE POLICE,HAMILTON-SUB -,0,0,0,0,P,B,N,N,01,4,ROUTE 537,W,537,,00000537__,41.50,05,,01,04,02,01,07,01,01,01,,,,,,,,50,,26,,,N,,8249
20191332C060-2019-01596A,MONMOUTH,MILLSTONE TWP,10/25/2019,FR,1910,02,NEW JERSEY STATE POLICE,HAMILTON-SUB -,0,0,0,0,P,B,N,N,12,1,ROUTE 537,W,537,,00000537__,41.50,05,,01,04,02,01,05,01,01,01,,,,,,,,50,,24,40.201500,74.429100,N,,8249
20191332C060-2019-01602A,MONMOUTH,MILLSTONE TWP,10/26/2019,SA,2238,02,NEW JERSEY STATE POLICE,HAMILTON-SUB -,0,0,0,0,P,B,N,N,01,2,ROUTE 537,E,537,,00000537__,41.37,05,,01,04,02,02,04,02,01,01,,,,PINE DR,,,,35,25,26,40.157300,74.428130,N,,7838
20191332C060-2019-01610A,MONMOUTH,MILLSTONE TWP,10/26/2019,SA,1656,02,NEW JERSEY STATE POLICE,HAMILTON-SUB -,0,1,0,0,I,B,N,N,03,2,ROUTE 571,S,571,,00000571__,26.73,05,,01,04,02,01,01,01,05,01,,,,ROUTE 524,,,,40,45,26,40.193440,74.430350,N,,8342
20191332C060-2019-01626A,MONMOUTH,MILLSTONE TWP,10/30/2019,WE,1233,02,NEW JERSEY STATE POLICE,HAMILTON-SUB -,0,0,0,0,P,B,N,N,01,2,ROUTE 526,E,526,,00000526__,20.00,05,,01,04,02,02,01,02,05,01,15,FE,W,,,,,45,,26,40.166000,74.417140,N,,8241
20191332C060-2019-01649A,MONMOUTH,MILLSTONE TWP,10/29/2019,TU,1705,02,NEW JERSEY STATE POLICE,HAMILTON-SUB -,0,0,0,0,P,B,N,N,01,2,BURNT TAVERN RD **,N,,,,,07,,01,04,02,01,01,01,05,01,,,,TRENTON LAKEWOOD RD,,,,35,35,26,40.166240,74.418120,N,,8113
20191332C060-2019-01654A,MONMOUTH,MILLSTONE TWP,11/02/2019,SA,0755,02,NEW JERSEY STATE POLICE,HAMILTON-SUB -,0,0,0,0,P,B,N,N,12,1,ROUTE 537,W,537,,00000537__,45.00,05,,01,04,02,01,01,01,05,01,,,,,,,,50,,24,40.414200,74.457050,N,,8280
20191332C060-2019-01659A,MONMOUTH,MILLSTONE TWP,11/02/2019,SA,1732,02,NEW JERSEY STATE POLICE,HAMILTON-SUB -,0,0,0,0,P,I,N,N,03,2,STILLHOUSE RD **,N,,,13321020__,1.50,07,,01,04,02,01,03,01,04,01,,AT,,SWEETMANS LN,,,,30,30,26,40.659450,74.654120,N,,8144
20191332C060-2019-01660A,MONMOUTH,MILLSTONE TWP,11/02/2019,SA,1936,02,NEW JERSEY STATE POLICE,HAMILTON-SUB -,0,0,0,0,P,B,N,N,12,1,I-195,E,195,,00000195__,16.71,01,,01,04,02,01,04,01,01,01,,,,,,,,65,,24,40.564590,74.545410,N,,8144
20191332C060-2019-01667A,MONMOUTH,MILLSTONE TWP,11/03/2019,SU,0846,02,NEW JERSEY STATE POLICE,HAMILTON-SUB -,0,0,0,0,P,B,N,N,12,1,NJ 33,E,33,,00000033__,21.00,02,,01,04,02,01,01,01,03,01,,,,,,,,55,,24,40.258910,74.400900,N,,8280
20191332C060-2019-01668A,MONMOUTH,MILLSTONE TWP,11/03/2019,SU,1204,02,NEW JERSEY STATE POLICE,HAMILTON-SUB -,0,0,0,0,P,B,N,N,01,2,ROUTE 537,W,537,,00000537__,46.00,05,,01,04,02,01,01,01,05,01,,,,,,,,50,,26,40.157390,74.428250,N,,8280
20191332C060-2019-01674A,MONMOUTH,MILLSTONE TWP,11/03/2019,SU,2257,02,NEW JERSEY STATE POLICE,HAMILTON-SUB -,0,0,0,0,P,B,N,N,12,1,I-195,W,195,,00000195__,14.40,01,,01,04,02,01,05,01,03,01,,,,,,,,65,,24,40.192820,74.387370,N,,8192
20191332C060-2019-01678A,MONMOUTH,MILLSTONE TWP,11/04/2019,MO,1327,02,NEW JERSEY STATE POLICE,HAMILTON-SUB -,0,1,0,0,I,I,N,N,05,2,ROUTE 537,W,537,,00000537__,46.31,05,,01,04,02,01,01,01,05,01,,AT,,ROUTE 524 / STAGE COACH RD,,,,50,50,26,40.205180,74.359400,N,,8342
20191332C060-2019-01681A,MONMOUTH,MILLSTONE TWP,11/04/2019,MO,1041,02,NEW JERSEY STATE POLICE,HAMILTON-SUB -,0,0,0,0,P,B,N,N,12,1,DUGANS GROVE RD **,S,,,13321012__,.19,07,,01,04,02,01,01,01,04,01,1000,FE,N,NJ 33,,,,40,50,24,40.201500,74.429100,N,,8249
20191332C060-2019-01683A,MONMOUTH,MILLSTONE TWP,11/04/2019,MO,2051,02,NEW JERSEY STATE POLICE,HAMILTON-SUB -,0,0,0,0,P,B,N,N,12,1,I-195,E,195,,00000195__,14.60,01,,01,04,02,01,05,01,03,01,,,,,,,,65,,24,40.173440,74.459460,N,,7982
20191332C060-2019-01686A,MONMOUTH,MILLSTONE TWP,11/05/2019,TU,2025,02,NEW JERSEY STATE POLICE,HAMILTON-SUB -,0,0,0,0,P,B,N,N,12,1,PRODELIN WAY **,S,,,13321009__,.04,07,,01,04,02,01,05,01,05,01,200,FE,N,CR 1 / BAIRD RD,,,,35,,24,40.240220,74.413820,N,,8360
20191332C060-2019-01690A,MONMOUTH,MILLSTONE TWP,11/04/2019,MO,1150,02,NEW JERSEY STATE POLICE,HAMILTON-SUB -,0,0,0,0,P,B,N,N,12,1,BROOKSIDE  RD **,W,,,13321037__,.01,07,,01,04,02,01,01,01,05,01,50,FE,E,ROUTE 537 / EAST SQUAN RD / MOMMOUT,,,,25,45,24,40.170750,74.409050,N,,7838
20191332C060-2019-01719A,MONMOUTH,MILLSTONE TWP,11/09/2019,SA,1912,02,NEW JERSEY STATE POLICE,HAMILTON-SUB -,0,0,0,0,P,B,N,N,12,1,I-195,E,195,,00000195__,16.20,01,,01,04,02,01,05,01,01,01,,,,,,,,65,,24,40.162920,74.433210,N,,8041
20191332C060-2019-01727A,MONMOUTH,MILLSTONE TWP,11/11/2019,MO,0542,02,NEW JERSEY STATE POLICE,HAMILTON-SUB -,0,0,0,0,P,B,N,N,12,1,ROUTE 524,E,524,,00000524__,18.10,05,,01,04,02,01,02,01,05,01,1,FE,E,STILLHOUSE RD,,,,25,40,24,40.467280,74.603820,N,,7738
20191332C060-2019-01728A,MONMOUTH,MILLSTONE TWP,11/11/2019,MO,0833,02,NEW JERSEY STATE POLICE,HAMILTON-SUB -,0,0,0,0,P,B,N,N,12,1,PRODELIN WY,S,,,,,07,,01,04,01,01,01,01,05,01,75,FE,N,HAVILAND DR,,,,45,25,24,40.251850,74.433190,N,,8237
20191332C060-2019-01744A,MONMOUTH,MILLSTONE TWP,11/12/2019,TU,1736,02,NEW JERSEY STATE POLICE,HAMILTON-SUB -,0,0,0,0,P,I,N,N,03,2,MILLSTONE RD,W,,,13321017__,5.57,07,,01,04,02,01,05,01,05,01,,AT,,ROUTE 524 / PAINT ISLAND SPRING RD,,,,40,25,26,40.190280,74.430920,N,,8198
20191332C060-2019-01747A,MONMOUTH,MILLSTONE TWP,11/13/2019,WE,1735,02,NEW JERSEY STATE POLICE,HAMILTON-SUB -,0,1,0,0,I,B,N,N,01,2,I-195,E,195,,00000195__,16.00,01,,01,04,02,01,05,01,03,01,,,,,,,,65,,26,40.162850,74.432420,N,,8375
20191332C060-2019-01748A,MONMOUTH,MILLSTONE TWP,11/14/2019,TH,1947,02,NEW JERSEY STATE POLICE,HAMILTON-SUB -,0,0,0,0,P,B,N,N,12,1,ROUTE 526,W,526,,00000526__,19.50,05,,01,04,02,01,06,01,05,01,125,FE,N,SQUAN RD,,,,45,25,24,40.172100,74.421840,N,,8368
20191332C060-2019-01749A,MONMOUTH,MILLSTONE TWP,11/14/2019,TH,1926,02,NEW JERSEY STATE POLICE,HAMILTON-SUB -,0,1,0,0,I,B,N,N,11,1,ROUTE 571,S,571,,00000571__,27.60,05,,01,05,02,01,06,01,05,01,,,,,,,,45,,52,40.209040,74.463800,N,Telephone Pole #JC2688ME received minor damage to the base of the pole.,8309
20191332C060-2019-01762A,MONMOUTH,MILLSTONE TWP,11/17/2019,SU,1240,02,NEW JERSEY STATE POLICE,HAMILTON-SUB -,0,0,0,0,P,B,N,N,01,2,ROUTE 537,S,537,,00000537__,41.80,05,,01,04,01,01,01,01,05,01,1000,FE,N,ANDERSON RD,,,,45,45,26,40.164050,74.418670,N,,8237
20191332C060-2019-01785A,MONMOUTH,MILLSTONE TWP,11/20/2019,WE,0922,02,NEW JERSEY STATE POLICE,HAMILTON-SUB -,0,0,0,0,P,B,N,N,11,1,ROUTE 537,W,537,,00000537__,44.26,05,,01,04,02,01,01,01,05,01,3,FE,W,BLUEBERRY HILL RD / PAINT ISLAND SP,,,,45,35,60,40.821670,74.593210,N,BRUSH ON RIGHT SIDE OF ROADWAY.,8272
20191332C060-2019-01788A,MONMOUTH,MILLSTONE TWP,11/20/2019,WE,2115,02,NEW JERSEY STATE POLICE,HAMILTON-SUB -,0,0,0,0,P,B,N,N,12,1,NJ 33,W,33,,00000033__,20.50,02,,01,04,02,01,01,01,01,01,,,,,,,,55,,24,40.514510,74.654650,N,,8187
20191332C060-2019-01789A,MONMOUTH,MILLSTONE TWP,11/20/2019,WE,1819,02,NEW JERSEY STATE POLICE,HAMILTON-SUB -,0,0,0,0,P,B,N,N,12,1,ROUTE 537,W,537,,00000537__,45.81,05,,01,04,02,01,05,01,04,01,2640,FE,N,CANDLELIGHT DR / MINERAL SPRINGS RD,,,,50,35,24,40.143240,74.448380,N,,8350
20191332C060-2019-01793A,MONMOUTH,MILLSTONE TWP,11/21/2019,TH,1747,02,NEW JERSEY STATE POLICE,HAMILTON-SUB -,0,0,0,0,P,B,N,N,12,1,ROUTE 537,W,537,,00000537__,42.00,05,,01,04,02,01,06,01,04,01,,,,,,,,50,,24,40.142520,74.449650,N,,8111
20191332C060-2019-01814A,MONMOUTH,MILLSTONE TWP,11/26/2019,TU,,02,NEW JERSEY STATE POLICE,HAMILTON-SUB -,0,0,0,0,P,B,N,N,12,1,I-195,W,195,,00000195__,15.00,01,,01,04,02,01,05,01,03,01,,,,,,,,65,,24,40.172710,74.452210,N,,8192
20191332C060-2019-01821A,MONMOUTH,MILLSTONE TWP,11/26/2019,TU,1707,02,NEW JERSEY STATE POLICE,HAMILTON-SUB -,0,0,0,0,P,B,N,N,01,2,I-195,E,195,,00000195__,15.50,01,,01,04,02,01,04,01,01,01,,,,,,,,65,,26,40.165480,74.438400,N,,8272
20191332C060-2019-01830A,MONMOUTH,MILLSTONE TWP,11/27/2019,WE,1730,02,NEW JERSEY STATE POLICE,HAMILTON-SUB -,0,0,0,0,P,B,N,N,12,1,NJ 33,W,33,,00000033__,20.80,02,,01,04,02,01,05,01,03,01,,,,,,,,55,,24,40.262100,74.420530,N,,8184
20191332C060-2019-01834A,MONMOUTH,MILLSTONE TWP,11/29/2019,FR,1252,02,NEW JERSEY STATE POLICE,HAMILTON-SUB -,0,0,0,0,P,B,N,N,01,2,ROUTE 537,E,537,,00000537__,41.90,05,,01,04,02,01,01,01,05,01,,,,,,,,50,,26,40.123400,74.053200,N,,8280
20191332C060-2019-01835A,MONMOUTH,MILLSTONE TWP,11/29/2019,FR,2156,02,NEW JERSEY STATE POLICE,HAMILTON-SUB -,0,0,0,0,P,B,N,N,12,1,ROUTE 524,S,524,,00000524__,17.72,05,,01,04,02,01,05,01,05,01,2000,FE,S,STILLHOUSE RD,,,,45,35,24,40.199680,74.398190,N,,8237
20191332C060-2019-01858A,MONMOUTH,MILLSTONE TWP,12/02/2019,MO,1340,02,NEW JERSEY STATE POLICE,HAMILTON-SUB -,0,2,0,0,I,I,N,N,03,2,MONMOUTH COUNTY 1,W,1,,13000001__,2.98,05,,01,04,02,02,05,03,05,01,,AT,,MILLSTONE RD,,,,35,35,26,40.224460,74.429640,N,JCPL Pole #JC193ME and electrical wires,8287
20191332C060-2019-01865A,MONMOUTH,MILLSTONE TWP,11/27/2019,WE,1757,02,NEW JERSEY STATE POLICE,HAMILTON-SUB -,0,0,0,0,P,B,N,N,11,1,STILLHOUSE RD **,,,,13321020__,1.33,07,,03,04,02,01,05,01,05,01,1584,FE,E,ROBERTS RD,,,,50,40,60,40.203090,74.392670,N,TREE,8165
20191332C060-2019-01866A,MONMOUTH,MILLSTONE TWP,12/02/2019,MO,1201,02,NEW JERSEY STATE POLICE,HAMILTON-SUB -,0,0,0,0,P,B,N,N,11,1,RED VALLEY RD **,S,,,13321029__,1.18,07,,02,04,02,03,01,03,05,01,1584,FE,N,YELLOW MEETING HOUSE RD,,,,45,45,52,40.185090,74.447610,N,Utility Pole JC193ME,7838
20191332C060-2019-01869A,MONMOUTH,MILLSTONE TWP,12/03/2019,TU,1513,02,NEW JERSEY STATE POLICE,HAMILTON-SUB -,0,0,0,0,P,B,N,N,12,1,ROUTE 524,W,524,,00000524__,16.00,05,,01,04,02,02,01,05,05,01,,,,,,,,50,,24,40.192420,74.428120,N,,8168
20191332C060-2019-01871A,MONMOUTH,MILLSTONE TWP,12/03/2019,TU,2215,02,NEW JERSEY STATE POLICE,HAMILTON-SUB -,0,0,0,0,P,B,N,N,11,1,MILLSTONE RD,S,,,13321017__,3.53,07,,01,04,02,01,05,01,05,01,25,FE,S,LEONARD LN,,,,45,25,61,,,N,MAILBOX AT 257 MILLSTONE RD.  UTILITY POLE #JC224ME OWNED BY JCP&L.,8368
20191332C060-2019-01888A,MONMOUTH,MILLSTONE TWP,12/05/2019,TH,2000,02,NEW JERSEY STATE POLICE,HAMILTON-SUB -,0,0,0,0,P,B,N,N,12,1,PAINT ISLAND SPRING RD,W,,,13321038__,1.72,07,,01,04,02,01,05,01,05,01,,,,STILLHOUSE RD,,,,45,35,24,40.185340,74.399130,N,,8272
20191332C060-2019-01903A,MONMOUTH,MILLSTONE TWP,12/09/2019,MO,0948,02,NEW JERSEY STATE POLICE,HAMILTON-SUB -,0,0,0,0,P,B,N,N,08,2,MILLSTONE RD,,,,,,07,,01,06,01,01,01,01,05,01,200,FE,N,APPLEGATE RD,,,,45,25,26,40.179980,74.427710,N,,8237
20191332C060-2019-01914A,MONMOUTH,MILLSTONE TWP,12/09/2019,MO,2234,02,NEW JERSEY STATE POLICE,HAMILTON-SUB -,0,0,0,0,P,B,N,N,10,1,FELDSHER RD **,S,,,13321004__,.00,07,,01,04,02,02,05,02,05,01,0,FE,S,WINDSOR RD,,,,25,35,58,40.233280,74.495940,N,,8280
20191332C060-2019-01918A,MONMOUTH,MILLSTONE TWP,12/10/2019,TU,1302,02,NEW JERSEY STATE POLICE,HAMILTON-SUB -,0,0,0,0,P,B,N,N,01,2,ROUTE 537,E,537,,00000537__,41.60,05,,01,04,01,02,01,02,05,01,,,,,,,,50,,26,40.160010,74.424330,N,,8194
20191332C060-2019-01924A,MONMOUTH,MILLSTONE TWP,12/10/2019,TU,1814,02,NEW JERSEY STATE POLICE,HAMILTON-SUB -,0,0,0,0,P,I,N,N,03,2,RED VALLEY RD **,N,,,13321029__,.02,07,,01,04,02,01,06,01,05,01,,AT,,SPRING RD,,,,45,35,26,40.174510,74.445150,N,,8117
20191332C060-2019-01941A,MONMOUTH,MILLSTONE TWP,12/14/2019,SA,0800,02,NEW JERSEY STATE POLICE,HAMILTON-SUB -,0,0,0,0,P,B,N,N,12,1,ROUTE 571,S,571,,00000571__,27.30,05,,01,04,02,02,01,02,05,01,,,,,,,,45,,24,40.198730,74.449910,N,,8141
20191332C060-2019-01951A,MONMOUTH,MILLSTONE TWP,12/15/2019,SU,,02,NEW JERSEY STATE POLICE,HAMILTON-SUB -,0,0,0,0,P,B,Y,N,11,1,ROUTE 524,W,524,,00000524__,20.09,05,,01,04,02,01,07,01,05,01,500,FE,E,ROUTE 537 / MONMOUTH RD,,,,45,50,52,40.205050,74.360290,N,JCP&L. #JC966ME. 101 Crawfords Corner Rd  Holmdel,8117
20191332C060-2019-01955A,MONMOUTH,MILLSTONE TWP,12/15/2019,SU,1222,02,NEW JERSEY STATE POLICE,HAMILTON-SUB -,0,0,0,0,P,B,N,N,01,2,NJ 33,W,33,,00000033__,19.50,02,,01,04,02,01,01,01,01,01,,,,,,,,55,,26,40.297520,74.489320,N,,8272
20191332C060-2019-01956A,MONMOUTH,MILLSTONE TWP,12/16/2019,MO,0537,02,NEW JERSEY STATE POLICE,HAMILTON-SUB -,0,0,0,0,P,B,N,N,12,1,I-195,W,195,,00000195__,16.40,01,,01,04,02,01,02,01,03,01,,,,,,,,65,,24,40.159470,74.421310,N,,8360
20191332C060-2019-01958A,MONMOUTH,MILLSTONE TWP,12/16/2019,MO,1408,02,NEW JERSEY STATE POLICE,HAMILTON-SUB -,0,0,0,0,P,B,N,N,03,3,SWEETMANS LN,E,,,,,07,,01,04,02,02,01,02,05,01,,,,MILLSTONE ROAD,,,,35,45,26,40.224100,74.429550,N,Millstone Dept of Pub Works  899 Perrineville Rd  Millstone Twp / Stop Sign,8141
20191332C060-2019-01965A,MONMOUTH,MILLSTONE TWP,12/17/2019,TU,1528,02,NEW JERSEY STATE POLICE,HAMILTON-SUB -,0,0,0,0,P,B,N,N,05,2,PAINT ISLAND SPRING RD,W,,,13321038__,1.73,07,,01,04,02,02,03,02,05,01,20,FE,E,STILLHOUSE RD,,,,35,35,26,40.185280,74.398950,N,,8375
20191332C060-2019-01984A,MONMOUTH,MILLSTONE TWP,12/18/2019,WE,2044,02,NEW JERSEY STATE POLICE,HAMILTON-SUB -,0,2,0,0,I,B,N,N,01,2,I-195,E,195,,00000195__,14.40,01,,01,07,02,04,05,03,03,01,,,,,,,,65,,26,40.174000,74.463180,N,,8035
20191332C060-2019-01993A,MONMOUTH,MILLSTONE TWP,12/22/2019,SU,0354,02,NEW JERSEY STATE POLICE,HAMILTON-SUB -,0,0,0,0,P,I,N,N,12,1,ROUTE 537,W,537,,00000537__,39.92,05,,01,04,02,01,02,01,04,01,,AT,,SIX FLAGS BLVD,,,,50,,24,40.634250,74.165130,N,,8342
20191332C060-2019-01997A,MONMOUTH,MILLSTONE TWP,12/19/2019,TH,1501,02,NEW JERSEY STATE POLICE,HAMILTON-SUB -,0,0,0,0,P,B,N,N,11,1,MILLSTONE RD,S,,,13321017__,3.13,07,,02,04,02,01,01,01,04,01,200,FE,N,CR 1 / PERRINEVILLE RD,,,,35,45,57,40.226240,74.429060,N,,8272
20191332C060-2019-01999A,MONMOUTH,MILLSTONE TWP,12/23/2019,MO,2152,02,NEW JERSEY STATE POLICE,HAMILTON-SUB -,0,0,0,0,P,B,N,N,10,1,PRODELIN WAY **,S,,,13321009__,1.92,07,,01,04,02,01,05,01,05,01,1056,FE,S,NJ 33,,,,35,55,57,40.259020,74.435150,N,,8194
20191332C060-2019-02002A,MONMOUTH,MILLSTONE TWP,12/24/2019,TU,1713,02,NEW JERSEY STATE POLICE,HAMILTON-SUB -,0,6,0,0,I,B,N,N,01,2,ROUTE 537,W,537,,00000537__,45.30,05,,01,04,02,01,06,01,05,01,,,,,,,,50,,26,40.192290,74.378400,N,,8194
20191332C060-2019-02008A,MONMOUTH,MILLSTONE TWP,12/26/2019,TH,1930,02,NEW JERSEY STATE POLICE,HAMILTON-SUB -,0,1,0,1,I,I,N,N,13,1,ROUTE 537,W,537,,00000537__,41.00,05,,01,04,02,01,07,01,05,01,,AT,,,,,,50,,22,40.201500,74.760000,N,,8249
20191332C060-2019-02013A,MONMOUTH,MILLSTONE TWP,12/28/2019,SA,2247,02,NEW JERSEY STATE POLICE,HAMILTON-SUB -,0,0,0,0,P,I,N,N,11,1,ROUTE 524,W,524,,00000524__,15.32,05,,03,05,02,02,01,02,05,01,,AT,,RED VALLEY RD,,,,30,30,52,40.856940,74.895640,N,JCP&L UTILITY POLE# JC789MC.,8144
20191332C060-2019-02014A,MONMOUTH,MILLSTONE TWP,12/28/2019,SA,1912,02,NEW JERSEY STATE POLICE,HAMILTON-SUB -,0,0,0,0,P,B,N,N,02,2,MILLSTONE RD,S,,,13321017__,.77,07,,01,04,02,01,05,01,05,01,50,FE,S,NATHANIAL DR,,,,40,25,26,40.246010,74.419750,N,,8194
20191332C060-2019-02022A,MONMOUTH,MILLSTONE TWP,12/26/2019,TH,1528,02,NEW JERSEY STATE POLICE,HAMILTON-SUB -,0,0,0,0,P,B,N,N,11,1,ROUTE 524,E,524,,00000524__,14.75,05,,03,05,02,01,01,01,05,01,50,FE,E,ROUTE 571 / RISING SUN TAVERN RD,,,,50,50,52,40.204360,74.429510,N,JCP&L utility pole (JC77ME) was snapped and wires were down.,8349
20191332C060-2019-02025A,MONMOUTH,MILLSTONE TWP,12/31/2019,TU,0649,02,NEW JERSEY STATE POLICE,HAMILTON-SUB -,0,1,0,0,I,I,N,N,11,1,ROUTE 571,N,571,,00000571__,24.37,05,,02,04,02,02,01,01,05,01,,AT,,PATTERSON LN,,,,45,,60,40.175640,74.424260,N,,8342
20191332M19-25348,MONMOUTH,MILLSTONE TWP,10/28/2019,MO,2043,01,MANCHESTER TWP PD,PATROL,0,0,0,0,P,B,N,N,09,2,ROUTE 571,,571,,00000571__,25.07,07,,01,04,02,01,06,01,05,01,7920,FE,N,NJ 70,,,,50,50,26,,,N,,0365