Year(4)-CountyCode(2)-MunicipalityCode(2)-CaseNumber(9),County Name,Municipality Name,Crash Date,Crash Day of Week,Crash Time,Police Department Code,Police Department,Police Station,Total Killed,Total Injured,Pedestrians Killed,Pedestrians Injured,Severity,Intersection,Alcohol Involved,Hazmat Involved,Crash Type,Total Vehicles,Location,Location Direction,Route,Route Suffix,Std Rte Identifier,MilePost,Road System,Road Character,Road Horizontal Alignment,Road Grade,Road Surface Type,Surface Condition,Light Condition,Environmental Condition,Road Divided By,Temporary Traffic Control Zone,Distance To Cross Street,Unit Of Measurement,Direction From Cross Street,Cross Street Name,Is Ramp,Ramp To/From Route Name,Ramp To/From Route Direction,Posted Speed,Posted Speed Cross Street,First Harmful Event,Latitude,Longitude,Cell Phone In Use Flag,Other Property Damage,Reporting Badge No.
2019133419NT06133,MONMOUTH,NEPTUNE TWP,02/22/2019,FR,1559,01,NEPTUNE TWP PD,,0,0,0,0,P,B,N,N,01,2,MONMOUTH COUNTY 17 II,W,17,2,130000172_,3.14,05,,01,04,02,01,01,01,05,01,25,FE,E,NJ 35,,,,30,35,26,40.219610,74.032580,N,,34208
2019133419NT06355,MONMOUTH,NEPTUNE TWP,02/24/2019,SU,1257,01,NEPTUNE TWP PD,,0,0,0,0,P,B,N,N,06,2,GEORGE ST **,N,,,13341172__,.11,07,,01,04,02,02,01,02,05,01,40,FE,N,BANGS AVE,,,,25,25,26,40.219730,74.030830,N,,34200
2019133419NT06358,MONMOUTH,NEPTUNE TWP,02/24/2019,SU,1315,01,NEPTUNE TWP PD,,0,0,0,0,P,B,N,N,11,1,NJ 18,S,18,,00000018__,8.28,02,,03,04,02,02,01,05,05,01,,,,,T,NJ 33,EB,65,,56,,,N,,164
2019133419NT06391,MONMOUTH,NEPTUNE TWP,02/24/2019,SU,2056,01,NEPTUNE TWP PD,,0,0,0,0,P,B,N,N,15,1,9TH AVE **,N,,,13341083__,.36,07,,01,04,02,01,06,01,05,01,500,FE,E,RIDGE AVE,,,,35,35,39,40.207250,74.022770,N,UTILITY WIRES FROM POLE BT815NT,34207
2019133419NT06429,MONMOUTH,NEPTUNE TWP,02/25/2019,MO,0752,01,NEPTUNE TWP PD,,0,1,0,0,I,B,N,N,01,3,NJ 66,E,66,,00000066__,1.72,02,,01,04,02,01,01,01,05,01,50,FE,W,GREEN GROVE RD,,,,50,25,26,40.225980,74.072980,N,,34160
2019133419NT06430,MONMOUTH,NEPTUNE TWP,02/25/2019,MO,0809,01,NEPTUNE TWP PD,,0,0,0,0,P,I,N,N,02,2,NJ 33,W,33,,00000033__,40.90,02,,01,04,02,01,01,01,04,01,,AT,,NEPTUNE BLVD,,,,40,25,26,40.208360,74.037050,N,,34206
2019133419NT06440,MONMOUTH,NEPTUNE TWP,02/25/2019,MO,0940,01,NEPTUNE TWP PD,,0,0,0,0,P,I,N,N,03,2,HECK AVE,E,,,13341107__,.82,07,,01,04,02,01,01,01,05,01,,AT,,FISHER AVE,,,,25,25,26,40.212740,74.026680,N,,34156
2019133419NT06485,MONMOUTH,NEPTUNE TWP,02/25/2019,MO,1430,01,NEPTUNE TWP PD,,0,0,0,0,P,I,N,N,03,2,NEPTUNE AVE **,S,,,13351382__,.28,07,,01,04,02,01,01,01,04,01,,AT,,6TH AVE,,,,25,25,26,40.205580,74.033890,N,,34206
2019133419NT06499,MONMOUTH,NEPTUNE TWP,02/25/2019,MO,1702,01,NEPTUNE TWP PD,,0,0,0,0,P,B,N,N,08,2,NEPTUNE BLVD **,,,,13341013__,,07,,01,04,02,01,01,01,05,01,,,,,,,,,,22,40.209750,74.036590,N,,34139
2019133419NT06501,MONMOUTH,NEPTUNE TWP,02/26/2019,TU,1733,01,NEPTUNE TWP PD,,0,0,0,0,P,I,N,N,11,2,DURAND RD **,,,,13341014__,.35,07,,01,04,02,01,01,10,05,01,,AT,,PITTENGER PL,,,,25,25,69,,,N,VERIZON UTILITY CONNECTION BOX AT 201 DURAND ROAD.,34166
2019133419NT06502,MONMOUTH,NEPTUNE TWP,02/25/2019,MO,1723,01,NEPTUNE TWP PD,,0,0,0,0,P,B,N,N,01,2,NJ 33,W,33,,00000033__,40.91,02,,01,04,02,01,01,01,04,01,50,FE,E,NEPTUNE BLVD,,,,40,,26,40.208360,74.037050,N,,34206
2019133419NT06517,MONMOUTH,NEPTUNE TWP,02/25/2019,MO,2018,01,NEPTUNE TWP PD,,0,0,0,0,P,I,N,N,11,1,NJ 66,E,66,,00000066__,2.98,02,,03,05,02,01,05,01,03,,,AT,,,F,NJ 18,SB,50,,,40.228250,74.049770,N,POLE # JC129NT,34181
2019133419NT06589,MONMOUTH,NEPTUNE TWP,02/26/2019,TU,1505,01,NEPTUNE TWP PD,,0,0,0,0,P,I,N,N,03,2,NEPTUNE BLVD **,S,,,13341013__,,07,,01,04,02,01,01,01,04,01,,AT,,WASHINGTON AVENUE,,,,25,25,26,40.209100,74.036040,N,,34202
2019133419NT06712,MONMOUTH,NEPTUNE TWP,03/04/2019,MO,0806,01,NEPTUNE TWP PD,,0,0,0,0,P,B,N,N,99,2,BROADWAY AVE **,W,,,13341123__,.43,07,,01,04,02,01,01,01,03,01,50,FE,W,CENTRAL AVE,,,,25,25,99,,,N,,34208
2019133419NT06799,MONMOUTH,NEPTUNE TWP,02/28/2019,TH,0750,01,NEPTUNE TWP PD,,0,2,0,0,I,I,N,N,03,2,NJ 35,W,35,,00000035__,23.93,02,,01,04,02,01,01,01,05,01,,AT,,WEST LAKE AVE,,,,25,35,26,40.215790,74.030540,N,,34205
2019133419NT06893,MONMOUTH,NEPTUNE TWP,02/28/2019,TH,2119,01,NEPTUNE TWP PD,,0,0,0,0,P,B,N,N,08,2,FISHER AVE **,S,,,13341118__,.41,07,,01,04,02,01,07,01,05,01,50,FE,S,WEST LAKE AVE,,,,25,25,26,,,N,,34170
2019133419NT06950,MONMOUTH,NEPTUNE TWP,03/01/2019,FR,0859,01,NEPTUNE TWP PD,,0,1,0,0,I,I,N,N,03,2,MYRTLE AVE **,S,,,13341119__,.26,07,,01,04,02,03,01,03,05,01,,AT,,STRATFORD AVE,,,,25,25,26,,,N,,34131
2019133419NT06962,MONMOUTH,NEPTUNE TWP,03/01/2019,FR,1006,01,NEPTUNE TWP PD,,0,0,0,0,P,I,N,N,08,2,GREEN GROVE RD,S,,,13341417__,1.42,07,,01,04,02,03,01,03,05,01,,AT,N,NJ 66,,,,25,50,26,40.225980,74.072980,N,,34165
2019133419NT07011,MONMOUTH,NEPTUNE TWP,03/01/2019,FR,1527,01,NEPTUNE TWP PD,,0,1,0,0,I,B,N,N,01,2,W LAKE AVE,W,,,,,07,,01,04,02,02,01,05,05,01,100,FE,E,NJ 35,,,,25,35,26,40.215780,74.030540,N,,34160
2019133419NT07021,MONMOUTH,NEPTUNE TWP,03/01/2019,FR,1736,01,NEPTUNE TWP PD,,0,0,0,0,P,I,N,N,03,2,MT HERMON WAY **,S,,,13341155__,.16,07,,01,04,02,01,03,01,05,01,,AT,,NEW JERSEY AVE,,,,25,25,26,40.213310,74.010170,N,,34193
2019133419NT07022,MONMOUTH,NEPTUNE TWP,03/01/2019,FR,1752,01,NEPTUNE TWP PD,,0,0,0,0,P,B,N,N,01,2,NJ 35,S,35,,00000035__,24.61,02,,03,04,02,02,04,01,02,,1000,FE,N,CORTLAND ST,,,,35,25,26,,,N,,34131
2019133419NT07035,MONMOUTH,NEPTUNE TWP,03/02/2019,SA,2335,01,NEPTUNE TWP PD,,0,0,0,0,P,B,Y,N,06,2,DRUMMOND AVE **,S,,,13341101__,.19,07,,01,04,02,02,06,01,05,01,40,FE,S,MILTON AVE,,,,25,25,28,,,N,,34173
2019133419NT07118,MONMOUTH,NEPTUNE TWP,03/02/2019,SA,1829,01,NEPTUNE TWP PD,,0,0,0,0,P,B,N,N,06,2,WEBB AVE **,W,,,13341125__,.36,07,,01,04,02,01,07,01,05,01,100,FE,E,BEACH AVE,,,,25,25,26,40.209950,74.005140,N,,34181
2019133419NT07192,MONMOUTH,NEPTUNE TWP,03/03/2019,SU,1126,01,NEPTUNE TWP PD,,0,0,0,0,P,I,N,N,03,2,BRADFISKE AVE **,S,,,13341120__,.08,07,,01,04,02,01,01,01,05,01,,AT,,FISHER AVE,,,,25,25,26,40.211100,74.026490,N,,34156
2019133419NT07246,MONMOUTH,NEPTUNE TWP,03/04/2019,MO,0741,01,NEPTUNE TWP PD,,0,0,0,0,P,B,N,N,01,2,NJ 33,W,33,,00000033__,40.90,02,,01,04,02,02,01,05,05,01,15,FE,E,NEPTUNE BLVD,,,,35,25,26,40.208360,74.037050,N,,34135
2019133419NT07259,MONMOUTH,NEPTUNE TWP,03/04/2019,MO,0943,01,NEPTUNE TWP PD,,0,0,0,0,P,B,N,N,03,2,NEPTUNE BLVD **,N,,,13341013__,,07,,01,04,02,02,01,05,02,01,10,FE,W,WELLS AVENUE,,,,25,25,26,40.212140,74.036510,N,,34208
2019133419NT07350,MONMOUTH,NEPTUNE TWP,03/05/2019,TU,0725,01,NEPTUNE TWP PD,,0,0,0,0,P,I,N,N,08,2,WASHINGTON AVE **,W,,,,,07,,01,04,02,01,01,01,05,01,,AT,E,NEPTUNE BOULEVARD,,,,25,25,26,,,N,,34149
2019133419NT07373,MONMOUTH,NEPTUNE TWP,03/05/2019,TU,1056,01,NEPTUNE TWP PD,,0,0,0,0,P,I,N,N,03,2,W LAKE AVENUE,E,,,,,07,,01,04,02,01,01,01,05,01,,AT,,TAYLOR AVENUE,,,,25,25,26,40.215990,74.033540,N,,34205
2019133419NT07499,MONMOUTH,NEPTUNE TWP,03/06/2019,WE,0956,01,NEPTUNE TWP PD,,0,0,0,0,P,I,N,N,01,2,NJ 33,E,33,,00000033__,42.03,02,,01,04,02,01,01,01,05,01,,AT,,NJ 71 / MAIN ST,,,,30,30,26,40.208980,74.004380,N,,34160
2019133419NT07557,MONMOUTH,NEPTUNE TWP,03/06/2019,WE,1757,01,NEPTUNE TWP PD,,0,0,0,0,P,B,N,N,08,2,SHOPRITE PARKING LOT,W,,,,,09,,01,04,01,01,01,01,01,05,,,,,,,,15,,26,40.225840,74.042370,N,,34194
2019133419NT07565,MONMOUTH,NEPTUNE TWP,03/06/2019,WE,2145,01,NEPTUNE TWP PD,,0,1,0,0,I,I,N,N,03,2,NJ 33,,33,,00000033__,37.95,02,,01,04,02,01,06,01,04,,,AT,,SCHOOLHOUSE RD / W JUMPING BROOK RD,,,,45,25,26,,,N,,34168
2019133419NT07642,MONMOUTH,NEPTUNE TWP,03/07/2019,TH,1448,01,NEPTUNE TWP PD,,0,0,0,0,P,B,N,N,08,2,3310 SR 66,N,,,,,10,,01,04,02,01,01,01,05,01,,,,,,,,,,28,,,N,,34166
2019133419NT07662,MONMOUTH,NEPTUNE TWP,03/07/2019,TH,1822,01,NEPTUNE TWP PD,,0,0,0,0,P,B,N,N,06,2,GLENMERE AVE **,E,,,13341059__,.57,07,,01,04,02,01,07,01,05,01,100,FE,W,BEACH AVE,,,,25,,26,40.190490,74.047220,N,,34187
2019133419NT07744,MONMOUTH,NEPTUNE TWP,03/08/2019,FR,1215,01,NEPTUNE TWP PD,,0,0,0,0,P,I,N,N,02,2,TENTH AVE **,W,,,13341081__,.13,07,,01,04,02,01,01,01,05,01,,AT,,NJ 35,,,,25,35,26,40.208570,74.026680,N,,34200
2019133419NT07841,MONMOUTH,NEPTUNE TWP,03/09/2019,SA,0219,01,NEPTUNE TWP PD,,0,2,0,0,I,I,Y,N,11,1,BRIGHTON AVE **,W,,,13341003__,.83,07,,01,04,02,01,07,01,05,01,,AT,,CR 17 / LAKESIDE AVE,,,,25,25,56,40.194140,74.055990,N,TREES AND BUSHES OFF THE ROADWAY AT THE INTERSECTION OF BRIGHTON AVE. / LAKEWOOD,34192
2019133419NT07866,MONMOUTH,NEPTUNE TWP,03/09/2019,SA,1203,01,NEPTUNE TWP PD,,0,0,0,0,P,B,N,N,08,2,CORNELL AVE **,N,,,13341358__,.06,07,,02,04,02,01,01,01,05,01,250,FE,S,PRINCETON AVE,,,,25,25,26,,,N,,34127
2019133419NT07907,MONMOUTH,NEPTUNE TWP,03/09/2019,SA,1924,01,NEPTUNE TWP PD,,0,0,0,0,P,I,N,N,02,2,NJ 35,S,35,,00000035__,24.06,02,,01,04,02,01,07,01,05,01,,AT,,STRATFORD AVE,,,,35,25,26,40.219650,74.032590,N,,34150
2019133419NT07934,MONMOUTH,NEPTUNE TWP,03/10/2019,SU,0008,01,NEPTUNE TWP PD,,0,0,0,0,P,B,N,N,06,2,GREENWOOD AVE **,E,,,13341093__,.21,07,,01,04,02,01,06,01,05,01,50,FE,E,BLOOMFIELD AVE,,,,25,25,28,40.213960,74.030790,N,,34190
2019133419NT07958,MONMOUTH,NEPTUNE TWP,03/10/2019,SU,1100,01,NEPTUNE TWP PD,,0,1,0,0,I,I,N,N,02,2,MONMOUTH COUNTY 16,W,16,,13000016__,5.42,05,,01,04,02,02,01,02,05,,,AT,,WHITESVILLE RD,,,,35,25,26,40.223460,74.026400,N,,34205
2019133419NT07979,MONMOUTH,NEPTUNE TWP,03/10/2019,SU,1554,01,NEPTUNE TWP PD,,0,0,0,0,P,B,Y,N,09,2,WAYSIDE RD,S,,,13341418__,1.72,07,,01,04,02,02,01,01,05,,50,FE,N,NJ 33,,,,25,40,26,40.207670,74.057890,N,,34205
2019133419NT07990,MONMOUTH,NEPTUNE TWP,03/10/2019,SU,1917,01,NEPTUNE TWP PD,,0,0,0,0,P,I,N,N,07,2,NJ 66,W,66,,00000066__,1.73,02,,01,04,02,01,05,01,05,01,,AT,,GREEN GROVE RD,,,,50,25,26,40.225980,74.072980,N,,34175
2019133419NT08079,MONMOUTH,NEPTUNE TWP,03/11/2019,MO,1159,01,NEPTUNE TWP PD,,0,0,0,0,P,B,N,N,01,2,NJ 18,N,18,,00000018__,9.84,02,,01,04,02,01,01,01,03,01,,,,,T,NJ 66,EB,65,,26,40.228250,74.049770,N,,34160
2019133419NT08135,MONMOUTH,NEPTUNE TWP,03/11/2019,MO,1847,01,NEPTUNE TWP PD,,0,0,0,0,P,I,N,N,01,3,NJ 66,W,66,,00000066__,1.86,02,,01,04,02,01,01,01,04,01,,AT,W,YALE RD,,,,40,25,26,40.227240,74.071050,N,,34187
2019133419NT08181,MONMOUTH,NEPTUNE TWP,03/12/2019,TU,0850,01,NEPTUNE TWP PD,,0,1,0,0,I,B,N,N,01,2,NJ 33,E,33,,00000033__,40.89,02,,01,04,02,01,01,01,05,01,50,FE,W,NEPTUNE BLVD,,,,40,25,26,40.208360,74.037050,N,,34160
2019133419NT08246,MONMOUTH,NEPTUNE TWP,03/12/2019,TU,1836,01,NEPTUNE TWP PD,,0,2,0,0,I,I,N,N,03,2,EIGHTH AVE **,W,,,13341080__,.28,07,,01,04,02,01,01,01,05,01,,AT,S,RIDGE AVE,,,,25,25,26,40.206110,74.023690,N,,34187
2019133419NT08290,MONMOUTH,NEPTUNE TWP,03/13/2019,WE,0231,01,NEPTUNE TWP PD,,0,0,0,0,P,B,N,N,06,2,NEW JERSEY AVE **,S,,,13341161__,.18,07,,01,04,02,01,06,01,05,01,5,FE,S,EMBURY AVE,,,,25,25,28,40.211830,74.010710,N,,34197
2019133419NT08294,MONMOUTH,NEPTUNE TWP,03/13/2019,WE,0359,01,NEPTUNE TWP PD,,0,0,0,0,P,B,N,N,06,2,NEW JERSEY AVE **,S,,,13341161__,.42,07,,01,04,02,01,06,01,05,01,15,FE,N,STOCKTON AVE,,,,25,25,28,40.211360,74.010880,N,,34197
2019133419NT08311,MONMOUTH,NEPTUNE TWP,03/13/2019,WE,0833,01,NEPTUNE TWP PD,,0,2,0,0,I,B,N,N,01,2,NJ 18,S,18,,00000018__,9.84,02,,01,04,02,01,01,01,03,01,,,,,T,NJ 66,EB,65,,26,40.228250,74.049770,N,,34135
2019133419NT08316,MONMOUTH,NEPTUNE TWP,03/13/2019,WE,0847,01,NEPTUNE TWP PD,,0,0,0,0,P,B,N,N,11,1,NJ 18,N,18,,00000018__,9.84,02,,02,05,02,04,01,01,05,01,,,,,T,NJ 66,EB,65,,56,,,N,,164
2019133419NT08375,MONMOUTH,NEPTUNE TWP,03/13/2019,WE,1607,01,NEPTUNE TWP PD,,0,1,0,0,I,B,N,N,10,1,NJ 66,E,66,,00000066__,2.54,02,,01,04,02,01,01,01,03,01,500,FE,E,BOWNE RD / WAYSIDE RD,,,,50,25,01,,,N,GUARD RAIL,34157
2019133419NT08383,MONMOUTH,NEPTUNE TWP,03/13/2019,WE,1652,01,NEPTUNE TWP PD,,0,0,0,0,P,I,N,N,01,2,NJ 33,W,33,,00000033__,40.55,02,,01,04,02,01,01,01,05,01,,AT,,WAKEFIELD RD,,,,40,25,26,40.207180,74.043040,N,,34162
2019133419NT08397,MONMOUTH,NEPTUNE TWP,03/13/2019,WE,1942,01,NEPTUNE TWP PD,,0,0,0,0,P,B,N,N,06,2,HECK AVE,E,,,13341107__,.76,07,,01,04,02,01,06,01,05,01,60,FE,E,DRUMMOND AVE,,,,25,25,28,40.212540,74.027220,N,,34199
2019133419NT08605,MONMOUTH,NEPTUNE TWP,03/15/2019,FR,0554,01,NEPTUNE TWP PD,,0,0,0,0,P,B,N,N,03,2,NJ 66,E,66,,00000066__,3.62,02,,03,04,02,01,07,01,02,01,,,,,F,NJ 35,SB,50,,26,40.225800,74.038820,N,,34185
2019133419NT08657,MONMOUTH,NEPTUNE TWP,03/15/2019,FR,1423,01,NEPTUNE TWP PD,,0,1,0,0,I,B,N,N,06,2,MONMOUTH COUNTY 17 II,E,17,2,130000172_,3.41,05,,01,04,02,01,01,01,05,01,30,FE,W,FISHER AVE,,,,30,25,26,40.219300,74.027390,N,,34139
2019133419NT08659,MONMOUTH,NEPTUNE TWP,03/15/2019,FR,1441,01,NEPTUNE TWP PD,,0,0,0,0,P,I,N,N,04,2,MONMOUTH COUNTY 17 I,,17,1,130000171_,1.53,05,,01,04,02,01,01,01,04,,,AT,,GULLEY RD,,,,35,25,26,40.207410,74.081740,N,,34202
2019133419NT08669,MONMOUTH,NEPTUNE TWP,03/15/2019,FR,1557,01,NEPTUNE TWP PD,,0,1,0,0,I,I,N,N,03,2,NJ 35,S,35,,00000035__,23.52,02,,01,04,02,01,01,01,04,01,,AT,,HUNTINGTON AVE,,,,35,25,26,40.210260,74.027590,N,,34165
2019133419NT08685,MONMOUTH,NEPTUNE TWP,03/15/2019,FR,1753,01,NEPTUNE TWP PD,,0,0,0,0,P,B,N,N,01,2,NJ 66,E,66,,00000066__,3.59,02,,01,04,02,01,01,01,05,01,100,FE,W,NJ 35 / CARDINAL RD,,,,50,25,26,40.225800,74.038820,N,,34160
2019133419NT08689,MONMOUTH,NEPTUNE TWP,03/15/2019,FR,1851,01,NEPTUNE TWP PD,,0,0,0,0,P,B,N,N,03,2,PENNSYLVANIA AVE **,N,,,13341017__,.28,07,,01,04,01,01,01,01,01,05,10,FE,N,ABBOTT AVE,,,,25,,26,40.210710,74.010260,N,,34194
2019133419NT08750,MONMOUTH,NEPTUNE TWP,03/14/2019,TH,1250,01,NEPTUNE TWP PD,,0,0,0,0,P,I,N,N,11,1,WICKAPECKO DR,S,,,13371419__,2.79,07,,01,04,02,01,01,01,05,01,,AT,,10TH AVE,,,,25,25,52,,,N,NEPTUNE TWP POLICE CAMERA; 25 NEPTUNE BLVD. NEPTUNE NJ 07753 732-988-8000,34193
2019133419NT08791,MONMOUTH,NEPTUNE TWP,03/16/2019,SA,1307,01,NEPTUNE TWP PD,,0,0,0,0,P,I,N,N,03,2,MONMOUTH COUNTY 17 II,E,17,2,130000172_,3.25,05,,01,04,02,01,01,01,04,01,,AT,,GEORGE ST,,,,30,25,26,40.219480,74.030560,N,,34202
2019133419NT08914,MONMOUTH,NEPTUNE TWP,03/17/2019,SU,1343,01,NEPTUNE TWP PD,,0,0,0,0,P,I,N,N,03,2,NJ 35,S,35,,00000035__,23.45,02,,01,04,02,01,01,01,04,01,,AT,,NJ 33 / CORLIES AVE,,,,35,40,26,40.209340,74.027100,N,,34206
2019133419NT08921,MONMOUTH,NEPTUNE TWP,03/17/2019,SU,1437,01,NEPTUNE TWP PD,,0,0,0,0,P,B,N,N,06,2,HIGHLAND AVE **,S,,,13341063__,.60,07,,02,04,02,01,05,01,05,01,200,FE,S,CR 17 / LAKEWOOD DR,,,,25,25,28,40.192870,74.049650,N,,34193
2019133419NT08970,MONMOUTH,NEPTUNE TWP,03/17/2019,SU,2240,01,NEPTUNE TWP PD,,0,0,0,0,P,I,N,N,03,2,NJ 66,W,66,,00000066__,.97,02,,01,04,02,01,07,01,05,01,,AT,,JUMPING BROOK RD,,,,50,25,26,,,N,,34179
2019133419NT09031,MONMOUTH,NEPTUNE TWP,03/18/2019,MO,1543,01,NEPTUNE TWP PD,,0,0,0,0,P,B,N,N,06,2,EMBURY AVE **,N,,,13341126__,.42,07,,01,04,02,01,01,01,05,01,200,FE,E,RIDGE AVE,,,,25,25,28,40.212220,74.023180,N,,34135
2019133419NT09044,MONMOUTH,NEPTUNE TWP,03/18/2019,MO,1828,01,NEPTUNE TWP PD,,0,0,0,0,P,B,N,N,06,2,LAWRENCE AVE **,S,,,13341028__,.03,07,,01,04,02,01,03,01,05,01,30,FE,S,HECK AVE,,,,25,25,26,40.211450,74.014050,N,,34204
2019133419NT09101,MONMOUTH,NEPTUNE TWP,03/19/2019,TU,0634,01,NEPTUNE TWP PD,,0,1,0,1,I,I,N,N,13,1,GULLY RD,N,,,13521414__,1.54,07,,01,06,02,01,02,01,05,01,,AT,,CR 17 I / OLD CORLIES AVE,,,,25,25,26,40.207410,74.081740,N,,34200
2019133419NT09113,MONMOUTH,NEPTUNE TWP,03/19/2019,TU,0839,01,NEPTUNE TWP PD,,0,1,0,0,I,B,N,N,12,1,NJ 18,S,18,,00000018__,9.84,02,,01,04,02,01,01,01,03,01,500,FE,,NJ 66,,,,65,50,24,40.220580,74.052320,N,,34135
2019133419NT09169,MONMOUTH,NEPTUNE TWP,03/19/2019,TU,1456,01,NEPTUNE TWP PD,,0,0,0,0,P,B,N,N,01,2,FORTUNATO PL **,S,,,13341202__,.14,07,,01,04,02,01,01,01,04,,25,FE,S,NJ 33 / CORLIES AVE,,,,25,40,26,,,N,,34207
2019133419NT09238,MONMOUTH,NEPTUNE TWP,03/20/2019,WE,0149,01,NEPTUNE TWP PD,,0,0,0,0,P,B,N,N,12,1,NJ 33,W,33,,00000033__,38.72,02,,01,04,02,01,07,01,05,01,600,FE,E,CR 17 / WEST BANGS AVE,,,,45,40,24,40.208000,74.070520,N,,34140
2019133419NT09291,MONMOUTH,NEPTUNE TWP,03/20/2019,WE,1135,01,NEPTUNE TWP PD,,0,1,0,0,I,B,N,N,02,2,NJ 18,N,18,,00000018__,8.28,02,,02,06,02,01,01,01,02,01,,,,,F,NJ 33,WB,65,,26,,,N,GUARDRAIL & SPEED LIMIT SIGN (DOT NOTIFIED BY 34-124),34166
2019133419NT09314,MONMOUTH,NEPTUNE TWP,03/20/2019,WE,1406,01,NEPTUNE TWP PD,,0,0,0,0,P,B,N,N,03,2,NJ 33,W,33,,00000033__,40.87,02,,01,04,02,01,01,01,04,01,150,FE,W,NEPTUNE BLVD,,,,35,25,26,40.208350,74.037050,N,,34202
2019133419NT09315,MONMOUTH,NEPTUNE TWP,03/20/2019,WE,1414,01,NEPTUNE TWP PD,,0,0,0,0,P,I,N,N,07,2,NJ 35,N,35,,00000035__,24.29,02,,01,04,02,01,01,01,05,01,,AT,,MONROE AVE,,,,35,25,26,40.220640,74.033120,N,,34124
2019133419NT09326,MONMOUTH,NEPTUNE TWP,03/20/2019,WE,1529,01,NEPTUNE TWP PD,,0,0,0,0,P,B,N,N,02,2,NEPTUNE BLVD **,S,,,13341013__,.00,07,,01,04,02,01,01,01,05,01,200,FE,S,NJ 66,,,,25,50,26,40.225840,74.042370,N,,34193
2019133419NT09346,MONMOUTH,NEPTUNE TWP,03/20/2019,WE,1852,01,NEPTUNE TWP PD,,0,0,0,0,P,I,N,N,02,2,NJ 33,W,33,,00000033__,38.29,02,,01,04,02,01,01,01,05,,,AT,,OLD CORLIES RD / JUMPING BROOK RD,,,,45,25,26,,,N,,34168
2019133419NT09354,MONMOUTH,NEPTUNE TWP,03/20/2019,WE,2208,01,NEPTUNE TWP PD,,0,0,0,0,P,I,N,N,11,2,NJ 66,E,66,,00000066__,3.62,02,,01,04,02,01,06,01,,,,AT,,NJ 35,,,,50,35,69,,,N,VEHICLE #1 DAMAGED TWO BUSHES AND ONE PLANTER BOX CONTAINING ANOTHER BUSH.,34168
2019133419NT09383,MONMOUTH,NEPTUNE TWP,03/21/2019,TH,0849,01,NEPTUNE TWP PD,,0,0,0,0,P,B,N,N,06,2,774 WAYSIDE RD,E,,,,,09,,01,04,02,02,01,02,05,01,,,,,,,,,,28,40.227200,74.060880,N,,34160
2019133419NT09393,MONMOUTH,NEPTUNE TWP,03/21/2019,TH,1128,01,NEPTUNE TWP PD,,0,0,0,0,P,B,Y,N,11,1,MONMOUTH COUNTY 17 II,W,17,2,130000172_,1.76,05,,02,04,02,02,01,02,04,01,300,FE,N,ARNOLD AVE,,,,40,25,62,40.218910,74.035980,N,NJ AMERICAN WATER COMPANY FIRE HYRDANT IN FRONT OF 2821 W. BANGS AVENUE,34202
2019133419NT09426,MONMOUTH,NEPTUNE TWP,03/21/2019,TH,1540,01,NEPTUNE TWP PD,,0,0,0,0,P,B,N,N,01,2,NJ 66,E,66,,00000066__,2.98,02,,01,04,02,02,01,02,02,01,,,,,F,NJ 18,SB,65,,26,40.228250,74.049770,N,,34165
2019133419NT09437,MONMOUTH,NEPTUNE TWP,03/21/2019,TH,1701,01,NEPTUNE TWP PD,,0,0,0,0,P,I,N,N,03,2,NJ 33,N,33,,00000033__,41.92,02,,01,04,02,02,01,02,04,01,,AT,,CR 40 A / MEMORIAL DR,,,,30,30,26,40.210830,74.017230,N,,34206
2019133419NT09438,MONMOUTH,NEPTUNE TWP,03/21/2019,TH,1718,01,NEPTUNE TWP PD,,0,0,0,0,P,I,N,N,11,1,LAWRENCE AVE **,S,,,13341028__,.04,07,,01,04,02,02,01,02,05,01,,AT,,HECK AVE,,,,25,25,50,40.213150,74.013840,N,,34139
2019133419NT09509,MONMOUTH,NEPTUNE TWP,03/22/2019,FR,1128,01,NEPTUNE TWP PD,,0,2,0,0,I,I,N,N,03,2,NJ 66,W,66,,00000066__,.97,02,,01,04,02,02,01,05,05,01,,AT,E,JUMPING BROOK RD,,,,50,25,26,,,N,,34149
2019133419NT09543,MONMOUTH,NEPTUNE TWP,03/22/2019,FR,1611,01,NEPTUNE TWP PD,,0,3,0,0,I,I,N,N,03,2,NJ 33,W,33,,00000033__,40.55,02,,01,04,02,01,01,01,05,01,,AT,E,WAKEFIELD RD,,,,40,25,26,,,N,,34149
2019133419NT09562,MONMOUTH,NEPTUNE TWP,03/22/2019,FR,2020,01,NEPTUNE TWP PD,,0,0,0,0,P,I,N,N,03,3,MONMOUTH COUNTY 40 A,N,40,A,13000040A_,1.07,05,,01,04,02,02,07,02,05,01,,AT,,7TH AVE / LAREINE AVE,,,,40,25,26,40.204300,74.018990,N,,
2019133419NT09587,MONMOUTH,NEPTUNE TWP,03/22/2019,FR,2240,01,NEPTUNE TWP PD,,0,0,0,0,P,I,N,N,12,1,NJ 33,W,33,,00000033__,38.29,02,,01,04,02,01,07,01,04,01,,AT,E,OLD CORLIES RD / JUMPING BROOK RD,,,,45,25,24,40.209310,74.084880,N,,34187
2019133419NT09638,MONMOUTH,NEPTUNE TWP,03/23/2019,SA,1315,01,NEPTUNE TWP PD,,0,0,0,0,P,B,N,N,02,2,NJ 33,W,33,,00000033__,41.29,02,,01,04,02,01,01,01,04,,25,FE,S,UNION AVE,,,,40,25,26,40.209030,74.029430,N,,34207