Year(4)-CountyCode(2)-MunicipalityCode(2)-CaseNumber(9),County Name,Municipality Name,Crash Date,Crash Day of Week,Crash Time,Police Department Code,Police Department,Police Station,Total Killed,Total Injured,Pedestrians Killed,Pedestrians Injured,Severity,Intersection,Alcohol Involved,Hazmat Involved,Crash Type,Total Vehicles,Location,Location Direction,Route,Route Suffix,Std Rte Identifier,MilePost,Road System,Road Character,Road Horizontal Alignment,Road Grade,Road Surface Type,Surface Condition,Light Condition,Environmental Condition,Road Divided By,Temporary Traffic Control Zone,Distance To Cross Street,Unit Of Measurement,Direction From Cross Street,Cross Street Name,Is Ramp,Ramp To/From Route Name,Ramp To/From Route Direction,Posted Speed,Posted Speed Cross Street,First Harmful Event,Latitude,Longitude,Cell Phone In Use Flag,Other Property Damage,Reporting Badge No.
2019133419NT09664,MONMOUTH,NEPTUNE TWP,03/23/2019,SA,1614,01,NEPTUNE TWP PD,,0,1,0,0,I,I,N,N,03,2,MONMOUTH COUNTY 17 II,W,17,2,130000172_,1.53,05,,02,06,02,01,01,01,05,01,,AT,,WAYSIDE RD,,,,40,25,26,40.221400,74.059140,N,,34162
2019133419NT09711,MONMOUTH,NEPTUNE TWP,03/23/2019,SA,2146,01,NEPTUNE TWP PD,,0,1,0,1,I,B,N,N,13,1,NJ 35,S,35,,00000035__,24.62,02,,01,04,02,01,06,01,05,01,1000,FE,N,BROCKTON AVE,,,,35,25,26,40.224010,74.036200,N,,34175
2019133419NT09739,MONMOUTH,NEPTUNE TWP,03/24/2019,SU,0243,01,NEPTUNE TWP PD,,0,0,0,0,P,B,Y,N,02,2,NJ 33,E,33,,00000033__,38.29,02,,01,04,02,01,06,01,05,01,20,FE,W,OLD CORLIES RD / JUMPING BROOK RD,,,,45,25,26,40.209970,74.085930,N,,34171
2019133419NT09740,MONMOUTH,NEPTUNE TWP,03/24/2019,SU,0531,01,NEPTUNE TWP PD,,0,0,0,0,P,B,N,N,06,2,SEVENTH AVE,E,,,,,07,,01,04,02,01,05,01,05,01,50,FE,W,NJ 35,,,,25,35,28,40.205350,74.027040,N,POLE 40427NT,34175
2019133419NT09804,MONMOUTH,NEPTUNE TWP,03/24/2019,SU,1637,01,NEPTUNE TWP PD,,0,0,0,0,P,B,N,N,06,2,GREENWOOD AVE **,E,,,13341093__,.21,07,,01,04,02,01,00,01,05,01,75,FE,E,BLOOMFIELD AVE,,,,25,25,26,40.213950,74.031320,N,,34205
2019133419NT09814,MONMOUTH,NEPTUNE TWP,03/24/2019,SU,1807,01,NEPTUNE TWP PD,,0,0,0,0,P,B,N,N,01,2,NJ 18,N,18,,00000018__,8.28,02,,01,04,02,01,01,01,02,01,,,,,F,NJ 33,WB,65,,26,40.206260,74.052300,N,,34204
2019133419NT09822,MONMOUTH,NEPTUNE TWP,03/24/2019,SU,1923,01,NEPTUNE TWP PD,,0,2,0,0,I,I,N,N,03,2,MONMOUTH COUNTY 5,N,5,,13000005__,.90,05,,01,04,02,01,07,01,05,01,,AT,,9TH AVE,,,,25,25,26,40.206690,74.020580,N,,34171
2019133419NT09944,MONMOUTH,NEPTUNE TWP,03/25/2019,MO,2245,01,NEPTUNE TWP PD,,0,0,0,0,P,I,N,N,05,2,NJ 33,N,33,,00000033__,41.38,02,,01,04,02,01,06,01,05,01,,AT,,NJ 35,,,,35,30,26,,,N,,34191
2019133419NT09977,MONMOUTH,NEPTUNE TWP,03/26/2019,TU,0825,01,NEPTUNE TWP PD,,0,0,0,0,P,B,N,N,01,2,NJ 66,E,66,,00000066__,.97,02,,01,04,02,01,01,01,05,01,15,FE,W,JUMPING BROOK RD,,,,50,25,26,40.222570,74.086860,N,,34156
2019133419NT10041,MONMOUTH,NEPTUNE TWP,03/26/2019,TU,1729,01,NEPTUNE TWP PD,,0,0,0,0,P,I,N,N,03,2,NJ 33,E,33,,00000033__,40.90,02,,01,04,02,01,01,01,05,01,,AT,,NEPTUNE BLVD,,,,40,25,26,40.216170,74.035590,N,,34165
2019133419NT10137,MONMOUTH,NEPTUNE TWP,03/27/2019,WE,1413,01,NEPTUNE TWP PD,,0,0,0,0,P,B,N,N,01,2,NJ 35,N,35,,00000035__,24.53,02,,01,04,02,01,01,01,05,01,528,FE,N,BROCKTON AVE,,,,35,25,26,,,N,,164
2019133419NT10394,MONMOUTH,NEPTUNE TWP,03/29/2019,FR,1643,01,NEPTUNE TWP PD,,0,0,0,0,P,B,N,N,08,2,ASBURY AVE **,E,,,13341157__,.30,07,,01,04,02,01,01,01,05,,5,FE,N,PILGRIM PATHWAY,,,,25,25,28,40.215140,74.006250,N,,34193
2019133419NT10397,MONMOUTH,NEPTUNE TWP,03/29/2019,FR,1700,01,NEPTUNE TWP PD,,0,1,0,0,I,I,N,N,02,2,NJ 35,S,35,,00000035__,23.55,02,,01,04,02,01,01,01,04,01,,AT,,BRADFISKE AVE,,,,35,25,26,40.210370,74.028660,N,,34575
2019133419NT10438,MONMOUTH,NEPTUNE TWP,03/29/2019,FR,2358,01,NEPTUNE TWP PD,,0,0,0,0,P,B,N,N,01,2,NJ 66,E,66,,00000066__,3.62,02,,01,04,01,01,01,01,01,05,10,FE,S,NJ 35,,,,35,35,26,40.225800,74.038820,N,,34194
2019133419NT10469,MONMOUTH,NEPTUNE TWP,03/30/2019,SA,0935,01,NEPTUNE TWP PD,,0,0,0,0,P,I,N,N,02,2,NJ 33,W,33,,00000033__,40.13,02,,02,06,02,01,01,01,05,01,,AT,,BRIGHTON AVE,,,,40,25,26,40.206280,74.050560,N,,34124
2019133419NT10500,MONMOUTH,NEPTUNE TWP,03/30/2019,SA,1345,01,NEPTUNE TWP PD,,0,0,0,0,P,B,N,N,08,2,EIGHTH AVE,S,,,,,07,,01,04,02,01,01,01,05,01,100,FE,E,NJ 35,,,,25,35,26,40.206810,74.025090,N,,34193
2019133419NT10507,MONMOUTH,NEPTUNE TWP,03/30/2019,SA,1739,01,NEPTUNE TWP PD,,0,0,0,0,P,I,N,N,04,2,NJ 66,E,66,,00000066__,.97,02,,01,04,02,01,01,01,05,01,,AT,,JUMPING BROOK RD,,,,50,25,26,,,N,,34166
2019133419NT10697,MONMOUTH,NEPTUNE TWP,04/01/2019,MO,1131,01,NEPTUNE TWP PD,,0,0,0,0,P,I,N,N,01,2,NJ 66,E,66,,00000066__,3.21,02,,01,05,02,01,01,01,01,01,,AT,,NEPTUNE BLVD,,,,50,25,26,40.225840,74.042370,N,,34204
2019133419NT10717,MONMOUTH,NEPTUNE TWP,04/01/2019,MO,1459,01,NEPTUNE TWP PD,,0,0,0,0,P,B,N,N,01,2,MONMOUTH COUNTY 16,W,16,,13000016__,,05,,01,05,02,01,01,01,05,01,25,FE,W,WAYSIDE RD,,,,45,,26,40.230810,74.060900,N,,34162
2019133419NT11063,MONMOUTH,NEPTUNE TWP,04/04/2019,TH,0723,01,NEPTUNE TWP PD,,0,0,0,0,P,I,N,N,03,2,NJ 33,W,33,,00000033__,41.12,02,,01,04,02,01,01,01,05,01,,AT,,HAMILTON AVE,,,,35,25,26,,,N,,34166
2019133419NT11066,MONMOUTH,NEPTUNE TWP,04/08/2019,MO,1314,01,NEPTUNE TWP PD,,0,1,0,0,I,B,N,N,02,4,NJ 33,W,33,,00000033__,41.64,02,,01,04,02,01,01,01,02,01,250,FE,E,RIDGE AVE,,,,30,25,28,,,N,,
2019133419NT11082,MONMOUTH,NEPTUNE TWP,04/04/2019,TH,0936,01,NEPTUNE TWP PD,,0,1,0,0,I,I,N,N,01,2,NJ 33,E,33,,00000033__,40.44,02,,01,04,02,01,01,01,05,01,,AT,,CR 2 / OXFORD WAY,,,,40,25,26,40.206850,74.045440,N,,34160
2019133419NT11123,MONMOUTH,NEPTUNE TWP,04/04/2019,TH,1501,01,NEPTUNE TWP PD,,0,1,0,0,I,I,N,N,01,2,NJ 33,E,33,,00000033__,38.61,02,,01,04,02,01,01,01,05,01,,AT,,CR 17 / WEST BANGS AVE,,,,45,35,26,40.216510,74.071520,N,,34139
2019133419NT11159,MONMOUTH,NEPTUNE TWP,04/04/2019,TH,2111,01,NEPTUNE TWP PD,,0,0,0,0,P,B,Y,N,06,3,MAIN AVE **,W,,,13341143__,.09,07,,01,04,01,01,01,01,05,01,10,FE,E,BENSON AVE,,,,25,25,26,40.213470,74.013320,N,,34179
2019133419NT11195,MONMOUTH,NEPTUNE TWP,04/05/2019,FR,0754,01,NEPTUNE TWP PD,,0,0,0,0,P,B,N,N,01,2,NJ 33,W,33,,00000033__,40.05,02,,01,04,01,01,01,01,05,01,20,FE,W,NJ 18,,,,40,65,26,40.228250,74.049770,N,,34167
2019133419NT11203,MONMOUTH,NEPTUNE TWP,04/05/2019,FR,0841,01,NEPTUNE TWP PD,,0,0,0,0,P,B,N,N,06,2,WEBB AVE **,W,,,13341125__,.29,07,,01,04,02,01,06,01,05,01,100,FE,E,CENTRAL AVE,,,,25,25,28,40.210490,74.006100,N,,34199
2019133419NT11205,MONMOUTH,NEPTUNE TWP,04/05/2019,FR,0846,01,NEPTUNE TWP PD,,0,2,0,0,I,B,N,N,01,4,NJ 66,W,66,,00000066__,1.65,02,,01,04,01,01,01,01,05,01,400,FE,W,GREEN GROVE RD,,,,50,25,26,40.224930,74.077410,N,,
2019133419NT11265,MONMOUTH,NEPTUNE TWP,04/05/2019,FR,1656,01,NEPTUNE TWP PD,,0,0,0,0,P,I,N,N,03,2,ALLENHURST AVE **,W,,,13341190__,.17,07,,01,04,02,02,01,02,05,01,,AT,,ASBURY PARK BLVD,,,,25,25,26,40.215840,74.056790,N,,34205
2019133419NT11278,MONMOUTH,NEPTUNE TWP,04/05/2019,FR,1820,01,NEPTUNE TWP PD,,0,1,0,0,I,B,N,N,01,2,NJ 66,W,66,,00000066__,.98,02,,01,04,02,02,03,02,05,01,50,FE,E,JUMPING BROOK RD,,,,50,25,26,40.223660,74.086540,N,,34208
2019133419NT11308,MONMOUTH,NEPTUNE TWP,04/06/2019,SA,0752,01,NEPTUNE TWP PD,,0,0,0,0,P,B,N,N,11,1,WAYSIDE RD,,,,13341418__,.70,07,,02,05,02,02,05,02,05,01,300,FE,S,ASH DR,,,,30,25,,,,N,MAILBOX AT 632 WAYSIDE RD.,34162
2019133419NT11332,MONMOUTH,NEPTUNE TWP,04/06/2019,SA,1057,01,NEPTUNE TWP PD,,0,0,0,0,P,I,N,N,03,2,NJ 33,N,33,,00000033__,41.12,02,,01,04,02,01,01,01,05,01,,AT,,HAMILTON AVE,,,,25,40,26,40.208650,74.032200,N,,34192
2019133419NT11376,MONMOUTH,NEPTUNE TWP,04/06/2019,SA,1734,01,NEPTUNE TWP PD,,0,2,0,0,I,B,Y,N,11,1,JUMPING BROOK RD,N,,,13341416__,.43,07,,02,04,02,01,01,01,05,01,20,FE,N,COUNTRY CLUB DR,,,,25,25,26,40.215050,74.087080,N,,34199
2019133419NT11470,MONMOUTH,NEPTUNE TWP,04/07/2019,SU,1206,01,NEPTUNE TWP PD,,0,0,0,0,P,I,N,N,03,2,MONMOUTH COUNTY 40 A,N,40,A,13000040A_,1.07,05,,01,04,02,01,01,01,05,01,,AT,,7TH AVE / LAREINE AVE,,,,40,25,26,,,N,,34149
2019133419NT11494,MONMOUTH,NEPTUNE TWP,04/07/2019,SU,1516,01,NEPTUNE TWP PD,,0,0,0,0,P,I,N,N,03,2,NJ 33,N,33,,00000033__,41.92,02,,01,04,02,01,01,01,05,01,,AT,,CR 40 A / MEMORIAL DR,,,,40,30,26,40.209930,74.023460,N,,34204
2019133419NT11549,MONMOUTH,NEPTUNE TWP,04/08/2019,MO,0737,01,NEPTUNE TWP PD,,0,1,0,0,I,B,N,N,11,1,NJ 33,E,33,,00000033__,39.30,02,,01,04,02,02,01,01,05,01,25,FE,E,SYCAMORE ST,,,,45,25,,40.208170,74.066080,N,,34197
2019133419NT11552,MONMOUTH,NEPTUNE TWP,04/08/2019,MO,0828,01,NEPTUNE TWP PD,,0,2,0,0,I,B,N,N,01,2,NJ 66,E,66,,00000066__,2.98,02,,01,04,02,01,01,01,05,01,,,,,F,NJ 18,SB,50,,26,,,N,,34203
2019133419NT11555,MONMOUTH,NEPTUNE TWP,04/08/2019,MO,0927,01,NEPTUNE TWP PD,,0,0,0,0,P,B,N,N,01,2,NJ 66,W,66,,00000066__,2.28,02,,01,04,01,01,01,01,01,05,900,FE,W,BOWNE RD / WAYSIDE RD,,,,35,25,26,40.229160,74.061270,N,,34194
2019133419NT11585,MONMOUTH,NEPTUNE TWP,04/08/2019,MO,1340,01,NEPTUNE TWP PD,,0,0,0,0,P,B,N,N,01,2,NJ 33,E,33,,00000033__,40.57,02,,01,04,02,01,01,01,05,01,100,FE,E,WAKEFIELD RD,,,,40,25,26,40.208130,74.039810,N,,34139
2019133419NT11603,MONMOUTH,NEPTUNE TWP,04/08/2019,MO,1752,01,NEPTUNE TWP PD,,0,2,0,0,I,I,N,N,03,2,HECK AVE,N,,,13341107__,.88,07,,01,04,02,01,01,01,05,01,,AT,,MYRTLE AVE,,,,25,25,26,40.212760,74.025480,N,,34124
2019133419NT11626,MONMOUTH,NEPTUNE TWP,04/08/2019,MO,2142,01,NEPTUNE TWP PD,,0,1,0,0,I,B,N,N,11,1,NJ 33,E,33,,00000033__,37.93,02,,01,04,02,01,06,01,04,01,100,FE,W,SCHOOLHOUSE RD / W JUMPING BROOK RD,,,,40,25,,40.210860,74.091210,N,LAWN DAMAGE - DRIVER STRUCK PARKING LOT CURBS AND GRASSY AREAS,34183
2019133419NT11659,MONMOUTH,NEPTUNE TWP,04/09/2019,TU,0725,01,NEPTUNE TWP PD,,0,2,0,0,I,I,N,N,03,3,EIGHTH AVENUE,S,,,,,07,,01,04,02,01,01,01,05,01,,AT,,RIDGE AVENUE,,,,25,25,26,40.205790,74.023320,N,,
2019133419NT11798,MONMOUTH,NEPTUNE TWP,04/10/2019,WE,1402,01,NEPTUNE TWP PD,,0,1,0,0,I,I,N,N,01,2,NJ 35,N,35,,00000035__,23.99,02,,01,04,02,01,01,01,05,01,,AT,,MILTON AVE,,,,35,25,26,40.208130,74.039810,N,,34135
2019133419NT11804,MONMOUTH,NEPTUNE TWP,04/10/2019,WE,1437,01,NEPTUNE TWP PD,,0,1,0,0,I,I,N,N,03,3,NJ 35,N,35,,00000035__,24.29,02,,01,04,02,01,01,01,05,01,,AT,,MONROE AVE,,,,35,25,26,,,N,,
2019133419NT11842,MONMOUTH,NEPTUNE TWP,04/10/2019,WE,1953,01,NEPTUNE TWP PD,,0,0,0,0,P,I,N,N,02,2,NJ 33,W,33,,00000033__,40.13,02,,01,06,02,01,03,01,05,01,,AT,,BRIGHTON AVE,,,,40,25,26,40.206260,74.052300,N,,34200
2019133419NT11918,MONMOUTH,NEPTUNE TWP,04/11/2019,TH,0928,01,NEPTUNE TWP PD,,0,2,0,0,I,I,N,N,03,2,NJ 33,W,33,,00000033__,39.41,02,,01,04,02,01,01,01,05,02,,AT,,GREEN GROVE RD,,,,40,25,26,40.207980,74.064010,N,,34162
2019133419NT11961,MONMOUTH,NEPTUNE TWP,04/10/2019,WE,1900,01,NEPTUNE TWP PD,,0,0,0,0,P,B,N,N,12,1,NJ 18,S,18,,00000018__,8.34,02,,01,04,02,01,05,01,01,01,300,FE,N,NJ 33,,,,65,40,24,,,N,,164
2019133419NT11967,MONMOUTH,NEPTUNE TWP,04/11/2019,TH,1752,01,NEPTUNE TWP PD,,0,2,0,0,I,I,N,N,03,2,FOREST DR **,,,,13341055__,.26,07,,02,05,02,01,01,01,05,01,,AT,,CR 17 / LAKEWOOD DR,,,,25,25,26,40.194040,74.048840,N,FRONT LAWN OF 235 LAKEWOOD RD WAS DAMAGED,34162
2019133419NT11988,MONMOUTH,NEPTUNE TWP,04/11/2019,TH,2054,01,NEPTUNE TWP PD,,0,0,0,0,P,B,N,N,06,2,PROSPECT AVE **,E,,,13341040__,.56,07,,01,04,02,01,03,01,05,01,100,FE,W,FOREST DR,,,,25,25,28,40.191850,74.051330,N,,34200
2019133419NT12172,MONMOUTH,NEPTUNE TWP,04/13/2019,SA,0903,01,NEPTUNE TWP PD,,0,0,0,0,P,B,N,N,99,1,NJ 18,S,18,,00000018__,9.84,02,,03,05,02,02,01,,03,01,,,S,,T,NJ 66,EB,65,,,,,N,,34139
2019133419NT12192,MONMOUTH,NEPTUNE TWP,04/13/2019,SA,1223,01,NEPTUNE TWP PD,,0,0,0,0,P,I,N,N,02,2,NJ 33,N,33,,00000033__,40.13,02,,01,06,02,01,01,01,01,01,,AT,,BRIGHTON AVE,,,,25,40,26,40.206280,74.050560,N,,34124
2019133419NT12218,MONMOUTH,NEPTUNE TWP,04/13/2019,SA,1942,01,NEPTUNE TWP PD,,0,0,0,0,P,B,N,N,06,2,IVANS RD **,,,,13341024__,.15,07,,01,04,02,01,01,01,,,30,FE,E,HILLSIDE DR,,,,25,25,28,,,N,,34168
2019133419NT12220,MONMOUTH,NEPTUNE TWP,04/13/2019,SA,1953,01,NEPTUNE TWP PD,,0,2,0,0,I,I,N,N,01,3,NJ 66,W,66,,00000066__,1.73,02,,01,04,01,01,06,01,04,01,,AT,,GREEN GROVE RD,,,,50,25,26,40.225980,74.072980,N,,34183
2019133419NT12229,MONMOUTH,NEPTUNE TWP,04/13/2019,SA,2124,01,NEPTUNE TWP PD,,0,0,0,0,P,I,N,N,06,2,BEACH AVE **,W,,,13341137__,.37,07,,01,04,02,01,06,01,05,05,,AT,N,BATH AVE,,,,25,25,26,40.214320,74.003910,N,,34187
2019133419NT12274,MONMOUTH,NEPTUNE TWP,04/14/2019,SU,0901,01,NEPTUNE TWP PD,,0,0,0,0,P,B,N,N,06,2,WILLOW DR **,E,,,13341247__,.00,07,,01,04,02,01,01,01,05,01,150,FE,W,GULLEY RD,,,,25,25,28,40.205890,74.082650,N,,34155
2019133419NT12280,MONMOUTH,NEPTUNE TWP,04/14/2019,SU,1347,01,NEPTUNE TWP PD,,0,0,0,0,P,B,N,N,08,2,OCEAN AVE,S,,,,,07,,01,04,01,01,01,01,05,01,15,FE,S,OLIN ST,,,,25,25,28,,,N,,34203
2019133419NT12296,MONMOUTH,NEPTUNE TWP,04/14/2019,SU,1421,01,NEPTUNE TWP PD,,0,1,0,0,I,I,N,N,03,2,NJ 33,N,33,,00000033__,41.38,02,,01,04,02,01,01,01,05,01,,AT,,NJ 35,,,,35,40,26,40.209340,74.027100,N,,34139
2019133419NT12300,MONMOUTH,NEPTUNE TWP,04/14/2019,SU,1518,01,NEPTUNE TWP PD,,0,0,0,0,P,I,N,N,01,2,JUMPING BROOK RD,S,,,13341416__,.97,07,,01,04,02,01,01,01,05,01,,AT,,NJ 66,,,,25,,26,,,N,,34203
2019133419NT12369,MONMOUTH,NEPTUNE TWP,04/15/2019,MO,1000,01,NEPTUNE TWP PD,,0,0,0,0,P,I,Y,N,01,2,NJ 33,W,33,,00000033__,38.29,02,,01,04,02,02,01,01,05,02,,AT,,OLD CORLIES RD / JUMPING BROOK RD,,,,45,25,26,,,N,,34205
2019133419NT12396,MONMOUTH,NEPTUNE TWP,04/15/2019,MO,1419,01,NEPTUNE TWP PD,,0,0,0,0,P,B,N,N,06,2,WOODMERE AVE **,W,,,13341042__,.56,07,,01,04,02,01,01,01,05,01,150,FE,E,CEDAR PL / FAIRFIELD WAY,,,,25,25,28,40.191640,74.045120,N,,34165
2019133419NT12416,MONMOUTH,NEPTUNE TWP,04/15/2019,MO,1636,01,NEPTUNE TWP PD,,0,1,0,0,I,I,N,N,01,2,JUMPING BROOK RD,S,,,13341416__,1.04,07,,01,04,02,01,01,01,05,,,AT,,ESSEX RD,,,,25,25,26,40.223500,74.087300,N,,34205
2019133419NT12436,MONMOUTH,NEPTUNE TWP,04/15/2019,MO,1839,01,NEPTUNE TWP PD,,0,0,0,0,P,I,N,N,06,2,MONMOUTH COUNTY 5,S,5,,13000005__,.90,05,,01,04,02,01,01,01,05,01,,AT,,9TH AVE,,,,35,25,28,40.206690,74.020580,N,,34190
2019133419NT12478,MONMOUTH,NEPTUNE TWP,04/16/2019,TU,0809,01,NEPTUNE TWP PD,,0,0,0,0,P,I,N,N,07,2,MONMOUTH COUNTY 16,N,16,,13000016__,2.60,05,,01,04,02,01,01,01,05,01,,AT,,GREEN GROVE RD,,,,25,45,26,40.223460,74.026400,N,,34204
2019133419NT12528,MONMOUTH,NEPTUNE TWP,04/16/2019,TU,1516,01,NEPTUNE TWP PD,,0,0,0,0,P,B,N,N,01,2,3301 SR 66,E,,,,,09,,01,05,01,01,01,01,,,,,,,,,,,,26,40.224960,74.043160,N,,34199
2019133419NT12534,MONMOUTH,NEPTUNE TWP,04/16/2019,TU,1604,01,NEPTUNE TWP PD,,0,0,0,0,P,B,N,N,02,2,NJ 33,W,33,,00000033__,41.30,02,,01,04,02,01,01,01,05,01,60,FE,E,UNION AVE,,,,30,25,26,40.209040,74.029430,N,,34185
2019133419NT12538,MONMOUTH,NEPTUNE TWP,04/16/2019,TU,1659,01,NEPTUNE TWP PD,,0,0,0,0,P,B,N,N,11,1,NJ 18,S,18,,00000018__,7.50,02,,03,05,02,01,01,01,03,01,500,FE,,BRIGHTON AVENUE,,,,65,25,46,40.194120,74.058580,N,GUARDRAIL DAMAGE MINOR.,34135
2019133419NT12586,MONMOUTH,NEPTUNE TWP,04/16/2019,TU,2326,01,NEPTUNE TWP PD,,0,0,0,0,P,B,N,N,02,2,LAKE AVENUE,W,,,,,07,,01,04,02,01,06,01,05,01,10,FE,E,NJ 35,,,,35,35,26,,,N,,34207
2019133419NT12680,MONMOUTH,NEPTUNE TWP,04/17/2019,WE,1908,01,NEPTUNE TWP PD,,0,0,0,0,P,I,N,N,02,2,NJ 33,W,33,,00000033__,40.13,02,,01,04,02,01,01,01,01,01,,AT,,BRIGHTON AVE,,,,35,25,26,40.206280,74.050560,N,,34202
2019133419NT12713,MONMOUTH,NEPTUNE TWP,04/17/2019,WE,2339,01,NEPTUNE TWP PD,,0,2,0,0,I,I,N,N,03,2,NJ 35,S,35,,00000035__,24.21,02,,01,04,02,01,06,01,05,01,,AT,,CR 17 / BANGS AVE,,,,35,25,26,,,N,,34191
2019133419NT12735,MONMOUTH,NEPTUNE TWP,04/18/2019,TH,0858,01,NEPTUNE TWP PD,,0,1,0,0,I,I,N,N,01,2,NJ 33,W,33,,00000033__,41.76,02,,01,04,02,01,01,05,05,01,,AT,,CR 5 / ATKINS AVE,,,,30,25,26,40.212100,74.020720,N,,34160
2019133419NT12737,MONMOUTH,NEPTUNE TWP,04/18/2019,TH,0909,01,NEPTUNE TWP PD,,0,0,0,0,P,B,N,N,02,2,NJ 18,N,18,,00000018__,8.28,02,,03,04,02,01,01,01,05,01,,,,,F,NJ 33,WB,65,,26,40.206260,74.052300,N,,34165
2019133419NT12772,MONMOUTH,NEPTUNE TWP,04/18/2019,TH,1548,01,NEPTUNE TWP PD,,0,0,0,0,P,B,N,N,06,2,WAKEFIELD RD **,N,,,13341352__,.41,07,,01,04,02,01,01,01,05,01,50,FE,S,EDGEWARE PL,,,,25,25,26,40.211160,74.047500,N,,34160
2019133419NT12822,MONMOUTH,NEPTUNE TWP,04/19/2019,FR,0834,01,NEPTUNE TWP PD,,0,0,0,0,P,I,N,N,02,2,NJ 35,S,35,,00000035__,24.21,02,,01,04,02,01,01,01,05,01,,AT,,CR 17 / BANGS AVE,,,,35,25,26,40.219640,74.032590,N,,34204
2019133419NT12843,MONMOUTH,NEPTUNE TWP,04/19/2019,FR,1047,01,NEPTUNE TWP PD,,0,0,0,0,P,I,N,N,13,1,PENNSYLVANIA AVE **,E,,,13341017__,.46,07,,01,04,02,01,01,,05,01,,AT,,STOCKTON AVE,,,,25,25,22,40.211190,74.010090,N,,34199
2019133419NT12856,MONMOUTH,NEPTUNE TWP,04/19/2019,FR,1216,01,NEPTUNE TWP PD,,0,0,0,0,P,B,N,N,01,2,NJ 66,W,66,,00000066__,.97,02,,01,04,02,01,01,01,05,01,5,FE,E,JUMPING BROOK RD,,,,45,25,26,,,N,,34149
2019133419NT12883,MONMOUTH,NEPTUNE TWP,04/19/2019,FR,1520,01,NEPTUNE TWP PD,,0,0,0,0,P,I,N,N,01,2,NJ 66,E,66,,00000066__,,02,,01,04,02,01,01,01,03,,,AT,,CEDAR VILLAGE BLVD,,,,55,25,26,,,N,,34575
2019133419NT12976,MONMOUTH,NEPTUNE TWP,04/20/2019,SA,1233,01,NEPTUNE TWP PD,,0,0,0,0,P,B,N,N,06,2,BEACH AVE **,N,,,13341137__,.17,07,,01,04,02,02,01,05,05,02,75,FE,S,MAIN AVE,,,,25,25,28,40.211420,74.004810,N,,34135
2019133419NT12984,MONMOUTH,NEPTUNE TWP,04/20/2019,SA,1428,01,NEPTUNE TWP PD,,0,0,0,0,P,B,N,N,04,2,NJ 66,W,66,,00000066__,1.69,02,,01,04,02,01,01,01,05,01,200,FE,W,GREEN GROVE RD,,,,50,25,26,40.225500,74.075200,N,,34199
2019133419NT13011,MONMOUTH,NEPTUNE TWP,04/20/2019,SA,1926,01,NEPTUNE TWP PD,,0,0,0,0,P,I,N,N,05,2,MYRTLE AVE **,,,,13341119__,.26,07,,01,04,02,01,01,01,05,01,,AT,,STRATFORD AVE,,,,25,25,26,40.217460,74.025980,N,,34150
2019133419NT13068,MONMOUTH,NEPTUNE TWP,04/21/2019,SU,1103,01,NEPTUNE TWP PD,,0,0,0,0,P,I,N,N,03,2,NJ 35,S,35,,00000035__,24.21,02,,01,04,02,01,01,,05,01,,AT,,CR 17 / BANGS AVE,,,,35,30,26,40.219610,74.032580,N,,34192
2019133419NT13284,MONMOUTH,NEPTUNE TWP,04/23/2019,TU,1957,01,NEPTUNE TWP PD,,0,0,0,0,P,B,N,N,12,1,NJ 18,S,18,,00000018__,7.40,02,,01,04,02,01,03,01,03,01,,,,,,,,65,,24,40.208060,74.054150,N,,34180
2019133419NT13289,MONMOUTH,NEPTUNE TWP,04/23/2019,TU,1957,01,NEPTUNE TWP PD,,0,0,0,0,P,B,N,N,01,2,NJ 18,S,18,,00000018__,,02,,01,04,02,01,07,01,03,01,,,,,,,,65,,26,40.208060,74.054150,N,,34183
2019133419NT13293,MONMOUTH,NEPTUNE TWP,04/23/2019,TU,2055,01,NEPTUNE TWP PD,,0,0,0,0,P,I,N,N,01,3,NJ 33,W,33,,00000033__,41.59,02,,01,04,02,02,06,02,04,01,,AT,E,RIDGE AVE,,,,35,25,26,40.209930,74.023460,N,,34187
2019133419NT13385,MONMOUTH,NEPTUNE TWP,04/24/2019,WE,1631,01,NEPTUNE TWP PD,,0,0,0,0,P,I,N,N,03,2,NJ 35,N,35,,00000035__,23.93,02,,01,04,02,01,01,01,05,01,,AT,,WEST LAKE AVE,,,,35,25,26,40.215780,74.030540,N,TRAFFIC BOX AT INTERSECTION. STATE DOT NOTIFIED AND RESPONDED.,34135
2019133419NT13401,MONMOUTH,NEPTUNE TWP,04/24/2019,WE,1844,01,NEPTUNE TWP PD,,0,2,0,0,I,I,N,N,03,2,NJ 33,W,33,,00000033__,41.02,02,,01,04,02,01,01,01,05,01,,AT,,TAYLOR AVE,,,,40,25,26,,,N,,34189
2019133419NT13457,MONMOUTH,NEPTUNE TWP,04/25/2019,TH,1834,01,NEPTUNE TWP PD,,0,0,0,0,P,B,N,N,12,2,NJ 33,E,33,,00000033__,39.32,02,,01,06,02,01,01,01,05,,500,FE,W,GREEN GROVE RD,,,,50,25,24,,,N,,34167
2019133419NT13474,MONMOUTH,NEPTUNE TWP,04/25/2019,TH,1932,01,NEPTUNE TWP PD,,0,0,0,0,P,B,N,N,11,1,NJ 18,N,18,,00000018__,8.00,02,,03,06,02,02,01,02,02,01,,,,,F,BRIGHTON AVE,NB,65,,56,40.206880,74.052650,N,,34189
2019133419NT13604,MONMOUTH,NEPTUNE TWP,04/27/2019,SA,1032,01,NEPTUNE TWP PD,,0,0,0,0,P,I,N,N,06,2,PITMAN AVE **,N,,,13341145__,.14,07,,01,04,01,01,01,01,01,05,,AT,,BEACH AVE,,,,25,25,26,40.212720,74.004350,N,,34194