Year(4)-CountyCode(2)-MunicipalityCode(2)-CaseNumber(9),County Name,Municipality Name,Crash Date,Crash Day of Week,Crash Time,Police Department Code,Police Department,Police Station,Total Killed,Total Injured,Pedestrians Killed,Pedestrians Injured,Severity,Intersection,Alcohol Involved,Hazmat Involved,Crash Type,Total Vehicles,Location,Location Direction,Route,Route Suffix,Std Rte Identifier,MilePost,Road System,Road Character,Road Horizontal Alignment,Road Grade,Road Surface Type,Surface Condition,Light Condition,Environmental Condition,Road Divided By,Temporary Traffic Control Zone,Distance To Cross Street,Unit Of Measurement,Direction From Cross Street,Cross Street Name,Is Ramp,Ramp To/From Route Name,Ramp To/From Route Direction,Posted Speed,Posted Speed Cross Street,First Harmful Event,Latitude,Longitude,Cell Phone In Use Flag,Other Property Damage,Reporting Badge No.
2019133419NT16641,MONMOUTH,NEPTUNE TWP,05/25/2019,SA,1416,01,NEPTUNE TWP PD,,0,0,0,0,P,B,N,N,01,2,NJ 35,S,35,,00000035__,24.34,02,,01,04,02,01,01,01,05,01,10,FE,N,OLDEN AVE,,,,25,25,26,40.220910,74.035030,N,,34155
2019133419NT16691,MONMOUTH,NEPTUNE TWP,05/26/2019,SU,0721,01,NEPTUNE TWP PD,,0,0,0,0,P,B,N,N,06,2,EIGHTH AVE **,E,,,13341080__,.51,07,,01,04,02,01,06,01,05,01,250,FE,W,UNION AVE,,,,25,25,26,40.206850,74.029800,N,,34124
2019133419NT16699,MONMOUTH,NEPTUNE TWP,05/26/2019,SU,0943,01,NEPTUNE TWP PD,,0,0,0,0,P,B,N,N,01,2,NJ 33,E,33,,00000033__,40.05,02,,01,04,02,01,01,01,05,,,,,,F,NJ 18,SB,45,,26,40.206260,74.052300,N,,34197
2019133419NT16712,MONMOUTH,NEPTUNE TWP,05/26/2019,SU,1200,01,NEPTUNE TWP PD,,0,0,0,0,P,I,N,N,01,2,W LAKE AVE,W,,,,,07,,01,04,02,01,01,01,05,01,,AT,,NJ 35,,,,25,35,26,40.215780,74.030540,N,,34197
2019133419NT16728,MONMOUTH,NEPTUNE TWP,05/26/2019,SU,1429,01,NEPTUNE TWP PD,,0,0,0,0,P,B,N,N,01,2,MONMOUTH COUNTY 16,E,16,,13000016__,2.61,05,,01,04,01,01,01,01,01,05,30,FE,E,GREEN GROVE RD,,,,25,25,26,40.223460,74.026400,N,,34194
2019133419NT16932,MONMOUTH,NEPTUNE TWP,05/28/2019,TU,1404,01,NEPTUNE TWP PD,,0,0,0,0,P,B,N,N,03,2,9TH AVE **,E,,,13341083__,.28,07,,01,04,01,01,01,01,05,01,75,FE,E,RIDGE AVE,,,,25,25,26,40.206710,74.022190,N,,34167
2019133419NT16961,MONMOUTH,NEPTUNE TWP,05/28/2019,TU,1806,01,NEPTUNE TWP PD,,0,0,0,0,P,I,N,N,01,2,NJ 71,N,71,,00000071__,7.87,02,,01,04,02,01,01,01,05,01,,AT,,BOND ST / MAIN AVE,,,,25,25,26,40.213150,74.013840,N,,34200
2019133419NT16965,MONMOUTH,NEPTUNE TWP,05/28/2019,TU,1948,01,NEPTUNE TWP PD,,0,0,0,0,P,B,N,N,03,2,NJ 33,E,33,,00000033__,41.42,02,,01,04,02,01,01,05,05,01,50,FE,W,FISHER AVE,,,,30,25,26,,,N,,34207
2019133419NT17006,MONMOUTH,NEPTUNE TWP,05/29/2019,WE,0844,01,NEPTUNE TWP PD,,0,1,0,0,I,I,N,N,03,2,TAYLOR AVE **,E,,,13341104__,.06,07,,01,04,02,01,01,05,05,01,,AT,,WASHINGTON AVE,,,,25,25,26,40.209020,74.033000,N,,34160
2019133419NT17015,MONMOUTH,NEPTUNE TWP,05/29/2019,WE,1035,01,NEPTUNE TWP PD,,0,0,0,0,P,B,N,N,08,2,MICHELLE CT **,E,,,13341440__,.06,07,,01,04,02,01,01,05,05,01,300,FE,E,MARION RD,,,,25,25,28,40.213960,74.062690,N,,34155
2019133419NT17038,MONMOUTH,NEPTUNE TWP,05/29/2019,WE,0720,01,NEPTUNE TWP PD,,0,0,0,0,P,B,N,N,06,2,60 NEPTUNE BLVD,S,,,,,09,,01,04,02,01,01,01,05,01,,,,,,,,,,26,,,N,,34124
2019133419NT17078,MONMOUTH,NEPTUNE TWP,05/29/2019,WE,2011,01,NEPTUNE TWP PD,,0,0,0,0,P,B,N,N,15,1,MONMOUTH COUNTY 17 II,,17,2,130000172_,1.54,05,,01,04,02,02,03,02,05,01,50,FE,E,WAYSIDE RD,,,,35,25,39,40.222070,74.058590,N,2831 W BANGS AVE NEPTUNE NJ,34193
2019133419NT17088,MONMOUTH,NEPTUNE TWP,05/29/2019,WE,2048,01,NEPTUNE TWP PD,,0,0,0,0,P,B,N,N,03,2,NJ 33,E,33,,00000033__,41.45,02,,01,04,02,02,04,02,04,01,100,FE,E,FISHER AVE,,,,30,25,26,40.209490,74.026120,N,,34202
2019133419NT17145,MONMOUTH,NEPTUNE TWP,05/30/2019,TH,1252,01,NEPTUNE TWP PD,,0,1,0,0,I,I,N,N,03,2,MONMOUTH COUNTY 17 II,W,17,2,130000172_,1.53,05,,01,04,02,01,01,05,05,01,,AT,,WAYSIDE RD,,,,40,25,26,40.221400,74.059140,N,,34155
2019133419NT17167,MONMOUTH,NEPTUNE TWP,05/30/2019,TH,1850,01,NEPTUNE TWP PD,,0,0,0,0,P,B,N,N,01,2,NJ 66,W,66,,00000066__,1.03,02,,01,04,02,01,01,01,05,01,300,FE,E,JUMPING BROOK RD,,,,50,25,26,,,N,,34179
2019133419NT17201,MONMOUTH,NEPTUNE TWP,05/31/2019,FR,0609,01,NEPTUNE TWP PD,,0,0,0,0,P,B,N,N,06,2,WEST LAKE AVENUE,W,,,,,07,,01,04,02,02,07,00,05,01,100,FE,E,NEPTUNE BLVD,,,,25,25,28,40.216130,74.034700,N,,34192
2019133419NT17216,MONMOUTH,NEPTUNE TWP,05/31/2019,FR,0907,01,NEPTUNE TWP PD,,0,0,0,0,P,B,N,N,06,2,W LAKE AVE,W,,,,,07,,01,04,02,01,06,01,05,01,10,FE,W,FISHER AVE,,,,25,25,28,,,N,,164
2019133419NT17234,MONMOUTH,NEPTUNE TWP,05/31/2019,FR,0505,01,NEPTUNE TWP PD,,0,0,0,0,P,R,N,N,11,1,S RIVERSIDE DR **,,,,13341002__,,07,,01,05,01,01,02,01,05,01,,,,,,,,,,69,,,N,SHARK RIVER HILLS MARINA (149 S. RIVERSIDE DR) GATE TO BOAT RAMP.,34567
2019133419NT17255,MONMOUTH,NEPTUNE TWP,05/31/2019,FR,1447,01,NEPTUNE TWP PD,,0,0,0,0,P,I,N,N,03,2,RIDGE AVENUE,,,,,,07,,01,04,02,01,01,01,05,,,AT,,SEVENTH AVENUE,,,,25,25,26,40.205110,74.024050,N,,34192
2019133419NT17259,MONMOUTH,NEPTUNE TWP,05/31/2019,FR,1522,01,NEPTUNE TWP PD,,0,0,0,0,P,B,N,N,01,2,NJ 33,W,33,,00000033__,40.14,02,,01,04,02,01,01,01,01,01,50,FE,E,BRIGHTON AVE,,,,40,25,26,40.194140,74.055990,N,,34205
2019133419NT17276,MONMOUTH,NEPTUNE TWP,05/31/2019,FR,0700,01,NEPTUNE TWP PD,,0,0,0,0,P,B,N,N,06,2,1130 HECK AVE,E,,,,,08,,01,04,02,01,01,01,05,01,,,,,,,,,,28,40.212550,74.019480,N,,34171
2019133419NT17301,MONMOUTH,NEPTUNE TWP,05/31/2019,FR,2205,01,NEPTUNE TWP PD,,0,1,0,0,I,B,N,N,14,1,NJ 33,W,33,,00000033__,41.40,02,,01,04,02,01,06,01,05,01,100,FE,E,NJ 35,,,,40,35,21,40.209240,74.026310,N,,34150
2019133419NT17463,MONMOUTH,NEPTUNE TWP,06/02/2019,SU,1602,01,NEPTUNE TWP PD,,0,0,0,0,P,I,N,N,03,2,MONMOUTH COUNTY 17 II,W,17,2,130000172_,1.53,05,,01,04,02,01,01,01,05,01,,AT,,WAYSIDE RD,,,,40,25,26,,,N,,164
2019133419NT17522,MONMOUTH,NEPTUNE TWP,06/03/2019,MO,0850,01,NEPTUNE TWP PD,,1,0,0,0,F,B,N,N,03,2,NJ 33,W,33,,00000033__,38.97,02,,01,05,02,01,01,01,05,01,1500,FE,W,FAIRVIEW AVE / LOCUST ST,,,,45,25,26,40.207680,74.069830,N,,34165
2019133419NT17562,MONMOUTH,NEPTUNE TWP,06/03/2019,MO,1456,01,NEPTUNE TWP PD,,0,0,0,0,P,B,N,N,06,2,BEACH AVE **,N,,,13341137__,.07,07,,01,04,02,01,01,01,05,01,25,FE,S,WEBB AVE,,,,25,25,26,40.213400,74.004250,N,,34202
2019133419NT17571,MONMOUTH,NEPTUNE TWP,06/03/2019,MO,1553,01,NEPTUNE TWP PD,,0,3,0,0,I,B,N,N,03,2,NJ 33,W,33,,00000033__,37.97,02,,01,04,02,01,01,01,05,01,100,FE,E,SCHOOLHOUSE RD / W JUMPING BROOK RD,,,,45,25,26,,,N,,34166
2019133419NT17575,MONMOUTH,NEPTUNE TWP,06/03/2019,MO,1608,01,NEPTUNE TWP PD,,0,0,0,0,P,I,N,N,12,1,PALMER AVE **,S,,,13341186__,,07,,01,04,02,,01,01,05,01,,AT,,WAYSIDE RD,,,,25,25,26,40.216970,74.057830,N,PIT BILL MIX DOG  NAMED PANO,34160
2019133419NT17624,MONMOUTH,NEPTUNE TWP,06/04/2019,TU,0909,01,NEPTUNE TWP PD,,0,0,0,0,P,I,N,N,02,2,JUMPING BROOK RD,,,,13341416__,1.04,07,,01,04,02,01,01,01,05,01,,AT,,ESSEX RD,,,,25,25,26,40.223500,74.087300,N,,34139
2019133419NT17633,MONMOUTH,NEPTUNE TWP,06/04/2019,TU,0949,01,NEPTUNE TWP PD,,0,0,0,0,P,I,N,N,03,2,MONMOUTH COUNTY 17 II,W,17,2,130000172_,1.53,05,,01,04,02,01,01,01,05,01,,AT,,WAYSIDE RD,,,,40,25,26,40.221300,74.058910,N,,34633
2019133419NT17679,MONMOUTH,NEPTUNE TWP,06/04/2019,TU,1539,01,NEPTUNE TWP PD,,0,0,0,0,P,I,N,N,01,2,NJ 66,E,66,,00000066__,.97,02,,01,04,02,01,01,01,05,01,,AT,,JUMPING BROOK RD,,,,50,25,26,40.222810,74.081460,N,,34139
2019133419NT17764,MONMOUTH,NEPTUNE TWP,06/05/2019,WE,0851,01,NEPTUNE TWP PD,,0,0,0,0,P,B,N,N,01,2,NJ 35,S,35,,00000035__,24.29,02,,01,04,02,01,01,01,05,01,15,FE,S,MONROE AVE,,,,35,25,26,40.220640,74.033120,N,,34205
2019133419NT17767,MONMOUTH,NEPTUNE TWP,06/05/2019,WE,0905,01,NEPTUNE TWP PD,,0,1,0,1,I,B,N,N,15,1,HEMLOCK DR **,E,,,13341256__,.20,07,,01,04,02,01,01,01,05,01,50,FE,W,CLIFFWOOD DR,,,,25,,30,40.207670,74.088690,N,,34635
2019133419NT17769,MONMOUTH,NEPTUNE TWP,06/05/2019,WE,0917,01,NEPTUNE TWP PD,,0,0,0,0,P,B,N,N,01,4,NJ 66,E,66,,00000066__,2.41,02,,01,04,02,01,01,01,05,01,200,FE,W,BOWNE RD / WAYSIDE RD,,,,50,25,26,40.230240,74.060580,Y,,
2019133419NT17892,MONMOUTH,NEPTUNE TWP,06/06/2019,TH,0717,01,NEPTUNE TWP PD,,0,2,0,0,I,B,N,N,02,2,NJ 33,E,33,,00000033__,39.86,02,,01,04,02,02,01,01,05,01,5,FE,N,FORTUNATO PL,,,,40,25,26,40.206830,74.055700,N,,34635
2019133419NT17893,MONMOUTH,NEPTUNE TWP,06/06/2019,TH,0722,01,NEPTUNE TWP PD,,0,1,0,0,I,I,N,N,03,2,HECK AVE,E,,,13341107__,.43,07,,01,04,01,01,01,01,05,01,,AT,,TAYLOR AVE,,,,25,25,26,40.215780,74.041470,N,,34167
2019133419NT17963,MONMOUTH,NEPTUNE TWP,06/06/2019,TH,1616,01,NEPTUNE TWP PD,,0,1,0,0,I,B,N,N,01,2,NJ 66,W,66,,00000066__,1.95,02,,01,04,01,01,01,01,05,01,2640,FE,W,BOWNE RD / WAYSIDE RD,,,,50,25,26,40.229570,74.067470,N,,34205
2019133419NT17992,MONMOUTH,NEPTUNE TWP,06/06/2019,TH,2122,01,NEPTUNE TWP PD,,0,0,0,0,P,B,N,N,02,2,NJ 18,S,18,,00000018__,8.00,02,,01,04,02,01,05,01,03,01,,,,,,,,65,,26,40.206270,74.052770,N,,34180
2019133419NT18013,MONMOUTH,NEPTUNE TWP,06/07/2019,FR,0626,01,NEPTUNE TWP PD,,0,0,0,0,P,I,N,N,07,2,NJ 33,W,33,,00000033__,41.02,02,,01,04,02,01,01,01,05,01,,AT,,TAYLOR AVE,,,,40,25,26,40.208410,74.033990,N,,34156
2019133419NT18055,MONMOUTH,NEPTUNE TWP,06/07/2019,FR,1330,01,NEPTUNE TWP PD,,0,1,0,0,I,B,N,N,01,2,NJ 18,S,18,,00000018__,9.84,02,,01,04,02,01,01,01,05,01,,,,,T,NJ 66,EB,65,,26,40.206260,74.052300,N,,34156
2019133419NT18075,MONMOUTH,NEPTUNE TWP,06/07/2019,FR,1526,01,NEPTUNE TWP PD,,0,0,0,0,P,B,N,N,06,2,DRUMMOND AVE **,N,,,13341101__,.46,07,,01,04,02,01,01,01,05,01,15,FE,N,HECK AVE,,,,25,25,28,40.212710,74.027930,N,,34197
2019133419NT18092,MONMOUTH,NEPTUNE TWP,06/07/2019,FR,1725,01,NEPTUNE TWP PD,,0,0,0,0,P,B,N,N,01,2,MONMOUTH COUNTY 40 A,,40,A,13000040A_,1.14,05,,01,04,02,01,01,01,05,01,5,FE,N,CR 2 / 6TH AVE,,,,35,35,26,40.203290,74.019360,N,,34197
2019133419NT18113,MONMOUTH,NEPTUNE TWP,06/07/2019,FR,1810,01,NEPTUNE TWP PD,,0,0,0,0,P,B,N,N,08,2,DURAND RD **,E,,,13341014__,.25,07,,01,04,02,01,01,01,05,01,50,FE,E,SMOCK AVE,,,,25,25,26,,,N,,34179
2019133419NT18121,MONMOUTH,NEPTUNE TWP,06/07/2019,FR,2054,01,NEPTUNE TWP PD,,0,0,0,0,P,I,N,N,01,2,MONMOUTH COUNTY 17 II,W,17,2,130000172_,1.95,05,,01,04,02,01,06,01,05,01,,AT,E,PALMER AVE,,,,40,25,26,40.219240,74.053860,N,,34187
2019133419NT18157,MONMOUTH,NEPTUNE TWP,06/08/2019,SA,1022,01,NEPTUNE TWP PD,,0,0,0,0,P,B,N,N,11,2,NJ 35,S,35,,00000035__,23.45,02,,01,04,02,01,01,01,05,01,25,FE,S,NJ 33 / CORLIES AVE,,,,35,35,56,,,N,NJDOT NO U-TURN SIGN,34166
2019133419NT18195,MONMOUTH,NEPTUNE TWP,06/08/2019,SA,1424,01,NEPTUNE TWP PD,,0,0,0,0,P,B,N,N,02,2,NJ 33,W,33,,00000033__,40.21,02,,01,05,02,01,01,01,05,01,400,FE,E,BRIGHTON AVE,,,,40,25,26,40.206280,74.050560,N,,34124
2019133419NT18207,MONMOUTH,NEPTUNE TWP,06/08/2019,SA,1714,01,NEPTUNE TWP PD,,0,0,0,0,P,B,N,N,02,2,NJ 66,E,66,,00000066__,2.51,02,,01,04,02,01,01,01,05,01,25,FE,W,CR 16 / ASBURY AVE / PARK RD,,,,50,45,26,40.229550,74.059130,N,,34156
2019133419NT18213,MONMOUTH,NEPTUNE TWP,06/08/2019,SA,1818,01,NEPTUNE TWP PD,,0,0,0,0,P,I,N,N,01,2,NJ 33,N,33,,00000033__,41.38,02,,01,04,02,01,01,01,04,01,,AT,S,NJ 35,,,,35,35,26,40.209240,74.026310,N,,34187
2019133419NT18274,MONMOUTH,NEPTUNE TWP,06/09/2019,SU,1125,01,NEPTUNE TWP PD,,0,0,0,0,P,I,N,N,03,2,NJ 35,N,35,,00000035__,24.21,02,,01,04,02,01,01,01,05,01,,AT,,CR 17 / BANGS AVE,,,,35,25,26,40.219650,74.032590,N,,34124
2019133419NT18284,MONMOUTH,NEPTUNE TWP,06/09/2019,SU,1437,01,NEPTUNE TWP PD,,0,1,0,0,I,B,N,N,01,2,NJ 35,S,35,,00000035__,23.93,02,,01,04,02,01,01,01,05,01,20,FE,N,WEST LAKE AVE,,,,35,25,26,40.215780,74.030540,N,,34155
2019133419NT18291,MONMOUTH,NEPTUNE TWP,06/09/2019,SU,1539,01,NEPTUNE TWP PD,,0,0,0,0,P,B,N,N,99,2,NJ 35,N,35,,00000035__,21.73,02,,01,05,02,01,01,01,02,01,20,FE,N,SEAVIEW CIR,,,,35,25,99,40.185410,74.025860,N,,34155
2019133419NT18381,MONMOUTH,NEPTUNE TWP,06/10/2019,MO,1334,01,NEPTUNE TWP PD,,0,1,0,0,I,B,N,N,01,2,NJ 66,E,66,,00000066__,2.41,02,,01,04,02,02,01,02,05,01,200,FE,W,BOWNE RD / WAYSIDE RD,,,,50,25,26,40.230240,74.060580,N,,34192
2019133419NT18382,MONMOUTH,NEPTUNE TWP,06/10/2019,MO,1335,01,NEPTUNE TWP PD,,0,0,0,0,P,I,N,N,03,2,NEPTUNE BLVD **,S,,,13341013__,,07,,01,04,02,02,01,02,05,01,,AT,,STRATFORD AVENUE,,,,25,25,26,40.217120,74.035460,N,,34205
2019133419NT18385,MONMOUTH,NEPTUNE TWP,06/10/2019,MO,1426,01,NEPTUNE TWP PD,,0,0,0,0,P,B,N,N,12,1,NJ 18,N,18,,00000018__,8.28,02,,01,04,02,02,01,02,03,01,15,FE,S,,T,NJ 33,EB,55,,24,,,N,,34149
2019133419NT18394,MONMOUTH,NEPTUNE TWP,06/10/2019,MO,1524,01,NEPTUNE TWP PD,,0,0,0,0,P,B,N,N,11,1,NJ 18,N,18,,00000018__,,02,,03,04,02,02,01,05,02,01,,,,,T,NJ 18,NB,65,,56,,,N,,34149
2019133419NT18401,MONMOUTH,NEPTUNE TWP,06/10/2019,MO,1617,01,NEPTUNE TWP PD,,0,1,0,0,I,B,Y,N,06,3,RUTH DR **,S,,,13341308__,.42,07,,01,04,01,02,01,02,05,01,50,FE,N,KENNETH TER,,,,25,25,28,40.223580,74.069950,N,,
2019133419NT18417,MONMOUTH,NEPTUNE TWP,06/10/2019,MO,2016,01,NEPTUNE TWP PD,,0,0,0,0,P,I,N,N,07,2,NJ 66,W,66,,00000066__,2.45,02,,01,04,02,02,06,04,05,01,,AT,,BOWNE RD / WAYSIDE RD,,,,50,25,26,40.230240,74.060580,N,,34175
2019133419NT18500,MONMOUTH,NEPTUNE TWP,06/11/2019,TU,1526,01,NEPTUNE TWP PD,,0,0,0,0,P,I,N,N,01,2,NJ 35,S,35,,00000035__,24.21,02,,01,04,02,01,01,01,05,01,,AT,,CR 17 / BANGS AVE,,,,35,30,26,40.219650,74.032590,N,,34192
2019133419NT18507,MONMOUTH,NEPTUNE TWP,06/11/2019,TU,1611,01,NEPTUNE TWP PD,,0,1,0,0,I,I,N,N,07,2,NJ 33,W,33,,00000033__,37.95,02,,01,04,02,01,01,01,05,01,,AT,,SCHOOLHOUSE RD / W JUMPING BROOK RD,,,,40,25,26,,,N,UTILITY POLE STRUCK  BUT NO DAMAGE OBSERVED.,164
2019133419NT18514,MONMOUTH,NEPTUNE TWP,06/11/2019,TU,1803,01,NEPTUNE TWP PD,,0,0,0,0,P,I,N,N,06,2,HECK AVE **,N,,,13341127__,.00,07,,01,04,01,01,01,01,05,01,,AT,,OCEAN AVE,,,,25,25,28,40.221930,74.033740,N,,34162
2019133419NT18524,MONMOUTH,NEPTUNE TWP,06/11/2019,TU,1810,01,NEPTUNE TWP PD,,0,1,0,0,I,I,N,N,03,2,MONMOUTH COUNTY 16,E,16,,13000016__,3.07,05,,01,04,02,01,01,01,05,01,,AT,,CORNELL AVE,,,,45,25,26,,,N,,34171
2019133419NT18632,MONMOUTH,NEPTUNE TWP,06/12/2019,WE,1543,01,NEPTUNE TWP PD,,0,0,0,0,P,I,N,N,06,2,ASBURY AVE **,E,,,13341157__,.16,07,,01,04,02,01,01,01,05,01,,AT,,MT PISGAH WAY,,,,25,25,28,,,N,,34203
2019133419NT18644,MONMOUTH,NEPTUNE TWP,06/12/2019,WE,1642,01,NEPTUNE TWP PD,,0,0,0,0,P,B,N,N,08,2,MAPLE AVE **,E,,,13341203__,.32,07,,01,04,02,01,01,01,05,01,,FE,E,EVERETT AVE,,,,25,25,26,40.209760,74.056840,N,,34139
2019133419NT18706,MONMOUTH,NEPTUNE TWP,06/13/2019,TH,0718,01,NEPTUNE TWP PD,,0,0,0,0,P,B,N,N,13,1,NJ 33,W,33,,00000033__,41.38,02,,01,04,02,02,01,02,02,01,15,FE,W,NJ 35,,,,35,35,26,40.209600,74.028170,N,,34124
2019133419NT18715,MONMOUTH,NEPTUNE TWP,06/13/2019,TH,0926,01,NEPTUNE TWP PD,,0,0,0,0,P,I,N,N,03,2,NJ 33,W,33,,00000033__,41.12,02,,01,04,02,02,01,02,05,01,,AT,,HAMILTON AVE,,,,40,25,26,40.208650,74.032200,N,,34156
2019133419NT18799,MONMOUTH,NEPTUNE TWP,06/13/2019,TH,2301,01,NEPTUNE TWP PD,,0,0,0,0,P,B,N,N,11,1,NJ 18,N,18,,00000018__,8.28,02,,03,04,02,02,05,02,05,,,,,,F,NJ 33,WB,65,,,,,N,GUARD RAIL WAS DAMAGED. STATE DOT WAS NOTIFIED.,34168
2019133419NT18822,MONMOUTH,NEPTUNE TWP,06/14/2019,FR,0739,01,NEPTUNE TWP PD,,0,1,0,0,I,I,N,N,01,2,NJ 33,W,33,,00000033__,41.38,02,,01,04,02,01,01,01,05,01,,AT,,NJ 35,,,,30,35,26,40.209340,74.027100,N,,34205
2019133419NT18855,MONMOUTH,NEPTUNE TWP,06/14/2019,FR,1200,01,NEPTUNE TWP PD,,0,0,0,0,P,I,N,N,11,1,NJ 33,E,33,,00000033__,39.82,02,,01,04,02,01,01,01,,01,,AT,E,CR 17 / OLD CORLIES AVE,,,,45,25,69,,,N,CABLE WIRES SEVERAL POLE #'S JC174NT  JC176NT AND JC178NT/VERIZON NOTIFED.,34149
2019133419NT18874,MONMOUTH,NEPTUNE TWP,06/14/2019,FR,1450,01,NEPTUNE TWP PD,,0,0,0,0,P,B,N,N,03,2,NJ 71,S,71,,00000071__,7.70,02,,01,04,02,01,01,01,05,01,200,FE,N,NJ 33 / CORLIES AVE,,,,30,30,26,,,N,,34157
2019133419NT18917,MONMOUTH,NEPTUNE TWP,06/14/2019,FR,2010,01,NEPTUNE TWP PD,,0,0,0,0,P,B,N,N,06,2,MT TABOR WAY **,W,,,13341154__,.10,07,,01,04,02,01,01,01,05,01,50,FE,W,PENNSYLVANIA AVE,,,,25,25,28,40.213260,74.008340,N,,34175
2019133419NT18970,MONMOUTH,NEPTUNE TWP,06/15/2019,SA,0850,01,NEPTUNE TWP PD,,0,0,0,0,P,B,N,N,06,2,PATRICIA DR **,N,,,13341309__,.16,07,,01,04,02,01,01,01,05,01,100,FE,N,KENNETH TER,,,,25,25,28,40.224470,74.069550,N,,34204
2019133419NT18993,MONMOUTH,NEPTUNE TWP,06/15/2019,SA,1317,01,NEPTUNE TWP PD,,0,0,0,0,P,B,N,N,01,2,NJ 66,W,66,,00000066__,1.86,02,,01,04,01,01,01,01,05,01,10,FE,W,YALE RD,,,,50,25,26,,,N,,34149
2019133419NT18998,MONMOUTH,NEPTUNE TWP,06/15/2019,SA,1300,01,NEPTUNE TWP PD,,0,0,0,0,P,B,N,N,01,2,GULLY RD,N,,,13521414__,1.54,07,,01,06,02,01,01,01,05,01,20,FE,S,CR 17 I / OLD CORLIES AVE,,,,25,35,26,40.207410,74.081740,N,,34204
2019133419NT19002,MONMOUTH,NEPTUNE TWP,06/15/2019,SA,1419,01,NEPTUNE TWP PD,,0,1,0,0,I,B,N,N,01,2,NJ 66,W,66,,00000066__,1.86,02,,01,04,01,01,01,01,05,01,10,FE,W,YALE RD,,,,50,25,26,,,N,,34149
2019133419NT19099,MONMOUTH,NEPTUNE TWP,06/16/2019,SU,0954,01,NEPTUNE TWP PD,,0,0,0,0,P,B,N,N,01,2,NJ 33,W,33,,00000033__,40.13,02,,01,04,02,01,01,01,01,01,5,FE,E,BRIGHTON AVE,,,,40,25,26,40.194140,74.055990,N,,34204
2019133419NT19116,MONMOUTH,NEPTUNE TWP,06/16/2019,SU,1334,01,NEPTUNE TWP PD,,0,0,0,0,P,B,N,N,06,2,INSKIP AVE **,W,,,13341135__,.25,07,,01,04,02,01,01,01,05,01,25,FE,W,NEW YORK AVE,,,,25,25,28,40.207800,74.010820,N,,34192
2019133419NT19130,MONMOUTH,NEPTUNE TWP,06/16/2019,SU,1528,01,NEPTUNE TWP PD,,0,4,0,0,I,B,Y,N,01,3,NJ 35,S,35,,00000035__,23.93,02,,01,04,02,01,01,01,05,,25,FE,N,WEST LAKE AVE,,,,35,30,26,40.215780,74.030540,N,,
2019133419NT19199,MONMOUTH,NEPTUNE TWP,06/17/2019,MO,1143,01,NEPTUNE TWP PD,,0,0,0,0,P,B,N,N,11,1,HECK AVE,E,,,13341107__,.76,07,,01,04,02,01,01,01,05,01,50,FE,E,DRUMMOND AVE,,,,25,25,59,,,N,TWO FENCES DAMAGED AT 1704 HECK AVE THE RESIDENT  KIM JONES  WAS NOTIFIED.,34203
2019133419NT19210,MONMOUTH,NEPTUNE TWP,06/17/2019,MO,1256,01,NEPTUNE TWP PD,,0,0,0,0,P,B,N,N,01,2,NJ 66,E,66,,00000066__,2.45,02,,01,04,02,01,01,01,05,01,25,FE,W,BOWNE RD / WAYSIDE RD,,,,50,25,26,40.230240,74.060580,N,,34165
2019133419NT19248,MONMOUTH,NEPTUNE TWP,06/17/2019,MO,1730,01,NEPTUNE TWP PD,,0,0,0,0,P,B,N,N,15,1,MONMOUTH COUNTY 40 A,S,40,A,13000040A_,.80,05,,01,04,02,01,01,01,05,01,100,FE,N,11TH AVE,,,,40,25,39,40.208380,74.017710,N,,34193
2019133419NT19312,MONMOUTH,NEPTUNE TWP,06/18/2019,TU,1213,01,NEPTUNE TWP PD,,0,0,0,0,P,B,N,N,05,2,MONMOUTH COUNTY 2,W,2,,13000002__,.59,05,,01,04,02,01,01,01,05,01,25,FE,E,EMERSON PL,,,,35,25,26,40.205770,74.035450,N,,34197
2019133419NT19348,MONMOUTH,NEPTUNE TWP,06/18/2019,TU,1749,01,NEPTUNE TWP PD,,0,0,0,0,P,I,N,N,03,2,MONMOUTH COUNTY 17 I,E,17,1,130000171_,1.53,05,,01,04,02,02,01,02,05,01,,AT,,GULLEY RD,,,,35,25,26,,,N,,34203
2019133419NT19350,MONMOUTH,NEPTUNE TWP,06/18/2019,TU,1823,01,NEPTUNE TWP PD,,0,1,0,0,I,B,N,N,01,2,NJ 33,E,33,,00000033__,37.87,02,,01,04,02,02,01,02,05,01,400,FE,W,SCHOOLHOUSE RD / W JUMPING BROOK RD,,,,50,25,26,40.210500,74.091120,N,,34202
2019133419NT19484,MONMOUTH,NEPTUNE TWP,06/19/2019,WE,2144,01,NEPTUNE TWP PD,,0,0,0,0,P,I,N,N,03,2,FOREST DR **,S,,,13341055__,.05,07,,01,04,02,02,03,02,05,01,,AT,,FAIRFIELD AVE / GLENMERE AVE,,,,25,25,26,,,N,,34208
2019133419NT19529,MONMOUTH,NEPTUNE TWP,06/20/2019,TH,1218,01,NEPTUNE TWP PD,,0,2,0,0,I,B,N,N,02,2,NJ 66,W,66,,00000066__,.98,02,,01,04,02,01,01,01,04,,50,FE,E,JUMPING BROOK RD,,,,50,25,26,40.222570,74.086860,N,,34205
2019133419NT19559,MONMOUTH,NEPTUNE TWP,06/20/2019,TH,1640,01,NEPTUNE TWP PD,,0,3,0,0,I,B,N,N,07,2,MONMOUTH COUNTY 16,E,16,,13000016__,,05,,01,04,02,02,01,02,05,01,,,,WAYSIDE ROAD,,,,45,25,26,40.229920,74.064870,N,,34205