Year(4)-CountyCode(2)-MunicipalityCode(2)-CaseNumber(9),County Name,Municipality Name,Crash Date,Crash Day of Week,Crash Time,Police Department Code,Police Department,Police Station,Total Killed,Total Injured,Pedestrians Killed,Pedestrians Injured,Severity,Intersection,Alcohol Involved,Hazmat Involved,Crash Type,Total Vehicles,Location,Location Direction,Route,Route Suffix,Std Rte Identifier,MilePost,Road System,Road Character,Road Horizontal Alignment,Road Grade,Road Surface Type,Surface Condition,Light Condition,Environmental Condition,Road Divided By,Temporary Traffic Control Zone,Distance To Cross Street,Unit Of Measurement,Direction From Cross Street,Cross Street Name,Is Ramp,Ramp To/From Route Name,Ramp To/From Route Direction,Posted Speed,Posted Speed Cross Street,First Harmful Event,Latitude,Longitude,Cell Phone In Use Flag,Other Property Damage,Reporting Badge No.
2019133419NT21963,MONMOUTH,NEPTUNE TWP,07/12/2019,FR,1411,01,NEPTUNE TWP PD,,0,2,0,0,I,B,N,N,01,2,NJ 66,E,66,,00000066__,2.39,02,,01,04,02,01,01,01,04,01,300,FE,W,BOWNE RD / WAYSIDE RD,,,,50,25,26,40.230240,74.060580,N,,34211
2019133419NT21965,MONMOUTH,NEPTUNE TWP,07/12/2019,FR,1415,01,NEPTUNE TWP PD,,0,0,0,0,P,B,N,N,01,2,NJ 66,E,66,,00000066__,2.37,02,,01,04,02,01,01,01,05,01,400,FE,W,BOWNE RD / WAYSIDE RD,,,,50,25,26,,,N,,164
2019133419NT21976,MONMOUTH,NEPTUNE TWP,07/12/2019,FR,1530,01,NEPTUNE TWP PD,,0,0,0,0,P,B,N,N,01,2,NJ 33,E,33,,00000033__,39.92,02,,01,04,02,01,01,01,05,01,300,FE,E,FORTUNATO PL,,,,40,25,26,,,N,,34211
2019133419NT22065,MONMOUTH,NEPTUNE TWP,07/13/2019,SA,1028,01,NEPTUNE TWP PD,,0,0,0,0,P,I,N,N,04,2,NJ 33,W,33,,00000033__,38.61,02,,01,04,02,01,01,01,05,01,,AT,,CR 17 / WEST BANGS AVE,,,,45,40,26,40.209230,74.078990,N,,34200
2019133419NT22073,MONMOUTH,NEPTUNE TWP,07/13/2019,SA,1200,01,NEPTUNE TWP PD,,0,0,0,0,P,B,N,N,02,2,NJ 35,S,35,,00000035__,24.23,02,,01,04,02,01,01,01,04,01,100,FE,N,CR 17 / BANGS AVE,,,,35,,26,40.219610,74.032580,N,,34211
2019133419NT22084,MONMOUTH,NEPTUNE TWP,07/13/2019,SA,1334,01,NEPTUNE TWP PD,,0,0,0,0,P,I,N,N,01,2,NJ 33,E,33,,00000033__,39.82,02,,01,04,02,01,01,01,05,01,,AT,,CR 17 / OLD CORLIES AVE,,,,40,25,26,40.209310,74.084880,N,,34200
2019133419NT22101,MONMOUTH,NEPTUNE TWP,07/13/2019,SA,1550,01,NEPTUNE TWP PD,,0,0,0,0,P,I,N,N,04,2,NJ 33,E,33,,00000033__,40.32,02,,01,04,02,01,01,01,05,01,,AT,,OAK DR / WALNUT AVE,,,,40,25,26,40.206640,74.047370,N,,34135
2019133419NT22107,MONMOUTH,NEPTUNE TWP,07/13/2019,SA,1705,01,NEPTUNE TWP PD,,0,0,0,0,P,I,N,N,06,2,WHITEFIELD AVE **,S,,,13341156__,.24,07,,01,04,02,01,01,01,05,01,,AT,,BROADWAY AVE,,,,25,,26,40.210830,74.012500,N,,34205
2019133419NT22115,MONMOUTH,NEPTUNE TWP,07/13/2019,SA,1935,01,NEPTUNE TWP PD,,0,0,0,0,P,B,N,N,03,2,MONMOUTH COUNTY 2,W,2,,13000002__,1.32,05,,01,04,02,01,03,01,05,01,100,FE,E,CR 5 / ATKINS AVE,,,,25,25,26,,,N,,34204
2019133419NT22168,MONMOUTH,NEPTUNE TWP,07/14/2019,SU,1000,01,NEPTUNE TWP PD,,0,0,0,0,P,B,N,N,06,2,ANELVE AVE **,S,,,13341176__,.21,07,,01,04,02,01,01,01,05,,200,FE,N,MONROE AVE,,,,30,30,28,40.221700,74.029960,N,,34207
2019133419NT22176,MONMOUTH,NEPTUNE TWP,07/14/2019,SU,1029,01,NEPTUNE TWP PD,,0,0,0,0,P,B,N,N,03,2,NJ 33,E,33,,00000033__,37.85,02,,01,04,02,01,01,01,05,01,25,FE,E,ROBERTS RD,,,,40,25,26,40.211320,74.091210,N,,34205
2019133419NT22182,MONMOUTH,NEPTUNE TWP,07/14/2019,SU,1235,01,NEPTUNE TWP PD,,0,0,0,0,P,B,N,N,08,2,3580 SR 66,W,,,,,09,,01,04,02,01,01,01,05,01,,,,,,,,,,26,40.222270,74.085710,N,,34207
2019133419NT22189,MONMOUTH,NEPTUNE TWP,07/14/2019,SU,1510,01,NEPTUNE TWP PD,,0,0,0,0,P,B,N,N,02,4,WEBB AVE **,W,,,13341125__,.29,07,,01,04,02,01,01,01,05,01,100,FE,E,CENTRAL AVE,,,,25,25,26,,,N,,
2019133419NT22247,MONMOUTH,NEPTUNE TWP,07/15/2019,MO,0927,01,NEPTUNE TWP PD,,0,0,0,0,P,B,N,N,01,3,NJ 66,E,66,,00000066__,3.15,02,,01,04,02,01,01,01,03,01,300,FE,W,NEPTUNE BLVD,,,,45,25,26,40.227110,74.043580,N,,
2019133419NT22258,MONMOUTH,NEPTUNE TWP,07/15/2019,MO,1047,01,NEPTUNE TWP PD,,0,0,0,0,P,B,N,N,01,2,NJ 33,E,33,,00000033__,40.05,02,,01,04,02,01,01,01,05,01,20,FE,E,,T,NJ 18,SB,40,,26,40.206280,74.050560,N,,34193
2019133419NT22276,MONMOUTH,NEPTUNE TWP,07/15/2019,MO,1402,01,NEPTUNE TWP PD,,0,0,0,0,P,B,N,N,01,2,NJ 33,E,33,,00000033__,40.05,02,,01,04,02,01,01,01,02,01,,,,,F,NJ 18,SB,40,,26,40.206350,74.050570,N,,34160
2019133419NT22278,MONMOUTH,NEPTUNE TWP,07/15/2019,MO,1407,01,NEPTUNE TWP PD,,0,0,0,0,P,B,N,N,01,2,JUMPING BROOK RD,S,,,13341416__,.99,07,,01,04,02,01,01,01,,01,100,FE,N,NJ 66,,,,25,50,26,,,N,,34209
2019133419NT22285,MONMOUTH,NEPTUNE TWP,07/15/2019,MO,1600,01,NEPTUNE TWP PD,,0,1,0,0,I,I,N,N,03,2,NJ 33,W,33,,00000033__,41.02,02,,01,04,02,01,01,01,05,01,,AT,,TAYLOR AVE,,,,30,25,26,40.208410,74.033990,N,,34193
2019133419NT22288,MONMOUTH,NEPTUNE TWP,07/15/2019,MO,1640,01,NEPTUNE TWP PD,,0,0,0,0,P,B,N,N,01,2,PALMER AVE **,N,,,13341186__,.00,07,,01,04,02,01,01,01,05,01,5,FE,S,CR 17 II / W BANGS AVE,,,,25,40,26,40.219290,74.053370,N,,34156
2019133419NT22298,MONMOUTH,NEPTUNE TWP,07/15/2019,MO,1815,01,NEPTUNE TWP PD,,0,0,0,0,P,R,N,N,01,2,NJ 33,E,33,,00000033__,,02,,01,04,01,01,01,01,02,,,,,,,,,30,,26,,,N,,34210
2019133419NT22366,MONMOUTH,NEPTUNE TWP,07/16/2019,TU,1005,01,NEPTUNE TWP PD,,0,2,0,0,I,I,N,N,07,2,NJ 33,E,33,,00000033__,40.90,02,,01,04,02,01,01,01,04,01,,AT,,NEPTUNE BLVD,,,,40,25,26,40.216170,74.035590,N,,34206
2019133419NT22382,MONMOUTH,NEPTUNE TWP,07/16/2019,TU,1347,01,NEPTUNE TWP PD,,0,0,0,0,P,B,N,N,06,2,DEAL AVE **,N,,,13341189__,.30,07,,01,04,02,01,01,01,05,01,50,FE,N,SUNSHINE PKWY,,,,25,25,28,,,N,,34209
2019133419NT22383,MONMOUTH,NEPTUNE TWP,07/16/2019,TU,1402,01,NEPTUNE TWP PD,,0,1,0,0,I,B,N,N,11,1,MONMOUTH COUNTY 16,W,16,,13000016__,5.29,05,,01,04,02,01,01,01,05,01,175,FE,E,LEONARD AVE,,,,35,25,,40.224130,74.027260,N,VERIZON POLE #JC3NT,34156
2019133419NT22390,MONMOUTH,NEPTUNE TWP,07/16/2019,TU,1503,01,NEPTUNE TWP PD,,0,1,0,0,I,B,N,N,10,1,NJ 18,N,18,,00000018__,8.90,02,,01,04,02,01,01,01,03,01,500,FE,N,,F,NJ 33,WB,65,,01,40.210470,74.051950,N,,34206
2019133419NT22411,MONMOUTH,NEPTUNE TWP,07/16/2019,TU,1918,01,NEPTUNE TWP PD,,0,0,0,0,P,B,Y,N,11,1,NJ 33,E,33,,00000033__,41.63,02,,01,04,02,01,03,01,02,01,200,FE,E,RIDGE AVE,,,,30,25,56,40.212100,74.020720,N,RESIDINCE OF 1208 SR 33,34611
2019133419NT22414,MONMOUTH,NEPTUNE TWP,07/16/2019,TU,1925,01,NEPTUNE TWP PD,,0,0,0,0,P,B,N,N,02,2,HOVCHILD BLVD,N,,,,,07,,01,04,02,01,01,01,05,01,300,FE,N,NJ 33,,,,25,50,26,,,N,,34179
2019133419NT22494,MONMOUTH,NEPTUNE TWP,07/17/2019,WE,1129,01,NEPTUNE TWP PD,,0,0,0,0,P,B,N,N,01,2,NJ 33,E,33,,00000033__,42.02,02,,03,04,02,01,01,01,02,01,30,FE,W,NJ 71 / MAIN ST,,,,30,30,26,40.210970,74.015220,N,,34211
2019133419NT22495,MONMOUTH,NEPTUNE TWP,07/17/2019,WE,1129,01,NEPTUNE TWP PD,,0,0,0,0,P,B,N,N,02,2,NJ 18,S,18,,00000018__,9.82,02,,02,04,02,01,01,01,03,01,100,FE,S,,T,NJ 66,WB,65,,26,40.197670,74.055560,N,,34162
2019133419NT22533,MONMOUTH,NEPTUNE TWP,07/17/2019,WE,1719,01,NEPTUNE TWP PD,,0,0,0,0,P,B,N,N,01,2,JUMPING BROOK RD,S,,,13341416__,.51,07,,03,04,02,01,01,01,05,01,100,FE,N,TOOMIN DR,,,,25,25,26,40.222570,74.086860,N,,34205
2019133419NT22632,MONMOUTH,NEPTUNE TWP,07/18/2019,TH,1757,01,NEPTUNE TWP PD,,0,0,0,0,P,B,N,N,01,2,NJ 35,S,35,,00000035__,23.71,02,,01,04,02,02,01,02,05,01,30,FE,N,HECK AVE,,,,35,25,26,40.212700,74.028890,N,,34189
2019133419NT22640,MONMOUTH,NEPTUNE TWP,07/18/2019,TH,1929,01,NEPTUNE TWP PD,,0,0,0,0,P,B,N,N,11,1,NJ 18,S,18,,00000018__,9.84,02,,03,04,02,02,01,01,05,01,,,,,T,NJ 66,EB,65,,56,40.228250,74.049770,N,,34192
2019133419NT22703,MONMOUTH,NEPTUNE TWP,07/19/2019,FR,0941,01,NEPTUNE TWP PD,,0,0,0,0,P,B,N,N,01,2,NJ 33,,33,,00000033__,38.35,02,,01,04,02,01,01,01,04,01,300,FE,E,OLD CORLIES RD / JUMPING BROOK RD,,,,45,25,26,40.209680,74.084050,N,,34211
2019133419NT22789,MONMOUTH,NEPTUNE TWP,07/19/2019,FR,2139,01,NEPTUNE TWP PD,,0,0,0,0,P,B,N,N,06,2,JANET RD **,E,,,13341221__,.13,07,,01,04,02,01,05,01,05,01,400,FE,E,ROBERTA RD,,,,25,25,28,,,N,,34179
2019133419NT22864,MONMOUTH,NEPTUNE TWP,07/20/2019,SA,1333,01,NEPTUNE TWP PD,,0,0,0,0,P,B,N,N,01,2,MONMOUTH COUNTY 16,E,16,,13000016__,5.12,05,,01,04,02,01,01,01,04,01,25,FE,W,BIMBLER BVLD,,,,35,35,26,40.229510,74.054720,N,,34210
2019133419NT22889,MONMOUTH,NEPTUNE TWP,07/20/2019,SA,1633,01,NEPTUNE TWP PD,,0,0,0,0,P,B,Y,N,06,2,BRIGHTON AVE **,S,,,13341003__,.20,07,,01,04,02,01,01,01,05,01,75,FE,S,WESTWOOD PL,,,,25,25,28,40.203930,74.052740,N,FRONT PORCH OF 116 BRIGHTON AVE.  RESIDENT WAS ADVISED.,34173
2019133419NT23002,MONMOUTH,NEPTUNE TWP,07/21/2019,SU,1722,01,NEPTUNE TWP PD,,0,0,0,0,P,I,N,N,03,2,MONMOUTH COUNTY 40 A,S,40,A,13000040A_,1.07,05,,01,04,02,01,01,01,05,01,,AT,,7TH AVE / LAREINE AVE,,,,40,25,26,40.204300,74.018990,N,,34180
2019133419NT23069,MONMOUTH,NEPTUNE TWP,07/22/2019,MO,0934,01,NEPTUNE TWP PD,,0,0,0,0,P,B,N,N,06,3,NJ 66,E,66,,00000066__,3.00,02,,01,04,02,01,01,01,03,01,100,FE,E,NJ 18,,,,50,65,28,40.228250,74.049770,N,,
2019133419NT23108,MONMOUTH,NEPTUNE TWP,07/22/2019,MO,1638,01,NEPTUNE TWP PD,,0,0,0,0,P,B,Y,N,06,2,1201 SR 35 S,E,,,,,09,,01,04,02,01,01,01,05,01,,,,,,,,,,26,40.190650,74.025320,N,,34205
2019133419NT23118,MONMOUTH,NEPTUNE TWP,07/22/2019,MO,1831,01,NEPTUNE TWP PD,,0,0,0,0,P,B,N,N,15,1,NJ 33,W,33,,00000033__,40.40,02,,01,06,02,02,01,10,05,01,200,FE,W,CR 2 / OXFORD WAY,,,,40,25,39,40.208440,74.040740,N,,34185
2019133419NT23121,MONMOUTH,NEPTUNE TWP,07/22/2019,MO,1829,01,NEPTUNE TWP PD,,0,0,0,0,P,B,N,N,99,1,MONMOUTH COUNTY 2,E,2,,13000002__,1.13,05,,01,04,02,02,01,02,05,01,100,FE,W,RIDGE AVE,,,,30,25,12,40.204180,74.023450,N,,34200
2019133419NT23220,MONMOUTH,NEPTUNE TWP,07/23/2019,TU,0008,01,NEPTUNE TWP PD,,0,0,0,0,P,B,N,N,01,2,NJ 33,E,33,,00000033__,41.38,02,,01,04,02,02,04,02,05,03,20,FE,W,NJ 35,,,,40,35,26,,,N,,34171
2019133419NT23272,MONMOUTH,NEPTUNE TWP,07/23/2019,TU,1010,01,NEPTUNE TWP PD,,0,1,0,0,I,B,N,N,11,1,JUMPING BROOK RD,N,,,13341416__,.86,07,,01,04,02,02,01,02,05,01,600,FE,S,NJ 66,,,,25,50,56,,,N,UTILITY POLE STRUCK. NO DAMAGE OBSERVED. NO POLE NUMBER.,164
2019133419NT23276,MONMOUTH,NEPTUNE TWP,07/23/2019,TU,1029,01,NEPTUNE TWP PD,,0,0,0,0,P,B,N,N,01,2,NJ 66,E,66,,00000066__,2.36,02,,01,04,01,02,01,02,04,01,500,FE,W,BOWNE RD / WAYSIDE RD,,,,50,35,26,40.228790,74.063750,N,,34207
2019133419NT23281,MONMOUTH,NEPTUNE TWP,07/23/2019,TU,1052,01,NEPTUNE TWP PD,,0,0,0,0,P,B,N,N,08,2,COURTLAND STREET,E,,,,,07,,01,04,02,01,01,01,05,01,200,FE,E,NJ 35,,,,25,35,28,40.222560,74.033460,N,,34200
2019133419NT23297,MONMOUTH,NEPTUNE TWP,07/23/2019,TU,1252,01,NEPTUNE TWP PD,,0,0,0,0,P,I,N,N,11,1,OAK TER **,N,,,13341258__,.00,07,,01,04,02,01,01,05,05,01,,AT,,NJ 33 / CORLIES RD,,,,25,40,50,,,N,STOP SIGN KNOCKED OVER. DOT NOTIFIED FOR REPLACEMENT.,164
2019133419NT23322,MONMOUTH,NEPTUNE TWP,07/23/2019,TU,1635,01,NEPTUNE TWP PD,,0,0,0,0,P,B,N,N,06,2,9TH AVE **,W,,,13341083__,.39,07,,01,04,02,01,06,01,05,01,150,FE,W,NJ 35,,,,25,35,28,40.208000,74.027490,N,,34135
2019133419NT23400,MONMOUTH,NEPTUNE TWP,07/24/2019,WE,0937,01,NEPTUNE TWP PD,,0,3,0,0,I,I,N,N,01,2,NJ 33,W,33,,00000033__,38.06,02,,01,04,02,01,01,01,04,01,,AT,,OAK TER,,,,40,25,26,40.206650,74.047370,N,,34202
2019133419NT23409,MONMOUTH,NEPTUNE TWP,07/24/2019,WE,1043,01,NEPTUNE TWP PD,,0,0,0,0,P,B,N,N,06,2,OCEAN PATHWAY **,W,,,13341149__,.08,07,,01,04,02,01,00,00,05,01,50,FE,E,BEACH AVE,,,,25,25,28,40.213930,74.004290,N,,34206
2019133419NT23416,MONMOUTH,NEPTUNE TWP,07/24/2019,WE,1203,01,NEPTUNE TWP PD,,0,1,0,0,I,B,N,N,01,2,MONMOUTH COUNTY 17 II,W,17,2,130000172_,3.15,05,,01,04,02,01,01,01,05,01,50,FE,E,NJ 35,,,,30,35,26,40.219610,74.032580,N,,34210
2019133419NT23432,MONMOUTH,NEPTUNE TWP,07/24/2019,WE,1512,01,NEPTUNE TWP PD,,0,0,0,0,P,I,N,N,01,2,NJ 18,N,18,,00000018__,9.84,02,,03,05,02,01,01,01,02,02,,AT,,NJ 66,,,,55,,26,40.228250,74.049770,N,,34124
2019133419NT23599,MONMOUTH,NEPTUNE TWP,07/26/2019,FR,0813,01,NEPTUNE TWP PD,,0,0,0,0,P,B,N,N,11,1,MONMOUTH COUNTY 2,W,2,,13000002__,1.24,05,,01,04,02,01,01,01,05,01,300,FE,W,CR 5 / ATKINS AVE,,,,30,30,69,,,N,TELEPHONE LINES PULLED DOWN  VERIZON NOTIFIED.,164
2019133419NT23616,MONMOUTH,NEPTUNE TWP,07/26/2019,FR,1222,01,NEPTUNE TWP PD,,0,1,0,0,I,I,N,N,01,2,NJ 33,W,33,,00000033__,39.82,02,,01,04,02,01,01,01,05,01,,AT,,CR 17 / OLD CORLIES AVE,,,,40,25,26,40.207160,74.056190,N,,34200
2019133419NT23632,MONMOUTH,NEPTUNE TWP,07/26/2019,FR,1520,01,NEPTUNE TWP PD,,0,0,0,0,P,B,N,N,06,2,3310 SR 66,,,,,,10,,01,04,02,01,01,01,05,01,,,,,,,,,,26,40.228060,74.064890,N,,34208
2019133419NT23635,MONMOUTH,NEPTUNE TWP,07/26/2019,FR,1628,01,NEPTUNE TWP PD,,0,0,0,0,P,B,N,N,01,2,NJ 18,W,18,,00000018__,8.28,02,,03,06,02,01,01,01,05,01,,,,,T,NJ 33,WB,65,,26,40.206830,74.055700,N,,34200
2019133419NT23653,MONMOUTH,NEPTUNE TWP,07/26/2019,FR,1826,01,NEPTUNE TWP PD,,0,0,0,0,P,B,N,N,02,2,MILTON AVE **,E,,,13341089__,.24,07,,01,04,02,01,01,01,05,01,25,FE,W,NJ 35,,,,25,35,26,40.216940,74.031590,N,,34199
2019133419NT23693,MONMOUTH,NEPTUNE TWP,07/26/2019,FR,2347,01,NEPTUNE TWP PD,,0,1,0,0,I,B,Y,N,01,2,NJ 33,W,33,,00000033__,40.13,02,,01,04,02,01,06,01,01,01,10,FE,E,BRIGHTON AVE,,,,40,25,26,40.206280,74.050560,N,,34189
2019133419NT23734,MONMOUTH,NEPTUNE TWP,07/27/2019,SA,1240,01,NEPTUNE TWP PD,,0,0,0,0,P,I,N,N,04,2,NJ 33,S,33,,00000033__,38.29,02,,01,04,02,01,01,01,04,01,,AT,,OLD CORLIES RD / JUMPING BROOK RD,,,,35,45,26,40.209310,74.084880,N,,34207
2019133419NT23752,MONMOUTH,NEPTUNE TWP,07/27/2019,SA,1535,01,NEPTUNE TWP PD,,0,0,0,0,P,B,N,N,08,2,PITMAN AVE **,E,,,13341145__,.21,07,,01,04,02,01,01,01,05,01,50,FE,W,OCEAN AVE,,,,25,25,28,40.212230,74.003980,N,,34200
2019133419NT23756,MONMOUTH,NEPTUNE TWP,07/27/2019,SA,1608,01,NEPTUNE TWP PD,,0,0,0,0,P,I,N,N,03,2,W LAKE AVENUE,E,,,,,07,,01,04,02,01,01,01,05,01,,AT,,MYRTLE AVENUE,,,,25,25,26,,,N,,34149
2019133419NT23759,MONMOUTH,NEPTUNE TWP,07/27/2019,SA,1634,01,NEPTUNE TWP PD,,0,0,0,0,P,B,N,N,01,2,HECK AVE,E,,,13341107__,.70,07,,01,04,02,01,01,01,05,01,25,FE,W,NJ 35,,,,25,35,26,40.212700,74.028890,N,,34205
2019133419NT23790,MONMOUTH,NEPTUNE TWP,07/27/2019,SA,2240,01,NEPTUNE TWP PD,,0,1,0,0,I,B,N,N,11,1,NJ 33,W,33,,00000033__,40.85,02,,01,04,02,01,06,01,05,01,30,FE,E,DAVIS AVE,,,,40,25,,40.208350,74.037050,N,TELEPHONE POLE #JC2046NT,34189
2019133419NT23828,MONMOUTH,NEPTUNE TWP,07/28/2019,SU,1110,01,NEPTUNE TWP PD,,0,0,0,0,P,B,N,N,06,2,MT HERMON WAY **,E,,,13341155__,.31,07,,01,04,02,01,01,01,05,01,75,FE,W,PILGRIM PATHWAY,,,,25,25,26,40.212720,74.008090,N,,34205
2019133419NT23854,MONMOUTH,NEPTUNE TWP,07/28/2019,SU,1635,01,NEPTUNE TWP PD,,0,0,0,0,P,B,N,N,01,2,NJ 35,N,35,,00000035__,24.61,02,,02,04,02,01,01,01,04,01,200,FE,S,CR 16 / ASBURY AVE,,,,35,35,26,40.224360,74.036720,N,,34207
2019133419NT23867,MONMOUTH,NEPTUNE TWP,07/28/2019,SU,1930,01,NEPTUNE TWP PD,,0,0,0,0,P,I,N,N,01,2,NJ 33,W,33,,00000033__,38.61,02,,01,05,02,01,01,01,05,01,,AT,,CR 17 / WEST BANGS AVE,,,,45,40,26,40.209230,74.078990,N,,34189
2019133419NT23873,MONMOUTH,NEPTUNE TWP,07/28/2019,SU,2052,01,NEPTUNE TWP PD,,0,1,0,0,I,B,Y,N,06,2,MONMOUTH COUNTY 17 II,E,17,2,130000172_,2.72,05,,02,05,02,01,07,01,05,01,20,FE,W,DALE PL,,,,30,25,28,40.217890,74.040070,N,,34192
2019133419NT23905,MONMOUTH,NEPTUNE TWP,07/29/2019,MO,0951,01,NEPTUNE TWP PD,,0,1,0,0,I,I,N,N,03,2,HARDING AVE **,S,,,13341106__,.00,07,,01,04,02,01,01,01,05,01,,AT,,TAYLOR AVE,,,,25,25,26,40.210980,74.034220,N,,34193
2019133419NT23914,MONMOUTH,NEPTUNE TWP,07/29/2019,MO,1045,01,NEPTUNE TWP PD,,0,0,0,0,P,B,N,N,01,2,NJ 33,E,33,,00000033__,,02,,01,04,02,01,01,01,05,01,15,FE,W,JERSEY SHORE MEDICAL CENTER,,,,35,,26,40.207820,74.036780,N,,34208
2019133419NT23925,MONMOUTH,NEPTUNE TWP,07/29/2019,MO,1240,01,NEPTUNE TWP PD,,0,0,0,0,P,B,N,N,06,2,SURF AVE **,W,,,13341150__,.00,07,,01,04,02,01,01,01,05,01,20,FE,W,OCEAN AVE,,,,25,25,28,40.214500,74.002350,N,,34193
2019133419NT23927,MONMOUTH,NEPTUNE TWP,07/29/2019,MO,1307,01,NEPTUNE TWP PD,,0,0,0,0,P,B,N,N,03,2,TAYLOR AVE **,N,,,13341088__,.32,07,,01,04,02,01,01,01,05,01,10,FE,N,HECK AVE,,,,25,25,26,40.213060,74.033900,N,,34207
2019133419NT23953,MONMOUTH,NEPTUNE TWP,07/29/2019,MO,1731,01,NEPTUNE TWP PD,,0,2,0,0,I,I,N,N,04,2,NJ 33,W,33,,00000033__,39.41,02,,01,04,02,01,01,01,04,01,,AT,,GREEN GROVE RD,,,,40,25,26,40.207980,74.064010,N,,34202
2019133419NT23973,MONMOUTH,NEPTUNE TWP,07/29/2019,MO,2115,01,NEPTUNE TWP PD,,0,0,0,0,P,B,N,N,08,2,JSUMC,E,,,,,09,,01,04,01,01,01,01,01,,,,,,,,,15,,26,40.208130,74.039810,N,,34194
2019133419NT24008,MONMOUTH,NEPTUNE TWP,07/30/2019,TU,0735,01,NEPTUNE TWP PD,,0,0,0,0,P,B,N,N,02,2,NJ 35,N,35,,00000035__,23.05,02,,01,04,02,01,01,01,04,01,200,FE,S,CR 2 / 6TH AVE,,,,35,25,26,40.203470,74.027110,N,,34206
2019133419NT24026,MONMOUTH,NEPTUNE TWP,07/30/2019,TU,1028,01,NEPTUNE TWP PD,,0,0,0,0,P,B,N,N,08,2,GEORGE ST **,S,,,13341172__,.00,07,,01,04,02,01,01,01,05,01,100,FE,S,MONROE AVE,,,,25,25,26,40.220390,74.031530,N,,34156
2019133419NT24059,MONMOUTH,NEPTUNE TWP,07/30/2019,TU,1541,01,NEPTUNE TWP PD,,0,0,0,0,P,I,N,N,04,2,BROOKSIDE DR **,W,,,13341299__,.00,07,,01,04,02,01,01,01,05,01,,AT,,CORAL WAY,,,,25,25,26,40.217140,74.071870,N,,34202
2019133419NT24076,MONMOUTH,NEPTUNE TWP,07/30/2019,TU,1847,01,NEPTUNE TWP PD,,0,1,0,0,I,I,N,N,03,2,MONMOUTH COUNTY 5,E,5,,13000005__,1.33,05,,01,04,02,01,01,01,05,01,,AT,,HECK AVE,,,,25,25,26,,,N,,34173
2019133419NT24176,MONMOUTH,NEPTUNE TWP,07/31/2019,WE,1438,01,NEPTUNE TWP PD,,0,0,0,0,P,B,N,N,04,2,NJ 33,W,33,,00000033__,41.44,02,,01,04,02,02,01,02,04,01,50,FE,E,FISHER AVE,,,,30,25,26,40.209260,74.026190,N,,34162
2019133419NT24178,MONMOUTH,NEPTUNE TWP,07/31/2019,WE,1515,01,NEPTUNE TWP PD,,0,0,0,0,P,B,N,N,01,2,NJ 33,W,33,,00000033__,41.44,02,,01,04,02,02,01,02,04,01,50,FE,E,FISHER AVE,,,,30,25,00,40.221930,74.033740,N,,34162
2019133419NT24261,MONMOUTH,NEPTUNE TWP,08/01/2019,TH,0751,01,NEPTUNE TWP PD,,0,2,0,0,I,I,N,N,07,2,NJ 66,E,66,,00000066__,2.45,02,,01,04,02,01,01,01,05,01,,AT,,BOWNE RD / WAYSIDE RD,,,,50,25,26,40.230240,74.060580,N,,34208
2019133419NT24265,MONMOUTH,NEPTUNE TWP,08/01/2019,TH,0816,01,NEPTUNE TWP PD,,0,0,0,0,P,B,N,N,01,2,GREEN GROVE RD,N,,,13341417__,1.42,07,,01,05,02,01,01,01,05,01,20,FE,S,NJ 66,,,,25,50,26,40.225510,74.075210,N,,34207
2019133419NT24294,MONMOUTH,NEPTUNE TWP,08/01/2019,TH,1332,01,NEPTUNE TWP PD,,0,0,0,0,P,I,N,N,11,1,HECK AVE,E,,,13341107__,.35,07,,01,04,02,01,01,01,05,01,,AT,,NEPTUNE BLVD,,,,25,25,51,40.213180,74.035430,N,,34200
2019133419NT24359,MONMOUTH,NEPTUNE TWP,08/01/2019,TH,2348,01,NEPTUNE TWP PD,,0,0,0,0,P,B,N,N,08,2,PITMAN AVE **,E,,,13341145__,.20,07,,01,04,02,01,07,01,05,01,100,FE,W,OCEAN AVE,,,,25,25,26,,,N,,34170
2019133419NT24380,MONMOUTH,NEPTUNE TWP,08/02/2019,FR,0744,01,NEPTUNE TWP PD,,0,1,0,0,I,B,N,N,01,2,NJ 33,W,33,,00000033__,41.78,02,,01,04,02,01,01,01,02,01,100,FE,E,CR 5 / ATKINS AVE,,,,30,25,26,40.212100,74.020720,N,,34206
2019133419NT24395,MONMOUTH,NEPTUNE TWP,08/02/2019,FR,1034,01,NEPTUNE TWP PD,,0,0,0,0,P,B,N,N,06,2,OCEAN AVE,,,,,,07,,01,04,02,01,01,01,05,01,20,FE,N,OCEAN PATHWAY,,,,25,25,28,40.212270,74.003160,N,,34139
2019133419NT24426,MONMOUTH,NEPTUNE TWP,08/02/2019,FR,1727,01,NEPTUNE TWP PD,,0,1,0,0,I,B,N,N,01,2,NEPTUNE BLVD **,N,,,13341013__,.00,07,,01,04,02,01,01,01,05,01,100,FE,S,NJ 66,,,,25,,26,40.225840,74.042370,N,,34193
2019133419NT24452,MONMOUTH,NEPTUNE TWP,08/02/2019,FR,2124,01,NEPTUNE TWP PD,,0,1,0,0,I,I,N,N,11,1,NEPTUNE BLVD **,S,,,13341013__,.00,07,,01,04,02,01,06,01,05,01,,AT,,NJ 66,,,,25,50,51,,,N,TRAFFIC SIGNAL AT RT. 66 AND NEPTUNE BLVD TAKING DOWN. DOT WAS NOTIFIED.,34173