Year(4)-CountyCode(2)-MunicipalityCode(2)-CaseNumber(9),County Name,Municipality Name,Crash Date,Crash Day of Week,Crash Time,Police Department Code,Police Department,Police Station,Total Killed,Total Injured,Pedestrians Killed,Pedestrians Injured,Severity,Intersection,Alcohol Involved,Hazmat Involved,Crash Type,Total Vehicles,Location,Location Direction,Route,Route Suffix,Std Rte Identifier,MilePost,Road System,Road Character,Road Horizontal Alignment,Road Grade,Road Surface Type,Surface Condition,Light Condition,Environmental Condition,Road Divided By,Temporary Traffic Control Zone,Distance To Cross Street,Unit Of Measurement,Direction From Cross Street,Cross Street Name,Is Ramp,Ramp To/From Route Name,Ramp To/From Route Direction,Posted Speed,Posted Speed Cross Street,First Harmful Event,Latitude,Longitude,Cell Phone In Use Flag,Other Property Damage,Reporting Badge No.
2019133419NT24525,MONMOUTH,NEPTUNE TWP,08/03/2019,SA,1559,01,NEPTUNE TWP PD,,0,1,0,0,I,B,N,N,01,2,NJ 66,E,66,,00000066__,2.50,02,,01,05,02,01,01,01,05,01,250,FE,E,BOWNE RD / WAYSIDE RD,,,,50,25,26,40.228250,74.049770,N,,34156
2019133419NT24584,MONMOUTH,NEPTUNE TWP,08/04/2019,SU,0858,01,NEPTUNE TWP PD,,0,0,0,0,P,I,N,N,06,2,CENTRAL AVE,S,,,,,07,,01,04,02,00,01,00,05,01,,AT,,BATH AVE,,,,25,25,26,40.214020,74.002520,N,,34160
2019133419NT24619,MONMOUTH,NEPTUNE TWP,08/04/2019,SU,1739,01,NEPTUNE TWP PD,,0,1,0,0,I,I,N,N,03,2,MONMOUTH COUNTY 16,W,16,,13000016__,5.42,05,,01,04,02,01,01,01,05,,,AT,,WHITESVILLE RD,,,,35,25,26,40.223320,74.026860,N,,34124
2019133419NT24624,MONMOUTH,NEPTUNE TWP,08/04/2019,SU,1816,01,NEPTUNE TWP PD,,0,1,0,0,I,B,N,N,03,2,NJ 35,N,35,,00000035__,24.29,02,,01,04,01,01,01,01,01,01,10,FE,N,MONROE AVE,,,,35,25,26,40.220640,74.033120,N,,34194
2019133419NT24625,MONMOUTH,NEPTUNE TWP,08/04/2019,SU,1822,01,NEPTUNE TWP PD,,0,2,0,0,I,I,N,N,03,3,NJ 33,W,33,,00000033__,41.92,02,,01,04,02,01,01,01,05,01,,AT,,CR 40 A / MEMORIAL DR,,,,30,30,26,40.210710,74.017230,N,,
2019133419NT24691,MONMOUTH,NEPTUNE TWP,08/05/2019,MO,1021,01,NEPTUNE TWP PD,,0,0,0,0,P,B,N,N,06,2,BATH AVE **,E,,,13341162__,.09,07,,01,04,02,01,01,01,05,01,200,FE,E,CENTRAL AVE,,,,25,25,28,40.214510,74.004890,N,,34200
2019133419NT24702,MONMOUTH,NEPTUNE TWP,08/05/2019,MO,1122,01,NEPTUNE TWP PD,,0,0,0,0,P,B,N,N,01,2,NJ 18,N,18,,00000018__,9.84,02,,03,04,02,01,01,01,05,01,,,,,T,NJ 66,EB,,,26,40.228250,74.049770,N,,34208
2019133419NT24723,MONMOUTH,NEPTUNE TWP,08/05/2019,MO,1442,01,NEPTUNE TWP PD,,0,0,0,0,P,B,N,N,12,1,MONMOUTH COUNTY 17 II,W,17,2,130000172_,.48,05,,02,05,02,01,01,01,04,01,50,FE,E,VICTORIA LN,,,,40,35,,40.210420,74.079270,N,,34207
2019133419NT24742,MONMOUTH,NEPTUNE TWP,08/05/2019,MO,1646,01,NEPTUNE TWP PD,,0,0,0,0,P,B,N,N,06,2,WEBB AVE **,E,,,13341125__,.41,07,,01,04,02,01,01,01,05,02,50,FE,W,OCEAN AVE,,,,25,25,28,40.209950,74.005140,N,,34162
2019133419NT24774,MONMOUTH,NEPTUNE TWP,08/05/2019,MO,2211,01,NEPTUNE TWP PD,,0,0,0,0,P,B,N,N,02,2,NJ 66,W,66,,00000066__,2.45,02,,01,04,02,01,07,01,02,01,25,FE,W,BOWNE RD / WAYSIDE RD,,,,50,25,26,40.230240,74.060580,N,,34175
2019133419NT24821,MONMOUTH,NEPTUNE TWP,08/06/2019,TU,1238,01,NEPTUNE TWP PD,,0,0,0,0,P,B,N,N,02,2,NJ 35,N,35,,00000035__,23.45,02,,01,04,02,01,01,01,04,01,25,FE,S,NJ 33 / CORLIES AVE,,,,35,30,26,40.209260,74.026190,N,,34207
2019133419NT24827,MONMOUTH,NEPTUNE TWP,08/06/2019,TU,1331,01,NEPTUNE TWP PD,,0,0,0,0,P,I,N,N,01,2,ESSEX RD **,S,,,13361096__,1.44,07,,02,04,02,01,01,01,05,01,,AT,,JUMPING BROOK RD,,,,25,25,26,40.223660,74.086540,N,,34162
2019133419NT24836,MONMOUTH,NEPTUNE TWP,08/06/2019,TU,1431,01,NEPTUNE TWP PD,,0,0,0,0,P,B,N,N,06,2,MT CARMEL WAY **,E,,,13341160__,.16,07,,01,04,02,01,01,01,05,01,100,FE,W,PILGRIM PATHWAY,,,,25,25,28,40.214200,74.010050,N,,34205
2019133419NT24838,MONMOUTH,NEPTUNE TWP,08/06/2019,TU,1502,01,NEPTUNE TWP PD,,0,0,0,0,P,B,N,N,11,1,NJ 18,N,18,,00000018__,9.84,02,,01,04,01,01,01,01,03,,5,FE,N,,T,NJ 66,EB,65,,26,40.228250,74.049770,N,STRUCK THE BASE OF THE EXIT RAMP SIGN FROM SH 18 (NORTH) TO SH 66 (EAST),34167
2019133419NT24850,MONMOUTH,NEPTUNE TWP,08/06/2019,TU,1749,01,NEPTUNE TWP PD,,0,0,0,0,P,B,N,N,02,2,NJ 33,W,33,,00000033__,39.84,02,,01,04,01,01,01,01,01,01,100,FE,W,FORTUNATO PL,,,,40,25,26,40.207650,74.055950,N,,34167
2019133419NT24911,MONMOUTH,NEPTUNE TWP,08/07/2019,WE,0851,01,NEPTUNE TWP PD,,0,0,0,0,P,B,N,N,01,2,NJ 33,W,33,,00000033__,38.29,02,,01,04,02,02,01,05,05,01,5,FE,E,OLD CORLIES RD / JUMPING BROOK RD,,,,45,25,26,40.209310,74.084880,N,,34155
2019133419NT24915,MONMOUTH,NEPTUNE TWP,08/07/2019,WE,0948,01,NEPTUNE TWP PD,,0,1,0,0,I,I,N,N,01,2,NJ 35,S,35,,00000035__,23.31,02,,03,04,02,01,01,01,05,01,,AT,,9TH AVE,,,,35,25,26,40.207540,74.026130,N,,34165
2019133419NT24935,MONMOUTH,NEPTUNE TWP,08/07/2019,WE,1217,01,NEPTUNE TWP PD,,0,0,0,0,P,B,N,N,01,3,NJ 66,E,66,,00000066__,.97,02,,01,04,02,01,01,05,05,01,10,FE,W,JUMPING BROOK RD,,,,50,25,26,40.219670,74.085260,N,,
2019133419NT24948,MONMOUTH,NEPTUNE TWP,08/07/2019,WE,1513,01,NEPTUNE TWP PD,,0,0,0,0,P,B,N,N,01,2,MONMOUTH COUNTY 17 II,E,17,2,130000172_,3.15,05,,01,04,02,01,01,01,05,01,30,FE,E,NJ 35,,,,30,35,26,40.219610,74.032580,N,,34160
2019133419NT24967,MONMOUTH,NEPTUNE TWP,08/07/2019,WE,1809,01,NEPTUNE TWP PD,,0,2,0,0,I,I,N,N,03,2,MONMOUTH COUNTY 17 II,W,17,2,130000172_,1.53,05,,01,04,02,02,03,02,05,01,,AT,,WAYSIDE RD,,,,40,25,26,40.221400,74.059140,N,,34183
2019133419NT25026,MONMOUTH,NEPTUNE TWP,08/08/2019,TH,1007,01,NEPTUNE TWP PD,,0,0,0,0,P,B,N,N,08,2,11TH AVE **,N,,,13341084__,.23,07,,01,04,02,01,01,01,05,01,100,FE,W,RIDGE AVE,,,,25,,26,40.208900,74.023240,N,,34187
2019133419NT25028,MONMOUTH,NEPTUNE TWP,08/08/2019,TH,1020,01,NEPTUNE TWP PD,,0,0,0,0,P,B,N,N,06,2,2200 SR 66 (PARKING LOT),W,,,,,09,,01,04,02,01,01,01,05,01,,,,,,,,,,28,40.225840,74.042370,N,,34155
2019133419NT25099,MONMOUTH,NEPTUNE TWP,08/08/2019,TH,2327,01,NEPTUNE TWP PD,,0,1,0,0,I,B,N,N,14,1,JUMPING BROOK RD,S,,,13341416__,.00,07,,03,06,02,01,07,01,05,01,250,FE,S,NJ 33,,,,25,40,26,,,N,,34191
2019133419NT25117,MONMOUTH,NEPTUNE TWP,08/09/2019,FR,0648,01,NEPTUNE TWP PD,,0,0,0,0,P,B,N,N,06,2,HILLVIEW DR **,S,,,13341286__,.13,07,,01,04,02,01,00,01,05,01,150,FE,S,HILL DR,,,,25,25,28,40.213230,74.070340,N,,34208
2019133419NT25122,MONMOUTH,NEPTUNE TWP,08/09/2019,FR,0838,01,NEPTUNE TWP PD,,0,0,0,0,P,B,N,N,06,2,BATH AVE **,E,,,13341162__,,07,,01,04,02,01,01,01,05,01,,,,,,,,25,,28,,,N,,34209
2019133419NT25169,MONMOUTH,NEPTUNE TWP,08/09/2019,FR,1341,01,NEPTUNE TWP PD,,0,1,0,0,I,B,N,N,05,1,SCHOOLHOUSE RD **,S,,,13521012__,1.28,07,,01,04,02,01,01,01,05,01,15,FE,S,ELM DR,,,,25,25,21,40.210430,74.091020,N,,34208
2019133419NT25187,MONMOUTH,NEPTUNE TWP,08/09/2019,FR,1543,01,NEPTUNE TWP PD,,0,1,0,0,I,I,N,N,03,2,GREENWOOD AVE **,S,,,13341093__,.30,07,,01,04,01,01,01,01,05,,,AT,,TAYLOR AVE,,,,25,25,26,40.214340,74.033740,N,,34167
2019133419NT25193,MONMOUTH,NEPTUNE TWP,08/09/2019,FR,1626,01,NEPTUNE TWP PD,,0,0,0,0,P,B,N,N,02,2,NJ 35,N,35,,00000035__,24.29,02,,01,04,01,01,01,,,,10,FE,S,MONROE AVE,,,,35,25,26,40.220640,74.033120,N,,34167
2019133419NT25194,MONMOUTH,NEPTUNE TWP,08/09/2019,FR,1633,01,NEPTUNE TWP PD,,0,0,0,0,P,I,N,N,03,2,MONMOUTH COUNTY 17 II,W,17,2,130000172_,.94,05,,01,04,02,01,01,01,05,01,,AT,,GREEN GROVE RD,,,,35,25,26,40.218120,74.067540,N,,34208
2019133419NT25197,MONMOUTH,NEPTUNE TWP,08/09/2019,FR,1640,01,NEPTUNE TWP PD,,0,1,0,0,I,B,N,N,01,3,NJ 35,S,35,,00000035__,24.79,02,,01,04,02,01,01,01,03,01,100,FE,E,ROBIN RD,,,,35,25,26,40.224010,74.036200,N,,
2019133419NT25198,MONMOUTH,NEPTUNE TWP,08/09/2019,FR,1638,01,NEPTUNE TWP PD,,0,0,0,0,P,B,N,N,02,2,NJ 33,W,33,,00000033__,40.44,02,,01,04,02,01,01,01,05,01,5,FE,E,CR 2 / OXFORD WAY,,,,40,25,26,,,N,,34149
2019133419NT25241,MONMOUTH,NEPTUNE TWP,08/09/2019,FR,2331,01,NEPTUNE TWP PD,,0,0,0,0,P,B,N,N,06,3,MONMOUTH COUNTY 2,E,2,,13000002__,1.30,05,,01,04,02,01,06,01,05,01,20,FE,E,CR 5 / ATKINS AVE,,,,30,30,28,40.203660,74.021670,N,,
2019133419NT25247,MONMOUTH,NEPTUNE TWP,08/10/2019,SA,0039,01,NEPTUNE TWP PD,,0,1,0,0,I,B,N,N,12,1,NJ 33,W,33,,00000033__,38.41,02,,01,06,02,01,05,01,05,01,1056,FE,W,CR 17 / WEST BANGS AVE,,,,45,40,24,40.209230,74.078990,N,,34192
2019133419NT25259,MONMOUTH,NEPTUNE TWP,08/10/2019,SA,0735,01,NEPTUNE TWP PD,,0,0,0,0,P,B,N,N,06,2,OCEAN AVE,S,,,,,07,,01,04,01,01,01,01,05,01,15,FE,N,BROADWAY,,,,25,25,28,,,N,,164
2019133419NT25272,MONMOUTH,NEPTUNE TWP,08/10/2019,SA,1024,01,NEPTUNE TWP PD,,0,0,0,0,P,B,N,N,01,2,NJ 66,E,66,,00000066__,3.15,02,,01,04,02,01,01,01,03,01,300,FE,W,NEPTUNE BLVD,,,,50,25,26,,,N,,34157
2019133419NT25293,MONMOUTH,NEPTUNE TWP,08/10/2019,SA,1659,01,NEPTUNE TWP PD,,0,0,0,0,P,I,N,N,02,2,CENTRAL AVE,S,,,,,07,,01,04,02,01,01,01,05,01,,AT,W,OCEAN PATHWAY,,,,25,25,26,,,N,,34209
2019133419NT25306,MONMOUTH,NEPTUNE TWP,08/10/2019,SA,1751,01,NEPTUNE TWP PD,,0,0,0,0,P,B,N,N,01,2,NJ 33,W,33,,00000033__,38.29,02,,01,06,02,01,01,01,05,01,25,FE,E,OLD CORLIES RD / JUMPING BROOK RD,,,,45,25,26,40.209090,74.084220,N,,34207
2019133419NT25312,MONMOUTH,NEPTUNE TWP,08/10/2019,SA,1838,01,NEPTUNE TWP PD,,0,0,0,0,P,B,N,N,02,2,NEPTUNE BLVD **,N,,,13341013__,.00,07,,01,04,02,01,03,01,02,01,300,FE,S,NJ 66,,,,25,50,26,40.224960,74.043160,N,,34204
2019133419NT25314,MONMOUTH,NEPTUNE TWP,08/10/2019,SA,1907,01,NEPTUNE TWP PD,,0,0,0,0,P,B,N,N,02,2,NJ 33,W,33,,00000033__,40.11,02,,01,04,02,01,01,01,01,01,100,FE,W,BRIGHTON AVE,,,,40,25,26,40.206280,74.050560,N,,34180
2019133419NT25388,MONMOUTH,NEPTUNE TWP,08/11/2019,SU,1322,01,NEPTUNE TWP PD,,0,0,0,0,P,B,N,N,06,2,PENNSYLVANIA AVE **,N,,,13341017__,.18,07,,01,04,02,01,01,01,05,01,10,FE,N,HECK AVE,,,,25,25,28,,,N,,34149
2019133419NT25461,MONMOUTH,NEPTUNE TWP,08/12/2019,MO,1053,01,NEPTUNE TWP PD,,0,0,0,0,P,B,N,N,02,2,NJ 66,E,66,,00000066__,.72,02,,01,05,02,01,01,01,05,01,1300,FE,W,JUMPING BROOK RD,,,,50,25,26,,,N,,34166
2019133419NT25464,MONMOUTH,NEPTUNE TWP,08/12/2019,MO,0841,01,NEPTUNE TWP PD,,0,1,0,1,I,I,N,N,14,1,NJ 33,E,33,,00000033__,,02,,01,04,02,01,01,01,05,01,,AT,,1975 SR 33,,,,40,,26,40.208130,74.039810,N,,34193
2019133419NT25470,MONMOUTH,NEPTUNE TWP,08/12/2019,MO,0957,01,NEPTUNE TWP PD,,0,0,0,0,P,B,N,N,06,2,2200 SR 66,N,,,,,09,,01,04,02,01,01,01,05,01,,,,,,,,,,28,40.225840,74.042370,N,,34206
2019133419NT25510,MONMOUTH,NEPTUNE TWP,08/12/2019,MO,1619,01,NEPTUNE TWP PD,,0,1,0,0,I,B,N,N,01,2,NJ 33,E,33,,00000033__,40.83,02,,01,04,02,01,01,01,05,01,50,FE,W,DAVIS AVE,,,,35,25,26,40.207930,74.037490,N,,34193
2019133419NT25518,MONMOUTH,NEPTUNE TWP,08/12/2019,MO,1756,01,NEPTUNE TWP PD,,0,0,0,0,P,I,N,N,03,2,NEPTUNE AVE **,S,,,13351382__,,07,,01,04,02,01,01,01,05,01,,AT,,WEST LAKE AVENUE,,,,25,25,26,,,N,,34179
2019133419NT25520,MONMOUTH,NEPTUNE TWP,08/12/2019,MO,1811,01,NEPTUNE TWP PD,,0,0,0,0,P,B,N,N,02,2,MYRTLE AVE **,N,,,13341119__,.41,07,,01,04,02,01,03,01,05,01,25,FE,N,WEST LAKE AVE,,,,25,25,26,40.215430,74.025770,N,,34183
2019133419NT25544,MONMOUTH,NEPTUNE TWP,08/12/2019,MO,2126,01,NEPTUNE TWP PD,,0,0,0,0,P,B,N,N,06,2,MONMOUTH COUNTY 16,N,16,,13000016__,5.44,05,,01,04,02,01,06,01,05,01,100,FE,E,WHITESVILLE RD,,,,35,25,26,40.223690,74.025780,N,,34183
2019133419NT25550,MONMOUTH,NEPTUNE TWP,08/12/2019,MO,2224,01,NEPTUNE TWP PD,,0,0,0,0,P,B,N,N,06,3,NEW YORK AVE **,,,,13341141__,.01,07,,01,04,02,01,05,01,,,20,FE,S,MT PISGAH WAY,,,,25,,28,,,N,,34168
2019133419NT25573,MONMOUTH,NEPTUNE TWP,08/13/2019,TU,0708,01,NEPTUNE TWP PD,,0,0,0,0,P,B,N,N,06,2,LAWRENCE AVE **,S,,,13341028__,.07,07,,01,04,02,01,01,01,05,01,25,FE,N,INSKIP AVE,,,,25,25,26,40.208580,74.015090,N,,34156
2019133419NT25579,MONMOUTH,NEPTUNE TWP,08/13/2019,TU,0821,01,NEPTUNE TWP PD,,0,0,0,0,P,B,N,N,11,1,WAYSIDE RD,S,,,13341418__,1.49,07,,01,04,02,01,01,01,05,01,20,FE,N,SLOCUM AVE,,,,35,25,69,40.210520,74.059160,N,SEE NARRATIVE,34193
2019133419NT25586,MONMOUTH,NEPTUNE TWP,08/13/2019,TU,1042,01,NEPTUNE TWP PD,,0,0,0,0,P,I,N,N,01,2,NJ 33,E,33,,00000033__,38.29,02,,01,04,02,02,01,02,05,01,,AT,E,OLD CORLIES RD / JUMPING BROOK RD,,,,40,25,26,40.209310,74.084880,N,,34165
2019133419NT25595,MONMOUTH,NEPTUNE TWP,08/13/2019,TU,1152,01,NEPTUNE TWP PD,,0,0,0,0,P,B,N,N,01,2,NJ 66,E,66,,00000066__,3.21,02,,01,05,02,02,01,02,03,01,25,FE,W,NEPTUNE BLVD,,,,50,25,26,40.224960,74.043160,N,,34206
2019133419NT25600,MONMOUTH,NEPTUNE TWP,08/13/2019,TU,1255,01,NEPTUNE TWP PD,,0,0,0,0,P,B,N,N,01,2,WAYSIDE RD,N,,,13341418__,.00,07,,01,04,02,01,01,01,05,01,300,FE,S,NJ 66,,,,25,50,26,40.230240,74.060580,N,,34165
2019133419NT25617,MONMOUTH,NEPTUNE TWP,08/13/2019,TU,1529,01,NEPTUNE TWP PD,,0,0,0,0,P,B,N,N,01,2,NJ 33,E,33,,00000033__,40.07,02,,01,04,02,02,01,05,05,01,300,FE,W,BRIGHTON AVE,,,,40,25,26,40.205780,74.051880,N,,34155
2019133419NT25629,MONMOUTH,NEPTUNE TWP,08/13/2019,TU,1742,01,NEPTUNE TWP PD,,0,0,0,0,P,B,N,N,01,2,NJ 35,S,35,,00000035__,23.80,02,,01,04,02,01,01,01,04,01,25,FE,S,GREENWOOD AVE,,,,35,25,26,40.214040,74.029610,N,,34206
2019133419NT25641,MONMOUTH,NEPTUNE TWP,08/13/2019,TU,1953,01,NEPTUNE TWP PD,,0,0,0,0,P,B,N,N,06,2,BROADWAY AVE **,E,,,13341123__,.21,07,,01,04,02,01,04,01,05,01,5,FE,E,NEW JERSEY AVE,,,,25,25,28,,,N,,34203
2019133419NT25648,MONMOUTH,NEPTUNE TWP,08/13/2019,TU,2100,01,NEPTUNE TWP PD,,0,0,0,0,P,B,N,N,03,2,NJ 66,W,66,,00000066__,1.01,02,,01,04,02,02,07,02,05,01,200,FE,E,JUMPING BROOK RD,,,,50,25,26,,,N,,34179
2019133419NT25681,MONMOUTH,NEPTUNE TWP,08/14/2019,WE,0853,01,NEPTUNE TWP PD,,0,0,0,0,P,B,N,N,01,2,NJ 66,E,66,,00000066__,3.19,02,,01,05,02,02,01,02,03,01,100,FE,W,NEPTUNE BLVD,,,,50,25,26,40.226780,74.044060,N,,34208
2019133419NT25682,MONMOUTH,NEPTUNE TWP,08/14/2019,WE,0858,01,NEPTUNE TWP PD,,0,0,0,0,P,B,N,N,02,2,NJ 33,E,33,,00000033__,41.38,02,,01,04,02,02,01,01,02,01,25,FE,W,NJ 35,,,,40,35,26,40.209340,74.027100,N,,34205
2019133419NT25713,MONMOUTH,NEPTUNE TWP,08/14/2019,WE,1608,01,NEPTUNE TWP PD,,0,0,0,0,P,B,N,N,08,2,EIGHTH AVE **,E,,,13341080__,.53,07,,01,04,02,01,01,01,05,01,150,FE,W,UNION AVE,,,,25,25,28,40.206730,74.029600,N,,34205
2019133419NT25762,MONMOUTH,NEPTUNE TWP,08/15/2019,TH,0710,01,NEPTUNE TWP PD,,0,0,0,0,P,B,N,N,01,2,NJ 33,W,33,,00000033__,40.05,02,,03,06,02,01,01,01,02,01,,,,,T,NJ 18,NB,40,,26,40.228250,74.049770,N,,34207
2019133419NT25830,MONMOUTH,NEPTUNE TWP,08/15/2019,TH,1854,01,NEPTUNE TWP PD,,0,1,0,0,I,I,N,N,03,2,NJ 35,S,35,,00000035__,23.39,02,,01,04,02,01,01,01,05,01,,AT,,10TH AVE,,,,35,25,26,,,N,,34170
2019133419NT25845,MONMOUTH,NEPTUNE TWP,08/15/2019,TH,2216,01,NEPTUNE TWP PD,,0,0,0,0,P,B,N,N,06,2,MAIN AVE **,E,,,13341143__,.52,07,,01,04,01,01,06,01,05,01,10,FE,E,BEACH AVE,,,,25,25,26,40.211410,74.004710,N,,34189
2019133419NT25911,MONMOUTH,NEPTUNE TWP,08/16/2019,FR,1627,01,NEPTUNE TWP PD,,0,0,0,0,P,B,N,N,01,2,NJ 33,E,33,,00000033__,40.05,02,,01,04,02,01,01,01,01,01,,,,,F,NJ 18,SB,35,,26,40.206280,74.050560,N,,34187
2019133419NT25947,MONMOUTH,NEPTUNE TWP,08/17/2019,SA,0227,01,NEPTUNE TWP PD,,0,0,0,0,P,B,Y,N,11,1,NJ 33,E,33,,00000033__,41.61,02,,02,04,02,01,06,01,02,01,100,FE,E,RIDGE AVE,,,,30,25,69,,,N,U-TURN SIGN STRUCK AND KNOCKED DOWN; NJ DOT NOTIFIED,34203
2019133419NT25975,MONMOUTH,NEPTUNE TWP,08/17/2019,SA,1019,01,NEPTUNE TWP PD,,0,0,0,0,P,B,N,N,06,2,OCEAN PATHWAY **,W,,,13341149__,.00,07,,01,04,02,01,01,01,03,01,25,FE,W,OCEAN AVE,,,,25,25,28,40.212270,74.003160,N,,34206
2019133419NT26004,MONMOUTH,NEPTUNE TWP,08/17/2019,SA,1705,01,NEPTUNE TWP PD,,0,0,0,0,P,B,N,N,01,2,NJ 66,E,66,,00000066__,3.02,02,,01,04,02,01,01,01,03,01,1000,FE,W,NEPTUNE BLVD,,,,50,25,26,40.227110,74.043580,N,,34165
2019133419NT26014,MONMOUTH,NEPTUNE TWP,08/17/2019,SA,1921,01,NEPTUNE TWP PD,,0,0,0,0,P,I,N,N,03,2,MONMOUTH COUNTY 17 II,W,17,2,130000172_,1.42,05,,01,04,02,01,01,01,05,01,,AT,,OHAGAN TER,,,,40,25,26,,,N,,34191
2019133419NT26023,MONMOUTH,NEPTUNE TWP,08/17/2019,SA,2016,01,NEPTUNE TWP PD,,0,0,0,0,P,B,N,N,06,2,EIGHTH AVE **,E,,,13341080__,.39,07,,01,04,02,01,03,01,05,01,30,FE,W,NJ 35,,,,25,35,28,40.206480,74.026040,N,,34204
2019133419NT26048,MONMOUTH,NEPTUNE TWP,08/18/2019,SU,0210,01,NEPTUNE TWP PD,,0,0,0,0,P,B,N,N,08,2,SEVENTH AVE,,,,,,07,,01,04,02,01,05,01,05,01,75,FE,W,CR 5,,,,25,25,26,40.209750,74.036590,N,,34204
2019133419NT26101,MONMOUTH,NEPTUNE TWP,08/18/2019,SU,1100,01,NEPTUNE TWP PD,,0,0,0,0,P,I,N,N,11,1,NEPTUNE BLVD **,S,,,13341013__,,07,,01,04,02,01,01,01,05,01,,AT,,GREENWOOD AVE.,,,,25,25,56,,,N,SPEED LIMIT SIGN STRUCK AND KNOCKED DOWN- NEPTUNE TWP DPW NOTIFIED,34203
2019133419NT26160,MONMOUTH,NEPTUNE TWP,08/19/2019,MO,0916,01,NEPTUNE TWP PD,,0,0,0,0,P,I,N,N,02,2,NJ 33,W,33,,00000033__,40.13,02,,01,04,02,01,01,01,04,01,,AT,,BRIGHTON AVE,,,,40,25,26,,,N,,34149
2019133419NT26178,MONMOUTH,NEPTUNE TWP,08/19/2019,MO,1203,01,NEPTUNE TWP PD,,0,2,0,0,I,I,N,N,03,2,NJ 35,S,35,,00000035__,23.09,02,,01,04,02,01,01,01,05,01,,AT,,CR 2 / 6TH AVE,,,,35,30,26,40.204480,74.026760,N,,34207
2019133419NT26201,MONMOUTH,NEPTUNE TWP,08/19/2019,MO,1605,01,NEPTUNE TWP PD,,0,1,0,0,I,I,N,N,03,2,NJ 33,E,33,,00000033__,41.12,02,,01,04,02,01,01,01,05,01,,AT,,HAMILTON AVE,,,,40,25,26,,,N,,34157
2019133419NT26202,MONMOUTH,NEPTUNE TWP,08/19/2019,MO,1611,01,NEPTUNE TWP PD,,0,1,0,0,I,B,N,N,06,2,9TH AVE **,E,,,13341083__,.12,07,,01,04,02,01,01,01,05,01,25,FE,W,CR 5 / ATKINS AVE,,,,25,30,26,40.206690,74.020580,N,,34200
2019133419NT26271,MONMOUTH,NEPTUNE TWP,08/20/2019,TU,0852,01,NEPTUNE TWP PD,,0,1,0,0,I,I,N,N,03,2,LAKEWOOD AVE,S,,,13341415__,,07,,01,04,02,01,01,01,05,01,,AT,,N. RIVERSIDE DRIVE,,,,25,25,26,40.196670,74.043110,N,,34200
2019133419NT26335,MONMOUTH,NEPTUNE TWP,08/20/2019,TU,1747,01,NEPTUNE TWP PD,,0,0,0,0,P,B,N,N,01,2,NJ 33,E,33,,00000033__,41.41,02,,01,04,02,01,01,01,02,01,150,FE,E,NJ 35,,,,35,35,26,,,N,,34208
2019133419NT26385,MONMOUTH,NEPTUNE TWP,08/21/2019,WE,0539,01,NEPTUNE TWP PD,,0,1,0,1,I,B,N,N,13,1,RIDGE AVE,S,,,,,07,,01,04,02,01,02,01,05,01,2,FE,S,NJ 33,,,,25,30,26,40.209850,74.023440,N,,34210
2019133419NT26413,MONMOUTH,NEPTUNE TWP,08/21/2019,WE,1316,01,NEPTUNE TWP PD,,0,3,0,0,I,I,N,N,03,2,9TH AVE **,S,,,13341083__,.27,07,,01,04,02,01,01,01,05,01,,AT,,RIDGE AVE,,,,25,25,26,40.207120,74.023330,N,,34206
2019133419NT26432,MONMOUTH,NEPTUNE TWP,08/21/2019,WE,1708,01,NEPTUNE TWP PD,,0,0,0,0,P,B,N,N,01,2,NJ 66,W,66,,00000066__,.97,02,,01,04,02,01,01,05,02,01,5,FE,W,JUMPING BROOK RD,,,,50,25,26,40.222570,74.086860,N,,34155
2019133419NT26497,MONMOUTH,NEPTUNE TWP,08/22/2019,TH,1402,01,NEPTUNE TWP PD,,0,0,0,0,P,I,N,N,02,2,NJ 33,W,33,,00000033__,40.13,02,,01,04,02,01,01,01,02,01,,AT,,BRIGHTON AVE,,,,,25,26,40.206280,74.050560,N,,34160
2019133419NT26524,MONMOUTH,NEPTUNE TWP,08/22/2019,TH,1835,01,NEPTUNE TWP PD,,0,0,0,0,P,B,N,N,02,2,NJ 33,E,33,,00000033__,40.04,02,,01,04,02,01,01,01,05,01,500,FE,W,BRIGHTON AVE,,,,50,25,26,,,N,,34203
2019133419NT26531,MONMOUTH,NEPTUNE TWP,08/22/2019,TH,2040,01,NEPTUNE TWP PD,,0,1,0,1,I,B,N,N,13,1,NJ 33,W,33,,00000033__,37.85,02,,01,04,02,01,07,01,01,01,15,FE,W,ROBERTS RD,,,,50,25,22,,,N,,34191
2019133419NT26546,MONMOUTH,NEPTUNE TWP,08/22/2019,TH,2308,01,NEPTUNE TWP PD,,0,0,0,0,P,I,N,N,03,2,NJ 71,E,71,,00000071__,7.87,02,,01,06,02,01,06,01,05,01,,AT,,BOND ST / MAIN AVE,,,,25,30,26,40.213660,74.014200,N,,34175
2019133419NT26590,MONMOUTH,NEPTUNE TWP,08/23/2019,FR,1214,01,NEPTUNE TWP PD,,0,0,0,0,P,I,N,N,01,2,NEPTUNE BLVD **,N,,,13341013__,.00,07,,01,05,02,02,01,02,02,01,,AT,,NJ 66,,,,25,50,26,40.230670,74.042290,N,,34162
2019133419NT26604,MONMOUTH,NEPTUNE TWP,08/23/2019,FR,1450,01,NEPTUNE TWP PD,,0,2,0,0,I,B,N,N,03,2,NJ 33,E,33,,00000033__,41.02,02,,01,04,02,01,01,05,05,01,20,FE,E,TAYLOR AVE,,,,35,25,,40.208410,74.033990,N,THE STATE ROUTE 33/TAYLOR AVENUE STREET SIGN WAS KNOCKED OVER BY V2,34209
2019133419NT26685,MONMOUTH,NEPTUNE TWP,08/24/2019,SA,1008,01,NEPTUNE TWP PD,,0,1,0,0,I,I,N,N,14,1,DRUMMOND AVE **,E,,,13341101__,.26,07,,01,04,02,01,01,01,05,01,,AT,,WEST LAKE AVE,,,,25,25,26,,,N,,34135