Year(4)-CountyCode(2)-MunicipalityCode(2)-CaseNumber(9),County Name,Municipality Name,Crash Date,Crash Day of Week,Crash Time,Police Department Code,Police Department,Police Station,Total Killed,Total Injured,Pedestrians Killed,Pedestrians Injured,Severity,Intersection,Alcohol Involved,Hazmat Involved,Crash Type,Total Vehicles,Location,Location Direction,Route,Route Suffix,Std Rte Identifier,MilePost,Road System,Road Character,Road Horizontal Alignment,Road Grade,Road Surface Type,Surface Condition,Light Condition,Environmental Condition,Road Divided By,Temporary Traffic Control Zone,Distance To Cross Street,Unit Of Measurement,Direction From Cross Street,Cross Street Name,Is Ramp,Ramp To/From Route Name,Ramp To/From Route Direction,Posted Speed,Posted Speed Cross Street,First Harmful Event,Latitude,Longitude,Cell Phone In Use Flag,Other Property Damage,Reporting Badge No.
2019133419NT26690,MONMOUTH,NEPTUNE TWP,08/24/2019,SA,1136,01,NEPTUNE TWP PD,,0,1,0,0,I,B,N,N,01,3,NJ 35,S,35,,00000035__,24.40,02,,01,04,02,01,01,01,05,01,75,FE,N,BRADFORD AVE,,,,35,25,26,40.221930,74.033740,N,,
2019133419NT26730,MONMOUTH,NEPTUNE TWP,08/24/2019,SA,1728,01,NEPTUNE TWP PD,,0,0,0,0,P,B,N,N,02,2,NJ 35,S,35,,00000035__,21.97,02,,02,04,02,01,01,01,02,01,50,FE,N,CR 40 A / MEMORIAL DR / NEW YORK RD,,,,35,25,26,,,N,,34157
2019133419NT26768,MONMOUTH,NEPTUNE TWP,08/24/2019,SA,2323,01,NEPTUNE TWP PD,,0,0,0,0,P,B,N,N,06,2,FORDHAM AVE **,N,,,13341355__,.24,07,,01,04,02,01,06,01,05,01,5,FE,S,MANSFIELD CT,,,,25,25,28,40.214240,74.050110,N,,34210
2019133419NT26780,MONMOUTH,NEPTUNE TWP,08/25/2019,SU,0319,01,NEPTUNE TWP PD,,0,0,0,0,P,B,N,N,03,2,TENTH AVE **,E,,,13341082__,.47,07,,01,04,02,01,07,01,05,,25,FE,W,CR 5 / ATKINS AVE,,,,25,25,26,40.207700,74.020370,N,,34210
2019133419NT26856,MONMOUTH,NEPTUNE TWP,08/25/2019,SU,2227,01,NEPTUNE TWP PD,,0,1,0,0,I,B,N,N,02,2,NJ 66,E,66,,00000066__,3.61,02,,01,04,02,01,06,01,05,01,25,FE,E,NJ 35 / CARDINAL RD,,,,50,25,26,40.225800,74.038820,N,,34199
2019133419NT26878,MONMOUTH,NEPTUNE TWP,08/26/2019,MO,1033,01,NEPTUNE TWP PD,,0,0,0,0,P,B,N,N,01,2,NJ 35,S,35,,00000035__,,02,,02,04,02,01,01,01,03,01,,,,,T,NJ 35,NB,35,,26,40.225390,74.038010,N,,34206
2019133419NT26949,MONMOUTH,NEPTUNE TWP,08/27/2019,TU,0543,01,NEPTUNE TWP PD,,0,2,0,0,I,I,N,N,03,2,NJ 35,N,35,,00000035__,23.93,02,,01,04,02,01,02,01,05,01,,AT,,WEST LAKE AVE,,,,35,25,26,40.215780,74.030540,N,,34197
2019133419NT26954,MONMOUTH,NEPTUNE TWP,08/27/2019,TU,0824,01,NEPTUNE TWP PD,,0,0,0,0,P,B,N,N,12,2,NJ 18,N,18,,00000018__,,02,,01,04,02,01,01,05,05,01,100,FE,S,NJ 66,,,,65,50,24,,,N,,34166
2019133419NT26972,MONMOUTH,NEPTUNE TWP,08/27/2019,TU,1035,01,NEPTUNE TWP PD,,0,0,0,0,P,I,N,N,03,2,NJ 33,W,33,,00000033__,39.51,02,,01,04,02,01,01,01,05,01,,AT,,TILTON PL,,,,40,25,26,40.207780,74.061790,N,,34139
2019133419NT27083,MONMOUTH,NEPTUNE TWP,08/28/2019,WE,1430,01,NEPTUNE TWP PD,,0,0,0,0,P,B,N,N,01,2,NJ 18,N,18,,00000018__,,02,,01,04,02,02,01,02,03,03,500,FE,S,NJ 66,,,,65,50,26,40.228250,74.049770,N,,34162
2019133419NT27090,MONMOUTH,NEPTUNE TWP,08/28/2019,WE,1529,01,NEPTUNE TWP PD,,0,0,0,0,P,B,N,N,01,2,NJ 66,E,66,,00000066__,1.64,02,,01,04,02,01,01,01,05,01,500,FE,W,GREEN GROVE RD,,,,50,25,26,40.225850,74.075840,N,,34200
2019133419NT27177,MONMOUTH,NEPTUNE TWP,08/29/2019,TH,1202,01,NEPTUNE TWP PD,,0,0,0,0,P,B,N,N,03,2,MONMOUTH COUNTY 40 A,S,40,A,13000040A_,.60,05,,01,04,02,01,01,01,05,01,50,FE,S,NJ 33 / CORLIES AVE,,,,35,35,26,40.211580,74.017800,N,,34162
2019133419NT27178,MONMOUTH,NEPTUNE TWP,08/29/2019,TH,1208,01,NEPTUNE TWP PD,,0,0,0,0,P,I,N,N,02,2,FIFTH  AVE **,W,,,13341043__,.39,07,,01,04,02,01,01,01,05,01,,AT,,NJ 35,,,,25,35,26,40.203690,74.026730,N,,34200
2019133419NT27185,MONMOUTH,NEPTUNE TWP,08/29/2019,TH,1256,01,NEPTUNE TWP PD,,0,0,0,0,P,I,N,N,03,2,NJ 35,N,35,,00000035__,23.39,02,,01,04,02,01,01,01,02,01,,AT,,10TH AVE,,,,35,25,26,40.208660,74.026730,N,,34162
2019133419NT27186,MONMOUTH,NEPTUNE TWP,08/29/2019,TH,1306,01,NEPTUNE TWP PD,,0,1,0,0,I,I,N,N,01,2,NJ 66,W,66,,00000066__,1.73,02,,01,04,01,01,01,01,05,01,,AT,,GREEN GROVE RD,,,,50,25,26,40.225980,74.072980,N,,34205
2019133419NT27198,MONMOUTH,NEPTUNE TWP,08/29/2019,TH,1431,01,NEPTUNE TWP PD,,0,2,0,0,I,B,N,N,01,2,NJ 33,W,33,,00000033__,40.44,02,,01,04,02,01,01,01,05,01,20,FE,E,CR 2 / OXFORD WAY,,,,35,25,26,40.206860,74.045440,N,,34200
2019133419NT27213,MONMOUTH,NEPTUNE TWP,08/29/2019,TH,1732,01,NEPTUNE TWP PD,,0,0,0,0,P,B,N,N,01,2,NJ 33,W,33,,00000033__,40.05,02,,03,04,02,01,01,01,05,01,,,,,F,NJ 18,SB,35,,26,40.206830,74.055700,N,,34200
2019133419NT27225,MONMOUTH,NEPTUNE TWP,08/29/2019,TH,1918,01,NEPTUNE TWP PD,,0,1,0,0,I,B,N,N,03,2,NJ 33,E,33,,00000033__,41.40,02,,01,04,02,01,01,01,05,01,100,FE,E,NJ 35,,,,40,35,26,40.209240,74.026310,N,,34150
2019133419NT27298,MONMOUTH,NEPTUNE TWP,08/30/2019,FR,1030,01,NEPTUNE TWP PD,,0,0,0,0,P,B,N,N,06,2,ASBURY AVE **,E,,,13341157__,.29,07,,01,04,02,01,00,01,05,01,50,FE,W,PILGRIM PATHWAY,,,,25,25,28,40.215150,74.006250,N,,34139
2019133419NT27351,MONMOUTH,NEPTUNE TWP,08/30/2019,FR,1957,01,NEPTUNE TWP PD,,0,0,0,0,P,B,N,N,01,2,PALMER AVE **,E,,,13341186__,,07,,01,04,02,01,03,01,05,01,20,FE,W,WAYSIDE ROAD,,,,25,25,26,40.216970,74.057830,N,,34187
2019133419NT27355,MONMOUTH,NEPTUNE TWP,08/30/2019,FR,2019,01,NEPTUNE TWP PD,,0,1,0,0,I,B,N,N,01,2,NJ 33,E,33,,00000033__,41.75,02,,01,04,02,01,06,01,05,01,40,FE,W,CR 5 / ATKINS AVE,,,,35,25,26,,,N,,34168
2019133419NT27368,MONMOUTH,NEPTUNE TWP,08/30/2019,FR,2235,01,NEPTUNE TWP PD,,0,0,0,0,P,I,N,N,03,2,NJ 33,E,33,,00000033__,39.76,02,,01,04,02,01,06,01,04,01,,AT,E,WAYSIDE RD,,,,40,25,26,40.207230,74.057630,N,,34187
2019133419NT27464,MONMOUTH,NEPTUNE TWP,08/31/2019,SA,2215,01,NEPTUNE TWP PD,,0,0,0,0,P,B,Y,N,11,1,NEPTUNE BLVD **,S,,,13341013__,,07,,01,04,02,01,06,01,05,01,40,FE,S,WEST LAKE AVE,,,,25,25,,,,N,VERIZON POLE #BT40752NT WAS STRUCK AND CRACKED AT THE BASE/VERIZON NOTIFIED,34203
2019133419NT27508,MONMOUTH,NEPTUNE TWP,09/01/2019,SU,1054,01,NEPTUNE TWP PD,,0,0,0,0,P,I,N,N,03,2,RUTHERFORD AVE **,S,,,13341091__,.29,07,,01,04,02,01,01,01,05,01,,AT,,TAYLOR AVE,,,,25,25,26,40.215150,74.033630,N,,34124
2019133419NT27511,MONMOUTH,NEPTUNE TWP,09/01/2019,SU,1103,01,NEPTUNE TWP PD,,0,0,0,0,P,B,N,N,01,2,MONMOUTH COUNTY 40 A,N,40,A,13000040A_,.54,05,,01,04,02,01,01,01,04,01,500,FE,N,HECK AVE,,,,30,25,26,,,N,,34202
2019133419NT27518,MONMOUTH,NEPTUNE TWP,09/01/2019,SU,1245,01,NEPTUNE TWP PD,,0,0,0,0,P,I,N,N,03,2,MONMOUTH COUNTY 2,S,2,,13000002__,.64,05,,01,04,02,01,01,01,05,01,,AT,,CR 17 / NEPTUNE AVE / TAYLOR ST,,,,25,25,26,40.205580,74.033890,N,,34139
2019133419NT27601,MONMOUTH,NEPTUNE TWP,09/02/2019,MO,0701,01,NEPTUNE TWP PD,,0,0,0,0,P,I,N,N,06,2,ASBURY AVE **,E,,,13341157__,.16,07,,03,04,02,01,02,01,05,01,,AT,,MT PISGAH WAY,,,,25,25,28,40.212650,74.009560,N,,34208
2019133419NT27608,MONMOUTH,NEPTUNE TWP,09/02/2019,MO,0848,01,NEPTUNE TWP PD,,0,0,0,0,P,B,N,N,01,2,NJ 33,W,33,,00000033__,41.92,02,,01,04,02,01,01,01,05,01,5,FE,W,CR 40 A / MEMORIAL DR,,,,35,25,26,,,N,,34149
2019133419NT27622,MONMOUTH,NEPTUNE TWP,09/02/2019,MO,1248,01,NEPTUNE TWP PD,,0,0,0,0,P,B,N,N,11,1,NJ 18,N,18,,00000018__,8.28,02,,03,04,02,02,01,05,02,01,,,,,F,NJ 33,WB,,,56,40.228470,74.050310,N,,34208
2019133419NT27623,MONMOUTH,NEPTUNE TWP,09/02/2019,MO,1246,01,NEPTUNE TWP PD,,0,0,0,0,P,B,N,N,01,2,NJ 18,N,18,,00000018__,8.26,02,,01,04,02,01,01,01,05,01,100,FE,S,NJ 33,,,,65,35,26,40.229800,74.049970,N,,34200
2019133419NT27631,MONMOUTH,NEPTUNE TWP,09/02/2019,MO,1522,01,NEPTUNE TWP PD,,0,0,0,0,P,I,N,N,04,2,NJ 35,N,35,,00000035__,23.93,02,,01,04,02,01,01,01,05,01,,AT,,WEST LAKE AVE,,,,35,25,26,40.215780,74.030540,N,,34200
2019133419NT27634,MONMOUTH,NEPTUNE TWP,09/02/2019,MO,1541,01,NEPTUNE TWP PD,,0,0,0,0,P,B,N,N,11,1,NJ 18,N,18,,00000018__,8.28,02,,03,04,02,02,01,05,02,01,,,,,F,NJ 33,WB,65,,56,40.206230,74.052970,N,,34208
2019133419NT27648,MONMOUTH,NEPTUNE TWP,09/02/2019,MO,1816,01,NEPTUNE TWP PD,,0,0,0,0,P,B,N,N,11,1,MCDERMOTT RD **,N,,,13341401__,.22,07,,01,04,02,01,01,01,05,,100,FE,S,RIVERSIDE AVE,,,,25,25,26,40.197880,74.044620,N,,34199
2019133419NT27767,MONMOUTH,NEPTUNE TWP,09/03/2019,TU,1900,01,NEPTUNE TWP PD,,0,0,0,0,P,B,N,N,12,1,NJ 33,W,33,,00000033__,38.57,02,,01,06,02,01,01,01,05,01,200,FE,W,CR 17 / WEST BANGS AVE,,,,45,40,24,40.209230,74.078990,N,,34171
2019133419NT27781,MONMOUTH,NEPTUNE TWP,09/03/2019,TU,2137,01,NEPTUNE TWP PD,,0,1,0,0,I,I,N,N,04,2,NJ 33,E,33,,00000033__,41.38,02,,01,04,02,01,06,01,05,01,,AT,,NJ 35,,,,30,35,26,40.209340,74.027100,N,,34175
2019133419NT27805,MONMOUTH,NEPTUNE TWP,09/04/2019,WE,0922,01,NEPTUNE TWP PD,,0,0,0,0,P,B,N,N,06,2,2208 ALPINE TRL,N,,,,,09,,01,04,02,01,07,01,99,01,,,,,,,,,,26,40.216160,74.042880,N,,34210
2019133419NT27830,MONMOUTH,NEPTUNE TWP,09/04/2019,WE,1320,01,NEPTUNE TWP PD,,0,0,0,0,P,B,N,N,03,2,NEPTUNE BLVD **,E,,,13341013__,,07,,01,04,02,01,01,01,05,01,30,FE,N,NJ 33,,,,25,40,26,,,N,,34209
2019133419NT27863,MONMOUTH,NEPTUNE TWP,09/04/2019,WE,1605,01,NEPTUNE TWP PD,,0,0,0,0,P,B,N,N,08,2,CAPTAINS WAY **,,,,13341471__,,07,,01,04,02,01,01,01,05,01,20,FE,N,COMPASS CT,,,,25,25,28,40.186860,74.028690,N,,34139
2019133419NT27868,MONMOUTH,NEPTUNE TWP,09/04/2019,WE,1645,01,NEPTUNE TWP PD,,0,0,0,0,P,B,N,N,99,1,RIDGE AVE,N,,,,,07,,01,04,02,01,01,01,05,01,100,FE,N,DIVISION STREET,,,,25,25,57,40.210430,74.023610,N,,34209
2019133419NT27878,MONMOUTH,NEPTUNE TWP,09/04/2019,WE,1754,01,NEPTUNE TWP PD,,0,0,0,0,P,B,N,N,01,2,NJ 33,W,33,,00000033__,40.45,02,,01,04,02,01,01,01,05,01,50,FE,E,CR 2 / OXFORD WAY,,,,40,25,26,40.207850,74.043240,N,,34165
2019133419NT27921,MONMOUTH,NEPTUNE TWP,09/05/2019,TH,0841,01,NEPTUNE TWP PD,,0,0,0,0,P,B,N,N,11,1,3504 ASBURY AVE; MONTESS,,,,,,09,,01,04,02,01,01,01,05,01,,,,,,,,,,69,40.231950,74.070360,N,,34165
2019133419NT27938,MONMOUTH,NEPTUNE TWP,09/05/2019,TH,1053,01,NEPTUNE TWP PD,,0,0,0,0,P,B,N,N,01,3,NJ 66,E,66,,00000066__,2.39,02,,01,04,02,01,01,01,05,01,300,FE,W,BOWNE RD / WAYSIDE RD,,,,50,25,26,40.229920,74.064870,N,,
2019133419NT27950,MONMOUTH,NEPTUNE TWP,09/05/2019,TH,1153,01,NEPTUNE TWP PD,,0,1,0,0,I,B,N,N,01,2,NJ 35,,35,,00000035__,24.16,02,,01,04,02,01,01,01,04,01,100,FE,N,COLUMBUS AVE,,,,35,25,26,40.218910,74.032210,N,,34202
2019133419NT28049,MONMOUTH,NEPTUNE TWP,09/06/2019,FR,1204,01,NEPTUNE TWP PD,,0,0,0,0,P,B,N,N,11,1,MONMOUTH COUNTY 17 II,W,17,2,130000172_,2.92,05,,02,06,02,02,01,02,05,01,200,FE,W,NEPTUNE BLVD,,,,30,25,,40.219020,74.037090,N,GUIDE WIRE TO POLE #JC35NT,34149
2019133419NT28081,MONMOUTH,NEPTUNE TWP,09/06/2019,FR,1616,01,NEPTUNE TWP PD,,0,0,0,0,P,I,N,N,02,2,NJ 33,S,33,,00000033__,41.38,02,,01,04,02,02,01,05,04,01,,AT,,NJ 35,,,,35,35,26,40.209350,74.027100,N,,34207
2019133419NT28151,MONMOUTH,NEPTUNE TWP,09/07/2019,SA,0942,01,NEPTUNE TWP PD,,0,0,0,0,P,B,N,N,02,2,NJ 33,W,33,,00000033__,40.91,02,,01,04,02,01,01,01,05,01,50,FE,E,NEPTUNE BLVD,,,,35,25,26,40.208120,74.036150,N,,34200
2019133419NT28201,MONMOUTH,NEPTUNE TWP,09/07/2019,SA,2020,01,NEPTUNE TWP PD,,0,0,0,0,P,B,N,N,06,2,9TH AVE **,E,,,13341083__,,07,,01,04,02,01,07,01,05,01,50,FE,W,LAFAYETTE AVENUE,,,,25,25,28,40.208000,74.027490,N,,34180
2019133419NT28249,MONMOUTH,NEPTUNE TWP,09/08/2019,SU,1404,01,NEPTUNE TWP PD,,0,1,0,0,I,I,N,N,03,2,MONMOUTH COUNTY 5,N,5,,13000005__,.97,05,,01,04,02,01,01,01,05,01,,AT,,10TH AVE,,,,25,25,26,40.207700,74.020370,N,,34200
2019133419NT28253,MONMOUTH,NEPTUNE TWP,09/08/2019,SU,1507,01,NEPTUNE TWP PD,,0,0,0,0,P,I,N,N,03,2,MONMOUTH COUNTY 5,S,5,,13000005__,.83,05,,01,04,02,01,01,01,05,01,,AT,,8TH AVE,,,,30,25,26,40.205670,74.020940,N,,34200
2019133419NT28254,MONMOUTH,NEPTUNE TWP,09/08/2019,SU,1510,01,NEPTUNE TWP PD,,0,2,0,0,I,B,Y,N,01,3,NJ 66,E,66,,00000066__,2.42,02,,01,04,02,01,01,01,04,01,150,FE,W,BOWNE RD / WAYSIDE RD,,,,50,25,,,,N,,
2019133419NT28289,MONMOUTH,NEPTUNE TWP,09/08/2019,SU,2115,01,NEPTUNE TWP PD,,0,0,0,0,P,I,N,N,06,2,CENTRAL AVE,N,,,,,07,,01,04,02,01,06,01,05,01,,AT,,SEAVIEW AVE,,,,25,25,28,40.214090,74.005420,N,,34199
2019133419NT28311,MONMOUTH,NEPTUNE TWP,09/09/2019,MO,0429,01,NEPTUNE TWP PD,,0,3,0,0,I,I,N,N,03,2,NJ 33,S,33,,00000033__,41.38,02,,01,04,02,01,06,01,02,01,,AT,,NJ 35,,,,35,30,26,40.209340,74.027100,N,,34175
2019133419NT28329,MONMOUTH,NEPTUNE TWP,09/09/2019,MO,0842,01,NEPTUNE TWP PD,,0,2,0,0,I,I,N,N,03,2,NJ 33,E,33,,00000033__,41.02,02,,01,04,02,01,01,01,05,01,,AT,,TAYLOR AVE,,,,40,25,26,40.208410,74.033990,N,,34193
2019133419NT28347,MONMOUTH,NEPTUNE TWP,09/09/2019,MO,1224,01,NEPTUNE TWP PD,,0,0,0,0,P,B,N,N,03,2,JUMPING BROOK DR **,N,,,,,07,,03,04,02,01,01,01,05,01,200,FE,N,NJ 66,,,,25,55,26,40.222570,74.086860,N,,34179
2019133419NT28358,MONMOUTH,NEPTUNE TWP,09/09/2019,MO,1452,01,NEPTUNE TWP PD,,0,3,0,0,I,B,N,N,03,2,MONMOUTH COUNTY 5,S,5,,13000005__,1.11,05,,01,04,02,01,01,01,05,01,200,FE,S,NJ 33 / CORLIES AVE,,,,25,30,26,40.212100,74.020720,N,,34193
2019133419NT28365,MONMOUTH,NEPTUNE TWP,09/09/2019,MO,1509,01,NEPTUNE TWP PD,,0,1,0,0,I,I,N,N,03,2,MONMOUTH COUNTY 17 II,W,17,2,130000172_,3.25,05,,01,04,02,01,01,01,05,01,,AT,,GEORGE ST,,,,30,25,26,40.219480,74.030560,N,METAL FENCING AT 2 GEORGE STREET,34202
2019133419NT28373,MONMOUTH,NEPTUNE TWP,09/09/2019,MO,1543,01,NEPTUNE TWP PD,,0,1,0,0,I,I,N,N,14,2,NJ 35,N,35,,00000035__,23.80,02,,01,04,02,01,01,01,04,01,,AT,,GREENWOOD AVE,,,,35,25,26,40.214030,74.029610,N,,
2019133419NT28751,MONMOUTH,NEPTUNE TWP,09/13/2019,FR,0730,01,NEPTUNE TWP PD,,0,1,0,0,I,I,N,N,01,2,NJ 35,S,35,,00000035__,23.09,02,,01,04,02,01,01,01,04,01,,AT,,CR 2 / 6TH AVE,,,,35,25,26,40.204480,74.026760,N,,34206
2019133419NT28752,MONMOUTH,NEPTUNE TWP,09/13/2019,FR,0731,01,NEPTUNE TWP PD,,0,0,0,0,P,B,N,N,11,1,NJ 35,S,35,,00000035__,23.70,02,,01,04,02,01,01,01,05,01,20,FE,N,HECK AVE,,,,35,25,52,40.212700,74.028890,N,VERIZON POLE #BT503NT 1095 AVENUE OF THE AMERICAS NY  NY 10036 (212)-395-1000,34193
2019133419NT28759,MONMOUTH,NEPTUNE TWP,09/13/2019,FR,0840,01,NEPTUNE TWP PD,,0,0,0,0,P,B,N,N,01,2,JUMPING BROOK RD,S,,,13341416__,.10,07,,01,04,02,01,01,01,04,01,528,FE,N,NJ 33,,,,25,40,26,40.210850,74.091210,N,,34210
2019133419NT28795,MONMOUTH,NEPTUNE TWP,09/13/2019,FR,1611,01,NEPTUNE TWP PD,,0,0,0,0,P,B,N,N,01,2,NJ 35,S,35,,00000035__,23.79,02,,01,04,02,01,01,01,05,01,50,FE,S,GREENWOOD AVE,,,,35,25,26,40.214030,74.029610,N,,34165
2019133419NT28796,MONMOUTH,NEPTUNE TWP,09/08/2019,SU,1030,01,NEPTUNE TWP PD,,0,0,0,0,P,B,N,N,06,2,WEBB AVE **,W,,,13341125__,.28,07,,01,04,02,01,01,01,05,01,300,FE,W,BEACH AVE,,,,25,25,28,40.211920,74.013510,N,,34165
2019133419NT28873,MONMOUTH,NEPTUNE TWP,09/14/2019,SA,1231,01,NEPTUNE TWP PD,,0,0,0,0,P,I,N,N,99,1,NJ 18,S,18,,00000018__,9.84,02,,03,04,02,01,01,01,03,01,,AT,,,T,NJ 66,EB,65,,56,40.227110,74.043580,N,,34202
2019133419NT29016,MONMOUTH,NEPTUNE TWP,09/16/2019,MO,0907,01,NEPTUNE TWP PD,,0,0,0,0,P,B,N,N,02,2,NJ 33,W,33,,00000033__,38.59,02,,01,06,02,01,01,01,05,01,100,FE,W,CR 17 / WEST BANGS AVE,,,,45,40,26,40.209270,74.083110,N,GUARDRAIL IN EAST BOUND LANE AT MILE MARKER 38.5,34135
2019133419NT29022,MONMOUTH,NEPTUNE TWP,09/16/2019,MO,1059,01,NEPTUNE TWP PD,,0,0,0,0,P,I,N,N,06,2,NJ 33,E,33,,00000033__,41.18,02,,01,04,02,01,01,01,05,01,,AT,,GRANT AVE,,,,30,25,28,,,N,,164
2019133419NT29033,MONMOUTH,NEPTUNE TWP,09/16/2019,MO,1348,01,NEPTUNE TWP PD,,0,0,0,0,P,I,N,N,11,1,BROADWAY AVE **,E,,,13341123__,.05,07,,01,04,02,01,01,01,05,01,,AT,,LAWRENCE AVE,,,,35,25,52,40.209420,74.007130,N,OCEAN GROVE STREET LIGHT POLE #OGB15 VALUED AT APPROXIMATELY $2 000.00,34200
2019133419NT29047,MONMOUTH,NEPTUNE TWP,09/16/2019,MO,1838,01,NEPTUNE TWP PD,,0,0,0,0,P,I,N,N,03,2,MONMOUTH COUNTY 40 A,S,40,A,13000040A_,1.14,05,,01,04,02,01,03,01,05,,,AT,E,CR 2 / 6TH AVE,,,,40,25,26,40.203290,74.019360,N,,34192
2019133419NT29067,MONMOUTH,NEPTUNE TWP,09/16/2019,MO,2136,01,NEPTUNE TWP PD,,0,0,0,0,P,I,N,N,01,2,MONMOUTH COUNTY 40 A,N,40,A,13000040A_,.61,05,,01,04,02,02,06,01,05,01,,AT,,NJ 33 / CORLIES AVE,,,,40,30,26,40.209930,74.023460,N,,34175
2019133419NT29102,MONMOUTH,NEPTUNE TWP,09/17/2019,TU,0831,01,NEPTUNE TWP PD,,0,0,0,0,P,I,N,N,03,2,SEVENTH AVE,W,,,,,07,,01,04,02,01,01,01,05,01,,AT,,RIDGE AVENUE,,,,25,25,26,,,N,,34157
2019133419NT29103,MONMOUTH,NEPTUNE TWP,09/17/2019,TU,0833,01,NEPTUNE TWP PD,,0,0,0,0,P,B,N,N,,2,HUNTINGTON AVE **,W,,,13341121__,.13,07,,01,04,02,01,01,01,05,01,100,FE,W,MYRTLE AVE,,,,25,25,28,40.210710,74.025490,N,,34208
2019133419NT29120,MONMOUTH,NEPTUNE TWP,09/17/2019,TU,1053,01,NEPTUNE TWP PD,,0,0,0,0,P,I,N,N,03,2,TAYLOR AVE **,E,,,13341088__,.52,07,,01,04,02,01,01,01,05,01,,AT,,W LAKE AVE,,,,30,25,26,40.215990,74.033540,N,,34208
2019133419NT29131,MONMOUTH,NEPTUNE TWP,09/17/2019,TU,1203,01,NEPTUNE TWP PD,,0,0,0,0,P,I,N,N,03,2,MONMOUTH COUNTY 5,S,5,,13000005__,.83,05,,01,04,02,01,01,01,05,01,,AT,,8TH AVE,,,,30,25,26,40.205670,74.020940,N,,34162
2019133419NT29176,MONMOUTH,NEPTUNE TWP,09/17/2019,TU,1951,01,NEPTUNE TWP PD,,0,0,0,0,P,B,N,N,02,2,NJ 33,W,33,,00000033__,40.53,02,,01,04,02,01,06,01,05,01,100,FE,W,WAKEFIELD RD,,,,40,25,26,40.206860,74.045440,N,,34171
2019133419NT29179,MONMOUTH,NEPTUNE TWP,09/17/2019,TU,2013,01,NEPTUNE TWP PD,,0,0,0,0,P,I,N,N,11,1,NJ 33,W,33,,00000033__,42.03,02,,01,04,02,01,05,01,02,01,,AT,,NJ 71 / MAIN ST,,,,30,30,,40.210970,74.015220,N,NJ DOT STREET SIGN,34204
2019133419NT29213,MONMOUTH,NEPTUNE TWP,09/18/2019,WE,0544,01,NEPTUNE TWP PD,,1,0,0,0,F,B,N,N,11,1,NJ 18,N,18,,00000018__,9.25,02,,01,04,02,01,01,01,03,01,3168,FE,S,NJ 66 / ASBURY AVE,,,,65,50,69,40.214810,74.051650,N,,34165
2019133419NT29263,MONMOUTH,NEPTUNE TWP,09/18/2019,WE,1711,01,NEPTUNE TWP PD,,0,0,0,0,P,I,N,N,03,2,NJ 33,E,33,,00000033__,41.02,02,,01,04,02,01,01,01,05,01,,AT,,TAYLOR AVE,,,,40,25,26,40.208410,74.033990,N,,34155
2019133419NT29290,MONMOUTH,NEPTUNE TWP,09/18/2019,WE,2318,01,NEPTUNE TWP PD,,0,0,0,0,P,I,N,N,01,2,MONMOUTH COUNTY 17 II,S,17,2,130000172_,1.53,05,,01,04,02,01,06,01,05,01,,AT,,WAYSIDE RD,,,,35,25,26,40.221400,74.059140,N,,34197
2019133419NT29319,MONMOUTH,NEPTUNE TWP,09/19/2019,TH,0928,01,NEPTUNE TWP PD,,0,1,0,0,I,B,N,N,01,2,NJ 35,S,35,,00000035__,23.74,02,,01,04,02,01,01,01,05,01,200,FE,N,HECK AVE,,,,35,25,26,40.213360,74.029280,N,,34193
2019133419NT29337,MONMOUTH,NEPTUNE TWP,09/19/2019,TH,1303,01,NEPTUNE TWP PD,,0,0,0,0,P,I,N,N,03,2,WEST LAKE AVE,W,,,,,07,,01,04,02,01,01,01,05,01,,AT,,NJ 35,,,,25,35,26,40.215780,74.030540,N,,34124
2019133419NT29363,MONMOUTH,NEPTUNE TWP,09/19/2019,TH,1837,01,NEPTUNE TWP PD,,0,0,0,0,P,I,N,N,02,2,NJ 35,N,35,,00000035__,24.29,02,,01,04,02,01,01,01,04,01,,AT,S,MONROE AVE,,,,35,25,26,40.220640,74.033120,N,,34187
2019133419NT29424,MONMOUTH,NEPTUNE TWP,09/20/2019,FR,0903,01,NEPTUNE TWP PD,,0,0,0,0,P,B,N,N,04,2,STARTFORD AVE **,E,,,13341074__,.39,07,,01,04,02,01,01,01,05,01,20,FE,W,DRUMMOND AVE,,,,25,25,26,,,N,,164
2019133419NT29443,MONMOUTH,NEPTUNE TWP,09/20/2019,FR,1141,01,NEPTUNE TWP PD,,0,0,0,0,P,B,N,N,03,2,NJ 66,E,66,,00000066__,.88,02,,01,04,02,01,01,01,05,01,500,FE,W,JUMPING BROOK RD,,,,50,25,26,40.224730,74.085400,N,,34208
2019133419NT29473,MONMOUTH,NEPTUNE TWP,09/20/2019,FR,1644,01,NEPTUNE TWP PD,,0,0,0,0,P,B,N,N,11,1,NJ 35,N,35,,00000035__,23.85,02,,01,04,02,01,01,01,05,01,60,FE,S,RUTHERFORD AVE,,,,35,25,52,40.214570,74.030150,N,POLE #JC427NT (JCP&L NOTIFIED),34205
2019133419NT29533,MONMOUTH,NEPTUNE TWP,09/21/2019,SA,1153,01,NEPTUNE TWP PD,,0,1,0,0,I,B,N,N,03,2,NJ 35,S,35,,00000035__,24.44,02,,03,04,02,01,01,01,05,01,100,FE,N,CORTLAND ST,,,,35,25,26,,,N,,164
2019133419NT29536,MONMOUTH,NEPTUNE TWP,09/21/2019,SA,1053,01,NEPTUNE TWP PD,,0,0,0,0,P,B,N,N,06,2,MT TABOR WAY **,E,,,13341154__,.07,07,,01,04,02,01,00,01,05,01,10,FE,W,NEW YORK AVE,,,,25,25,28,,,N,,34149