Year(4)-CountyCode(2)-MunicipalityCode(2)-CaseNumber(9),County Name,Municipality Name,Crash Date,Crash Day of Week,Crash Time,Police Department Code,Police Department,Police Station,Total Killed,Total Injured,Pedestrians Killed,Pedestrians Injured,Severity,Intersection,Alcohol Involved,Hazmat Involved,Crash Type,Total Vehicles,Location,Location Direction,Route,Route Suffix,Std Rte Identifier,MilePost,Road System,Road Character,Road Horizontal Alignment,Road Grade,Road Surface Type,Surface Condition,Light Condition,Environmental Condition,Road Divided By,Temporary Traffic Control Zone,Distance To Cross Street,Unit Of Measurement,Direction From Cross Street,Cross Street Name,Is Ramp,Ramp To/From Route Name,Ramp To/From Route Direction,Posted Speed,Posted Speed Cross Street,First Harmful Event,Latitude,Longitude,Cell Phone In Use Flag,Other Property Damage,Reporting Badge No.
2019133619TF09140,MONMOUTH,TINTON FALLS BORO,07/09/2019,TU,1231,01,TINTON FALLS PD,,0,0,0,0,P,B,N,N,01,2,NJ 33,E,33,,00000033__,37.16,02,,02,04,02,01,01,01,03,01,100,FE,N,AUTUMN DR,,,,50,25,26,40.217160,74.104530,N,,36065
2019133619TF09149,MONMOUTH,TINTON FALLS BORO,07/09/2019,TU,1350,01,TINTON FALLS PD,,0,0,0,0,P,I,N,N,02,2,ROUTE 547,N,547,,00000547__,24.06,05,,01,06,02,01,01,01,05,01,,AT,,W PARK AVE,,,,40,,26,40.257780,74.092000,N,,36037
2019133619TF09179,MONMOUTH,TINTON FALLS BORO,07/10/2019,WE,0906,01,TINTON FALLS PD,,0,0,0,0,P,I,N,N,03,2,MONMOUTH COUNTY 13,S,13,,13000013__,1.36,05,,01,04,02,01,01,01,05,,,AT,,EXECUTIVE DR,,,,40,25,26,40.329450,74.074680,N,,36057
2019133619TF09201,MONMOUTH,TINTON FALLS BORO,07/10/2019,WE,1804,01,TINTON FALLS PD,,0,1,0,0,I,B,N,N,11,1,ROUTE 537,N,537,,00000537__,61.73,05,,01,06,02,01,01,01,05,,264,FE,S,NJ 50 / SWIMMING RIVER RD,,,,35,35,52,40.306450,74.102870,N,FENCE AT 788 TINTONE AVENUE. UTILITY POLE JC 1037 TF NO 57365,36056
2019133619TF09226,MONMOUTH,TINTON FALLS BORO,07/11/2019,TH,0945,01,TINTON FALLS PD,,0,0,0,0,P,B,N,N,01,3,MONMOUTH COUNTY 13 A,E,13,A,13000013A_,1.88,05,,01,04,02,01,01,01,05,01,150,FE,E,PALOMINO PL,,,,40,25,26,40.302960,74.079560,N,,
2019133619TF09251,MONMOUTH,TINTON FALLS BORO,07/11/2019,TH,1713,01,TINTON FALLS PD,,0,1,0,0,I,B,N,N,01,2,ROUTE 537,W,537,,00000537__,62.16,05,,01,04,02,02,01,02,05,,100,FE,W,CR 13 ALT / SYCAMORE ST / WATER ST,,,,35,40,26,40.306990,74.098430,N,,36057
2019133619TF09385,MONMOUTH,TINTON FALLS BORO,07/14/2019,SU,1709,01,TINTON FALLS PD,,0,0,0,0,P,B,N,N,11,1,JUMPING BROOK RD,S,,,13341416__,1.11,07,,02,04,02,01,01,01,05,01,300,FE,N,NJ 66,,,,25,50,56,40.224730,74.085400,N,,36055
2019133619TF09430,MONMOUTH,TINTON FALLS BORO,07/15/2019,MO,1439,01,TINTON FALLS PD,,0,0,0,0,P,B,N,N,02,2,MONMOUTH COUNTY 38,N,38,,13000038__,.00,05,,01,04,02,01,01,01,02,,25,FE,S,ROUTE 537 / TINTON AVE,,,,40,35,26,40.301780,74.097380,N,,36057
2019133619TF09526,MONMOUTH,TINTON FALLS BORO,07/17/2019,WE,1041,01,TINTON FALLS PD,,0,1,0,0,I,B,N,N,01,2,JUMPING BROOK RD,S,,,13341416__,1.20,07,,01,04,02,01,01,01,05,01,850,FE,N,ESSEX ROAD,,,,25,35,26,40.233990,74.077510,N,,36065
2019133619TF09587,MONMOUTH,TINTON FALLS BORO,07/18/2019,TH,1601,01,TINTON FALLS PD,,0,0,0,0,P,I,N,N,03,2,MONMOUTH COUNTY 16,W,16,,13000016__,1.40,05,,01,04,02,02,01,02,05,01,,AT,,HERITAGE BLVD,,,,45,25,26,40.240230,74.088160,N,,36077
2019133619TF09593,MONMOUTH,TINTON FALLS BORO,07/18/2019,TH,1719,01,TINTON FALLS PD,TINTON FALLS,0,0,0,0,P,I,N,N,01,2,ROUTE 537,N,537,,00000537__,62.18,05,,01,04,02,02,01,02,05,01,,AT,,CR 13 ALT / SYCAMORE ST / WATER ST,,,,35,40,26,40.298950,74.095000,N,,36064
2019133619TF09596,MONMOUTH,TINTON FALLS BORO,07/18/2019,TH,1813,01,TINTON FALLS PD,TINTON FALLS,0,0,0,0,P,B,N,N,01,2,MONMOUTH COUNTY 13,S,13,,13000013__,1.12,05,,01,04,02,02,01,02,05,,1000,FE,N,CR 13A / SYCAMORE AVE,,,,40,40,26,40.325300,74.073780,N,,36064
2019133619TF09619,MONMOUTH,TINTON FALLS BORO,07/19/2019,FR,0906,01,TINTON FALLS PD,TFPD,1,2,0,0,F,I,N,N,03,2,MONMOUTH COUNTY 13 A,W,13,A,13000013A_,1.53,05,,01,04,02,01,01,01,05,01,,AT,,CR 51 / HANCE AVE,,,,40,40,26,,,N,METAL GUARDRAIL,36058
2019133619TF09631,MONMOUTH,TINTON FALLS BORO,07/19/2019,FR,1350,01,TINTON FALLS PD,,0,0,0,0,P,I,N,N,02,2,MONMOUTH COUNTY 38,S,38,,13000038__,1.25,05,,02,04,02,01,01,01,05,01,,AT,,,F,GARDEN STATE PARKWAY,,40,,26,,,N,,36037
2019133619TF09632,MONMOUTH,TINTON FALLS BORO,07/19/2019,FR,1404,01,TINTON FALLS PD,,0,1,0,0,I,I,N,N,01,2,MONMOUTH COUNTY 16,E,16,,13000016__,1.40,05,,01,04,02,01,01,01,05,,,AT,,HERITAGE BLVD,,,,45,25,26,40.240230,74.088160,N,,36056
2019133619TF09638,MONMOUTH,TINTON FALLS BORO,07/19/2019,FR,1755,01,TINTON FALLS PD,,0,0,0,0,P,B,N,N,08,2,PARK RD **,E,,,13361104__,.00,07,,01,04,02,01,01,01,05,,20,FE,W,CR 51 / HOPE RD,,,,25,40,26,,,N,,36053
2019133619TF09703,MONMOUTH,TINTON FALLS BORO,07/21/2019,SU,2347,01,TINTON FALLS PD,NJ0133600,0,0,0,0,P,I,N,N,01,2,ROUTE 537,S,537,,00000537__,62.18,05,,01,04,02,01,06,01,05,01,,AT,W,CR 13 ALT / SYCAMORE ST / WATER ST,,,,35,35,26,,,N,,36071
2019133619TF09711,MONMOUTH,TINTON FALLS BORO,07/22/2019,MO,0341,01,TINTON FALLS PD,TINTON FALLS,0,1,0,0,I,B,N,N,11,1,NJ 66,,66,,00000066__,.04,02,,03,05,02,01,06,01,03,01,200,FE,E,NJ 33,,,,50,50,50,40.216950,74.103840,N,KEEP RIGHT TRAFFIC SIGN AND A FLASHING YIELD SIGN,36067
2019133619TF09767,MONMOUTH,TINTON FALLS BORO,07/22/2019,MO,1928,01,TINTON FALLS PD,,0,1,0,0,I,B,N,N,01,2,MONMOUTH COUNTY 51,N,51,,13000051__,4.30,05,,01,04,02,02,01,02,04,,5,FE,N,PICA PL,,,,40,25,26,40.336430,74.085820,N,,36079
2019133619TF09797,MONMOUTH,TINTON FALLS BORO,07/22/2019,MO,2112,01,TINTON FALLS PD,1336,0,1,0,0,I,B,N,N,01,3,MONMOUTH COUNTY 16,E,16,,13000016__,1.12,05,,01,04,02,02,05,02,05,01,75,FE,E,ROUTE 547 / SHAFTO RD,,,,45,50,26,40.246990,74.100460,N,,
2019133619TF09818,MONMOUTH,TINTON FALLS BORO,07/23/2019,TU,0719,01,TINTON FALLS PD,TINTON FALLS PD,0,0,0,0,P,B,N,N,05,2,MONMOUTH COUNTY 51,N,51,,13000051__,2.69,07,,01,04,02,02,01,02,05,,50,FE,S,WYCKEM RD,,,,40,25,26,40.313000,74.080450,N,,36070
2019133619TF09853,MONMOUTH,TINTON FALLS BORO,07/23/2019,TU,1857,01,TINTON FALLS PD,TINTON FALLS,0,0,0,0,P,B,N,N,12,1,MONMOUTH COUNTY 13 A,,13,A,13000013A_,.61,05,,01,05,02,01,01,01,05,,25,FE,W,REED RD,,,,40,25,24,40.311850,74.094310,N,,36067
2019133619TF09902,MONMOUTH,TINTON FALLS BORO,07/24/2019,WE,1703,01,TINTON FALLS PD,TINTON FALLS,0,0,0,0,P,B,N,N,11,1,ROUTE 547,S,547,,00000547__,23.56,05,,01,06,02,01,01,01,05,,2000,FE,N,CR 16 / ASBURY AVE,,,,50,45,52,40.249380,74.097350,N,JCP&L POLE #J36J417TF,36073
2019133619TF09907,MONMOUTH,TINTON FALLS BORO,07/24/2019,WE,1830,01,TINTON FALLS PD,TINTON FALLS,0,0,0,0,P,B,N,N,02,2,FILLY WAY **,S,,,13361119__,.28,07,,01,04,02,01,01,01,05,,50,FE,S,FOXCHASE DR,,,,25,30,26,,,N,,36073
2019133619TF10009,MONMOUTH,TINTON FALLS BORO,07/26/2019,FR,1713,01,TINTON FALLS PD,,0,0,0,0,P,B,N,N,01,2,MONMOUTH COUNTY 38,S,38,,13000038__,2.21,05,,01,04,02,01,01,01,02,01,10,FE,N,ROUTE 547 / SHAFTO RD,,,,40,50,26,40.245040,74.101850,N,,36065
2019133619TF10037,MONMOUTH,TINTON FALLS BORO,07/27/2019,SA,1108,01,TINTON FALLS PD,TINTON FALLS PD,0,0,0,0,P,B,N,N,02,2,MONMOUTH COUNTY 38,S,38,,13000038__,.81,05,,01,04,02,01,01,01,05,,200,FE,S,PINE BROOK RD,,,,40,40,26,40.281410,74.081120,N,,36070
2019133619TF10059,MONMOUTH,TINTON FALLS BORO,07/27/2019,SA,2101,01,TINTON FALLS PD,TINTON FALLS,0,0,0,0,P,B,N,N,05,2,MONMOUTH COUNTY 50,,50,,13000050__,.00,05,,02,04,02,01,07,01,05,,15,FE,E,ROUTE 537 / COLTS NECK RD,,,,35,35,26,40.307310,74.106480,N,,36067
2019133619TF10087,MONMOUTH,TINTON FALLS BORO,07/28/2019,SU,1153,01,TINTON FALLS PD,,0,0,0,0,P,B,N,N,01,2,MONMOUTH COUNTY 13,S,13,,13000013__,.93,05,,01,04,02,01,01,01,05,01,15,FE,N,CR 13A / SYCAMORE AVE,,,,40,40,26,40.323130,74.072950,N,,36077
2019133619TF10193,MONMOUTH,TINTON FALLS BORO,07/30/2019,TU,1725,01,TINTON FALLS PD,,0,1,0,0,I,B,N,N,01,2,MONMOUTH COUNTY 13 A,W,13,A,13000013A_,1.55,05,,01,04,02,01,01,01,05,01,100,FE,E,CR 51 / HANCE AVE,,,,40,40,26,40.304680,74.099960,N,,36080
2019133619TF10253,MONMOUTH,TINTON FALLS BORO,07/31/2019,WE,1751,01,TINTON FALLS PD,TINTON FALLS,0,0,0,0,P,B,N,N,01,2,NJ 66,W,66,,00000066__,.01,02,,01,04,02,01,01,01,03,01,50,FE,E,NJ 33,,,,50,50,26,,,N,,36064
2019133619TF10301,MONMOUTH,TINTON FALLS BORO,08/01/2019,TH,1417,01,TINTON FALLS PD,,0,1,0,0,I,B,N,N,01,2,MONMOUTH COUNTY 13,S,13,,13000013__,.93,05,,01,04,02,01,01,01,05,01,25,FE,N,CR 13A / SYCAMORE AVE,,,,40,40,26,40.323130,74.072950,N,,36065
2019133619TF10312,MONMOUTH,TINTON FALLS BORO,08/01/2019,TH,2041,01,TINTON FALLS PD,,0,1,0,0,I,I,N,N,14,1,MONMOUTH COUNTY 38,,38,,13000038__,.00,05,,01,04,02,01,06,01,05,,,AT,,ROUTE 537 / TINTON AVE,,,,40,35,21,,,N,,36055
2019133619TF10336,MONMOUTH,TINTON FALLS BORO,08/02/2019,FR,1700,01,TINTON FALLS PD,,0,0,0,0,P,B,N,N,01,2,MONMOUTH COUNTY 13,S,13,,13000013__,1.06,05,,01,04,02,01,01,01,,,25,FE,N,GILBERT ST S,,,,40,25,26,40.326810,74.073410,N,,36057
2019133619TF10412,MONMOUTH,TINTON FALLS BORO,08/04/2019,SU,1720,01,TINTON FALLS PD,,0,0,0,0,P,B,N,N,01,2,MONMOUTH COUNTY 38,S,38,,13000038__,2.21,05,,03,04,02,01,01,01,02,,10,FE,N,ROUTE 547 / SHAFTO RD,,,,40,50,26,,,N,,36053
2019133619TF10543,MONMOUTH,TINTON FALLS BORO,08/07/2019,WE,0809,01,TINTON FALLS PD,,0,0,0,0,P,B,N,N,01,2,ROUTE 520,E,520,,00000520__,15.63,05,,01,04,02,02,01,01,02,,50,FE,W,ROUTE 537 / CR 51 / HANCE AVE,,,,40,40,26,40.336430,74.085820,N,,36049
2019133619TF10568,MONMOUTH,TINTON FALLS BORO,08/07/2019,WE,1402,01,TINTON FALLS PD,,0,0,0,0,P,B,N,N,11,1,NJ 18,N,18,,00000018__,15.51,02,,03,04,01,02,01,02,01,,5280,FE,N,CR 38 / WAYSIDE RD,,,,65,40,48,40.284370,74.104320,N,GUIDE RAIL BELONGING TO THE STATE OF NEW JERSEY,36049
2019133619TF10573,MONMOUTH,TINTON FALLS BORO,08/07/2019,WE,1601,01,TINTON FALLS PD,,0,1,0,0,I,B,N,N,01,3,MONMOUTH COUNTY 13 A,E,13,A,13000013A_,1.53,05,,03,04,02,02,01,01,05,01,10,FE,W,CR 51 / HANCE AVE,,,,40,40,26,40.304680,74.099960,N,,
2019133619TF10614,MONMOUTH,TINTON FALLS BORO,08/08/2019,TH,1221,01,TINTON FALLS PD,,0,0,0,0,P,B,N,N,02,2,NJ 33,W,33,,00000033__,37.16,02,,01,04,02,01,01,01,03,,20,FE,W,NJ 66,,,,50,50,26,40.213630,74.096840,N,,36080
2019133619TF10622,MONMOUTH,TINTON FALLS BORO,08/08/2019,TH,1418,01,TINTON FALLS PD,,0,0,0,0,P,B,N,N,06,2,WILLIAMSBURG DR **,,,,13361177__,.11,07,,01,04,02,00,00,00,05,,20,FE,S,COLONIAL DR,,,,25,25,00,,,N,,36049
2019133619TF10626,MONMOUTH,TINTON FALLS BORO,08/08/2019,TH,1453,01,TINTON FALLS PD,,0,0,0,0,P,I,N,N,02,2,ROUTE 537,N,537,,00000537__,62.20,05,,01,04,02,01,01,01,05,,,AT,,FIRE HOUSE RD,,,,35,25,26,40.304310,74.100300,N,,36049
2019133619TF10651,MONMOUTH,TINTON FALLS BORO,08/09/2019,FR,0730,01,TINTON FALLS PD,,0,1,0,0,I,B,N,N,01,2,AUTUMN DR,N,,,,,07,,03,06,02,01,01,01,03,01,10,FE,S,NJ 33,,,,25,50,26,40.216950,74.103840,N,,36037
2019133619TF10667,MONMOUTH,TINTON FALLS BORO,08/11/2019,SU,1910,01,TINTON FALLS PD,,0,0,0,0,P,B,N,N,01,2,NJ 66,W,66,,00000066__,,02,,01,04,02,01,01,01,03,,20,FE,E,SHARK RIVER RD,,,,50,35,26,,,N,,36055
2019133619TF10668,MONMOUTH,TINTON FALLS BORO,08/09/2019,FR,1814,01,TINTON FALLS PD,,0,0,0,0,P,B,N,N,03,2,MONMOUTH COUNTY 38,S,38,,13000038__,.82,05,,01,04,02,01,01,01,05,01,150,FE,S,PINE BROOK RD,,,,40,40,26,40.286650,74.094960,N,,36077
2019133619TF10784,MONMOUTH,TINTON FALLS BORO,08/12/2019,MO,1514,01,TINTON FALLS PD,,0,0,0,0,P,B,N,N,02,2,NJ 33,E,33,,00000033__,37.04,02,,02,04,02,01,01,01,03,,200,FE,E,WARDELL RD,,,,50,40,26,40.216950,74.103840,N,,36049
2019133619TF10805,MONMOUTH,TINTON FALLS BORO,08/13/2019,TU,0826,01,TINTON FALLS PD,,0,0,0,0,P,B,N,N,02,2,MONMOUTH COUNTY 13 A,E,13,A,13000013A_,2.02,05,,01,04,02,01,01,01,05,,50,FE,W,CR 13 / SHREWSBURY AVE,,,,40,40,26,40.323130,74.072950,N,,36049
2019133619TF10830,MONMOUTH,TINTON FALLS BORO,08/13/2019,TU,1653,01,TINTON FALLS PD,1336,0,0,0,0,P,B,N,N,01,2,ROUTE 520,E,520,,00000520__,15.78,05,,01,04,02,01,01,01,02,01,75,FE,W,SPRINGDALE AVE,,,,40,25,26,40.336680,74.082880,N,,36062
2019133619TF10866,MONMOUTH,TINTON FALLS BORO,08/14/2019,WE,1446,01,TINTON FALLS PD,,0,0,0,0,P,B,N,N,02,2,ROUTE 520,E,520,,00000520__,16.12,05,,01,04,02,01,01,01,04,,500,FE,W,CR 13 / SHREWSBURY AVE,,,,40,40,26,40.337290,74.074970,N,,36049
2019133619TF10959,MONMOUTH,TINTON FALLS BORO,08/16/2019,FR,1718,01,TINTON FALLS PD,,0,0,0,0,P,I,N,N,03,2,MONMOUTH COUNTY 13 A,W,13,A,13000013A_,1.53,05,,01,04,02,01,01,01,05,01,,AT,S,CR 51 / HANCE AVE,,,,40,40,26,40.321140,74.082080,N,,36206
2019133619TF10960,MONMOUTH,TINTON FALLS BORO,08/16/2019,FR,1719,01,TINTON FALLS PD,,0,0,0,0,P,B,N,N,01,2,MONMOUTH COUNTY 13,S,13,,13000013__,.00,05,,03,05,02,01,01,01,02,01,20,FE,N,NJ 35,,,,40,50,26,40.311800,74.064470,N,,36062
2019133619TF11063,MONMOUTH,TINTON FALLS BORO,08/19/2019,MO,0718,01,TINTON FALLS PD,,0,1,0,0,I,I,N,N,03,2,MONMOUTH COUNTY 13 A,E,13,A,13000013A_,1.85,05,,01,04,02,01,01,01,05,,,AT,,PALOMINO PL,,,,40,25,26,40.322470,74.076230,N,,36049
2019133619TF11103,MONMOUTH,TINTON FALLS BORO,08/20/2019,TU,1143,01,TINTON FALLS PD,,0,0,0,0,P,B,N,N,02,2,706 TINTON AVE; TINTON FA,,,,,,09,,01,04,02,01,01,01,05,01,,,,,,,,,,26,40.303960,74.100050,N,,36037
2019133619TF11107,MONMOUTH,TINTON FALLS BORO,08/20/2019,TU,1411,01,TINTON FALLS PD,,0,0,0,0,P,B,N,N,02,2,MONMOUTH COUNTY 51,S,51,,13000051__,.38,05,,01,04,02,01,01,01,05,01,200,FE,S,NJ 18,,,,50,55,26,40.309070,74.080610,N,,36037
2019133619TF11131,MONMOUTH,TINTON FALLS BORO,08/21/2019,WE,0724,01,TINTON FALLS PD,,0,0,0,0,P,B,N,N,01,2,NJ 33,E,33,,00000033__,37.14,02,,02,04,02,01,01,01,03,,25,FE,W,AUTUMN DR,,,,50,25,26,40.217160,74.104530,N,,36057
2019133619TF11139,MONMOUTH,TINTON FALLS BORO,08/21/2019,WE,0915,01,TINTON FALLS PD,,0,0,0,0,P,B,N,N,01,3,NJ 66,E,66,,00000066__,.09,02,,01,04,01,01,01,01,05,,500,FE,E,NJ 33,,,,50,50,26,40.299730,74.091950,N,,36057
2019133619TF11177,MONMOUTH,TINTON FALLS BORO,08/22/2019,TH,0804,01,TINTON FALLS PD,,0,0,0,0,P,B,N,N,01,2,MONMOUTH COUNTY 16,E,16,,13000016__,2.22,05,,01,05,02,01,01,01,05,01,20,FE,W,PINE ST / ESSEX RD,,,,45,25,26,40.234450,74.077430,N,,36076
2019133619TF11235,MONMOUTH,TINTON FALLS BORO,08/28/2019,WE,1358,01,TINTON FALLS PD,,0,0,0,0,P,B,N,N,11,1,ROUTE 547,S,547,,00000547__,25.58,05,,01,04,02,00,00,00,04,01,600,FE,W,CR 51 / HOPE RD,,,,50,50,,,,N,,36055
2019133619TF11271,MONMOUTH,TINTON FALLS BORO,08/24/2019,SA,1015,01,TINTON FALLS PD,,0,3,0,0,I,B,N,N,04,2,NJ 33,W,33,,00000033__,36.99,02,,01,04,02,01,01,01,05,01,50,FE,W,WARDELL RD,,,,50,40,26,40.218430,74.107450,N,,36079
2019133619TF11326,MONMOUTH,TINTON FALLS BORO,08/26/2019,MO,0815,01,TINTON FALLS PD,,0,0,0,0,P,B,N,N,02,2,ROUTE 547,S,547,,00000547__,22.68,05,,01,04,02,01,01,01,04,01,2640,FE,S,CR 16 / ASBURY AVE,,,,50,45,26,40.239290,74.104810,N,,36078
2019133619TF11332,MONMOUTH,TINTON FALLS BORO,08/26/2019,MO,0945,01,TINTON FALLS PD,,0,1,0,0,I,B,N,N,03,2,MONMOUTH COUNTY 16,E,16,,13000016__,2.00,05,,01,04,02,01,01,01,05,01,2640,FE,E,FOX CHASE DR / CANNONBALL DR,,,,45,35,26,40.240230,74.088160,N,,36078
2019133619TF11346,MONMOUTH,TINTON FALLS BORO,08/26/2019,MO,1419,01,TINTON FALLS PD,,0,1,0,0,I,B,N,N,01,2,MONMOUTH COUNTY 13,S,13,,13000013__,.00,05,,03,04,02,01,01,01,02,01,10,FE,N,NJ 35,,,,40,40,26,40.323140,74.072880,N,,36080
2019133619TF11368,MONMOUTH,TINTON FALLS BORO,08/27/2019,TU,2343,01,TINTON FALLS PD,,0,1,0,0,I,B,N,N,11,1,JUMPING BROOK RD,S,,,13341416__,1.88,07,,01,04,02,01,04,01,,,1400,FE,N,GREEN GROVE RD,,,,25,25,,,,N,WHITE FENCE (1251 JUMPING BROOK RD)  JCP&L UTILITY POLE (UNKNOWN NUMBER),36053
2019133619TF11383,MONMOUTH,TINTON FALLS BORO,08/27/2019,TU,0924,01,TINTON FALLS PD,,0,0,0,0,P,I,N,N,03,2,MONMOUTH COUNTY 16,,16,,13000016__,2.22,05,,01,04,02,01,01,01,04,01,,AT,,PINE ST / ESSEX RD,,,,45,25,26,40.237800,74.083170,N,,36080
2019133619TF11439,MONMOUTH,TINTON FALLS BORO,08/28/2019,WE,1247,01,TINTON FALLS PD,,0,1,0,0,I,B,N,N,01,2,ROUTE 547,S,547,,00000547__,,05,,01,04,02,02,01,02,05,01,10,FE,N,MAZZA BLVD,,,,50,25,26,40.231780,74.112310,N,,36065
2019133619TF11445,MONMOUTH,TINTON FALLS BORO,08/28/2019,WE,1522,01,TINTON FALLS PD,,0,2,0,0,I,I,N,N,01,2,HERITAGE BLVD **,,,,13361147__,1.22,07,,01,04,02,02,01,02,05,,,AT,,WEST PARK AVE,,,,35,25,26,40.258290,74.083500,N,TRAFFIC SIGN BELONGING TO BOROUGH OF TINTON FALLS,36049
2019133619TF11465,MONMOUTH,TINTON FALLS BORO,08/29/2019,TH,0641,01,TINTON FALLS PD,,0,0,0,0,P,B,N,N,01,2,MONMOUTH COUNTY 13,S,13,,13000013__,1.48,05,,01,04,02,01,01,01,05,01,50,FE,N,APPLE ST,,,,40,25,26,40.330930,74.073980,N,,36037
2019133619TF11474,MONMOUTH,TINTON FALLS BORO,08/29/2019,TH,1111,01,TINTON FALLS PD,,0,1,0,0,I,I,N,N,03,2,MONMOUTH COUNTY 38,S,38,,13000038__,3.36,05,,01,04,02,01,01,01,05,01,,AT,,W PARK AVE,,,,35,35,26,40.259230,74.074790,N,,36065
2019133619TF11475,MONMOUTH,TINTON FALLS BORO,08/29/2019,TH,1144,01,TINTON FALLS PD,,0,0,0,0,P,B,N,N,06,2,220 HANCE AVE; SWIMMING,,,,,,09,,01,04,02,01,01,01,,,,,,,,,,,,26,40.326020,74.089310,N,,36037
2019133619TF11476,MONMOUTH,TINTON FALLS BORO,08/29/2019,TH,1231,01,TINTON FALLS PD,,0,0,0,0,P,B,N,N,11,1,WYCKHAM RD **,E,,,13361045__,.24,07,,01,04,02,01,01,01,05,,10,FE,E,STRATFORD RD,,,,25,25,56,40.313020,74.085290,N,UTILITY POLE #BT2185SHR,36079
2019133619TF11477,MONMOUTH,TINTON FALLS BORO,08/29/2019,TH,1231,01,TINTON FALLS PD,,0,0,0,0,P,B,N,N,03,2,MONMOUTH COUNTY 16,E,16,,13000016__,2.08,05,,01,04,02,01,01,01,05,01,750,FE,W,PINE ST / ESSEX RD,,,,45,25,26,40.240230,74.088160,N,,36065
2019133619TF11500,MONMOUTH,TINTON FALLS BORO,08/30/2019,FR,0802,01,TINTON FALLS PD,NJ0133600,0,0,0,0,P,B,N,N,03,2,ROUTE 537,E,537,,00000537__,62.18,05,,02,04,02,01,01,01,05,01,25,FE,E,CR 13 ALT / SYCAMORE ST / WATER ST,,,,35,40,26,,,N,,36071
2019133619TF11516,MONMOUTH,TINTON FALLS BORO,08/30/2019,FR,1211,01,TINTON FALLS PD,NJ0133600,0,0,0,0,P,B,N,N,01,2,MONMOUTH COUNTY 13,S,13,,13000013__,1.69,05,,01,04,02,01,01,01,05,01,100,FE,E,PATTERSON AVE,,,,40,25,26,,,N,,36071
2019133619TF11521,MONMOUTH,TINTON FALLS BORO,08/30/2019,FR,1215,01,TINTON FALLS PD,,0,0,0,0,P,B,N,N,01,2,NJ 33,E,33,,00000033__,37.13,02,,01,04,02,01,01,01,03,01,50,FE,W,AUTUMN DR,,,,50,25,26,40.217160,74.104530,N,,36078
2019133619TF11526,MONMOUTH,TINTON FALLS BORO,08/30/2019,FR,1300,01,TINTON FALLS PD,,0,0,0,0,P,B,N,N,08,2,PEARL HARBOR DR,S,,,,,07,,01,04,02,01,01,01,05,01,50,FE,N,PINEBROOK ROAD,,,,25,40,26,40.289340,74.088380,N,,36078
2019133619TF11530,MONMOUTH,TINTON FALLS BORO,08/30/2019,FR,1454,01,TINTON FALLS PD,,0,0,0,0,P,B,N,N,01,2,MONMOUTH COUNTY 51,S,51,,13000051__,2.01,07,,01,04,02,01,01,01,05,01,50,FE,N,ROUTE 537 / TINTON AVE,,,,40,25,26,40.302960,74.079560,N,,36078
2019133619TF11586,MONMOUTH,TINTON FALLS BORO,08/31/2019,SA,1934,01,TINTON FALLS PD,,0,0,0,0,P,B,N,N,11,1,WALTHAM DR,N,,,,,07,,01,04,02,01,03,01,05,01,10,FE,E,WAYSIDE RD,,,,25,40,56,40.293750,74.093710,N,TO FRONT LAWN OF 2 WALTHAM DR AND FIRE HYDRANT.,36080
2019133619TF11684,MONMOUTH,TINTON FALLS BORO,09/03/2019,TU,1342,01,TINTON FALLS PD,,0,0,0,0,P,I,N,N,03,2,ROUTE 520,E,520,,00000520__,16.14,05,,01,04,02,01,01,01,05,,,AT,,CLINTON PL,,,,40,25,26,40.337170,74.076220,N,,36079
2019133619TF11687,MONMOUTH,TINTON FALLS BORO,09/03/2019,TU,1453,01,TINTON FALLS PD,,0,0,0,0,P,I,N,N,03,2,ROUTE 520,E,520,,00000520__,16.14,05,,01,04,02,01,01,01,05,,,AT,,CLINTON PL,,,,40,25,26,40.337170,74.076220,N,,36049
2019133619TF11692,MONMOUTH,TINTON FALLS BORO,09/03/2019,TU,1603,01,TINTON FALLS PD,,0,0,0,0,P,B,N,N,01,2,MONMOUTH COUNTY 16,E,16,,13000016__,2.15,05,,01,04,02,01,01,01,05,01,350,FE,W,PINE ST / ESSEX RD,,,,45,35,26,40.240230,74.088160,N,,36065