Year(4)-CountyCode(2)-MunicipalityCode(2)-CaseNumber(9),County Name,Municipality Name,Crash Date,Crash Day of Week,Crash Time,Police Department Code,Police Department,Police Station,Total Killed,Total Injured,Pedestrians Killed,Pedestrians Injured,Severity,Intersection,Alcohol Involved,Hazmat Involved,Crash Type,Total Vehicles,Location,Location Direction,Route,Route Suffix,Std Rte Identifier,MilePost,Road System,Road Character,Road Horizontal Alignment,Road Grade,Road Surface Type,Surface Condition,Light Condition,Environmental Condition,Road Divided By,Temporary Traffic Control Zone,Distance To Cross Street,Unit Of Measurement,Direction From Cross Street,Cross Street Name,Is Ramp,Ramp To/From Route Name,Ramp To/From Route Direction,Posted Speed,Posted Speed Cross Street,First Harmful Event,Latitude,Longitude,Cell Phone In Use Flag,Other Property Damage,Reporting Badge No.
2019133619TF14193,MONMOUTH,TINTON FALLS BORO,10/30/2019,WE,1238,01,TINTON FALLS PD,,0,0,0,0,P,B,N,N,01,2,MONMOUTH COUNTY 13,S,13,,13000013__,1.34,05,,01,04,02,02,01,02,04,,100,FE,S,EXECUTIVE DR,,,,40,25,26,40.328890,74.074180,N,TIRE MARK ON FRONT LAWN OF WENDY'S RESTAURANT  600 SHREWSBURY AVENUE,36057
2019133619TF14223,MONMOUTH,TINTON FALLS BORO,10/31/2019,TH,0922,01,TINTON FALLS PD,,0,1,0,0,I,B,N,N,01,2,JUMPING BROOK RD,S,,,13341416__,,07,,01,04,02,02,01,05,05,,500,FE,N,ESSEX RD,,,,25,35,26,,,N,,36053
2019133619TF14231,MONMOUTH,TINTON FALLS BORO,10/31/2019,TH,1101,01,TINTON FALLS PD,,0,2,0,0,I,B,N,N,01,2,MONMOUTH COUNTY 38,N,38,,13000038__,.00,05,,03,04,02,02,01,02,02,01,10,FE,E,ROUTE 537 / TINTON AVE,,,,40,40,26,40.298950,74.095000,N,,36049
2019133619TF14264,MONMOUTH,TINTON FALLS BORO,11/01/2019,FR,0632,01,TINTON FALLS PD,,0,0,0,0,P,B,N,N,02,2,MONMOUTH COUNTY 50,N,50,,13000050__,.00,05,,01,04,02,01,05,01,05,01,250,FE,S,ROUTE 537 / COLTS NECK RD,,,,35,50,26,40.307050,74.105510,N,,36065
2019133619TF14305,MONMOUTH,TINTON FALLS BORO,11/01/2019,FR,1836,01,TINTON FALLS PD,,0,0,0,0,P,B,N,N,12,1,ROUTE 547,N,547,,00000547__,22.38,05,,01,04,02,01,05,01,04,01,300,FE,N,COMMERCE DR,,,,50,25,24,40.235980,74.109060,N,,36055
2019133619TF14333,MONMOUTH,TINTON FALLS BORO,11/02/2019,SA,0914,01,TINTON FALLS PD,,0,2,0,0,I,I,N,N,03,2,MONMOUTH COUNTY 13,S,13,,13000013__,1.47,05,,01,04,02,01,01,01,05,01,,AT,,APPLE ST,,,,40,25,26,40.330930,74.073980,N,,36065
2019133619TF14395,MONMOUTH,TINTON FALLS BORO,11/03/2019,SU,2056,01,TINTON FALLS PD,,0,0,0,0,P,B,N,N,12,1,ROUTE 547,S,547,,00000547__,24.98,05,,01,04,02,01,06,01,05,01,528,FE,S,CR 38 / TORNILLO WAY / WAYSIDE RD,,,,40,50,24,40.249980,74.098740,N,,36060
2019133619TF14408,MONMOUTH,TINTON FALLS BORO,11/04/2019,MO,0843,01,TINTON FALLS PD,,0,0,0,0,P,B,N,N,05,2,APPLE ST **,W,,,13361051__,.32,07,,01,04,02,01,01,01,,,100,FE,E,BLOSSUM ST,,,,25,25,26,40.330450,74.079690,N,,36037
2019133619TF14416,MONMOUTH,TINTON FALLS BORO,11/04/2019,MO,1107,01,TINTON FALLS PD,,0,1,0,0,I,B,N,N,01,2,MONMOUTH COUNTY 38,S,38,,13000038__,2.21,05,,03,04,02,01,01,01,02,01,25,FE,S,ROUTE 547 / SHAFTO RD,,,,40,50,26,40.270040,74.082390,N,,36037
2019133619TF14477,MONMOUTH,TINTON FALLS BORO,11/05/2019,TU,1710,01,TINTON FALLS PD,,0,0,0,0,P,B,N,N,02,2,JUMPING BROOK RD,,,,13341416__,,07,,01,04,02,01,01,01,05,01,528,FE,N,ESSEX ROAD,,,,25,35,26,,,N,,36028
2019133619TF14507,MONMOUTH,TINTON FALLS BORO,11/06/2019,WE,1445,01,TINTON FALLS PD,,0,0,0,0,P,B,N,N,01,2,ROUTE 537,N,537,,00000537__,62.33,05,,01,04,02,01,01,01,05,01,25,FE,S,BRANFORD CIR,,,,35,25,26,40.302900,74.098820,N,,36049
2019133619TF14516,MONMOUTH,TINTON FALLS BORO,11/06/2019,WE,1712,01,TINTON FALLS PD,,0,1,0,0,I,B,N,N,12,2,ROUTE 547,S,547,,00000547__,21.29,05,,01,04,02,01,05,01,05,01,300,FE,S,SHARK RIVER RD,,,,50,35,24,40.219860,74.117500,N,,36065
2019133619TF14517,MONMOUTH,TINTON FALLS BORO,11/06/2019,WE,1733,01,TINTON FALLS PD,,0,0,0,0,P,B,N,N,01,2,MONMOUTH COUNTY 51,N,51,,13000051__,4.27,05,,01,04,02,01,06,01,05,01,5,FE,N,ORCHARD ST,,,,40,25,26,40.336430,74.085820,N,,36079
2019133619TF14544,MONMOUTH,TINTON FALLS BORO,11/07/2019,TH,1415,01,TINTON FALLS PD,TINTON FALLS,0,0,0,0,P,B,N,N,06,2,3000 ESSEX ROAD,,,,,,09,,02,04,02,01,01,01,05,,,,,,,,,15,,28,40.231610,74.085370,N,,36067
2019133619TF14610,MONMOUTH,TINTON FALLS BORO,11/08/2019,FR,1620,01,TINTON FALLS PD,,0,0,0,0,P,B,N,N,01,2,MONMOUTH COUNTY 13,S,13,,13000013__,1.34,05,,01,04,02,01,01,01,04,01,100,FE,S,EXECUTIVE DR,,,,40,25,26,40.328890,74.074180,N,,36078
2019133619TF14612,MONMOUTH,TINTON FALLS BORO,11/08/2019,FR,1635,01,TINTON FALLS PD,,0,0,0,0,P,B,N,N,01,2,MONMOUTH COUNTY 13,S,13,,13000013__,1.07,05,,01,05,02,01,03,01,04,,50,FE,N,GILBERT ST S,,,,40,25,26,40.325010,74.073130,N,,36078
2019133619TF14617,MONMOUTH,TINTON FALLS BORO,11/08/2019,FR,1957,01,TINTON FALLS PD,TINTON FALLS,0,0,0,0,P,B,N,N,12,1,ROUTE 520,E,520,,00000520__,15.69,05,,01,04,02,01,07,01,02,,250,FE,E,ROUTE 537 / CR 51 / HANCE AVE,,,,40,40,24,,,N,,36073
2019133619TF14664,MONMOUTH,TINTON FALLS BORO,11/10/2019,SU,0454,01,TINTON FALLS PD,,0,1,0,0,I,B,N,N,11,1,PINEBROOK ROAD,N,,,,,07,,01,04,02,01,05,01,05,01,100,FE,N,PARK ROAD,,,,40,25,69,40.292020,74.084390,N,,36080
2019133619TF14696,MONMOUTH,TINTON FALLS BORO,11/11/2019,MO,0733,01,TINTON FALLS PD,,0,1,0,0,I,I,N,N,01,2,SHARK RIVER RD **,S,,,13361001__,.00,07,,03,04,02,01,01,01,02,01,,AT,,NJ 66,,,,25,50,26,40.217430,74.102710,N,,36037
2019133619TF14709,MONMOUTH,TINTON FALLS BORO,11/11/2019,MO,1117,01,TINTON FALLS PD,,0,0,0,0,P,B,N,N,12,1,MONMOUTH COUNTY 51,S,51,,13000051__,4.40,05,,01,04,02,01,01,01,05,01,250,FE,S,ROUTE 520 / NEWMAN SPRINGS RD,,,,40,40,24,40.335400,74.086280,N,,36065
2019133619TF14712,MONMOUTH,TINTON FALLS BORO,11/11/2019,MO,1152,01,TINTON FALLS PD,,0,1,0,0,I,I,N,N,03,2,MONMOUTH COUNTY 13 A,W,13,A,13000013A_,1.53,05,,01,04,02,01,01,01,05,01,,AT,,CR 51 / HANCE AVE,,,,40,40,26,40.321140,74.082080,N,,36065
2019133619TF14732,MONMOUTH,TINTON FALLS BORO,11/11/2019,MO,1932,01,TINTON FALLS PD,TINTON FALLS PD,0,0,0,0,P,B,N,N,12,1,NJ 33,E,33,,00000033__,37.41,02,,01,04,02,01,07,01,01,,1320,FE,E,NJ 66,,,,50,50,24,40.299730,74.091950,N,,36070
2019133619TF14756,MONMOUTH,TINTON FALLS BORO,11/12/2019,TU,1303,01,TINTON FALLS PD,,0,0,0,0,P,B,N,N,01,2,MONMOUTH COUNTY 51,S,51,,13000051__,.02,05,,01,04,02,01,01,01,05,01,100,FE,N,ROUTE 547 / SHAFTO RD / WYCKOFF RD,,,,40,40,26,40.275600,74.072580,N,,36037
2019133619TF14792,MONMOUTH,TINTON FALLS BORO,11/13/2019,WE,1110,01,TINTON FALLS PD,,0,0,0,0,P,I,N,N,03,2,MONMOUTH COUNTY 51,N,51,,13000051__,4.30,05,,01,04,02,01,01,01,05,,,AT,,PICA PL,,,,40,25,26,40.336430,74.085820,N,,36076
2019133619TF14800,MONMOUTH,TINTON FALLS BORO,11/13/2019,WE,1326,01,TINTON FALLS PD,,0,0,0,0,P,B,N,N,01,2,MONMOUTH COUNTY 13,S,13,,13000013__,1.08,05,,01,04,02,01,01,01,04,,100,FE,N,GILBERT ST S,,,,40,25,26,40.326810,74.073410,N,,36057
2019133619TF14801,MONMOUTH,TINTON FALLS BORO,11/13/2019,WE,1354,01,TINTON FALLS PD,,0,1,0,0,I,I,N,N,07,2,MONMOUTH COUNTY 16,,16,,13000016__,2.60,05,,01,04,02,01,01,01,05,01,,AT,,GREEN GROVE RD,,,,45,40,26,40.240230,74.088160,N,,36049
2019133619TF14842,MONMOUTH,TINTON FALLS BORO,11/15/2019,FR,1253,01,TINTON FALLS PD,,0,0,0,0,P,B,N,N,01,2,GREEN GROVE RD,S,,,13341417__,2.03,07,,01,04,02,01,01,01,02,01,15,FE,N,CR 16 / ASBURY AVE,,,,40,40,26,,,N,,36037
2019133619TF14887,MONMOUTH,TINTON FALLS BORO,11/15/2019,FR,1042,01,TINTON FALLS PD,,0,0,0,0,P,I,N,N,07,2,ROUTE 520,E,520,,00000520__,15.64,05,,01,06,02,01,01,01,02,01,,AT,,ROUTE 537 / CR 51 / HANCE AVE,,,,40,40,26,,,N,,36037
2019133619TF14903,MONMOUTH,TINTON FALLS BORO,11/15/2019,FR,1720,01,TINTON FALLS PD,,0,0,0,0,P,I,N,N,03,2,MONMOUTH COUNTY 38,N,38,,13000038__,.85,05,,01,04,02,01,06,01,05,01,,AT,,PINE BROOK RD,,,,40,40,26,40.286650,74.094960,N,,36065
2019133619TF14917,MONMOUTH,TINTON FALLS BORO,11/15/2019,FR,2235,01,TINTON FALLS PD,,0,0,0,0,P,B,N,N,03,2,MONMOUTH COUNTY 51,S,51,,13000051__,1.03,05,,02,04,02,01,06,01,04,,100,FE,N,PARK RD,,,,40,25,26,40.289520,74.079580,N,,36054
2019133619TF14988,MONMOUTH,TINTON FALLS BORO,11/18/2019,MO,0827,01,TINTON FALLS PD,,0,0,0,0,P,B,N,N,01,2,MONMOUTH COUNTY 16,W,16,,13000016__,2.59,05,,01,05,02,02,01,02,04,01,75,FE,W,GREEN GROVE RD,,,,45,40,26,40.224290,74.030260,N,,36057
2019133619TF14999,MONMOUTH,TINTON FALLS BORO,11/18/2019,MO,1225,01,TINTON FALLS PD,,0,0,0,0,P,B,N,N,01,2,MONMOUTH COUNTY 38,,38,,13000038__,.76,05,,01,04,02,02,01,02,04,,500,FE,S,PINE BROOK RD,,,,40,40,26,40.286270,74.092470,N,,36049
2019133619TF15002,MONMOUTH,TINTON FALLS BORO,11/18/2019,MO,1413,01,TINTON FALLS PD,,0,0,0,0,P,B,N,N,01,2,MONMOUTH COUNTY 13,S,13,,13000013__,1.06,05,,01,04,02,02,01,02,05,01,20,FE,N,GILBERT ST S,,,,40,25,26,,,N,,36037
2019133619TF15013,MONMOUTH,TINTON FALLS BORO,11/18/2019,MO,1733,01,TINTON FALLS PD,,0,0,0,0,P,B,N,N,02,2,MONMOUTH COUNTY 16,E,16,,13000016__,2.58,05,,01,06,02,02,07,02,04,01,100,FE,W,GREEN GROVE RD,,,,45,40,26,40.234170,74.078330,N,,36057
2019133619TF15015,MONMOUTH,TINTON FALLS BORO,11/18/2019,MO,1825,01,TINTON FALLS PD,,0,0,0,0,P,B,N,N,01,2,ROUTE 537,W,537,,00000537__,62.20,05,,02,04,02,02,07,02,05,01,10,FE,E,FIRE HOUSE RD,,,,35,25,26,40.303950,74.100050,N,,36057
2019133619TF15023,MONMOUTH,TINTON FALLS BORO,11/18/2019,MO,2318,01,TINTON FALLS PD,,0,0,0,0,P,B,N,N,12,1,ROUTE 547,N,547,,00000547__,23.16,05,,01,04,02,02,05,02,04,01,100,FE,S,CR 16 / ASBURY AVE,,,,50,45,24,40.221220,74.122590,N,,36080
2019133619TF15069,MONMOUTH,TINTON FALLS BORO,11/20/2019,WE,0256,01,TINTON FALLS PD,TINTON FALLS,0,0,0,0,P,B,N,N,11,1,ROUTE 547,S,547,,00000547__,23.81,05,,01,04,02,01,07,01,05,,1320,FE,S,W PARK AVE,,,,50,35,52,40.221220,74.122590,N,TELEPHONE POLE #JC403TF (J36) AND CHAIN FENCE ALONG EARLE PROPERTY,36070
2019133619TF15085,MONMOUTH,TINTON FALLS BORO,11/20/2019,WE,1240,01,TINTON FALLS PD,,0,0,0,0,P,I,N,N,03,2,MONMOUTH COUNTY 38,E,38,,13000038__,3.36,05,,01,04,02,01,01,01,05,,,AT,,W PARK AVE,,,,35,35,26,40.259230,74.074790,N,,36079
2019133619TF15122,MONMOUTH,TINTON FALLS BORO,11/21/2019,TH,1216,01,TINTON FALLS PD,,0,0,0,0,P,B,N,N,01,2,MONMOUTH COUNTY 13,S,13,,13000013__,1.07,05,,01,06,02,01,01,01,05,01,75,FE,N,GILBERT ST S,,,,40,40,26,,,N,,36037
2019133619TF15127,MONMOUTH,TINTON FALLS BORO,11/21/2019,TH,1257,01,TINTON FALLS PD,,0,0,0,0,P,B,N,N,01,2,MONMOUTH COUNTY 13 A,E,13,A,13000013A_,2.02,05,,01,04,02,01,01,01,05,01,30,FE,W,CR 13 / SHREWSBURY AVE,,,,40,40,26,,,N,,36037
2019133619TF15130,MONMOUTH,TINTON FALLS BORO,11/21/2019,TH,1333,01,TINTON FALLS PD,,0,0,0,0,P,I,N,N,11,1,WATER ST **,,,,13091144__,.88,07,,01,04,02,01,01,01,05,03,,AT,,MARISSA LN,,,,35,25,69,40.298830,74.105880,N,ELECTRIC SERVICE TO THE RESIDENT OF 119 WATER ST.,36208
2019133619TF15136,MONMOUTH,TINTON FALLS BORO,11/21/2019,TH,1650,01,TINTON FALLS PD,,0,0,0,0,P,B,N,N,12,1,MONMOUTH COUNTY 51,S,51,,13000051__,2.78,07,,01,04,02,01,05,01,05,,5,FE,N,EDISON AVE,,,,40,25,24,40.314250,74.080390,N,,36079
2019133619TF15156,MONMOUTH,TINTON FALLS BORO,11/22/2019,FR,0755,01,TINTON FALLS PD,,0,0,0,0,P,B,N,N,02,2,MONMOUTH COUNTY 13,S,13,,13000013__,.95,05,,01,05,02,01,01,01,05,01,100,FE,N,CR 13A / SYCAMORE AVE,,,,40,40,26,,,N,,36037
2019133619TF15194,MONMOUTH,TINTON FALLS BORO,11/22/2019,FR,2225,01,TINTON FALLS PD,,0,0,0,0,P,B,N,N,12,1,ROUTE 547,S,547,,00000547__,,05,,01,04,02,01,05,01,04,01,500,FE,N,MAZZA BLVD,,,,50,25,24,40.221220,74.122590,N,,36080
2019133619TF15235,MONMOUTH,TINTON FALLS BORO,11/23/2019,SA,1941,01,TINTON FALLS PD,TINTON FALLS,0,0,0,0,P,I,N,N,04,3,GARDEN STATE PARKWAY SPUR,S,444,S,00000444S_,.00,03,,01,04,02,02,07,02,03,,,AT,,CR 51 / HOPE RD,,,,50,50,26,40.287180,74.078730,N,,
2019133619TF15301,MONMOUTH,TINTON FALLS BORO,11/25/2019,MO,1657,01,TINTON FALLS PD,,0,0,0,0,P,B,N,N,12,1,ROUTE 547,S,547,,00000547__,23.11,05,,01,04,02,01,05,01,04,01,350,FE,S,CR 16 / ASBURY AVE,,,,50,45,24,40.246990,74.100460,N,,36065
2019133619TF15344,MONMOUTH,TINTON FALLS BORO,11/26/2019,TU,1607,01,TINTON FALLS PD,,0,0,0,0,P,B,N,N,06,2,1138 PINE BROOK ROAD,,,,,,09,,01,04,02,01,03,01,,,,,,,,,,,,28,40.290180,74.080420,N,,36065
2019133619TF15360,MONMOUTH,TINTON FALLS BORO,11/26/2019,TU,2008,01,TINTON FALLS PD,TINTON FALLS PD,0,0,0,0,P,B,N,N,01,2,ROUTE 520,E,520,,00000520__,15.73,05,,01,04,02,01,06,01,05,01,500,FE,E,ROUTE 537 / CR 51 / HANCE AVE,,,,40,40,26,40.337250,74.075300,N,,36070
2019133619TF15377,MONMOUTH,TINTON FALLS BORO,11/27/2019,WE,0811,01,TINTON FALLS PD,,0,0,0,0,P,B,N,N,01,2,ROUTE 520,E,520,,00000520__,16.19,05,,01,04,02,01,01,01,05,,100,FE,W,CR 13 / SHREWSBURY AVE,,,,40,40,26,,,N,,36062
2019133619TF15378,MONMOUTH,TINTON FALLS BORO,11/27/2019,WE,0829,01,TINTON FALLS PD,,0,0,0,0,P,B,N,N,01,2,NJ 66,W,66,,00000066__,.02,02,,01,04,02,01,01,05,02,01,100,FE,E,NJ 33,,,,50,50,26,40.217430,74.102710,N,,36078
2019133619TF15473,MONMOUTH,TINTON FALLS BORO,11/29/2019,FR,1200,01,TINTON FALLS PD,,0,0,0,0,P,B,N,N,02,2,ROUTE 520,E,520,,00000520__,16.21,05,,01,04,02,01,01,01,05,,10,FE,W,CR 13 / SHREWSBURY AVE,,,,40,40,26,40.337300,74.074840,N,,36079
2019133619TF15474,MONMOUTH,TINTON FALLS BORO,11/29/2019,FR,1205,01,TINTON FALLS PD,TINTON FALLS,0,0,0,0,P,B,N,N,01,2,NJ 33,,33,,00000033__,37.14,02,,02,04,02,01,01,01,03,01,100,FE,W,NJ 66,,,,50,50,26,40.216980,74.101150,N,,36067
2019133619TF15493,MONMOUTH,TINTON FALLS BORO,11/29/2019,FR,2210,01,TINTON FALLS PD,TINTON FALLS PD,0,0,0,0,P,I,N,N,03,2,NJ 33,W,33,,00000033__,37.16,02,,02,04,02,01,06,01,03,,,AT,,NJ 66,,,,50,50,26,40.217850,74.103870,N,,36070
2019133619TF15546,MONMOUTH,TINTON FALLS BORO,12/01/2019,SU,1639,01,TINTON FALLS PD,TINTON FALLS PD,0,0,0,0,P,B,N,N,11,1,NJ 18,N,18,,00000018__,15.51,02,,01,04,02,02,05,03,01,,5280,FE,N,CR 38 / WAYSIDE RD,,,,65,40,60,40.283990,74.108060,N,,36064
2019133619TF15569,MONMOUTH,TINTON FALLS BORO,12/02/2019,MO,1356,01,TINTON FALLS PD,,0,0,0,0,P,B,N,N,99,1,MONMOUTH COUNTY 13 A,W,13,A,13000013A_,.64,05,,02,04,02,02,01,03,05,01,150,FE,E,REED RD,,,,40,25,99,40.311850,74.094310,N,DAMAGE TO LANDSCAPING IN FRONT OF 1029 SYCAMORE AVENUE,36057
2019133619TF15590,MONMOUTH,TINTON FALLS BORO,12/03/2019,TU,0920,01,TINTON FALLS PD,NJ0133600,0,0,0,0,P,I,N,N,07,2,MONMOUTH COUNTY 13,S,13,,13000013__,1.06,05,,01,04,02,01,01,01,05,01,,AT,W,GILBERT ST S,,,,40,25,26,,,N,,36071
2019133619TF15591,MONMOUTH,TINTON FALLS BORO,12/03/2019,TU,0905,01,TINTON FALLS PD,,0,1,0,0,I,B,N,N,03,2,MONMOUTH COUNTY 51,S,51,,13000051__,.85,05,,01,04,02,01,01,01,05,01,200,FE,S,NJ 36 / GARDEN STATE PARKWAY SPUR,,,,50,50,26,40.285090,74.079460,N,,36076
2019133619TF15604,MONMOUTH,TINTON FALLS BORO,12/03/2019,TU,1514,01,TINTON FALLS PD,,0,0,0,0,P,B,N,N,01,2,MONMOUTH COUNTY 13 A,E,13,A,13000013A_,2.02,05,,01,04,02,01,01,01,05,01,50,FE,W,CR 13 / SHREWSBURY AVE,,,,40,40,26,40.323130,74.072950,N,,36057
2019133619TF15662,MONMOUTH,TINTON FALLS BORO,12/05/2019,TH,0646,01,TINTON FALLS PD,,0,0,0,0,P,B,N,N,02,2,NJ 18,S,18,,00000018__,14.39,02,,01,04,02,02,02,01,01,01,650,FE,S,CR 38 / WAYSIDE RD,,,,65,40,26,,,N,,36065
2019133619TF15707,MONMOUTH,TINTON FALLS BORO,12/06/2019,FR,0859,01,TINTON FALLS PD,NJ0133600,0,0,0,0,P,B,N,N,02,2,NJ 18,N,18,,00000018__,14.53,02,,01,04,02,01,01,01,01,,100,FE,N,CR 38 / WAYSIDE RD,,,,55,40,26,,,N,,36071
2019133619TF15710,MONMOUTH,TINTON FALLS BORO,12/06/2019,FR,1001,01,TINTON FALLS PD,NJ0133600,0,0,0,0,P,I,N,N,01,2,MONMOUTH COUNTY 16,W,16,,13000016__,2.22,05,,01,04,02,01,01,01,05,,,AT,N,PINE ST / ESSEX RD,,,,45,25,26,,,N,,36071
2019133619TF15727,MONMOUTH,TINTON FALLS BORO,12/06/2019,FR,1819,01,TINTON FALLS PD,,0,0,0,0,P,I,N,N,07,2,ROUTE 547,S,547,,00000547__,25.08,05,,01,04,02,01,05,01,05,,,AT,,CR 38 / TORNILLO WAY / WAYSIDE RD,,,,50,40,26,40.221220,74.122590,N,,36080
2019133619TF15737,MONMOUTH,TINTON FALLS BORO,12/07/2019,SA,0534,01,TINTON FALLS PD,,0,0,0,0,P,B,Y,N,11,2,GREEN GROVE RD,,,,13341417__,3.54,07,,01,04,02,01,05,01,05,,250,FE,S,CR 38 / WAYSIDE RD,,,,40,40,59,,,N,FENCE  TREE  BASEMENT EXTERIOR DOOR  GARAGE WALL SIDING OF 719 GREEN GROVE RD.,36053
2019133619TF15767,MONMOUTH,TINTON FALLS BORO,12/07/2019,SA,2251,01,TINTON FALLS PD,,0,0,0,0,P,I,N,N,07,2,MONMOUTH COUNTY 51,S,51,,13000051__,1.01,05,,01,04,02,01,06,01,05,,,AT,,PARK RD,,,,40,25,26,,,N,,36053
2019133619TF15794,MONMOUTH,TINTON FALLS BORO,12/09/2019,MO,0409,01,TINTON FALLS PD,,0,0,0,0,P,B,N,N,12,1,MONMOUTH COUNTY 38,S,38,,13000038__,3.45,05,,01,04,02,02,05,02,05,01,500,FE,N,W PARK AVE,,,,50,35,24,40.280760,74.088750,N,,36080
2019133619TF15838,MONMOUTH,TINTON FALLS BORO,12/10/2019,TU,0937,01,TINTON FALLS PD,,0,0,0,0,P,I,N,N,02,2,PEARL HARBOR AVENUE,E,,,,,07,,01,04,02,02,01,01,05,01,,AT,,PINE BROOK ROAD,,,,40,25,26,40.289340,74.088380,N,,36065
2019133619TF15846,MONMOUTH,TINTON FALLS BORO,12/10/2019,TU,1427,01,TINTON FALLS PD,,0,0,0,0,P,B,N,N,01,2,MONMOUTH COUNTY 38,S,38,,13000038__,2.21,05,,03,04,02,02,01,05,02,,20,FE,N,ROUTE 547 / SHAFTO RD,,,,40,50,26,40.245040,74.101850,N,,36049
2019133619TF15895,MONMOUTH,TINTON FALLS BORO,12/11/2019,WE,1846,01,TINTON FALLS PD,,0,0,0,0,P,B,N,N,01,2,MONMOUTH COUNTY 13,S,13,,13000013__,.94,05,,01,04,02,01,07,01,05,01,50,FE,N,CR 13A / SYCAMORE AVE,,,,40,40,26,40.323140,74.072880,N,,36080
2019133619TF15923,MONMOUTH,TINTON FALLS BORO,12/12/2019,TH,0932,01,TINTON FALLS PD,,0,0,0,0,P,B,N,N,01,2,MONMOUTH COUNTY 13,S,13,,13000013__,1.47,05,,01,04,02,01,01,01,05,01,10,FE,N,APPLE ST,,,,40,25,26,40.330930,74.073980,N,,36076
2019133619TF15935,MONMOUTH,TINTON FALLS BORO,12/12/2019,TH,1342,01,TINTON FALLS PD,,0,0,0,0,P,I,N,N,02,2,MONMOUTH COUNTY 13,W,13,,13000013__,.93,05,,01,04,02,01,01,01,,,,AT,,CR 13A / SYCAMORE AVE,,,,40,40,26,40.323130,74.072950,N,,36037
2019133619TF15945,MONMOUTH,TINTON FALLS BORO,12/12/2019,TH,1701,01,TINTON FALLS PD,,0,1,0,0,I,I,Y,N,01,2,MONMOUTH COUNTY 38,,38,,13000038__,.70,05,,01,04,02,01,06,01,,,,AT,,IMPERIAL CT,,,,40,25,26,,,N,,36037
2019133619TF15963,MONMOUTH,TINTON FALLS BORO,12/13/2019,FR,0600,01,TINTON FALLS PD,19TF15963,0,0,0,0,P,I,N,N,12,1,MONMOUTH COUNTY 13 A,E,13,A,13000013A_,.61,05,,02,05,02,01,07,01,05,,,AT,,REED RD,,,,40,25,24,40.319660,74.084050,N,,36070
2019133619TF15977,MONMOUTH,TINTON FALLS BORO,12/13/2019,FR,1306,01,TINTON FALLS PD,,0,1,0,0,I,B,N,N,01,2,MONMOUTH COUNTY 16,E,16,,13000016__,1.50,05,,01,04,02,02,01,01,05,,5,FE,W,FOX CHASE DR / CANNONBALL DR,,,,45,30,26,40.240230,74.088160,N,,36079
2019133619TF15978,MONMOUTH,TINTON FALLS BORO,12/13/2019,FR,1322,01,TINTON FALLS PD,,0,0,0,0,P,B,N,N,06,2,3000 ESSEX ROAD,,,,,,09,,01,04,02,02,01,01,,,,,,,,,,,,28,40.231610,74.085370,N,,36040
2019133619TF15981,MONMOUTH,TINTON FALLS BORO,12/13/2019,FR,1430,01,TINTON FALLS PD,,0,0,0,0,P,B,N,N,02,2,MONMOUTH COUNTY 13,S,13,,13000013__,,05,,01,04,01,01,01,01,05,01,1320,FE,S,WINDING BROOK,,,,40,25,26,,,N,,36037
2019133619TF15985,MONMOUTH,TINTON FALLS BORO,12/13/2019,FR,1532,01,TINTON FALLS PD,TINTON FALLS,0,0,0,0,P,B,N,N,01,2,MONMOUTH COUNTY 13 A,,13,A,13000013A_,1.10,05,,01,04,02,02,01,02,05,01,25,FE,,KNOLLWOOD DR,,,,40,25,26,40.316680,74.087480,N,,36067
2019133619TF15989,MONMOUTH,TINTON FALLS BORO,12/13/2019,FR,1627,01,TINTON FALLS PD,,0,1,0,0,I,B,N,N,01,2,ROUTE 547,S,547,,00000547__,22.55,05,,01,04,02,02,05,02,05,,2640,FE,S,WARDELL RD,,,,50,40,26,40.239300,74.104810,N,,36055
2019133619TF15995,MONMOUTH,TINTON FALLS BORO,12/13/2019,FR,1730,01,TINTON FALLS PD,TINTON FALLS,0,0,0,0,P,I,N,N,07,2,MONMOUTH COUNTY 51,N,51,,13000051__,4.00,05,,01,04,02,02,07,02,05,01,,AT,,APPLE ST,,,,40,25,26,40.330100,74.083850,N,,36067
2019133619TF16010,MONMOUTH,TINTON FALLS BORO,12/14/2019,SA,0341,01,TINTON FALLS PD,,0,0,0,0,P,B,N,N,11,1,ROUTE 537,N,537,,00000537__,62.27,05,,03,04,02,02,07,02,05,,500,FE,N,CR 13 ALT / SYCAMORE ST / WATER ST,,,,35,40,56,40.304420,74.102260,N,UTILITY POLE #:JC1041TF AND MAILBOX: 760 TINTON AVE.,36077