Year(4)-CountyCode(2)-MunicipalityCode(2)-CaseNumber(9),County Name,Municipality Name,Crash Date,Crash Day of Week,Crash Time,Police Department Code,Police Department,Police Station,Total Killed,Total Injured,Pedestrians Killed,Pedestrians Injured,Severity,Intersection,Alcohol Involved,Hazmat Involved,Crash Type,Total Vehicles,Location,Location Direction,Route,Route Suffix,Std Rte Identifier,MilePost,Road System,Road Character,Road Horizontal Alignment,Road Grade,Road Surface Type,Surface Condition,Light Condition,Environmental Condition,Road Divided By,Temporary Traffic Control Zone,Distance To Cross Street,Unit Of Measurement,Direction From Cross Street,Cross Street Name,Is Ramp,Ramp To/From Route Name,Ramp To/From Route Direction,Posted Speed,Posted Speed Cross Street,First Harmful Event,Latitude,Longitude,Cell Phone In Use Flag,Other Property Damage,Reporting Badge No.
2019133619TF16019,MONMOUTH,TINTON FALLS BORO,12/14/2019,SA,0920,01,TINTON FALLS PD,TINTON FALLS,0,0,0,0,P,I,N,N,03,2,ROUTE 537,E,537,,00000537__,62.18,05,,01,04,02,02,01,02,05,01,,AT,,CR 13 ALT / SYCAMORE ST / WATER ST,,,,40,35,26,40.304310,74.100300,N,,36067
2019133619TF16026,MONMOUTH,TINTON FALLS BORO,12/14/2019,SA,1413,01,TINTON FALLS PD,TINTON FALLS,0,0,0,0,P,I,N,N,07,2,MONMOUTH COUNTY 13 A,W,13,A,13000013A_,1.53,05,,01,04,02,02,01,02,05,01,,AT,,CR 51 / HANCE AVE,,,,40,40,26,,,N,,36067
2019133619TF16035,MONMOUTH,TINTON FALLS BORO,12/14/2019,SA,1739,01,TINTON FALLS PD,,0,1,0,0,I,B,N,N,01,2,MONMOUTH COUNTY 13,S,13,,13000013__,.93,05,,01,04,02,02,06,02,04,,5,FE,N,CR 13A / SYCAMORE AVE,,,,40,40,26,40.323130,74.072950,N,,36055
2019133619TF16045,MONMOUTH,TINTON FALLS BORO,12/15/2019,SU,0145,01,TINTON FALLS PD,,0,1,0,0,I,B,N,N,01,2,ROUTE 520,E,520,,00000520__,16.02,05,,01,04,02,01,06,01,05,01,1000,FE,W,CR 13 / SHREWSBURY AVE,,,,40,40,26,40.336840,74.075670,N,,36077
2019133619TF16061,MONMOUTH,TINTON FALLS BORO,12/15/2019,SU,1857,01,TINTON FALLS PD,TINTON FALLS,0,0,0,0,P,B,N,N,11,1,MONMOUTH COUNTY 13 A,E,13,A,13000013A_,.19,05,,01,04,02,01,06,01,05,,1000,FE,E,ROUTE 537 / TINTON AVE,,,,40,35,52,40.307620,74.097480,N,,36064
2019133619TF16071,MONMOUTH,TINTON FALLS BORO,12/16/2019,MO,0729,01,TINTON FALLS PD,,0,0,0,0,P,B,N,N,99,1,NJ 18,N,18,,00000018__,14.98,02,,02,04,02,01,01,01,03,,2500,FE,N,CR 38 / WAYSIDE RD,,,,65,40,04,40.281410,74.081120,N,,36073
2019133619TF16100,MONMOUTH,TINTON FALLS BORO,12/16/2019,MO,1654,01,TINTON FALLS PD,,0,0,0,0,P,B,N,N,15,1,ESSEX RD **,N,,,13361096__,.00,07,,01,04,02,01,07,01,04,01,1320,FE,S,CR 16 / ASBURY AVE,,,,35,45,39,40.234310,74.087700,N,,36057
2019133619TF16135,MONMOUTH,TINTON FALLS BORO,12/17/2019,TU,1002,01,TINTON FALLS PD,,0,0,0,0,P,B,N,N,01,2,MONMOUTH COUNTY 16,E,16,,13000016__,2.21,05,,01,04,02,02,01,02,05,,50,FE,W,PINE ST / ESSEX RD,,,,45,25,26,40.224190,74.094940,N,,36057
2019133619TF16151,MONMOUTH,TINTON FALLS BORO,12/17/2019,TU,1711,01,TINTON FALLS PD,,0,1,0,0,I,I,N,N,03,2,MONMOUTH COUNTY 51,S,51,,13000051__,2.58,07,,01,04,02,02,07,02,05,,,AT,,SOCIETY HILL WAY,,,,40,25,26,40.309270,74.078540,N,,36057
2019133619TF16175,MONMOUTH,TINTON FALLS BORO,12/18/2019,WE,0741,01,TINTON FALLS PD,,0,2,0,0,I,B,N,N,02,3,ROUTE 520,E,520,,00000520__,15.73,05,,01,04,02,01,01,01,05,01,500,FE,E,ROUTE 537 / CR 51 / HANCE AVE,,,,40,40,26,40.336430,74.085820,N,,
2019133619TF16178,MONMOUTH,TINTON FALLS BORO,12/18/2019,WE,0817,01,TINTON FALLS PD,1336,0,0,0,0,P,B,N,N,08,2,1 NORMAN J FIELD WAY,W,,,,,08,,01,04,02,01,01,01,05,,,,,,,,,,,26,40.305590,74.090700,N,,36068
2019133619TF16186,MONMOUTH,TINTON FALLS BORO,12/18/2019,WE,1055,01,TINTON FALLS PD,,0,0,0,0,P,B,N,N,02,2,NJ 66,W,66,,00000066__,.16,02,,01,04,02,01,01,01,05,01,850,FE,E,NJ 33,,,,50,50,26,40.216950,74.103840,N,,36065
2019133619TF16187,MONMOUTH,TINTON FALLS BORO,12/18/2019,WE,1144,01,TINTON FALLS PD,,0,0,0,0,P,I,N,N,03,2,MONMOUTH COUNTY 13 A,W,13,A,13000013A_,1.10,05,,01,04,02,01,01,01,05,,,AT,,KNOLLWOOD DR,,,,40,25,26,40.316680,74.087480,N,,36077
2019133619TF16228,MONMOUTH,TINTON FALLS BORO,12/19/2019,TH,0843,01,TINTON FALLS PD,,0,1,0,0,I,B,N,N,03,2,MONMOUTH COUNTY 51,S,51,,13000051__,3.96,05,,01,04,02,01,01,01,05,01,200,FE,S,APPLE ST,,,,40,25,26,,,N,,36037
2019133619TF16251,MONMOUTH,TINTON FALLS BORO,12/19/2019,TH,1511,01,TINTON FALLS PD,,0,0,0,0,P,B,N,N,01,2,MONMOUTH COUNTY 38,S,38,,13000038__,.83,05,,01,04,02,01,01,01,05,,100,FE,S,PINE BROOK RD,,,,40,40,26,40.286380,74.095260,N,,36077
2019133619TF16256,MONMOUTH,TINTON FALLS BORO,12/19/2019,TH,1706,01,TINTON FALLS PD,,0,0,0,0,P,B,N,N,08,2,ROUTE 547,N,547,,00000547__,23.02,05,,01,04,02,01,05,01,04,01,850,FE,S,CR 16 / ASBURY AVE,,,,50,45,26,40.238150,74.106500,N,MAILBOX TO 3058 SHAFTO ROAD AND WOODEN LOG BELONG TO AFOREMENTIONED RESIDENCE.,36065
2019133619TF16294,MONMOUTH,TINTON FALLS BORO,12/20/2019,FR,1543,01,TINTON FALLS PD,,0,0,0,0,P,I,N,N,03,2,ROUTE 520,E,520,,00000520__,16.14,05,,01,04,02,01,01,01,05,,,AT,,CLINTON PL,,,,40,25,26,40.337250,74.075300,N,,36080
2019133619TF16299,MONMOUTH,TINTON FALLS BORO,12/20/2019,FR,1957,01,TINTON FALLS PD,,0,0,0,0,P,B,N,N,03,2,ESSEX RD **,N,,,13361096__,.25,07,,01,04,02,01,06,01,05,,1320,FE,S,CR 16 / ASBURY AVE,,,,35,45,26,40.233940,74.090620,N,,36208
2019133619TF16307,MONMOUTH,TINTON FALLS BORO,12/21/2019,SA,0840,01,TINTON FALLS PD,,0,0,0,0,P,B,N,N,07,2,MONMOUTH COUNTY 16,E,16,,13000016__,2.56,05,,01,04,02,01,01,01,04,,200,FE,W,GREEN GROVE RD,,,,45,40,26,40.234450,74.077430,N,,36080
2019133619TF16312,MONMOUTH,TINTON FALLS BORO,12/21/2019,SA,1150,01,TINTON FALLS PD,,0,0,0,0,P,B,N,N,01,2,MONMOUTH COUNTY 16,E,16,,13000016__,1.56,05,,01,04,02,01,01,01,05,,300,FE,E,FOX CHASE DR / CANNONBALL DR,,,,45,30,26,40.234450,74.077430,N,,36080
2019133619TF16314,MONMOUTH,TINTON FALLS BORO,12/21/2019,SA,1208,01,TINTON FALLS PD,,0,0,0,0,P,B,N,N,01,2,MONMOUTH COUNTY 16,E,16,,13000016__,1.56,05,,01,04,02,01,01,01,05,,300,FE,E,FOX CHASE DR / CANNONBALL DR,,,,45,30,26,40.234450,74.077430,N,,36080
2019133619TF16325,MONMOUTH,TINTON FALLS BORO,12/21/2019,SA,1559,01,TINTON FALLS PD,,0,0,0,0,P,B,N,N,11,1,SHARK RIVER RD **,,,,13361001__,.22,07,,01,04,02,01,01,01,05,,25,FE,W,WARDELL RD,,,,35,40,59,40.225580,74.121150,N,BACKYARD FENCE BELONGING TO THE HOME OF 4 ALMAR AVE.,36080
2019133619TF16352,MONMOUTH,TINTON FALLS BORO,12/22/2019,SU,1324,01,TINTON FALLS PD,,0,0,0,0,P,B,N,N,11,1,CANTERBURY LN **,N,,,13361007__,.07,07,,01,04,02,00,00,00,05,,50,FE,S,THAYER DR,,,,25,25,,40.316370,74.109510,N,MAILBOX AT 23 CANTERBURRY LANE,36056
2019133619TF16389,MONMOUTH,TINTON FALLS BORO,12/23/2019,MO,1253,01,TINTON FALLS PD,,0,0,0,0,P,B,N,N,03,2,MONMOUTH COUNTY 13,S,13,,13000013__,.25,05,,02,04,02,01,01,01,05,,1320,FE,N,NJ 35,,,,40,40,26,40.313150,74.064560,N,,36077
2019133619TF16394,MONMOUTH,TINTON FALLS BORO,12/23/2019,MO,1417,01,TINTON FALLS PD,TINTON FALLS PD,0,0,0,0,P,B,N,N,08,2,3230 SHAFTO RD,E,,,,,09,,01,04,02,01,01,01,05,,,,,,,,,,,26,40.229450,74.107320,N,,36070
2019133619TF16412,MONMOUTH,TINTON FALLS BORO,12/23/2019,MO,2037,01,TINTON FALLS PD,TINTON FALLS PD,0,0,0,0,P,I,N,N,03,2,WARDELL RD **,,,,13361002__,2.00,07,,01,04,02,01,07,01,05,,,AT,,SHARK RIVER RD,,,,40,35,26,40.219740,74.104660,N,,36070
2019133619TF16441,MONMOUTH,TINTON FALLS BORO,12/24/2019,TU,1722,01,TINTON FALLS PD,,0,0,0,0,P,B,N,N,02,2,ROUTE 547,S,547,,00000547__,23.19,05,,01,04,02,01,07,01,05,,50,FE,N,CR 16 / ASBURY AVE,,,,50,45,26,40.235980,74.109060,N,,36077
2019133619TF16557,MONMOUTH,TINTON FALLS BORO,12/28/2019,SA,2217,01,TINTON FALLS PD,,0,0,0,0,P,I,N,N,11,1,WEST PARK AVE,W,,,13361373__,.46,07,,01,04,02,01,06,01,05,,,AT,,HERITAGE BLVD,,,,35,25,56,40.258290,74.083500,N,FENCE ALONG WEST PARK AVE,36079
2019133619TF16589,MONMOUTH,TINTON FALLS BORO,12/30/2019,MO,1058,01,TINTON FALLS PD,,0,0,0,0,P,B,N,N,11,1,MONMOUTH COUNTY 13 A,W,13,A,13000013A_,1.60,05,,01,04,02,02,01,02,05,,100,FE,W,CR 51 / HOPE RD,,,,40,40,59,40.321960,74.080840,N,FENCE BELONGING TO 793 SYCAMORE AVE.,36049
2019133619TF16600,MONMOUTH,TINTON FALLS BORO,12/30/2019,MO,1713,01,TINTON FALLS PD,,0,1,0,0,I,B,N,N,01,2,ROUTE 547,N,547,,00000547__,23.18,05,,01,04,02,02,07,02,05,,15,FE,S,CR 16 / ASBURY AVE,,,,50,45,26,,,N,,36073
2019133619TF16634,MONMOUTH,TINTON FALLS BORO,12/31/2019,TU,2121,01,TINTON FALLS PD,NJ0133600,0,0,0,0,P,I,N,N,07,2,MONMOUTH COUNTY 13,S,13,,13000013__,1.67,05,,01,04,02,01,06,01,05,,,AT,,PATTERSON AVE,,,,40,25,26,,,N,,36071
2019133619TF5025,MONMOUTH,TINTON FALLS BORO,04/14/2019,SU,1533,01,TINTON FALLS PD,,0,0,0,0,P,B,N,N,02,2,WEST PARK AVE,W,,,13361373__,.78,07,,01,04,02,01,01,01,,,500,FE,W,CR 38 / WAYSIDE RD,,,,35,35,26,40.259360,74.078220,N,,36057
20191336E050-2019-00015A,MONMOUTH,TINTON FALLS BORO,01/03/2019,TH,1741,02,NEW JERSEY STATE POLICE,HOLMDEL - SQUAD,0,0,0,0,P,B,N,N,01,2,GARDEN STATE PARKWAY,S,444,,00000444__,103.40,03,,01,04,02,01,06,01,03,01,,,,,,,,65,,26,40.243450,74.086060,N,,7373
20191336E050-2019-00027A,MONMOUTH,TINTON FALLS BORO,01/06/2019,SU,0905,02,NEW JERSEY STATE POLICE,HOLMDEL - SQUAD,0,0,0,0,P,B,N,N,11,1,GARDEN STATE PARKWAY,S,444,,00000444__,101.60,03,,03,05,02,01,01,01,01,01,,,,,F,NJ 33,WB,65,,46,40.218710,74.099310,N,Guardrail Face,7852
20191336E050-2019-00032A,MONMOUTH,TINTON FALLS BORO,01/06/2019,SU,1826,02,NEW JERSEY STATE POLICE,HOLMDEL - SQUAD,0,0,0,0,P,B,N,N,02,2,GARDEN STATE PARKWAY,S,444,,00000444__,102.20,03,,01,04,02,01,05,01,01,01,,,,,,,,65,,26,40.225520,74.098240,N,,7887
20191336E050-2019-00033A,MONMOUTH,TINTON FALLS BORO,01/07/2019,MO,0418,02,NEW JERSEY STATE POLICE,HOLMDEL - SQUAD,0,0,0,0,P,B,N,N,11,1,GARDEN STATE PARKWAY,S,444,,00000444__,105.70,03,,01,04,02,01,05,01,01,01,,,,,,,,65,,46,40.275440,74.081900,N,NJTPA Guardrail,7887
20191336E050-2019-00063A,MONMOUTH,TINTON FALLS BORO,01/10/2019,TH,1221,02,NEW JERSEY STATE POLICE,HOLMDEL - SQUAD,0,0,0,0,P,B,N,N,15,1,GARDEN STATE PARKWAY,N,444,,00000444__,106.00,03,,01,04,02,01,01,01,03,01,,,,,,,,65,,39,40.279360,74.082740,N,,7453
20191336E050-2019-00068A,MONMOUTH,TINTON FALLS BORO,01/10/2019,TH,2343,02,NEW JERSEY STATE POLICE,HOLMDEL - SQUAD,0,0,0,0,P,B,Y,N,11,1,GARDEN STATE PARKWAY,S,444,,00000444__,107.70,03,,01,04,02,01,06,01,01,01,,,,,,,,65,,46,40.299800,74.093070,N,GUARDRAIL  NJTA PO BOX 5042 WOODBRIDGE NJ.,7448
20191336E050-2019-00072A,MONMOUTH,TINTON FALLS BORO,01/11/2019,FR,1639,02,NEW JERSEY STATE POLICE,HOLMDEL - SQUAD,0,0,0,0,P,B,N,N,02,2,GARDEN STATE PARKWAY,S,444,,00000444__,101.70,03,,01,04,02,01,03,01,01,01,,,,,,,,65,,26,40.220870,74.098860,N,,7332
20191336E050-2019-00077A,MONMOUTH,TINTON FALLS BORO,01/12/2019,SA,0207,02,NEW JERSEY STATE POLICE,HOLMDEL - SQUAD,0,0,0,0,P,B,Y,N,11,1,GARDEN STATE PARKWAY,S,444,,00000444__,107.10,03,,01,04,02,01,06,01,01,01,,,,,,,,65,,47,40.299080,74.092820,N,GUARDRAIL OWNED BY NJTA,7570
20191336E050-2019-00084A,MONMOUTH,TINTON FALLS BORO,01/14/2019,MO,2023,02,NEW JERSEY STATE POLICE,HOLMDEL - SQUAD,0,0,0,0,P,B,N,N,02,2,GARDEN STATE PARKWAY,S,444,,00000444__,107.20,03,,01,04,02,01,06,01,01,01,,,,,,,,65,,26,40.263500,74.079940,N,NJTA Guardrail,7660
20191336E050-2019-00104A,MONMOUTH,TINTON FALLS BORO,01/17/2019,TH,1307,02,NEW JERSEY STATE POLICE,HOLMDEL - SQUAD,0,0,0,0,P,B,N,N,99,1,GARDEN STATE PARKWAY,N,444,,00000444__,104.30,03,,01,04,02,01,01,01,01,01,,,,,,,,65,,99,40.224400,74.097500,N,,7369
20191336E050-2019-00108A,MONMOUTH,TINTON FALLS BORO,01/18/2019,FR,1328,02,NEW JERSEY STATE POLICE,HOLMDEL - SQUAD,0,0,0,0,P,B,N,N,11,1,GARDEN STATE PARKWAY,N,444,,00000444__,104.20,03,,01,04,02,02,01,02,01,01,,,,,,,,65,,49,40.252090,74.081260,N,Traffic Barrels,7794
20191336E050-2019-00110A,MONMOUTH,TINTON FALLS BORO,01/18/2019,FR,1934,02,NEW JERSEY STATE POLICE,HOLMDEL - SQUAD,0,0,0,0,P,B,N,N,01,2,GARDEN STATE PARKWAY,N,444,,00000444__,101.50,03,,01,04,02,01,06,01,01,01,,,,,,,,65,,26,40.217160,74.097500,N,,7852
20191336E050-2019-00112A,MONMOUTH,TINTON FALLS BORO,01/18/2019,FR,1729,02,NEW JERSEY STATE POLICE,HOLMDEL - SQUAD,0,0,0,0,P,B,N,N,01,2,GARDEN STATE PARKWAY,S,444,,00000444__,103.50,03,,01,04,02,01,06,01,01,01,,,,,,,,65,,26,40.244750,74.085250,N,,7471
20191336E050-2019-00115A,MONMOUTH,TINTON FALLS BORO,01/20/2019,SU,,02,NEW JERSEY STATE POLICE,HOLMDEL - SQUAD,0,1,0,0,I,B,N,N,10,1,GARDEN STATE PARKWAY,N,444,,00000444__,103.50,03,,01,04,02,02,05,02,01,01,,,,,,,,65,,01,40.244110,74.083840,N,,7852
20191336E050-2019-00118A,MONMOUTH,TINTON FALLS BORO,01/21/2019,MO,2048,02,NEW JERSEY STATE POLICE,HOLMDEL - SQUAD,0,0,0,0,P,B,N,N,01,2,GARDEN STATE PARKWAY,N,444,,00000444__,102.20,03,,01,04,02,01,06,01,01,01,,,,,,,,65,,26,40.227240,74.095460,N,,7570
20191336E050-2019-00120A,MONMOUTH,TINTON FALLS BORO,01/22/2019,TU,,02,NEW JERSEY STATE POLICE,HOLMDEL - SQUAD,0,1,0,0,I,B,N,N,12,1,GARDEN STATE PARKWAY,S,444,,00000444__,108.90,03,,01,04,02,01,03,01,01,01,,,,,,,,65,,24,40.311400,74.097030,N,,7501
20191336E050-2019-00134A,MONMOUTH,TINTON FALLS BORO,01/24/2019,TH,1058,02,NEW JERSEY STATE POLICE,HOLMDEL - SQUAD,0,0,0,0,P,B,N,N,01,3,GARDEN STATE PARKWAY,S,444,,00000444__,101.40,03,,01,04,02,02,01,02,01,01,,,,,,,,65,,26,40.216010,74.099090,N,,6920
20191336E050-2019-00136A,MONMOUTH,TINTON FALLS BORO,01/23/2019,WE,1825,02,NEW JERSEY STATE POLICE,HOLMDEL - SQUAD,0,0,0,0,P,B,N,N,02,2,GARDEN STATE PARKWAY,S,444,,00000444__,104.00,03,,01,04,02,01,04,01,01,01,,,,,,,,65,,26,40.251510,74.082210,N,,7382
20191336E050-2019-00147A,MONMOUTH,TINTON FALLS BORO,01/26/2019,SA,1314,02,NEW JERSEY STATE POLICE,HOLMDEL - SQUAD,0,2,0,0,I,B,N,N,01,2,GARDEN STATE PARKWAY,N,444,,00000444__,104.00,03,,01,04,02,01,01,01,01,01,,,,,,,,65,,26,40.250150,74.081780,N,,7570
20191336E050-2019-00156A,MONMOUTH,TINTON FALLS BORO,01/28/2019,MO,0518,02,NEW JERSEY STATE POLICE,HOLMDEL - SQUAD,0,0,0,0,P,B,N,N,01,2,GARDEN STATE PARKWAY,N,444,,00000444__,107.40,03,,01,04,02,01,02,01,01,01,,,,,,,,65,,26,40.297990,74.091790,N,,7471
20191336E050-2019-00161A,MONMOUTH,TINTON FALLS BORO,01/29/2019,TU,0742,02,NEW JERSEY STATE POLICE,HOLMDEL - SQUAD,0,0,0,0,P,B,N,N,01,2,GARDEN STATE PARKWAY,N,444,,00000444__,103.70,03,,01,04,02,01,01,01,01,01,,,,,,,,65,,26,40.246850,74.082440,N,,7578
20191336E050-2019-00162A,MONMOUTH,TINTON FALLS BORO,01/29/2019,TU,0817,02,NEW JERSEY STATE POLICE,HOLMDEL - SQUAD,0,0,0,0,P,B,N,N,02,2,GARDEN STATE PARKWAY,N,444,,00000444__,105.60,03,,01,04,02,01,01,01,03,01,,,,,,,,65,,26,40.274120,74.079270,N,GUARDRAIL;CONCRETE BARRIER,7578
20191336E050-2019-00169A,MONMOUTH,TINTON FALLS BORO,01/30/2019,WE,1203,02,NEW JERSEY STATE POLICE,HOLMDEL - SQUAD,0,0,0,0,P,B,N,N,02,2,GARDEN STATE PARKWAY,N,444,,00000444__,102.40,03,,01,04,02,01,01,01,01,01,,,,,,,,65,,26,40.220690,74.098920,N,,7661
20191336E050-2019-00173A,MONMOUTH,TINTON FALLS BORO,01/30/2019,WE,1712,02,NEW JERSEY STATE POLICE,HOLMDEL - SQUAD,0,0,0,0,P,B,N,N,01,2,GARDEN STATE PARKWAY,S,444,,00000444__,106.20,03,,01,04,02,02,03,01,01,01,,,,,,,,65,,26,40.279390,74.084380,N,,7798
20191336E050-2019-00174A,MONMOUTH,TINTON FALLS BORO,01/30/2019,WE,1721,02,NEW JERSEY STATE POLICE,HOLMDEL - SQUAD,0,0,0,0,P,B,N,N,01,2,GARDEN STATE PARKWAY,S,444,,00000444__,106.20,03,,01,04,02,02,03,01,01,01,,,,,,,,65,,26,40.279390,74.084380,N,,7798
20191336E050-2019-00187A,MONMOUTH,TINTON FALLS BORO,01/29/2019,TU,1610,02,NEW JERSEY STATE POLICE,HOLMDEL - SQUAD,0,0,0,0,P,B,N,N,02,2,GARDEN STATE PARKWAY,N,444,,00000444__,103.00,03,,01,04,02,01,01,01,01,01,,,,,,,,65,,26,40.237670,74.088430,N,,7660
20191336E050-2019-00188A,MONMOUTH,TINTON FALLS BORO,02/01/2019,FR,1648,02,NEW JERSEY STATE POLICE,HOLMDEL - SQUAD,0,1,0,0,I,B,N,N,01,4,GARDEN STATE PARKWAY,S,444,,00000444__,101.40,03,,01,04,02,02,03,03,03,01,,,,,,,,65,,26,40.218020,74.099080,N,,7887
20191336E050-2019-00200A,MONMOUTH,TINTON FALLS BORO,02/02/2019,SA,1557,02,NEW JERSEY STATE POLICE,HOLMDEL - SQUAD,0,1,0,0,I,B,N,N,02,2,GARDEN STATE PARKWAY,S,444,,00000444__,109.10,03,,01,04,02,01,01,01,01,01,,,,,,,,65,,26,40.319600,74.098430,N,,7382
20191336E050-2019-00210A,MONMOUTH,TINTON FALLS BORO,02/05/2019,TU,1856,02,NEW JERSEY STATE POLICE,HOLMDEL - SQUAD,0,1,0,0,I,B,N,N,11,1,GARDEN STATE PARKWAY,S,444,,00000444__,101.50,03,,01,04,02,01,06,01,01,01,,,,,,,,65,,53,40.218290,74.099230,N,NJTA LIGHT POLE,7570
20191336E050-2019-00218A,MONMOUTH,TINTON FALLS BORO,02/07/2019,TH,0642,02,NEW JERSEY STATE POLICE,HOLMDEL - SQUAD,0,1,0,0,I,B,N,N,01,3,GARDEN STATE PARKWAY,N,444,,00000444__,102.70,03,,01,04,02,02,02,05,01,01,,,,,,,,65,,26,40.231360,74.093390,N,,7660
20191336E050-2019-00219A,MONMOUTH,TINTON FALLS BORO,02/07/2019,TH,0631,02,NEW JERSEY STATE POLICE,HOLMDEL - SQUAD,0,0,0,0,P,B,N,N,15,2,GARDEN STATE PARKWAY,N,444,,00000444__,106.10,03,,01,04,02,01,01,01,01,01,,,,,,,,65,,09,40.386550,74.177130,N,,7471
20191336E050-2019-00220A,MONMOUTH,TINTON FALLS BORO,02/07/2019,TH,0604,02,NEW JERSEY STATE POLICE,HOLMDEL - SQUAD,0,0,0,0,P,B,N,N,01,2,GARDEN STATE PARKWAY,N,444,,00000444__,103.70,03,,01,04,02,02,05,05,01,01,,,,,,,,65,,26,40.246850,74.082440,N,,7660
20191336E050-2019-00239A,MONMOUTH,TINTON FALLS BORO,02/11/2019,MO,1810,02,NEW JERSEY STATE POLICE,HOLMDEL - SQUAD,0,0,0,0,P,B,N,N,12,1,GARDEN STATE PARKWAY,N,444,,00000444__,101.00,03,,01,04,02,01,06,01,01,01,,,,,,,,65,,24,40.206050,74.097260,N,,7639
20191336E050-2019-00241A,MONMOUTH,TINTON FALLS BORO,02/12/2019,TU,0825,02,NEW JERSEY STATE POLICE,HOLMDEL - SQUAD,0,1,0,0,I,B,N,N,12,1,GARDEN STATE PARKWAY,S,444,,00000444__,103.60,03,,01,04,02,05,01,06,01,01,,,,,,,,65,,24,40.246050,74.084400,N,NJTA GUIDERAIL DAMAGE,7369
20191336E050-2019-00242A,MONMOUTH,TINTON FALLS BORO,02/12/2019,TU,0948,02,NEW JERSEY STATE POLICE,HOLMDEL - SQUAD,0,0,0,0,P,B,N,N,11,1,GARDEN STATE PARKWAY,S,444,,00000444__,107.70,03,,01,04,02,05,01,06,01,01,,,,,,,,65,,46,40.302440,74.093880,N,NJTA GUARDRAIL DAMAGE,7373
20191336E050-2019-00243A,MONMOUTH,TINTON FALLS BORO,02/12/2019,TU,0927,02,NEW JERSEY STATE POLICE,HOLMDEL - SQUAD,0,0,0,0,P,B,N,N,11,1,GARDEN STATE PARKWAY,N,444,,00000444__,106.10,03,,01,04,02,04,01,03,01,01,,,,,,,,65,,46,40.279900,74.083200,N,NJTA Guardrail,7794
20191336E050-2019-00249A,MONMOUTH,TINTON FALLS BORO,02/12/2019,TU,0943,02,NEW JERSEY STATE POLICE,HOLMDEL - SQUAD,0,1,0,0,I,B,N,N,11,1,GARDEN STATE PARKWAY,N,444,,00000444__,104.80,03,,01,04,02,05,01,07,01,01,,,,,,,,55,,60,40.262400,74.078350,N,,7411
20191336E050-2019-00251A,MONMOUTH,TINTON FALLS BORO,02/12/2019,TU,1110,02,NEW JERSEY STATE POLICE,HOLMDEL - SQUAD,0,0,0,0,P,B,N,N,02,2,GARDEN STATE PARKWAY,N,444,,00000444__,101.80,03,,01,04,02,05,01,07,01,01,,,,,,,,65,,26,40.232720,74.092340,N,,7369
20191336E050-2019-00261A,MONMOUTH,TINTON FALLS BORO,02/12/2019,TU,1007,02,NEW JERSEY STATE POLICE,HOLMDEL - SQUAD,0,0,0,0,P,B,N,N,11,1,GARDEN STATE PARKWAY,N,444,,00000444__,106.30,03,,01,04,02,03,01,03,01,01,,,,,,,,65,,46,40.283260,74.085150,N,NJTPA Guardrail,7887
20191336E050-2019-00262A,MONMOUTH,TINTON FALLS BORO,02/12/2019,TU,0935,02,NEW JERSEY STATE POLICE,HOLMDEL - SQUAD,0,0,0,0,P,B,N,N,11,1,GARDEN STATE PARKWAY,S,444,,00000444__,106.60,03,,01,04,02,03,01,03,01,01,,,,,,,,65,,46,40.284460,74.088000,N,NJTPA Guradrail,7887
20191336E050-2019-00265A,MONMOUTH,TINTON FALLS BORO,02/12/2019,TU,1400,02,NEW JERSEY STATE POLICE,HOLMDEL - SQUAD,0,1,0,0,I,B,N,N,11,1,GARDEN STATE PARKWAY,N,444,,00000444__,108.60,03,,01,04,02,05,01,03,01,01,,,,,,,,65,,46,40.386550,74.177130,N,NJTPA Guardrail,7887
20191336E050-2019-00270A,MONMOUTH,TINTON FALLS BORO,02/12/2019,TU,2043,02,NEW JERSEY STATE POLICE,HOLMDEL - SQUAD,0,0,0,0,P,B,N,N,11,1,GARDEN STATE PARKWAY,S,444,,00000444__,103.50,03,,01,04,02,02,05,02,01,01,,,,,,,,65,,46,40.244750,74.085250,N,NJTPA Guardrail Face,7852