Year(4)-CountyCode(2)-MunicipalityCode(2)-CaseNumber(9),County Name,Municipality Name,Crash Date,Crash Day of Week,Crash Time,Police Department Code,Police Department,Police Station,Total Killed,Total Injured,Pedestrians Killed,Pedestrians Injured,Severity,Intersection,Alcohol Involved,Hazmat Involved,Crash Type,Total Vehicles,Location,Location Direction,Route,Route Suffix,Std Rte Identifier,MilePost,Road System,Road Character,Road Horizontal Alignment,Road Grade,Road Surface Type,Surface Condition,Light Condition,Environmental Condition,Road Divided By,Temporary Traffic Control Zone,Distance To Cross Street,Unit Of Measurement,Direction From Cross Street,Cross Street Name,Is Ramp,Ramp To/From Route Name,Ramp To/From Route Direction,Posted Speed,Posted Speed Cross Street,First Harmful Event,Latitude,Longitude,Cell Phone In Use Flag,Other Property Damage,Reporting Badge No.
20191336E050-2019-00283A,MONMOUTH,TINTON FALLS BORO,02/13/2019,WE,1729,02,NEW JERSEY STATE POLICE,HOLMDEL - SQUAD,0,0,0,0,P,B,N,N,01,3,GARDEN STATE PARKWAY,S,444,,00000444__,101.60,03,,01,04,02,01,03,01,01,01,,,,,,,,65,,26,40.219750,74.099150,N,,7501
20191336E050-2019-00284A,MONMOUTH,TINTON FALLS BORO,02/13/2019,WE,1739,02,NEW JERSEY STATE POLICE,HOLMDEL - SQUAD,0,0,0,0,P,B,N,N,02,2,GARDEN STATE PARKWAY,S,444,,00000444__,102.30,03,,01,04,02,01,03,01,01,01,,,,,,,,65,,26,40.229620,74.096350,N,,7501
20191336E050-2019-00292A,MONMOUTH,TINTON FALLS BORO,02/14/2019,TH,1704,02,NEW JERSEY STATE POLICE,HOLMDEL - SQUAD,0,0,0,0,P,B,N,N,01,2,GARDEN STATE PARKWAY,S,444,,00000444__,101.40,03,,01,04,02,01,03,01,01,01,,,,,,,,65,,26,40.828160,74.126480,N,,7514
20191336E050-2019-00293A,MONMOUTH,TINTON FALLS BORO,02/14/2019,TH,1811,02,NEW JERSEY STATE POLICE,HOLMDEL - SQUAD,0,1,0,0,I,B,N,N,01,3,GARDEN STATE PARKWAY,S,444,,00000444__,101.50,03,,01,04,02,01,07,01,01,01,,,,,,,,65,,26,40.218290,74.099230,N,,7845
20191336E050-2019-00301A,MONMOUTH,TINTON FALLS BORO,02/15/2019,FR,2040,02,NEW JERSEY STATE POLICE,HOLMDEL - SQUAD,0,0,0,0,P,B,N,N,12,1,GARDEN STATE PARKWAY,S,444,,00000444__,108.00,03,,01,04,02,01,06,01,01,01,,,,,,,,65,,24,40.306700,74.094770,N,,7471
20191336E050-2019-00305A,MONMOUTH,TINTON FALLS BORO,02/12/2019,TU,0938,02,NEW JERSEY STATE POLICE,HOLMDEL - SQUAD,0,1,0,0,I,B,N,N,11,1,GARDEN STATE PARKWAY,S,444,,00000444__,104.40,03,,01,04,02,04,01,03,01,01,,,,,,,,65,,46,40.298490,74.090200,N,NJTA GUARDRAIL,7779
20191336E050-2019-00306A,MONMOUTH,TINTON FALLS BORO,02/17/2019,SU,1155,02,NEW JERSEY STATE POLICE,HOLMDEL - SQUAD,0,0,0,0,P,B,Y,N,11,1,GARDEN STATE PARKWAY,S,444,,00000444__,104.60,03,,01,04,02,01,01,01,01,01,,,,,,,,65,,46,40.260150,74.081100,N,NJTPA Guardrail,7887
20191336E050-2019-00309A,MONMOUTH,TINTON FALLS BORO,02/17/2019,SU,2104,02,NEW JERSEY STATE POLICE,HOLMDEL - SQUAD,0,0,0,0,P,B,N,N,02,2,GARDEN STATE PARKWAY,S,444,,00000444__,105.80,03,,01,04,02,02,06,02,03,01,,,,,,,,65,,26,40.274260,74.080910,N,NJTA LIGHTPOLE,7471
20191336E050-2019-00312A,MONMOUTH,TINTON FALLS BORO,02/18/2019,MO,1215,02,NEW JERSEY STATE POLICE,HOLMDEL - SQUAD,0,0,0,0,P,B,N,N,11,1,GARDEN STATE PARKWAY,S,444,,00000444__,105.80,03,,01,04,02,04,01,06,01,01,,,,,,,,65,,46,39.450640,74.907640,N,DAMAGE TO NJTA GUIDERAIL,7227
20191336E050-2019-00325A,MONMOUTH,TINTON FALLS BORO,02/15/2019,FR,1558,02,NEW JERSEY STATE POLICE,HOLMDEL - SQUAD,0,0,0,0,P,B,N,N,08,2,GARDEN STATE PARKWAY,S,444,,00000444__,109.00,03,,01,04,02,01,01,01,01,01,,,,,,,,25,,26,40.386550,74.177130,N,,7448
20191336E050-2019-00327A,MONMOUTH,TINTON FALLS BORO,02/20/2019,WE,1346,02,NEW JERSEY STATE POLICE,HOLMDEL - SQUAD,0,1,0,0,I,B,Y,N,01,3,GARDEN STATE PARKWAY,N,444,,00000444__,104.60,03,,01,04,02,03,01,03,01,01,,,,,,,,65,,26,40.255320,74.079730,N,,7794
20191336E050-2019-00331A,MONMOUTH,TINTON FALLS BORO,02/20/2019,WE,1800,02,NEW JERSEY STATE POLICE,HOLMDEL - SQUAD,0,0,0,0,P,B,N,N,11,1,GARDEN STATE PARKWAY,N,444,,00000444__,106.20,03,,01,04,02,03,05,03,01,01,,,,,,,,65,,46,40.280500,74.083870,N,NJTA Guardrail,7453
20191336E050-2019-00337A,MONMOUTH,TINTON FALLS BORO,02/21/2019,TH,0739,02,NEW JERSEY STATE POLICE,HOLMDEL - SQUAD,0,0,0,0,P,B,N,N,12,1,GARDEN STATE PARKWAY,S,444,,00000444__,101.90,03,,01,04,02,01,01,01,03,01,,,,,,,,65,,24,40.224080,74.098600,N,,7779
20191336E050-2019-00373A,MONMOUTH,TINTON FALLS BORO,02/27/2019,WE,2205,02,NEW JERSEY STATE POLICE,HOLMDEL - SQUAD,0,0,0,0,P,B,N,N,02,2,GARDEN STATE PARKWAY,S,444,,00000444__,102.40,03,,01,04,02,01,05,01,01,01,,,,,,,,65,,26,40.230940,74.095550,N,,7450
20191336E050-2019-00380A,MONMOUTH,TINTON FALLS BORO,03/01/2019,FR,1218,02,NEW JERSEY STATE POLICE,HOLMDEL - SQUAD,0,1,0,0,I,B,N,N,01,2,GARDEN STATE PARKWAY,S,444,,00000444__,105.00,03,,01,04,02,01,01,01,01,01,,,,,,,SB,35,,26,40.289310,74.091160,N,,7471
20191336E050-2019-00383A,MONMOUTH,TINTON FALLS BORO,03/01/2019,FR,1749,02,NEW JERSEY STATE POLICE,HOLMDEL - SQUAD,0,0,0,0,P,B,N,N,01,2,GARDEN STATE PARKWAY,S,444,,00000444__,103.40,03,,01,04,02,01,05,01,03,01,,,,,,,,65,,26,40.243860,74.085870,N,,7887
20191336E050-2019-00419A,MONMOUTH,TINTON FALLS BORO,03/02/2019,SA,1854,02,NEW JERSEY STATE POLICE,HOLMDEL - SQUAD,0,0,0,0,P,B,N,N,01,2,GARDEN STATE PARKWAY,N,444,,00000444__,102.00,03,,01,04,02,01,06,01,01,01,,,,,,,,65,,26,40.224420,74.096500,N,,7362
20191336E050-2019-00432A,MONMOUTH,TINTON FALLS BORO,03/03/2019,SU,2232,02,NEW JERSEY STATE POLICE,HOLMDEL - SQUAD,0,0,0,0,P,B,N,N,01,2,GARDEN STATE PARKWAY,S,444,,00000444__,106.90,03,,01,04,02,03,06,03,01,01,,,,,,,,65,,26,40.290950,74.091560,N,,7448
20191336E050-2019-00446A,MONMOUTH,TINTON FALLS BORO,03/08/2019,FR,1753,02,NEW JERSEY STATE POLICE,HOLMDEL - SQUAD,0,0,0,0,P,B,N,N,02,2,GARDEN STATE PARKWAY,S,444,,00000444__,106.30,03,,01,04,02,01,03,01,01,01,,,,,,,,65,,26,40.284270,74.087720,N,,7332
20191336E050-2019-00453A,MONMOUTH,TINTON FALLS BORO,03/08/2019,FR,2219,02,NEW JERSEY STATE POLICE,HOLMDEL - SQUAD,0,0,0,0,P,B,N,N,02,2,GARDEN STATE PARKWAY,N,444,,00000444__,101.50,03,,01,04,02,01,07,01,01,01,,,,,,,,65,,26,40.220810,74.096310,N,,7501
20191336E050-2019-00458A,MONMOUTH,TINTON FALLS BORO,03/10/2019,SU,0936,02,NEW JERSEY STATE POLICE,HOLMDEL - SQUAD,0,0,0,0,P,B,N,N,11,1,GARDEN STATE PARKWAY,N,444,,00000444__,103.80,03,,01,04,02,02,01,01,01,01,,,,,,,,65,,48,40.248270,74.082030,N,New Jersey Turnpike Authority concrete barrier.,7129
20191336E050-2019-00480A,MONMOUTH,TINTON FALLS BORO,03/15/2019,FR,1039,02,NEW JERSEY STATE POLICE,HOLMDEL - SQUAD,0,0,0,0,P,B,N,N,02,2,GARDEN STATE PARKWAY,N,444,,00000444__,104.90,03,,01,04,02,01,01,01,01,01,,,,,,,,65,,26,40.264010,74.078120,N,,7845
20191336E050-2019-00490A,MONMOUTH,TINTON FALLS BORO,03/17/2019,SU,1611,02,NEW JERSEY STATE POLICE,HOLMDEL - SQUAD,0,3,0,0,I,B,N,N,02,3,GARDEN STATE PARKWAY,S,444,,00000444__,104.80,03,,01,04,02,01,01,01,01,01,,,,,,,,65,,26,40.262970,74.080220,N,NJTPA GUARDRAIL,7887
20191336E050-2019-00491A,MONMOUTH,TINTON FALLS BORO,03/17/2019,SU,1406,02,NEW JERSEY STATE POLICE,HOLMDEL - SQUAD,0,0,0,0,P,B,N,N,01,3,GARDEN STATE PARKWAY,N,444,,00000444__,102.40,03,,01,04,02,01,01,01,03,01,,,,,,,,65,,26,40.229980,74.094040,N,,7779
20191336E050-2019-00493A,MONMOUTH,TINTON FALLS BORO,03/18/2019,MO,0714,02,NEW JERSEY STATE POLICE,HOLMDEL - SQUAD,0,1,0,0,I,B,N,N,12,2,GARDEN STATE PARKWAY,N,444,,00000444__,108.10,03,,01,04,02,01,01,01,01,01,,,,,,,,65,,24,40.307990,74.093780,N,,7501
20191336E050-2019-00498A,MONMOUTH,TINTON FALLS BORO,03/19/2019,TU,1034,02,NEW JERSEY STATE POLICE,HOLMDEL - SQUAD,0,0,0,0,P,B,N,N,01,2,GARDEN STATE PARKWAY,S,444,,00000444__,108.90,03,,01,04,02,01,01,01,01,01,,,,,,,,65,,26,40.316730,74.097890,N,,7501
20191336E050-2019-00499A,MONMOUTH,TINTON FALLS BORO,03/14/2019,TH,1754,02,NEW JERSEY STATE POLICE,HOLMDEL - SQUAD,0,2,0,0,I,B,N,N,01,4,GARDEN STATE PARKWAY,S,444,,00000444__,104.20,03,,01,04,02,01,01,01,01,01,,,,,,,,65,,26,40.251360,74.082000,N,,7373
20191336E050-2019-00502A,MONMOUTH,TINTON FALLS BORO,03/19/2019,TU,2327,02,NEW JERSEY STATE POLICE,HOLMDEL - SQUAD,0,0,0,0,P,B,N,N,12,1,GARDEN STATE PARKWAY,N,444,,00000444__,108.30,03,,01,04,02,01,05,01,01,01,,,,,,,,65,,24,40.310760,74.094780,N,,7798
20191336E050-2019-00509A,MONMOUTH,TINTON FALLS BORO,03/21/2019,TH,1741,02,NEW JERSEY STATE POLICE,HOLMDEL - SQUAD,0,0,0,0,P,B,N,N,01,2,GARDEN STATE PARKWAY,S,444,,00000444__,105.40,03,,01,04,02,02,01,02,01,01,,,,,,,,65,,26,40.268770,74.078740,N,,7852
20191336E050-2019-00520A,MONMOUTH,TINTON FALLS BORO,03/23/2019,SA,0752,02,NEW JERSEY STATE POLICE,HOLMDEL - SQUAD,0,0,0,0,P,B,N,N,15,1,GARDEN STATE PARKWAY,S,444,,00000444__,101.60,03,,01,04,02,01,01,01,01,01,,,,,,,,65,,39,40.219750,74.099150,N,NJTA REFLECTOR POLE,7576
20191336E050-2019-00561A,MONMOUTH,TINTON FALLS BORO,04/01/2019,MO,1646,02,NEW JERSEY STATE POLICE,HOLMDEL - SQUAD,0,0,0,0,P,B,N,N,02,2,GARDEN STATE PARKWAY,N,444,,00000444__,109.20,03,,01,04,02,01,01,01,01,01,,,,,,,,65,,26,40.323370,74.098060,N,,6378
20191336E050-2019-00562A,MONMOUTH,TINTON FALLS BORO,04/02/2019,TU,0740,02,NEW JERSEY STATE POLICE,HOLMDEL - SQUAD,0,0,0,0,P,B,N,N,01,2,GARDEN STATE PARKWAY,N,444,,00000444__,103.90,03,,01,04,02,01,01,01,01,01,,,,,,,,65,,26,40.249730,74.081730,N,,7373
20191336E050-2019-00565A,MONMOUTH,TINTON FALLS BORO,04/02/2019,TU,2324,02,NEW JERSEY STATE POLICE,HOLMDEL - SQUAD,0,0,0,0,P,B,Y,N,01,2,GARDEN STATE PARKWAY,S,444,,00000444__,106.70,03,,01,04,02,02,05,01,01,01,,,,,,,,65,,26,40.289310,74.091160,N,,7118
20191336E050-2019-00571A,MONMOUTH,TINTON FALLS BORO,03/26/2019,TU,1827,02,NEW JERSEY STATE POLICE,HOLMDEL - SQUAD,0,1,0,0,I,B,N,N,11,1,GARDEN STATE PARKWAY,S,444,,00000444__,107.00,03,,01,04,02,01,01,01,01,01,,,,,,,,65,,47,40.289820,74.090870,N,NJTA - Metal Guardrail.,7411
20191336E050-2019-00576A,MONMOUTH,TINTON FALLS BORO,04/04/2019,TH,1753,02,NEW JERSEY STATE POLICE,HOLMDEL - SQUAD,0,0,0,0,P,B,N,N,12,1,GARDEN STATE PARKWAY,S,444,,00000444__,108.70,03,,01,04,02,01,01,01,01,01,,,,,,,,65,,24,40.317890,74.098320,N,NJTPA Guardrail,7887
20191336E050-2019-00586A,MONMOUTH,TINTON FALLS BORO,04/05/2019,FR,0811,02,NEW JERSEY STATE POLICE,HOLMDEL - SQUAD,0,0,0,0,P,B,N,N,02,2,GARDEN STATE PARKWAY,N,444,,00000444__,104.30,03,,01,04,02,01,01,01,01,01,,,,,,,,65,,26,40.255320,74.079730,N,,7450
20191336E050-2019-00594A,MONMOUTH,TINTON FALLS BORO,04/08/2019,MO,0806,02,NEW JERSEY STATE POLICE,HOLMDEL - SQUAD,0,0,0,0,P,B,N,N,01,2,GARDEN STATE PARKWAY,N,444,,00000444__,103.20,03,,03,04,02,01,01,01,03,01,,,,,,,,35,,26,40.240670,74.085630,N,,7887
20191336E050-2019-00597A,MONMOUTH,TINTON FALLS BORO,04/03/2019,WE,0806,02,NEW JERSEY STATE POLICE,HOLMDEL - SQUAD,0,1,0,0,I,B,N,N,01,2,GARDEN STATE PARKWAY,N,444,,00000444__,107.90,03,,01,04,02,01,01,01,03,01,,,,,,,,65,,26,40.305170,74.092980,N,,7471
20191336E050-2019-00599A,MONMOUTH,TINTON FALLS BORO,04/08/2019,MO,1447,02,NEW JERSEY STATE POLICE,HOLMDEL - SQUAD,0,0,0,0,P,B,Y,N,11,1,GARDEN STATE PARKWAY,N,444,,00000444__,107.00,03,,01,04,02,01,01,01,01,01,,,,,,,,65,,46,40.386550,74.177130,N,GUARDRAIL  NJTA PO BOX 5042 WOODBRIDGE NJ.,7448
20191336E050-2019-00600A,MONMOUTH,TINTON FALLS BORO,04/09/2019,TU,,02,NEW JERSEY STATE POLICE,HOLMDEL - SQUAD,0,1,0,0,I,B,N,N,12,1,GARDEN STATE PARKWAY,S,444,,00000444__,107.80,03,,01,04,02,01,06,01,01,01,,,,,,,,65,,24,40.303860,74.094160,N,,7852
20191336E050-2019-00602A,MONMOUTH,TINTON FALLS BORO,04/09/2019,TU,0731,02,NEW JERSEY STATE POLICE,HOLMDEL - SQUAD,0,0,0,0,P,B,Y,N,11,1,GARDEN STATE PARKWAY,S,444,,00000444__,105.70,03,,01,04,02,01,01,01,03,01,,,,,,,,65,,47,40.275440,74.081900,N,NJTA GUARDRAIL,7779
20191336E050-2019-00612A,MONMOUTH,TINTON FALLS BORO,04/11/2019,TH,1745,02,NEW JERSEY STATE POLICE,HOLMDEL - SQUAD,0,1,0,0,I,B,N,N,01,2,GARDEN STATE PARKWAY,S,444,,00000444__,108.60,03,,01,04,02,01,01,01,01,01,,,,,,,,65,,26,40.246360,74.083450,N,,7845
20191336E050-2019-00624A,MONMOUTH,TINTON FALLS BORO,04/13/2019,SA,2159,02,NEW JERSEY STATE POLICE,HOLMDEL - SQUAD,0,0,0,0,P,B,N,N,02,2,GARDEN STATE PARKWAY,S,444,,00000444__,106.00,03,,01,04,02,01,04,01,01,01,,,,,,,,65,,26,40.291500,74.091360,N,,7382
20191336E050-2019-00641A,MONMOUTH,TINTON FALLS BORO,04/14/2019,SU,1657,02,NEW JERSEY STATE POLICE,HOLMDEL - SQUAD,0,0,0,0,P,B,N,N,01,2,GARDEN STATE PARKWAY,S,444,,00000444__,105.00,03,,01,04,02,01,01,01,03,01,,,,,,,,65,,26,40.286670,74.079260,N,,7471
20191336E050-2019-00649A,MONMOUTH,TINTON FALLS BORO,04/20/2019,SA,0208,02,NEW JERSEY STATE POLICE,HOLMDEL - SQUAD,0,1,0,0,I,B,Y,N,01,2,GARDEN STATE PARKWAY,S,444,,00000444__,106.70,03,,01,04,02,02,01,02,01,01,,,,,,,,65,,26,40.288080,74.090910,N,NJTPA guardrail,7362
20191336E050-2019-00651A,MONMOUTH,TINTON FALLS BORO,04/20/2019,SA,1504,02,NEW JERSEY STATE POLICE,HOLMDEL - SQUAD,0,0,0,0,P,B,N,N,02,2,GARDEN STATE PARKWAY,S,444,,00000444__,103.10,03,,01,05,02,01,01,01,01,01,,,,,,,,65,,26,40.238500,74.090770,N,NJTA GUIDERAIL,7576
20191336E050-2019-00666A,MONMOUTH,TINTON FALLS BORO,04/23/2019,TU,1328,02,NEW JERSEY STATE POLICE,HOLMDEL - SQUAD,0,0,0,0,P,B,N,N,02,2,GARDEN STATE PARKWAY,N,444,,00000444__,109.00,03,,02,04,02,01,01,01,02,01,,,,,,,,35,,26,40.335610,74.098320,N,,7471
20191336E050-2019-00670A,MONMOUTH,TINTON FALLS BORO,04/12/2019,FR,1531,02,NEW JERSEY STATE POLICE,HOLMDEL - SQUAD,0,0,0,0,P,B,N,N,15,2,GARDEN STATE PARKWAY,S,444,,00000444__,104.20,03,,01,04,02,01,01,01,01,01,,,,,,,,65,,30,40.254380,74.081870,N,,7448
20191336E050-2019-00685A,MONMOUTH,TINTON FALLS BORO,04/26/2019,FR,1749,02,NEW JERSEY STATE POLICE,HOLMDEL - SQUAD,0,1,0,0,I,B,N,N,01,2,GARDEN STATE PARKWAY,S,444,,00000444__,103.70,03,,01,04,02,02,01,02,03,01,,,,,,,,65,,26,40.247180,74.083410,N,,7779
20191336E050-2019-00686A,MONMOUTH,TINTON FALLS BORO,04/26/2019,FR,1929,02,NEW JERSEY STATE POLICE,HOLMDEL - SQUAD,0,0,0,0,P,B,N,N,11,1,GARDEN STATE PARKWAY,S,444,,00000444__,106.80,03,,01,05,02,02,04,02,01,01,,,,,,,,65,,48,40.289000,74.091200,N,Concrete Barrier,7794
20191336E050-2019-00693A,MONMOUTH,TINTON FALLS BORO,04/26/2019,FR,1957,02,NEW JERSEY STATE POLICE,HOLMDEL - SQUAD,0,1,0,0,I,B,N,N,01,2,GARDEN STATE PARKWAY,S,444,,00000444__,104.70,03,,01,04,02,01,05,01,01,01,,,,,,,,65,,26,40.261540,74.080700,N,,7887
20191336E050-2019-00705A,MONMOUTH,TINTON FALLS BORO,04/29/2019,MO,1754,02,NEW JERSEY STATE POLICE,HOLMDEL - SQUAD,0,0,0,0,P,B,N,N,01,3,GARDEN STATE PARKWAY,S,444,,00000444__,101.40,03,,01,04,02,01,01,01,01,01,,,,,,,,65,,26,40.216850,74.099250,N,,7501
20191336E050-2019-00718A,MONMOUTH,TINTON FALLS BORO,05/02/2019,TH,1737,02,NEW JERSEY STATE POLICE,HOLMDEL - SQUAD,0,0,0,0,P,B,N,N,11,2,GARDEN STATE PARKWAY,S,444,,00000444__,107.00,03,,01,04,02,01,01,01,01,01,,,,,,,,65,,26,40.292380,74.091850,N,NJTA Guardrail,7739
20191336E050-2019-00719A,MONMOUTH,TINTON FALLS BORO,05/02/2019,TH,1722,02,NEW JERSEY STATE POLICE,HOLMDEL - SQUAD,0,0,0,0,P,B,N,N,01,3,GARDEN STATE PARKWAY,S,444,,00000444__,107.00,03,,01,04,02,01,01,01,01,01,,,,,,,,65,,26,40.293010,74.091840,N,,7739
20191336E050-2019-00720A,MONMOUTH,TINTON FALLS BORO,05/01/2019,WE,1714,02,NEW JERSEY STATE POLICE,HOLMDEL - SQUAD,0,1,0,0,I,B,N,N,01,2,GARDEN STATE PARKWAY,S,444,,00000444__,101.20,03,,01,04,02,02,01,01,01,01,,,,,,,,65,,26,40.218150,74.099030,N,,7411
20191336E050-2019-00721A,MONMOUTH,TINTON FALLS BORO,05/01/2019,WE,1737,02,NEW JERSEY STATE POLICE,HOLMDEL - SQUAD,0,1,0,0,I,B,Y,N,02,2,GARDEN STATE PARKWAY,N,444,,00000444__,104.00,03,,01,04,02,02,01,02,01,01,,,,,,,,65,,26,40.266930,74.077700,N,NJTA - METAL GUARDRAIL,7411
20191336E050-2019-00730A,MONMOUTH,TINTON FALLS BORO,05/04/2019,SA,1034,02,NEW JERSEY STATE POLICE,HOLMDEL - SQUAD,0,0,0,0,P,B,N,N,12,1,GARDEN STATE PARKWAY,S,444,,00000444__,109.00,03,,01,04,02,01,01,01,01,01,,,,,,,,65,,24,40.286120,74.079780,N,,7470
20191336E050-2019-00751A,MONMOUTH,TINTON FALLS BORO,05/08/2019,WE,0450,02,NEW JERSEY STATE POLICE,HOLMDEL - SQUAD,0,0,0,0,P,B,N,N,12,1,GARDEN STATE PARKWAY,S,444,,00000444__,109.00,03,,01,04,02,01,02,01,01,01,,,,,,,,65,,24,40.336050,74.094640,N,,7450
20191336E050-2019-00756A,MONMOUTH,TINTON FALLS BORO,05/09/2019,TH,1231,02,NEW JERSEY STATE POLICE,HOLMDEL - SQUAD,0,0,0,0,P,B,N,N,02,2,GARDEN STATE PARKWAY,N,444,,00000444__,105.10,03,,01,04,02,01,01,01,01,01,,,,,,,,65,,26,40.656530,74.077700,N,,7450
20191336E050-2019-00759A,MONMOUTH,TINTON FALLS BORO,05/09/2019,TH,1612,02,NEW JERSEY STATE POLICE,HOLMDEL - SQUAD,0,0,0,0,P,B,N,N,01,2,GARDEN STATE PARKWAY,S,444,,00000444__,103.80,03,,01,04,02,01,01,01,01,01,,,,,,,,65,,26,40.248640,74.082760,N,,7798
20191336E050-2019-00761A,MONMOUTH,TINTON FALLS BORO,05/10/2019,FR,1525,02,NEW JERSEY STATE POLICE,HOLMDEL - SQUAD,0,0,0,0,P,B,N,N,01,2,GARDEN STATE PARKWAY,S,444,,00000444__,101.00,03,,01,04,02,01,01,01,01,01,,,,,,,,65,,26,40.211060,74.098800,N,,7794
20191336E050-2019-00762A,MONMOUTH,TINTON FALLS BORO,05/10/2019,FR,1707,02,NEW JERSEY STATE POLICE,HOLMDEL - SQUAD,0,0,0,0,P,B,N,N,01,2,GARDEN STATE PARKWAY,S,444,,00000444__,104.60,03,,01,04,02,01,01,01,01,01,,,,,,,,65,,26,40.257450,74.081450,N,,7578
20191336E050-2019-00814A,MONMOUTH,TINTON FALLS BORO,05/15/2019,WE,1829,02,NEW JERSEY STATE POLICE,HOLMDEL - SQUAD,0,1,0,0,I,B,N,N,01,2,GARDEN STATE PARKWAY,S,444,,00000444__,104.20,03,,01,04,02,01,03,01,01,01,,,,,,,,65,,26,40.251700,74.082170,N,,7382
20191336E050-2019-00823A,MONMOUTH,TINTON FALLS BORO,05/19/2019,SU,,02,NEW JERSEY STATE POLICE,HOLMDEL - SQUAD,0,0,0,0,P,B,Y,N,01,2,GARDEN STATE PARKWAY,S,444,,00000444__,101.90,03,,01,04,02,01,06,01,01,01,,,,,,,,65,,26,40.224080,74.098600,N,,7450
20191336E050-2019-00831A,MONMOUTH,TINTON FALLS BORO,05/19/2019,SU,1215,02,NEW JERSEY STATE POLICE,HOLMDEL - SQUAD,0,0,0,0,P,B,N,N,15,1,GARDEN STATE PARKWAY,N,444,,00000444__,109.00,03,,01,04,02,01,01,01,01,01,,,,,,,,65,,39,40.386550,74.177130,N,,7576
20191336E050-2019-00832A,MONMOUTH,TINTON FALLS BORO,05/19/2019,SU,1254,02,NEW JERSEY STATE POLICE,HOLMDEL - SQUAD,0,0,0,0,P,B,N,N,11,1,GARDEN STATE PARKWAY,N,444,,00000444__,109.00,03,,01,04,02,01,01,01,01,01,,,,,,,,65,,69,40.343660,74.107790,N,,7576
20191336E050-2019-00833A,MONMOUTH,TINTON FALLS BORO,05/19/2019,SU,1202,02,NEW JERSEY STATE POLICE,HOLMDEL - SQUAD,0,0,0,0,P,B,N,N,15,1,GARDEN STATE PARKWAY,N,444,,00000444__,109.00,03,,01,04,02,01,01,01,01,01,,,,,,,,65,,39,40.337570,74.100250,N,,7576
20191336E050-2019-00835A,MONMOUTH,TINTON FALLS BORO,05/19/2019,SU,1940,02,NEW JERSEY STATE POLICE,HOLMDEL - SQUAD,0,0,0,0,P,B,N,N,15,1,GARDEN STATE PARKWAY,S,444,,00000444__,104.80,03,,01,04,02,01,03,01,01,01,,,,,,,,65,,30,40.247340,74.083510,N,,7369
20191336E050-2019-00837A,MONMOUTH,TINTON FALLS BORO,05/20/2019,MO,0720,02,NEW JERSEY STATE POLICE,HOLMDEL - SQUAD,0,1,0,0,I,B,N,N,12,1,GARDEN STATE PARKWAY,N,444,,00000444__,105.80,03,,01,04,02,01,01,01,03,01,,,,,,,,65,,24,40.275700,74.080000,N,,7578
20191336E050-2019-00841A,MONMOUTH,TINTON FALLS BORO,05/21/2019,TU,0704,02,NEW JERSEY STATE POLICE,HOLMDEL - SQUAD,0,0,0,0,P,B,N,N,01,2,GARDEN STATE PARKWAY,N,444,,00000444__,102.80,03,,01,04,02,01,01,01,01,01,,,,,,,,65,,26,40.235160,74.090440,N,,7660
20191336E050-2019-00844A,MONMOUTH,TINTON FALLS BORO,05/21/2019,TU,1408,02,NEW JERSEY STATE POLICE,HOLMDEL - SQUAD,0,0,0,0,P,B,N,N,01,2,GARDEN STATE PARKWAY,N,444,,00000444__,105.00,03,,01,04,02,01,01,01,05,01,,,,,,,,65,,26,40.278600,74.081850,N,,7578
20191336E050-2019-00848A,MONMOUTH,TINTON FALLS BORO,05/16/2019,TH,1239,02,NEW JERSEY STATE POLICE,HOLMDEL - SQUAD,0,0,0,0,P,B,N,N,02,2,GARDEN STATE PARKWAY,N,444,,00000444__,105.00,03,,01,04,02,01,01,01,01,01,,,,,F,NJ 36,,65,,26,40.386560,74.177130,N,,7448
20191336E050-2019-00852A,MONMOUTH,TINTON FALLS BORO,05/22/2019,WE,1205,02,NEW JERSEY STATE POLICE,HOLMDEL - SQUAD,0,0,0,0,P,B,N,N,11,2,GARDEN STATE PARKWAY,S,444,,00000444__,105.00,03,,01,04,02,01,01,01,01,01,,,,,,,,65,,50,40.285950,74.080800,N,NJTA SH18 SB SIGN,7845