Year(4)-CountyCode(2)-MunicipalityCode(2)-CaseNumber(9),County Name,Municipality Name,Crash Date,Crash Day of Week,Crash Time,Police Department Code,Police Department,Police Station,Total Killed,Total Injured,Pedestrians Killed,Pedestrians Injured,Severity,Intersection,Alcohol Involved,Hazmat Involved,Crash Type,Total Vehicles,Location,Location Direction,Route,Route Suffix,Std Rte Identifier,MilePost,Road System,Road Character,Road Horizontal Alignment,Road Grade,Road Surface Type,Surface Condition,Light Condition,Environmental Condition,Road Divided By,Temporary Traffic Control Zone,Distance To Cross Street,Unit Of Measurement,Direction From Cross Street,Cross Street Name,Is Ramp,Ramp To/From Route Name,Ramp To/From Route Direction,Posted Speed,Posted Speed Cross Street,First Harmful Event,Latitude,Longitude,Cell Phone In Use Flag,Other Property Damage,Reporting Badge No.
20191336E050-2019-00855A,MONMOUTH,TINTON FALLS BORO,05/22/2019,WE,1602,02,NEW JERSEY STATE POLICE,HOLMDEL - SQUAD,0,0,0,0,P,B,N,N,01,2,GARDEN STATE PARKWAY,S,444,,00000444__,103.50,03,,01,04,02,01,01,01,01,01,,,,,,,,65,,26,40.244750,74.085250,N,,7845
20191336E050-2019-00858A,MONMOUTH,TINTON FALLS BORO,05/22/2019,WE,1709,02,NEW JERSEY STATE POLICE,HOLMDEL - SQUAD,1,0,0,0,F,B,N,N,11,1,GARDEN STATE PARKWAY,N,444,,00000444__,106.10,03,,03,04,02,01,01,01,01,01,,,,,T,NJ 36,EB,25,,52,40.283940,74.084210,N,NJTA- LIGHT POLE,7373
20191336E050-2019-00860A,MONMOUTH,TINTON FALLS BORO,05/22/2019,WE,1936,02,NEW JERSEY STATE POLICE,HOLMDEL - SQUAD,0,0,0,0,P,B,N,N,12,1,GARDEN STATE PARKWAY,N,444,,00000444__,108.20,03,,01,04,02,01,01,01,01,01,,,,,,,,65,,24,40.309380,74.094260,N,,7470
20191336E050-2019-00871A,MONMOUTH,TINTON FALLS BORO,05/22/2019,WE,1814,02,NEW JERSEY STATE POLICE,HOLMDEL - SQUAD,0,1,0,0,I,B,N,N,11,2,GARDEN STATE PARKWAY,N,444,,00000444__,105.60,03,,01,04,02,01,01,01,01,01,,,,,,,,65,,26,40.386550,74.082600,N,NJTA CONCRETE BARRIER.,7661
20191336E050-2019-00874A,MONMOUTH,TINTON FALLS BORO,05/23/2019,TH,1833,02,NEW JERSEY STATE POLICE,HOLMDEL - SQUAD,0,0,0,0,P,B,N,N,01,2,GARDEN STATE PARKWAY,S,444,,00000444__,101.10,03,,01,04,02,01,01,01,01,01,,,,,,,,65,,26,40.212500,74.098970,N,,7369
20191336E050-2019-00884A,MONMOUTH,TINTON FALLS BORO,05/24/2019,FR,0935,02,NEW JERSEY STATE POLICE,HOLMDEL - SQUAD,0,0,0,0,P,B,N,N,02,2,GARDEN STATE PARKWAY,S,444,,00000444__,102.30,03,,01,04,02,01,01,01,03,01,,,,,,,,65,,26,40.231340,74.095100,N,,7578
20191336E050-2019-00892A,MONMOUTH,TINTON FALLS BORO,05/24/2019,FR,1737,02,NEW JERSEY STATE POLICE,HOLMDEL - SQUAD,0,0,0,0,P,B,N,N,01,2,GARDEN STATE PARKWAY,S,444,,00000444__,101.40,03,,01,04,02,01,01,01,01,01,,,,,,,,65,,26,40.216170,74.099060,N,,7411
20191336E050-2019-00894A,MONMOUTH,TINTON FALLS BORO,05/24/2019,FR,2100,02,NEW JERSEY STATE POLICE,HOLMDEL - SQUAD,0,0,0,0,P,B,N,N,12,1,GARDEN STATE PARKWAY,S,444,,00000444__,105.00,03,,01,04,02,01,05,01,01,01,,,,,,,,65,,24,40.199550,74.098850,N,,7411
20191336E050-2019-00923A,MONMOUTH,TINTON FALLS BORO,05/27/2019,MO,1707,02,NEW JERSEY STATE POLICE,HOLMDEL - SQUAD,0,0,0,0,P,B,N,N,02,2,GARDEN STATE PARKWAY,N,444,,00000444__,102.90,03,,01,04,02,01,01,01,01,01,,,,,,,,65,,26,40.236420,74.089430,N,,7501
20191336E050-2019-00925A,MONMOUTH,TINTON FALLS BORO,05/27/2019,MO,1802,02,NEW JERSEY STATE POLICE,HOLMDEL - SQUAD,0,0,0,0,P,B,N,N,01,2,GARDEN STATE PARKWAY,N,444,,00000444__,104.30,03,,01,04,02,01,01,01,01,01,,,,,,,,65,,26,40.255320,74.079730,N,,7661
20191336E050-2019-00927A,MONMOUTH,TINTON FALLS BORO,05/27/2019,MO,1557,02,NEW JERSEY STATE POLICE,HOLMDEL - SQUAD,0,0,0,0,P,B,N,N,01,2,GARDEN STATE PARKWAY,N,444,,00000444__,105.00,03,,01,04,02,01,01,01,01,01,,,,,,,,,,26,,,N,,7470
20191336E050-2019-00933A,MONMOUTH,TINTON FALLS BORO,05/28/2019,TU,1904,02,NEW JERSEY STATE POLICE,HOLMDEL - SQUAD,0,0,0,0,P,B,N,N,01,2,GARDEN STATE PARKWAY,N,444,,00000444__,109.00,03,,01,04,02,01,01,01,01,01,,,,,,,,65,,26,40.337570,74.098990,N,,7845
20191336E050-2019-00939A,MONMOUTH,TINTON FALLS BORO,05/30/2019,TH,1630,02,NEW JERSEY STATE POLICE,HOLMDEL - SQUAD,0,0,0,0,P,B,N,N,02,2,GARDEN STATE PARKWAY,S,444,,00000444__,102.00,03,,01,04,02,01,01,01,01,01,,,,,,,,65,,26,40.225520,74.098240,N,,7660
20191336E050-2019-00940A,MONMOUTH,TINTON FALLS BORO,05/30/2019,TH,1826,02,NEW JERSEY STATE POLICE,HOLMDEL - SQUAD,0,0,0,0,P,B,N,N,01,2,GARDEN STATE PARKWAY,S,444,,00000444__,108.80,03,,01,04,02,01,01,01,01,01,,,,,,,,65,,26,40.315310,74.097510,N,,7739
20191336E050-2019-00944A,MONMOUTH,TINTON FALLS BORO,05/31/2019,FR,2056,02,NEW JERSEY STATE POLICE,HOLMDEL - SQUAD,0,2,0,0,I,B,N,N,11,1,GARDEN STATE PARKWAY,N,444,,00000444__,103.50,03,,01,04,02,01,05,01,01,01,,,,,,,,65,,60,40.244290,74.084350,N,NJTA TREE,7336
20191336E050-2019-00948A,MONMOUTH,TINTON FALLS BORO,05/30/2019,TH,0216,02,NEW JERSEY STATE POLICE,HOLMDEL - SQUAD,0,1,0,0,I,B,N,N,11,1,GARDEN STATE PARKWAY,S,444,,00000444__,104.60,03,,03,04,02,01,05,01,01,01,,,,,,,,65,,60,40.260150,74.081100,N,,7362
20191336E050-2019-00956A,MONMOUTH,TINTON FALLS BORO,06/03/2019,MO,0507,02,NEW JERSEY STATE POLICE,HOLMDEL - SQUAD,0,0,0,0,P,B,N,N,12,1,GARDEN STATE PARKWAY,S,444,,00000444__,107.60,03,,01,04,02,01,01,01,03,01,,,,,,,,65,,24,40.298380,74.092780,N,,7362
20191336E050-2019-00967A,MONMOUTH,TINTON FALLS BORO,06/04/2019,TU,1729,02,NEW JERSEY STATE POLICE,HOLMDEL - SQUAD,0,0,0,0,P,B,N,N,02,2,GARDEN STATE PARKWAY,N,444,,00000444__,101.00,03,,01,04,02,01,01,01,03,01,,,,,,,,65,,26,40.199930,74.097990,N,,7578
20191336E050-2019-00968A,MONMOUTH,TINTON FALLS BORO,06/04/2019,TU,0108,02,NEW JERSEY STATE POLICE,HOLMDEL - SQUAD,0,0,0,0,P,B,N,N,11,1,GARDEN STATE PARKWAY,S,444,,00000444__,105.10,03,,01,04,02,01,04,01,01,01,,,,,,,,65,,47,40.267200,74.078970,N,60 feet of NJTA Guardrail,7382
20191336E050-2019-00979A,MONMOUTH,TINTON FALLS BORO,06/04/2019,TU,1611,02,NEW JERSEY STATE POLICE,HOLMDEL - SQUAD,0,0,0,0,P,B,N,N,02,2,GARDEN STATE PARKWAY,S,444,,00000444__,103.80,03,,01,04,02,01,01,01,01,01,,,,,,,,65,,26,40.248640,74.082760,N,,7448
20191336E050-2019-00983A,MONMOUTH,TINTON FALLS BORO,06/05/2019,WE,1542,02,NEW JERSEY STATE POLICE,HOLMDEL - SQUAD,0,0,0,0,P,B,N,N,01,3,GARDEN STATE PARKWAY,S,444,,00000444__,106.20,03,,01,04,02,01,01,01,01,01,,,,,,,,65,,26,40.323700,74.098960,N,,6725
20191336E050-2019-01003A,MONMOUTH,TINTON FALLS BORO,06/08/2019,SA,2135,02,NEW JERSEY STATE POLICE,HOLMDEL - SQUAD,0,3,0,0,I,B,N,N,01,2,GARDEN STATE PARKWAY,N,444,,00000444__,103.90,03,,01,04,02,01,06,01,01,01,,,,,,,,65,,26,40.249610,74.081840,N,,7852
20191336E050-2019-01036A,MONMOUTH,TINTON FALLS BORO,06/12/2019,WE,0627,02,NEW JERSEY STATE POLICE,HOLMDEL - SQUAD,0,0,0,0,P,B,Y,N,11,1,GARDEN STATE PARKWAY,N,444,,00000444__,108.00,03,,01,04,02,01,01,01,03,01,,,,,,,,65,,69,40.306380,74.093290,N,,7794
20191336E050-2019-01038A,MONMOUTH,TINTON FALLS BORO,06/12/2019,WE,0706,02,NEW JERSEY STATE POLICE,HOLMDEL - SQUAD,0,2,0,0,I,B,N,N,01,3,GARDEN STATE PARKWAY,S,444,,00000444__,105.80,03,,01,04,02,01,01,01,01,01,,,,,,,,65,,26,40.278010,74.083730,N,,7208
20191336E050-2019-01043A,MONMOUTH,TINTON FALLS BORO,06/13/2019,TH,0749,02,NEW JERSEY STATE POLICE,HOLMDEL - SQUAD,0,0,0,0,P,B,N,N,11,1,GARDEN STATE PARKWAY,N,444,,00000444__,107.80,03,,01,04,02,02,01,02,01,01,,,,,,,,65,,46,40.296210,74.091210,N,NJTA GUARDRAIL,6811
20191336E050-2019-01048A,MONMOUTH,TINTON FALLS BORO,06/12/2019,WE,1514,02,NEW JERSEY STATE POLICE,HOLMDEL - SQUAD,0,0,0,0,P,B,N,N,02,2,GARDEN STATE PARKWAY,S,444,,00000444__,107.00,03,,01,04,02,01,01,01,01,01,,,,,,,,65,,26,40.289310,74.091160,N,,7411
20191336E050-2019-01057A,MONMOUTH,TINTON FALLS BORO,06/11/2019,TU,1833,02,NEW JERSEY STATE POLICE,HOLMDEL - SQUAD,0,1,0,0,I,B,N,N,10,1,GARDEN STATE PARKWAY,N,444,,00000444__,105.00,03,,01,04,02,01,01,01,01,01,,,,,,,,15,,01,40.284800,74.083980,N,,7470
20191336E050-2019-01058A,MONMOUTH,TINTON FALLS BORO,06/14/2019,FR,2137,02,NEW JERSEY STATE POLICE,HOLMDEL - SQUAD,0,0,0,0,P,B,N,N,02,2,GARDEN STATE PARKWAY,S,444,,00000444__,106.70,03,,01,04,02,01,06,01,01,01,,,,,,,,65,,26,40.288340,74.090980,N,,7470
20191336E050-2019-01061A,MONMOUTH,TINTON FALLS BORO,06/14/2019,FR,1837,02,NEW JERSEY STATE POLICE,HOLMDEL - SQUAD,0,0,0,0,P,B,N,N,15,2,GARDEN STATE PARKWAY,S,444,,00000444__,102.00,03,,01,04,02,01,01,01,01,01,,,,,,,,65,,30,40.102430,74.138940,N,,7798
20191336E050-2019-01081A,MONMOUTH,TINTON FALLS BORO,06/16/2019,SU,1120,02,NEW JERSEY STATE POLICE,HOLMDEL - SQUAD,0,0,0,0,P,B,N,N,02,2,GARDEN STATE PARKWAY,N,444,,00000444__,104.40,03,,01,04,02,01,01,01,01,01,,,,,,,,65,,26,40.256780,74.079550,N,,7570
20191336E050-2019-01095A,MONMOUTH,TINTON FALLS BORO,06/16/2019,SU,1437,02,NEW JERSEY STATE POLICE,HOLMDEL - SQUAD,0,0,0,0,P,B,N,N,02,2,GARDEN STATE PARKWAY,S,444,,00000444__,108.60,03,,01,04,02,01,01,01,01,01,,,,,,,,65,,26,40.315090,74.097750,N,,7501
20191336E050-2019-01097A,MONMOUTH,TINTON FALLS BORO,06/18/2019,TU,0539,02,NEW JERSEY STATE POLICE,HOLMDEL - SQUAD,0,0,0,0,P,B,N,N,02,2,GARDEN STATE PARKWAY,N,444,,00000444__,104.20,03,,01,04,02,02,02,05,01,01,,,,,,,,65,,26,40.255320,74.079730,N,,7660
20191336E050-2019-01099A,MONMOUTH,TINTON FALLS BORO,06/18/2019,TU,0607,02,NEW JERSEY STATE POLICE,HOLMDEL - SQUAD,0,0,0,0,P,B,N,N,01,2,GARDEN STATE PARKWAY,N,444,,00000444__,103.90,03,,01,04,02,02,02,05,01,01,,,,,,,,65,,26,40.252550,74.080970,N,,7660
20191336E050-2019-01101A,MONMOUTH,TINTON FALLS BORO,06/18/2019,TU,0848,02,NEW JERSEY STATE POLICE,HOLMDEL - SQUAD,0,0,0,0,P,B,N,N,02,2,GARDEN STATE PARKWAY,N,444,,00000444__,105.80,03,,01,04,02,01,01,01,03,01,,,,,,,,65,,26,40.276850,74.080650,N,,7578
20191336E050-2019-01102A,MONMOUTH,TINTON FALLS BORO,06/18/2019,TU,0738,02,NEW JERSEY STATE POLICE,HOLMDEL - SQUAD,0,3,0,0,I,B,N,N,01,3,GARDEN STATE PARKWAY,N,444,,00000444__,109.00,03,,03,04,02,02,01,02,05,01,,,,,,,,65,,26,40.338140,74.099990,N,,7382
20191336E050-2019-01112A,MONMOUTH,TINTON FALLS BORO,06/09/2019,SU,1440,02,NEW JERSEY STATE POLICE,HOLMDEL - SQUAD,0,0,0,0,P,B,N,N,02,2,GARDEN STATE PARKWAY,N,444,,00000444__,104.50,03,,01,04,02,01,01,01,01,01,,,,,,,,65,,26,40.386550,74.177130,N,,7448
20191336E050-2019-01131A,MONMOUTH,TINTON FALLS BORO,06/20/2019,TH,1812,02,NEW JERSEY STATE POLICE,HOLMDEL - SQUAD,0,0,0,0,P,B,N,N,02,2,GARDEN STATE PARKWAY,S,444,,00000444__,106.70,03,,01,05,02,01,01,01,01,01,,,,,,,,25,,26,40.289310,74.091160,N,,7470
20191336E050-2019-01152A,MONMOUTH,TINTON FALLS BORO,06/22/2019,SA,1344,02,NEW JERSEY STATE POLICE,HOLMDEL - SQUAD,0,0,0,0,P,B,N,N,02,2,GARDEN STATE PARKWAY,N,444,,00000444__,104.10,03,,01,04,02,01,01,01,01,01,,,,,,,,65,,26,40.252550,74.080970,N,,7852
20191336E050-2019-01164A,MONMOUTH,TINTON FALLS BORO,06/22/2019,SA,1653,02,NEW JERSEY STATE POLICE,HOLMDEL - SQUAD,0,0,0,0,P,B,N,N,02,2,GARDEN STATE PARKWAY,S,444,,00000444__,102.60,03,,01,04,02,01,01,01,03,01,,,,,,,,65,,26,40.386550,74.177130,N,,7887
20191336E050-2019-01169A,MONMOUTH,TINTON FALLS BORO,06/23/2019,SU,1222,02,NEW JERSEY STATE POLICE,HOLMDEL - SQUAD,0,0,0,0,P,B,N,N,01,2,GARDEN STATE PARKWAY,S,444,,00000444__,108.40,03,,01,04,02,01,01,01,03,01,,,,,,,,65,,26,40.309740,74.095510,N,,7453
20191336E050-2019-01173A,MONMOUTH,TINTON FALLS BORO,06/23/2019,SU,1707,02,NEW JERSEY STATE POLICE,HOLMDEL - SQUAD,0,0,0,0,P,B,N,N,02,2,GARDEN STATE PARKWAY,N,444,,00000444__,106.00,03,,01,04,02,01,01,01,01,01,,,,,,,,65,,26,40.279490,74.082340,N,,7739
20191336E050-2019-01177A,MONMOUTH,TINTON FALLS BORO,06/18/2019,TU,1644,02,NEW JERSEY STATE POLICE,HOLMDEL - SQUAD,0,1,0,0,I,B,N,N,01,2,GARDEN STATE PARKWAY,S,444,,00000444__,108.50,03,,01,04,02,02,01,02,01,01,,,,,,,,65,,26,40.311120,74.096030,N,,7448
20191336E050-2019-01178A,MONMOUTH,TINTON FALLS BORO,06/18/2019,TU,1702,02,NEW JERSEY STATE POLICE,HOLMDEL - SQUAD,0,0,0,0,P,B,N,N,11,1,GARDEN STATE PARKWAY,N,444,,00000444__,105.00,03,,03,05,02,02,01,02,01,01,,,,,T,SH 36,NB,65,,53,40.284530,74.083250,N,LIGHTPOLE  NJTA PO BOX 5042 WOODBRIDGE NJ.,7448
20191336E050-2019-01198A,MONMOUTH,TINTON FALLS BORO,06/26/2019,WE,,02,NEW JERSEY STATE POLICE,HOLMDEL - SQUAD,0,1,0,0,I,B,Y,N,11,1,GARDEN STATE PARKWAY,S,444,,00000444__,108.00,03,,01,04,02,01,06,01,01,01,,,,,,,,65,,60,40.306700,74.094770,N,,7576
20191336E050-2019-01199A,MONMOUTH,TINTON FALLS BORO,06/26/2019,WE,0600,02,NEW JERSEY STATE POLICE,HOLMDEL - SQUAD,0,0,0,0,P,B,N,N,02,2,GARDEN STATE PARKWAY,N,444,,00000444__,103.90,03,,01,04,02,01,01,01,01,01,,,,,,,,65,,26,40.249720,74.081740,N,,7660
20191336E050-2019-01200A,MONMOUTH,TINTON FALLS BORO,06/26/2019,WE,1245,02,NEW JERSEY STATE POLICE,HOLMDEL - SQUAD,0,0,0,0,P,B,N,N,01,2,GARDEN STATE PARKWAY,N,444,,00000444__,105.00,03,,01,04,02,01,01,01,03,01,,,,,,,,65,,26,40.266930,74.077700,N,,7578
20191336E050-2019-01214A,MONMOUTH,TINTON FALLS BORO,06/23/2019,SU,1830,02,NEW JERSEY STATE POLICE,HOLMDEL - SQUAD,0,0,0,0,P,B,N,N,01,2,GARDEN STATE PARKWAY,N,444,,00000444__,108.60,03,,01,04,02,01,01,01,01,01,,,,,,,,65,,26,40.314880,74.096570,N,,7448
20191336E050-2019-01220A,MONMOUTH,TINTON FALLS BORO,06/28/2019,FR,1733,02,NEW JERSEY STATE POLICE,HOLMDEL - SQUAD,0,0,0,0,P,B,N,N,01,2,GARDEN STATE PARKWAY,S,444,,00000444__,104.90,03,,01,04,02,01,01,01,01,01,,,,,,,,65,,26,40.264370,74.079760,N,,7570
20191336E050-2019-01222A,MONMOUTH,TINTON FALLS BORO,06/27/2019,TH,1611,02,NEW JERSEY STATE POLICE,HOLMDEL - SQUAD,0,0,0,0,P,B,N,N,02,2,GARDEN STATE PARKWAY,N,444,,00000444__,105.00,03,,01,04,02,01,01,01,01,01,,,,,,,,65,,26,40.286500,74.079100,N,,7578
20191336E050-2019-01232A,MONMOUTH,TINTON FALLS BORO,06/28/2019,FR,1639,02,NEW JERSEY STATE POLICE,HOLMDEL - SQUAD,0,0,0,0,P,B,N,N,02,2,GARDEN STATE PARKWAY,N,444,,00000444__,108.80,03,,01,05,02,01,01,01,01,01,,,,,,,,65,,26,40.386550,74.177130,N,NJTA Metal Guardrail,7361
20191336E050-2019-01233A,MONMOUTH,TINTON FALLS BORO,06/29/2019,SA,0757,02,NEW JERSEY STATE POLICE,HOLMDEL - SQUAD,0,1,0,0,I,B,N,N,10,1,GARDEN STATE PARKWAY,S,444,,00000444__,109.20,03,,01,04,02,01,01,01,01,01,,,,,,,,65,,01,40.323700,74.098960,N,,7361
20191336E050-2019-01248A,MONMOUTH,TINTON FALLS BORO,06/30/2019,SU,1612,02,NEW JERSEY STATE POLICE,HOLMDEL - SQUAD,0,0,0,0,P,B,N,N,01,2,GARDEN STATE PARKWAY,S,444,,00000444__,108.50,03,,01,04,02,01,01,01,01,01,,,,,,,,65,,26,40.313520,74.095810,N,,7373
20191336E050-2019-01249A,MONMOUTH,TINTON FALLS BORO,06/30/2019,SU,0924,02,NEW JERSEY STATE POLICE,HOLMDEL - SQUAD,0,0,0,0,P,B,N,N,02,2,GARDEN STATE PARKWAY,N,444,,00000444__,105.70,03,,01,04,02,01,01,01,01,01,,,,,,,,65,,26,40.275500,74.079930,N,,7470
20191336E050-2019-01252A,MONMOUTH,TINTON FALLS BORO,06/30/2019,SU,1726,02,NEW JERSEY STATE POLICE,HOLMDEL - SQUAD,0,0,0,0,P,B,N,N,02,2,GARDEN STATE PARKWAY,N,444,,00000444__,105.00,03,,01,04,02,01,01,01,01,01,,,,,,,,65,,26,40.278600,74.081850,N,,7845
20191336E050-2019-01260A,MONMOUTH,TINTON FALLS BORO,07/01/2019,MO,1801,02,NEW JERSEY STATE POLICE,HOLMDEL - SQUAD,0,0,0,0,P,B,N,N,01,2,GARDEN STATE PARKWAY,S,444,,00000444__,102.00,03,,01,04,02,01,01,01,03,01,,,,,,,,65,,26,40.225700,74.098250,N,,7852
20191336E050-2019-01272A,MONMOUTH,TINTON FALLS BORO,07/03/2019,WE,1031,02,NEW JERSEY STATE POLICE,HOLMDEL - SQUAD,0,1,0,0,I,B,N,N,01,3,GARDEN STATE PARKWAY,S,444,,00000444__,108.70,03,,01,04,02,01,01,01,01,01,,,,,,,,65,,26,40.313910,74.097070,N,,7361
20191336E050-2019-01278A,MONMOUTH,TINTON FALLS BORO,07/04/2019,TH,0404,02,NEW JERSEY STATE POLICE,HOLMDEL - SQUAD,0,1,0,0,I,B,Y,N,01,2,GARDEN STATE PARKWAY,S,444,,00000444__,107.00,03,,01,04,02,01,05,01,01,01,,,,,,,,65,,26,40.315240,74.097450,N,,7576
20191336E050-2019-01280A,MONMOUTH,TINTON FALLS BORO,07/04/2019,TH,0559,02,NEW JERSEY STATE POLICE,HOLMDEL - SQUAD,0,0,0,0,P,B,N,N,02,2,GARDEN STATE PARKWAY,S,444,,00000444__,103.30,03,,01,04,02,01,01,01,01,01,,,,,,,,65,,26,40.242140,74.086890,N,,7798
20191336E050-2019-01291A,MONMOUTH,TINTON FALLS BORO,06/27/2019,TH,1648,02,NEW JERSEY STATE POLICE,HOLMDEL - SQUAD,0,0,0,0,P,B,N,N,01,2,GARDEN STATE PARKWAY,S,444,,00000444__,108.50,03,,01,04,02,01,01,01,01,01,,,,,,,,65,,26,40.313720,74.097250,N,,7448
20191336E050-2019-01292A,MONMOUTH,TINTON FALLS BORO,06/27/2019,TH,1902,02,NEW JERSEY STATE POLICE,HOLMDEL - SQUAD,0,0,0,0,P,B,N,N,02,2,GARDEN STATE PARKWAY,N,444,,00000444__,105.00,03,,01,04,02,01,01,01,01,01,,,,,F,SH 36,,65,,26,40.918120,74.177890,N,,7448
20191336E050-2019-01298A,MONMOUTH,TINTON FALLS BORO,07/06/2019,SA,2246,02,NEW JERSEY STATE POLICE,HOLMDEL - SQUAD,0,0,0,0,P,B,N,N,02,2,GARDEN STATE PARKWAY,S,444,,00000444__,102.00,03,,03,04,02,01,06,01,02,01,,,,,,,,35,,26,40.386550,74.177130,N,,7471
20191336E050-2019-01303A,MONMOUTH,TINTON FALLS BORO,07/06/2019,SA,1138,02,NEW JERSEY STATE POLICE,HOLMDEL - SQUAD,0,0,0,0,P,B,N,N,01,2,GARDEN STATE PARKWAY,S,444,,00000444__,106.00,03,,01,04,02,01,01,01,01,01,,,,,,,,65,,26,40.386550,74.177130,N,,7411
20191336E050-2019-01307A,MONMOUTH,TINTON FALLS BORO,07/08/2019,MO,0812,02,NEW JERSEY STATE POLICE,HOLMDEL - SQUAD,0,0,0,0,P,B,N,N,01,2,GARDEN STATE PARKWAY,S,444,,00000444__,105.00,03,,01,04,02,01,01,01,01,01,,,,,,,,65,,26,40.284900,74.082800,N,,7845
20191336E050-2019-01321A,MONMOUTH,TINTON FALLS BORO,07/10/2019,WE,1638,02,NEW JERSEY STATE POLICE,HOLMDEL - SQUAD,0,0,0,0,P,B,N,N,01,3,GARDEN STATE PARKWAY,S,444,,00000444__,106.50,03,,01,04,02,01,01,01,01,01,,,,,,,,,,26,40.254100,74.361500,N,,7208
20191336E050-2019-01345A,MONMOUTH,TINTON FALLS BORO,07/14/2019,SU,1621,02,NEW JERSEY STATE POLICE,HOLMDEL - SQUAD,0,0,0,0,P,B,N,N,02,2,GARDEN STATE PARKWAY,N,444,,00000444__,106.10,03,,01,04,02,01,01,01,01,01,,,,,,,,65,,26,40.280780,74.083260,N,,7576
20191336E050-2019-01346A,MONMOUTH,TINTON FALLS BORO,07/14/2019,SU,1832,02,NEW JERSEY STATE POLICE,HOLMDEL - SQUAD,0,0,0,0,P,B,N,N,02,2,GARDEN STATE PARKWAY,N,444,,00000444__,107.20,03,,01,04,02,01,01,01,01,01,,,,,,,,65,,26,40.295240,74.090950,N,,7369
20191336E050-2019-01353A,MONMOUTH,TINTON FALLS BORO,07/06/2019,SA,1444,02,NEW JERSEY STATE POLICE,HOLMDEL - SQUAD,0,0,0,0,P,B,N,N,02,2,GARDEN STATE PARKWAY,N,444,,00000444__,106.00,03,,01,04,02,02,01,02,01,01,,,,,,,,65,,26,40.279360,74.082740,N,,7448
20191336E050-2019-01357A,MONMOUTH,TINTON FALLS BORO,07/12/2019,FR,1554,02,NEW JERSEY STATE POLICE,HOLMDEL - SQUAD,0,0,0,0,P,B,N,N,01,2,GARDEN STATE PARKWAY,S,444,,00000444__,102.40,03,,01,04,02,01,01,01,01,01,,,,,,,,65,,26,40.386550,74.177130,N,,7661
20191336E050-2019-01358A,MONMOUTH,TINTON FALLS BORO,07/16/2019,TU,0411,02,NEW JERSEY STATE POLICE,HOLMDEL - SQUAD,0,0,0,0,P,B,N,N,11,1,GARDEN STATE PARKWAY,N,444,,00000444__,104.80,03,,01,04,02,01,06,01,01,01,,,,,,,,65,,46,40.262590,74.078480,N,NJTA Guiderail,7887
20191336E050-2019-01370A,MONMOUTH,TINTON FALLS BORO,07/17/2019,WE,1923,02,NEW JERSEY STATE POLICE,HOLMDEL - SQUAD,0,0,0,0,P,B,N,N,11,1,GARDEN STATE PARKWAY,N,444,,00000444__,105.50,03,,01,04,02,01,01,01,01,01,,,,,,,,65,,46,40.258270,74.079350,N,NJTA GUARDRAIL DAMAGE,7373
20191336E050-2019-01376A,MONMOUTH,TINTON FALLS BORO,07/18/2019,TH,1303,02,NEW JERSEY STATE POLICE,HOLMDEL - SQUAD,0,1,0,0,I,B,N,N,11,1,GARDEN STATE PARKWAY,S,444,,00000444__,108.80,03,,01,04,02,01,01,01,01,01,,,,,,,,65,,46,40.317940,74.098450,N,NJTA GUARDRAIL DAMAGE LOCALS AND EXPRESS,7118
20191336E050-2019-01381A,MONMOUTH,TINTON FALLS BORO,07/19/2019,FR,0712,02,NEW JERSEY STATE POLICE,HOLMDEL - SQUAD,0,0,0,0,P,B,N,N,02,2,GARDEN STATE PARKWAY,S,444,,00000444__,106.00,03,,01,04,02,01,01,01,01,01,,,,,,,,65,,26,40.278100,74.080300,N,,7660
20191336E050-2019-01388A,MONMOUTH,TINTON FALLS BORO,07/16/2019,TU,2123,02,NEW JERSEY STATE POLICE,HOLMDEL - SQUAD,0,0,0,0,P,B,N,N,02,2,GARDEN STATE PARKWAY,S,444,,00000444__,105.10,03,,01,04,02,01,04,01,01,01,,,,,,,,65,,26,40.267200,74.078970,N,,7208