Year(4)-CountyCode(2)-MunicipalityCode(2)-CaseNumber(9),County Name,Municipality Name,Crash Date,Crash Day of Week,Crash Time,Police Department Code,Police Department,Police Station,Total Killed,Total Injured,Pedestrians Killed,Pedestrians Injured,Severity,Intersection,Alcohol Involved,Hazmat Involved,Crash Type,Total Vehicles,Location,Location Direction,Route,Route Suffix,Std Rte Identifier,MilePost,Road System,Road Character,Road Horizontal Alignment,Road Grade,Road Surface Type,Surface Condition,Light Condition,Environmental Condition,Road Divided By,Temporary Traffic Control Zone,Distance To Cross Street,Unit Of Measurement,Direction From Cross Street,Cross Street Name,Is Ramp,Ramp To/From Route Name,Ramp To/From Route Direction,Posted Speed,Posted Speed Cross Street,First Harmful Event,Latitude,Longitude,Cell Phone In Use Flag,Other Property Damage,Reporting Badge No.
20191336E050-2019-01392A,MONMOUTH,TINTON FALLS BORO,07/19/2019,FR,1320,02,NEW JERSEY STATE POLICE,HOLMDEL - SQUAD,0,0,0,0,P,B,N,N,02,2,GARDEN STATE PARKWAY,N,444,,00000444__,104.50,03,,01,04,02,01,01,01,01,01,,,,,,,,65,,26,40.258270,74.079350,N,,7382
20191336E050-2019-01398A,MONMOUTH,TINTON FALLS BORO,07/21/2019,SU,1106,02,NEW JERSEY STATE POLICE,HOLMDEL - SQUAD,0,0,0,0,P,B,N,N,02,2,GARDEN STATE PARKWAY,S,444,,00000444__,106.00,03,,01,04,02,01,01,01,03,01,,,,,,,,65,,26,40.276850,74.082570,N,,7578
20191336E050-2019-01407A,MONMOUTH,TINTON FALLS BORO,07/22/2019,MO,1254,02,NEW JERSEY STATE POLICE,HOLMDEL - SQUAD,0,0,0,0,P,B,N,N,01,2,GARDEN STATE PARKWAY,N,444,,00000444__,104.10,03,,01,04,02,01,01,01,01,01,,,,,,,,65,,26,40.252550,74.080970,N,,7373
20191336E050-2019-01411A,MONMOUTH,TINTON FALLS BORO,07/22/2019,MO,2021,02,NEW JERSEY STATE POLICE,HOLMDEL - SQUAD,0,0,0,0,P,B,N,N,03,2,GARDEN STATE PARKWAY,S,444,,00000444__,103.50,03,,01,04,02,02,05,02,01,01,,,,,,,,,,26,40.244750,74.085250,N,,7501
20191336E050-2019-01420A,MONMOUTH,TINTON FALLS BORO,07/21/2019,SU,1622,02,NEW JERSEY STATE POLICE,HOLMDEL - SQUAD,0,1,0,0,I,B,N,N,01,3,GARDEN STATE PARKWAY,N,444,,00000444__,108.60,03,,01,04,02,01,01,01,01,01,,,,,,,,65,,26,40.314900,74.096280,N,,7578
20191336E050-2019-01438A,MONMOUTH,TINTON FALLS BORO,07/25/2019,TH,2238,02,NEW JERSEY STATE POLICE,HOLMDEL - SQUAD,0,1,0,0,I,B,N,N,01,2,GARDEN STATE PARKWAY,S,444,,00000444__,109.00,03,,01,04,02,01,05,01,01,01,,,,,,,,65,,26,40.318190,74.098200,N,,7411
20191336E050-2019-01449A,MONMOUTH,TINTON FALLS BORO,07/26/2019,FR,1840,02,NEW JERSEY STATE POLICE,HOLMDEL - SQUAD,0,2,0,0,I,B,N,N,02,2,GARDEN STATE PARKWAY,S,444,,00000444__,101.90,03,,01,04,02,01,01,01,01,01,,,,,,,,65,,26,40.224080,74.098600,N,GUARDRAIL FACE AND TRAFFIC SIGN FOR EXIT 100A OWNED BY NJTA.,7570
20191336E050-2019-01463A,MONMOUTH,TINTON FALLS BORO,07/27/2019,SA,2000,02,NEW JERSEY STATE POLICE,HOLMDEL - SQUAD,0,0,0,0,P,B,N,N,02,2,GARDEN STATE PARKWAY,N,444,,00000444__,104.00,03,,01,04,02,01,03,01,01,01,,,,,,,,65,,26,40.327700,74.098060,N,,7332
20191336E050-2019-01466A,MONMOUTH,TINTON FALLS BORO,07/28/2019,SU,1050,02,NEW JERSEY STATE POLICE,HOLMDEL - SQUAD,0,0,0,0,P,B,N,N,01,2,GARDEN STATE PARKWAY,S,444,,00000444__,108.50,03,,01,04,02,01,01,01,01,01,,,,,,,,65,,26,40.313720,74.097250,N,,7369
20191336E050-2019-01471A,MONMOUTH,TINTON FALLS BORO,07/28/2019,SU,1407,02,NEW JERSEY STATE POLICE,HOLMDEL - SQUAD,0,0,0,0,P,B,N,N,01,2,GARDEN STATE PARKWAY,S,444,,00000444__,108.30,03,,01,04,02,01,01,01,01,01,,,,,,,,65,,26,40.308340,74.095000,N,,7373
20191336E050-2019-01472A,MONMOUTH,TINTON FALLS BORO,07/28/2019,SU,1359,02,NEW JERSEY STATE POLICE,HOLMDEL - SQUAD,0,0,0,0,P,B,N,N,01,3,GARDEN STATE PARKWAY,S,444,,00000444__,108.30,03,,01,04,02,01,01,01,01,01,,,,,,,,65,,26,40.310910,74.096170,N,,7373
20191336E050-2019-01473A,MONMOUTH,TINTON FALLS BORO,07/28/2019,SU,1527,02,NEW JERSEY STATE POLICE,HOLMDEL - SQUAD,0,0,0,0,P,B,N,N,02,2,GARDEN STATE PARKWAY,N,444,,00000444__,106.50,03,,03,04,02,01,01,01,01,01,,,,,,,,65,,26,40.285410,74.087890,N,,7369
20191336E050-2019-01487A,MONMOUTH,TINTON FALLS BORO,07/29/2019,MO,1658,02,NEW JERSEY STATE POLICE,HOLMDEL - SQUAD,0,0,0,0,P,B,N,N,02,2,GARDEN STATE PARKWAY,N,444,,00000444__,103.90,03,,01,04,02,01,01,01,01,01,,,,,,,,65,,26,41.049040,74.066460,N,,7578
20191336E050-2019-01501A,MONMOUTH,TINTON FALLS BORO,07/31/2019,WE,1741,02,NEW JERSEY STATE POLICE,HOLMDEL - SQUAD,0,0,0,0,P,B,N,N,01,2,GARDEN STATE PARKWAY,S,444,,00000444__,109.10,03,,01,04,02,01,01,01,01,01,,,,,,,,65,,26,40.306480,74.094350,N,,7332
20191336E050-2019-01503A,MONMOUTH,TINTON FALLS BORO,07/31/2019,WE,2212,02,NEW JERSEY STATE POLICE,HOLMDEL - SQUAD,0,0,0,0,P,B,N,N,02,2,GARDEN STATE PARKWAY,N,444,,00000444__,108.00,03,,01,04,02,01,06,01,01,01,,,,,,,,65,,26,40.335610,74.098320,N,,7570
20191336E050-2019-01512A,MONMOUTH,TINTON FALLS BORO,08/01/2019,TH,1633,02,NEW JERSEY STATE POLICE,HOLMDEL - SQUAD,0,0,0,0,P,B,N,N,01,3,GARDEN STATE PARKWAY,S,444,,00000444__,104.20,03,,01,04,02,01,01,01,01,01,,,,,,,,65,,26,40.386550,74.177130,N,,7361
20191336E050-2019-01518A,MONMOUTH,TINTON FALLS BORO,08/02/2019,FR,1650,02,NEW JERSEY STATE POLICE,HOLMDEL - SQUAD,0,0,0,0,P,B,N,N,01,4,GARDEN STATE PARKWAY,S,444,,00000444__,101.70,03,,01,04,02,01,01,01,01,01,,,,,,,,65,,26,40.222040,74.098980,N,,7639
20191336E050-2019-01520A,MONMOUTH,TINTON FALLS BORO,08/03/2019,SA,1506,02,NEW JERSEY STATE POLICE,HOLMDEL - SQUAD,0,0,0,0,P,B,N,N,01,2,GARDEN STATE PARKWAY,N,444,,00000444__,101.40,03,,01,04,02,01,01,01,03,01,,,,,,,,65,,26,40.215720,74.097470,N,,7794
20191336E050-2019-01536A,MONMOUTH,TINTON FALLS BORO,08/04/2019,SU,1053,02,NEW JERSEY STATE POLICE,HOLMDEL - SQUAD,0,0,0,0,P,B,N,N,01,3,GARDEN STATE PARKWAY,S,444,,00000444__,107.80,03,,01,04,02,01,01,01,01,01,,,,,,,,65,,26,40.303860,74.094160,N,,7779
20191336E050-2019-01550A,MONMOUTH,TINTON FALLS BORO,08/06/2019,TU,1253,02,NEW JERSEY STATE POLICE,HOLMDEL - SQUAD,0,0,0,0,P,B,N,N,11,1,GARDEN STATE PARKWAY,N,444,,00000444__,107.40,03,,01,04,02,02,01,02,01,01,,,,,,,,65,,60,40.297990,74.091790,N,,7661
20191336E050-2019-01552A,MONMOUTH,TINTON FALLS BORO,08/06/2019,TU,1448,02,NEW JERSEY STATE POLICE,HOLMDEL - SQUAD,0,0,0,0,P,B,N,N,02,2,GARDEN STATE PARKWAY,N,444,,00000444__,108.90,03,,01,04,02,01,01,01,01,01,,,,,,,,65,,26,40.319090,74.097680,N,,7661
20191336E050-2019-01554A,MONMOUTH,TINTON FALLS BORO,08/06/2019,TU,2314,02,NEW JERSEY STATE POLICE,HOLMDEL - SQUAD,0,0,0,0,P,B,N,N,11,1,GARDEN STATE PARKWAY,S,444,,00000444__,107.90,03,,01,04,02,01,05,01,01,01,,,,,,,,65,,46,40.305270,74.094450,N,NJTA ;Guardrail,7798
20191336E050-2019-01588A,MONMOUTH,TINTON FALLS BORO,08/09/2019,FR,1752,02,NEW JERSEY STATE POLICE,HOLMDEL - SQUAD,0,0,0,0,P,B,N,N,01,2,GARDEN STATE PARKWAY,S,444,,00000444__,103.80,03,,01,04,02,01,01,01,01,01,,,,,,,,65,,26,40.248640,74.082760,N,,7798
20191336E050-2019-01601A,MONMOUTH,TINTON FALLS BORO,08/11/2019,SU,1217,02,NEW JERSEY STATE POLICE,HOLMDEL - SQUAD,0,0,0,0,P,B,N,N,01,2,GARDEN STATE PARKWAY,N,444,,00000444__,106.50,03,,01,04,02,01,01,01,01,01,,,,,,,,65,,26,40.285750,74.087050,N,,7570
20191336E050-2019-01605A,MONMOUTH,TINTON FALLS BORO,08/11/2019,SU,1821,02,NEW JERSEY STATE POLICE,HOLMDEL - SQUAD,0,2,0,0,I,B,N,N,01,2,GARDEN STATE PARKWAY,N,444,,00000444__,107.00,03,,01,04,02,01,01,01,03,01,,,,,,,,65,,26,40.290140,74.089680,N,,7361
20191336E050-2019-01606A,MONMOUTH,TINTON FALLS BORO,08/12/2019,MO,1003,02,NEW JERSEY STATE POLICE,HOLMDEL - SQUAD,0,0,0,0,P,B,N,N,02,2,GARDEN STATE PARKWAY,N,444,,00000444__,103.00,03,,01,04,02,01,01,01,01,01,,,,,,,,65,,26,40.237670,74.088430,N,,7660
20191336E050-2019-01610A,MONMOUTH,TINTON FALLS BORO,08/13/2019,TU,2015,02,NEW JERSEY STATE POLICE,HOLMDEL - SQUAD,0,0,0,0,P,B,N,N,02,2,GARDEN STATE PARKWAY,N,444,,00000444__,102.00,03,,01,04,02,01,06,01,03,01,,,,,,,,65,,26,40.210540,74.096900,N,,7779
20191336E050-2019-01619A,MONMOUTH,TINTON FALLS BORO,08/15/2019,TH,1741,02,NEW JERSEY STATE POLICE,HOLMDEL - SQUAD,0,0,0,0,P,B,N,N,01,5,GARDEN STATE PARKWAY,S,444,,00000444__,105.20,03,,01,04,02,01,01,01,01,01,,,,,,,,65,,26,40.268290,74.078720,N,,7373
20191336E050-2019-01623A,MONMOUTH,TINTON FALLS BORO,08/16/2019,FR,1043,02,NEW JERSEY STATE POLICE,HOLMDEL - SQUAD,0,0,0,0,P,B,N,N,15,1,GARDEN STATE PARKWAY,S,444,,00000444__,109.10,03,,01,04,02,01,01,01,01,01,,,,,,,,65,,39,40.568400,74.849400,N,,7382
20191336E050-2019-01627A,MONMOUTH,TINTON FALLS BORO,08/16/2019,FR,2139,02,NEW JERSEY STATE POLICE,HOLMDEL - SQUAD,0,0,0,0,P,B,Y,N,01,2,GARDEN STATE PARKWAY,S,444,,00000444__,101.10,03,,01,04,02,01,04,01,03,01,,,,,,,,65,,26,40.211060,74.098800,N,,7794
20191336E050-2019-01630A,MONMOUTH,TINTON FALLS BORO,08/17/2019,SA,1016,02,NEW JERSEY STATE POLICE,HOLMDEL - SQUAD,0,1,0,0,I,B,N,N,01,2,GARDEN STATE PARKWAY,S,444,,00000444__,109.00,03,,01,04,02,01,01,01,01,01,,,,,,,,65,,26,40.465800,74.856210,N,,7382
20191336E050-2019-01632A,MONMOUTH,TINTON FALLS BORO,08/17/2019,SA,1219,02,NEW JERSEY STATE POLICE,HOLMDEL - SQUAD,0,0,0,0,P,B,N,N,02,2,GARDEN STATE PARKWAY,S,444,,00000444__,102.00,03,,01,04,02,01,01,01,01,01,,,,,,,,65,,26,40.238500,74.090770,N,,7639
20191336E050-2019-01643A,MONMOUTH,TINTON FALLS BORO,08/18/2019,SU,1929,02,NEW JERSEY STATE POLICE,HOLMDEL - SQUAD,0,3,0,0,I,B,Y,N,99,1,GARDEN STATE PARKWAY,N,444,,00000444__,107.20,03,,01,04,02,01,01,01,03,01,,,,,,,,65,,58,40.294680,74.091300,N,,7411
20191336E050-2019-01656A,MONMOUTH,TINTON FALLS BORO,08/19/2019,MO,1104,02,NEW JERSEY STATE POLICE,HOLMDEL - SQUAD,0,0,0,0,P,B,N,N,01,2,GARDEN STATE PARKWAY,S,444,,00000444__,108.40,03,,01,04,02,01,01,01,03,01,,,,,,,,65,,26,40.309740,74.095510,N,,7199
20191336E050-2019-01657A,MONMOUTH,TINTON FALLS BORO,08/20/2019,TU,1704,02,NEW JERSEY STATE POLICE,HOLMDEL - SQUAD,0,1,0,0,I,B,N,N,01,3,GARDEN STATE PARKWAY,S,444,,00000444__,103.60,03,,01,04,02,01,01,01,01,01,,,,,,,,65,,26,40.386550,74.177130,N,,7576
20191336E050-2019-01661A,MONMOUTH,TINTON FALLS BORO,08/18/2019,SU,2012,02,NEW JERSEY STATE POLICE,HOLMDEL - SQUAD,0,0,0,0,P,B,N,N,01,2,GARDEN STATE PARKWAY,S,444,,00000444__,104.50,03,,01,04,02,01,01,01,01,01,,,,,,,,65,,26,40.256630,74.079770,N,,7208
20191336E050-2019-01668A,MONMOUTH,TINTON FALLS BORO,08/22/2019,TH,1732,02,NEW JERSEY STATE POLICE,HOLMDEL - SQUAD,0,0,0,0,P,B,N,N,01,2,GARDEN STATE PARKWAY,S,444,,00000444__,103.00,03,,01,04,02,01,01,01,03,01,,,,,,,,65,,26,40.244940,74.085210,N,,7779
20191336E050-2019-01675A,MONMOUTH,TINTON FALLS BORO,08/23/2019,FR,1711,02,NEW JERSEY STATE POLICE,HOLMDEL - SQUAD,0,0,0,0,P,B,N,N,02,2,GARDEN STATE PARKWAY,S,444,,00000444__,102.00,03,,01,04,02,01,01,01,01,01,,,,,,,,65,,26,40.238540,74.089810,N,,7661
20191336E050-2019-01692A,MONMOUTH,TINTON FALLS BORO,08/23/2019,FR,1702,02,NEW JERSEY STATE POLICE,HOLMDEL - SQUAD,0,0,0,0,P,B,N,N,01,2,GARDEN STATE PARKWAY,E,444,,00000444__,105.40,03,,01,04,02,01,01,01,01,01,,,,,,,,65,,26,40.271220,74.079230,N,,7661
20191336E050-2019-01714A,MONMOUTH,TINTON FALLS BORO,08/28/2019,WE,1707,02,NEW JERSEY STATE POLICE,HOLMDEL - SQUAD,0,0,0,0,P,B,N,N,01,3,GARDEN STATE PARKWAY,S,444,,00000444__,102.30,03,,01,04,02,01,01,01,01,01,,,,,,,,65,,26,40.229380,74.096540,N,,7570
20191336E050-2019-01715A,MONMOUTH,TINTON FALLS BORO,08/28/2019,WE,1440,02,NEW JERSEY STATE POLICE,HOLMDEL - SQUAD,0,0,0,0,P,B,N,N,01,2,GARDEN STATE PARKWAY,S,444,,00000444__,106.00,03,,01,04,02,02,01,02,03,01,,,,,,,,65,,26,40.276850,74.082570,N,,7199
20191336E050-2019-01723A,MONMOUTH,TINTON FALLS BORO,08/30/2019,FR,1738,02,NEW JERSEY STATE POLICE,HOLMDEL - SQUAD,0,0,0,0,P,B,N,N,02,2,GARDEN PL **,S,,,,108.50,03,,01,04,02,01,01,01,01,01,,,,,,,,65,,26,40.313480,74.097150,N,,7660
20191336E050-2019-01734A,MONMOUTH,TINTON FALLS BORO,08/31/2019,SA,2034,02,NEW JERSEY STATE POLICE,HOLMDEL - SQUAD,0,0,0,0,P,B,N,N,01,2,GARDEN STATE PARKWAY,N,444,,00000444__,104.00,03,,01,05,02,01,06,01,01,01,,,,,,,,15,,26,40.251180,74.081480,N,,7660
20191336E050-2019-01741A,MONMOUTH,TINTON FALLS BORO,09/01/2019,SU,1846,02,NEW JERSEY STATE POLICE,HOLMDEL - SQUAD,0,0,0,0,P,B,Y,N,02,2,GARDEN STATE PARKWAY,S,444,,00000444__,105.30,03,,01,04,02,01,01,01,01,01,,,,,,,,65,,26,40.270070,74.079200,N,,7660
20191336E050-2019-01744A,MONMOUTH,TINTON FALLS BORO,09/02/2019,MO,0148,02,NEW JERSEY STATE POLICE,HOLMDEL - SQUAD,0,0,0,0,P,B,N,N,02,2,GARDEN STATE PARKWAY,N,444,,00000444__,104.00,03,,01,04,02,01,06,01,01,01,,,,,,,,45,,26,40.251180,74.081480,N,,7470
20191336E050-2019-01750A,MONMOUTH,TINTON FALLS BORO,09/02/2019,MO,1410,02,NEW JERSEY STATE POLICE,HOLMDEL - SQUAD,0,0,0,0,P,B,N,N,01,2,GARDEN STATE PARKWAY,N,444,,00000444__,105.80,03,,01,04,02,01,01,01,01,01,,,,,,,,65,,26,40.276590,74.080790,N,,7118
20191336E050-2019-01755A,MONMOUTH,TINTON FALLS BORO,09/03/2019,TU,0721,02,NEW JERSEY STATE POLICE,HOLMDEL - SQUAD,0,0,0,0,P,B,N,N,01,4,GARDEN STATE PARKWAY,N,444,,00000444__,104.00,03,,01,04,02,01,01,01,01,01,,,,,,,,65,,26,40.249560,74.081980,N,,7845
20191336E050-2019-01757A,MONMOUTH,TINTON FALLS BORO,09/03/2019,TU,1431,02,NEW JERSEY STATE POLICE,HOLMDEL - SQUAD,0,0,0,0,P,B,N,N,15,1,GARDEN STATE PARKWAY,S,444,,00000444__,102.10,03,,01,04,02,01,01,01,01,01,,,,,,,,65,,39,40.226910,74.097740,N,,7845
20191336E050-2019-01758A,MONMOUTH,TINTON FALLS BORO,09/02/2019,MO,1451,02,NEW JERSEY STATE POLICE,HOLMDEL - SQUAD,0,0,0,0,P,B,Y,N,11,1,GARDEN STATE PARKWAY,S,444,,00000444__,101.00,03,,03,05,02,01,01,01,01,01,,,,,,,,65,,50,40.219370,74.099790,N,NJTA SIGN  CONCRETE BARRIER  AND LIGHTPOLE.,7661
20191336E050-2019-01766A,MONMOUTH,TINTON FALLS BORO,09/04/2019,WE,1242,02,NEW JERSEY STATE POLICE,HOLMDEL - SQUAD,0,2,0,0,I,B,N,N,02,2,GARDEN STATE PARKWAY,N,444,,00000444__,105.40,03,,01,04,02,01,01,01,01,01,,,,,,,,65,,26,40.270640,74.078250,N,,7411
20191336E050-2019-01769A,MONMOUTH,TINTON FALLS BORO,09/05/2019,TH,0625,02,NEW JERSEY STATE POLICE,HOLMDEL - SQUAD,0,0,0,0,P,B,N,N,01,2,GARDEN STATE PARKWAY,N,444,,00000444__,102.00,03,,01,04,02,01,01,01,03,01,,,,,,,,65,,26,40.224420,74.096500,N,,7794
20191336E050-2019-01770A,MONMOUTH,TINTON FALLS BORO,09/05/2019,TH,1106,02,NEW JERSEY STATE POLICE,HOLMDEL - SQUAD,0,1,0,0,I,B,N,N,11,1,GARDEN STATE PARKWAY,S,444,,00000444__,103.30,03,,01,04,02,01,01,01,03,01,,,,,,,,65,,60,40.242140,74.086890,N,,7794
20191336E050-2019-01780A,MONMOUTH,TINTON FALLS BORO,09/07/2019,SA,,02,NEW JERSEY STATE POLICE,HOLMDEL - SQUAD,0,0,0,0,P,B,N,N,12,1,GARDEN STATE PARKWAY,S,444,,00000444__,107.60,03,,01,04,02,01,05,01,01,01,,,,,,,,65,,24,40.301100,74.093590,N,,7798
20191336E050-2019-01784A,MONMOUTH,TINTON FALLS BORO,09/08/2019,SU,1851,02,NEW JERSEY STATE POLICE,HOLMDEL - SQUAD,0,0,0,0,P,B,Y,N,01,2,GARDEN STATE PARKWAY,S,444,,00000444__,105.40,03,,01,04,02,01,01,01,01,01,,,,,,,,65,,26,40.268770,74.078740,N,NJTA 15 FEET GUARDRAIL DAMAGE RIGHT SIDE;NJTA 5 FEET GUARDRAIL DAMAGE LEFT,7373
20191336E050-2019-01790A,MONMOUTH,TINTON FALLS BORO,09/09/2019,MO,0228,02,NEW JERSEY STATE POLICE,HOLMDEL - SQUAD,0,0,0,0,P,B,N,N,11,1,GARDEN STATE PARKWAY,S,444,,00000444__,107.20,03,,01,04,02,01,06,01,01,01,,,,,,,,65,,47,40.295250,74.092430,N,NJTA - Guardrail (10ft),7470
20191336E050-2019-01801A,MONMOUTH,TINTON FALLS BORO,09/09/2019,MO,1642,02,NEW JERSEY STATE POLICE,HOLMDEL - SQUAD,0,1,0,0,I,B,N,N,11,2,GARDEN STATE PARKWAY,S,444,,00000444__,105.70,03,,01,04,02,01,01,01,01,01,,,,,,,,65,,46,40.274950,74.081320,N,NJTA - Metal guardrail,7411
20191336E050-2019-01810A,MONMOUTH,TINTON FALLS BORO,09/09/2019,MO,2028,02,NEW JERSEY STATE POLICE,HOLMDEL - SQUAD,0,0,0,0,P,B,N,N,02,2,GARDEN STATE PARKWAY,S,444,,00000444__,107.00,03,,01,04,02,01,06,01,01,01,,,,,,,,65,,26,40.284950,74.082290,N,,7362
20191336E050-2019-01814A,MONMOUTH,TINTON FALLS BORO,09/11/2019,WE,1355,02,NEW JERSEY STATE POLICE,HOLMDEL - SQUAD,0,0,0,0,P,B,N,N,02,2,GARDEN STATE PARKWAY,N,444,,00000444__,102.10,03,,01,04,02,01,01,01,01,01,,,,,,,,65,,26,40.225840,74.096030,N,,7576
20191336E050-2019-01862A,MONMOUTH,TINTON FALLS BORO,09/17/2019,TU,1321,02,NEW JERSEY STATE POLICE,HOLMDEL - SQUAD,0,1,0,0,I,B,N,N,11,1,GARDEN STATE PARKWAY,N,444,,00000444__,101.50,03,,01,04,02,01,01,01,01,01,,,,,,,,65,,46,40.217160,74.097500,N,NJTA- Guardrail (10ft),7470
20191336E050-2019-01882A,MONMOUTH,TINTON FALLS BORO,09/21/2019,SA,1358,02,NEW JERSEY STATE POLICE,HOLMDEL - SQUAD,0,1,0,0,I,B,N,N,01,2,GARDEN STATE PARKWAY,S,444,,00000444__,108.30,03,,01,04,02,01,01,01,01,01,,,,,,,,65,,26,40.308340,74.095000,N,,7369
20191336E050-2019-01884A,MONMOUTH,TINTON FALLS BORO,09/23/2019,MO,0741,02,NEW JERSEY STATE POLICE,HOLMDEL - SQUAD,0,0,0,0,P,B,N,N,01,3,GARDEN STATE PARKWAY,N,444,,00000444__,103.60,03,,01,04,02,01,01,01,01,01,,,,,,,,65,,26,40.245450,74.083090,N,,7739
20191336E050-2019-01893A,MONMOUTH,TINTON FALLS BORO,09/24/2019,TU,0832,02,NEW JERSEY STATE POLICE,HOLMDEL - SQUAD,0,0,0,0,P,B,N,N,01,3,GARDEN STATE PARKWAY,N,444,,00000444__,109.20,03,,01,04,02,01,01,01,01,01,,,,,,,,65,,26,40.323380,74.097810,N,,7887
20191336E050-2019-01895A,MONMOUTH,TINTON FALLS BORO,09/24/2019,TU,0836,02,NEW JERSEY STATE POLICE,HOLMDEL - SQUAD,0,0,0,0,P,B,N,N,11,1,GARDEN STATE PARKWAY,S,444,,00000444__,105.30,03,,03,04,02,01,01,01,03,01,,,,,,,,35,,47,40.386550,74.177130,N,NJTA Guardrail  and Utility Pole,7887
20191336E050-2019-01904A,MONMOUTH,TINTON FALLS BORO,09/22/2019,SU,1245,02,NEW JERSEY STATE POLICE,HOLMDEL - SQUAD,0,0,0,0,P,B,N,N,02,2,GARDEN STATE PARKWAY,S,444,,00000444__,108.00,03,,01,04,02,01,01,01,01,01,,,,,,,,65,,26,40.306700,74.094770,N,,7361
20191336E050-2019-01914A,MONMOUTH,TINTON FALLS BORO,09/27/2019,FR,,02,NEW JERSEY STATE POLICE,HOLMDEL - SQUAD,0,0,0,0,P,B,N,N,12,1,GARDEN STATE PARKWAY,N,444,,00000444__,109.20,03,,01,04,02,01,06,01,01,01,,,,,,,,65,,24,40.323380,74.097810,N,,7570
20191336E050-2019-01918A,MONMOUTH,TINTON FALLS BORO,09/27/2019,FR,1611,02,NEW JERSEY STATE POLICE,HOLMDEL - SQUAD,0,0,0,0,P,B,N,N,01,2,GARDEN STATE PARKWAY,S,444,,00000444__,103.20,03,,01,04,02,01,01,01,03,01,,,,,,,,65,,26,40.241350,74.087510,N,,7887
20191336E050-2019-01919A,MONMOUTH,TINTON FALLS BORO,09/27/2019,FR,1552,02,NEW JERSEY STATE POLICE,HOLMDEL - SQUAD,0,0,0,0,P,B,N,N,01,2,GARDEN STATE PARKWAY,S,444,,00000444__,103.50,03,,01,04,02,01,01,01,03,01,,,,,,,,65,,26,40.245890,74.084240,N,,7887
20191336E050-2019-01926A,MONMOUTH,TINTON FALLS BORO,09/29/2019,SU,0638,02,NEW JERSEY STATE POLICE,HOLMDEL - SQUAD,0,0,0,0,P,B,N,N,11,1,GARDEN STATE PARKWAY,N,444,,00000444__,102.00,03,,01,04,02,01,01,01,01,01,,,,,,,,65,,46,40.224420,74.096500,N,NJTA Guardrail,7739
20191336E050-2019-01935A,MONMOUTH,TINTON FALLS BORO,09/29/2019,SU,2247,02,NEW JERSEY STATE POLICE,HOLMDEL - SQUAD,0,0,0,0,P,B,N,N,01,2,GARDEN STATE PARKWAY,N,444,,00000444__,102.70,03,,01,04,02,01,06,01,03,01,,,,,,,,65,,26,40.875640,74.091400,N,,7471
20191336E050-2019-01943A,MONMOUTH,TINTON FALLS BORO,09/26/2019,TH,0903,02,NEW JERSEY STATE POLICE,HOLMDEL - SQUAD,0,0,0,0,P,B,N,N,01,3,GARDEN STATE PARKWAY,N,444,,00000444__,109.00,03,,01,04,02,01,01,01,01,01,,,,,,,,65,,26,40.321970,74.097800,N,,7199
20191336E050-2019-01982A,MONMOUTH,TINTON FALLS BORO,10/04/2019,FR,1655,02,NEW JERSEY STATE POLICE,HOLMDEL - SQUAD,0,1,0,0,I,B,N,N,02,3,GARDEN STATE PARKWAY,S,444,,00000444__,104.10,03,,01,04,02,01,01,01,01,01,,,,,,,,65,,26,40.252940,74.082020,N,,7373
20191336E050-2019-02000A,MONMOUTH,TINTON FALLS BORO,10/06/2019,SU,1957,02,NEW JERSEY STATE POLICE,HOLMDEL - SQUAD,0,0,0,0,P,B,N,N,15,1,GARDEN STATE PARKWAY,S,444,,00000444__,102.20,03,,01,04,02,01,05,01,01,01,,,,,,,,65,,39,40.228300,74.097070,N,,7798
20191336E050-2019-02002A,MONMOUTH,TINTON FALLS BORO,10/07/2019,MO,0648,02,NEW JERSEY STATE POLICE,HOLMDEL - SQUAD,0,2,0,0,I,B,N,N,01,2,GARDEN STATE PARKWAY,S,444,,00000444__,108.50,03,,01,04,02,01,01,01,01,01,,,,,,,,65,,26,40.313720,74.097250,N,,7852