Year(4)-CountyCode(2)-MunicipalityCode(2)-CaseNumber(9),County Name,Municipality Name,Crash Date,Crash Day of Week,Crash Time,Police Department Code,Police Department,Police Station,Total Killed,Total Injured,Pedestrians Killed,Pedestrians Injured,Severity,Intersection,Alcohol Involved,Hazmat Involved,Crash Type,Total Vehicles,Location,Location Direction,Route,Route Suffix,Std Rte Identifier,MilePost,Road System,Road Character,Road Horizontal Alignment,Road Grade,Road Surface Type,Surface Condition,Light Condition,Environmental Condition,Road Divided By,Temporary Traffic Control Zone,Distance To Cross Street,Unit Of Measurement,Direction From Cross Street,Cross Street Name,Is Ramp,Ramp To/From Route Name,Ramp To/From Route Direction,Posted Speed,Posted Speed Cross Street,First Harmful Event,Latitude,Longitude,Cell Phone In Use Flag,Other Property Damage,Reporting Badge No.
20191336E050-2019-02018A,MONMOUTH,TINTON FALLS BORO,10/10/2019,TH,,02,NEW JERSEY STATE POLICE,HOLMDEL - SQUAD,0,0,0,0,P,B,N,N,12,1,GARDEN STATE PARKWAY,S,444,,00000444__,101.80,03,,01,04,02,01,05,01,01,01,,,,,,,,65,,24,40.200420,74.098610,N,,7733
20191336E050-2019-02028A,MONMOUTH,TINTON FALLS BORO,10/11/2019,FR,0405,02,NEW JERSEY STATE POLICE,HOLMDEL - SQUAD,0,0,0,0,P,B,N,N,12,1,GARDEN STATE PARKWAY,S,444,,00000444__,105.80,03,,01,04,02,01,05,01,01,01,,,,,,,,65,,24,40.276710,74.082810,N,,7733
20191336E050-2019-02029A,MONMOUTH,TINTON FALLS BORO,10/08/2019,TU,0636,02,NEW JERSEY STATE POLICE,HOLMDEL - SQUAD,0,0,0,0,P,B,N,N,12,1,GARDEN STATE PARKWAY,N,444,,00000444__,105.80,03,,01,04,02,01,01,01,03,01,,,,,,,,65,,24,40.386550,74.177130,N,,7471
20191336E050-2019-02030A,MONMOUTH,TINTON FALLS BORO,10/08/2019,TU,0639,02,NEW JERSEY STATE POLICE,HOLMDEL - SQUAD,0,0,0,0,P,B,N,N,12,1,GARDEN STATE PARKWAY,N,444,,00000444__,105.70,03,,01,04,02,01,01,01,03,01,,,,,,,,65,,24,40.386550,74.177130,N,,7471
20191336E050-2019-02031A,MONMOUTH,TINTON FALLS BORO,10/08/2019,TU,0803,02,NEW JERSEY STATE POLICE,HOLMDEL - SQUAD,0,0,0,0,P,B,N,N,01,2,GARDEN STATE PARKWAY,N,444,,00000444__,104.40,03,,01,04,02,01,01,01,03,01,,,,,,,,65,,26,40.386550,74.177130,N,,7471
20191336E050-2019-02033A,MONMOUTH,TINTON FALLS BORO,10/08/2019,TU,1302,02,NEW JERSEY STATE POLICE,HOLMDEL - SQUAD,0,0,0,0,P,B,N,N,02,2,GARDEN STATE PARKWAY,N,444,,00000444__,109.00,03,,01,04,02,01,01,01,01,01,,,,,,,,65,,26,40.386550,74.177130,N,,7471
20191336E050-2019-02046A,MONMOUTH,TINTON FALLS BORO,10/10/2019,TH,1103,02,NEW JERSEY STATE POLICE,HOLMDEL - SQUAD,0,0,0,0,P,B,N,N,02,2,GARDEN STATE PARKWAY,N,444,,00000444__,105.00,03,,01,04,02,01,01,01,01,01,,,,,F,STATE HIGHWAY 36,NB,65,,26,40.286890,74.078920,N,,7501
20191336E050-2019-02049A,MONMOUTH,TINTON FALLS BORO,10/09/2019,WE,1200,02,NEW JERSEY STATE POLICE,HOLMDEL - SQUAD,0,0,0,0,P,B,N,N,02,2,GARDEN STATE PARKWAY,S,444,,00000444__,102.00,03,,01,04,02,02,01,02,01,01,,,,,,,,65,,26,40.386550,74.177130,N,,7661
20191336E050-2019-02054A,MONMOUTH,TINTON FALLS BORO,10/15/2019,TU,2001,02,NEW JERSEY STATE POLICE,HOLMDEL - SQUAD,0,0,0,0,P,B,N,N,12,1,GARDEN STATE PARKWAY,S,444,,00000444__,109.10,03,,01,04,02,01,05,01,01,01,,,,,,,,65,,24,40.304300,74.100400,N,,7739
20191336E050-2019-02064A,MONMOUTH,TINTON FALLS BORO,10/16/2019,WE,0428,02,NEW JERSEY STATE POLICE,HOLMDEL - SQUAD,0,0,0,0,P,B,N,N,12,1,GARDEN STATE PARKWAY,N,444,,00000444__,100.84,03,,01,04,02,01,04,01,01,01,,,,,,,,65,,24,40.221530,74.097150,N,,7576
20191336E050-2019-02087A,MONMOUTH,TINTON FALLS BORO,10/15/2019,TU,1922,02,NEW JERSEY STATE POLICE,HOLMDEL - SQUAD,0,0,0,0,P,B,N,N,02,2,GARDEN STATE PARKWAY,S,444,,00000444__,105.20,03,,01,04,02,01,07,01,01,01,,,,,,,,65,,26,40.268640,74.078940,N,,7501
20191336E050-2019-02091A,MONMOUTH,TINTON FALLS BORO,10/18/2019,FR,2141,02,NEW JERSEY STATE POLICE,HOLMDEL - SQUAD,0,0,0,0,P,B,N,N,02,2,GARDEN STATE PARKWAY,S,444,,00000444__,106.50,03,,01,04,02,01,05,01,01,01,,,,,,,,65,,26,40.283190,74.087100,N,NJTA GUARDRAIL DAMAGE.,7118
20191336E050-2019-02093A,MONMOUTH,TINTON FALLS BORO,10/18/2019,FR,1735,02,NEW JERSEY STATE POLICE,HOLMDEL - SQUAD,0,1,0,0,I,B,N,N,01,2,GARDEN STATE PARKWAY,S,444,,00000444__,104.70,03,,01,04,02,01,01,01,01,01,,,,,,,,65,,26,40.261900,74.080590,N,,7501
20191336E050-2019-02094A,MONMOUTH,TINTON FALLS BORO,10/18/2019,FR,1752,02,NEW JERSEY STATE POLICE,HOLMDEL - SQUAD,0,1,0,0,I,B,N,N,01,2,GARDEN STATE PARKWAY,S,444,,00000444__,101.80,03,,01,04,02,01,01,01,01,01,,,,,,,,65,,26,40.222770,74.098950,N,,7501
20191336E050-2019-02096A,MONMOUTH,TINTON FALLS BORO,10/18/2019,FR,1337,02,NEW JERSEY STATE POLICE,HOLMDEL - SQUAD,0,0,0,0,P,B,N,N,11,1,GARDEN STATE PARKWAY,S,444,,00000444__,105.30,03,,03,04,02,01,01,01,03,01,,,,,,,,65,,58,40.386550,74.177120,N,,7199
20191336E050-2019-02099A,MONMOUTH,TINTON FALLS BORO,10/18/2019,FR,1607,02,NEW JERSEY STATE POLICE,HOLMDEL - SQUAD,0,0,0,0,P,B,N,N,01,2,GARDEN STATE PARKWAY,S,444,,00000444__,103.70,03,,01,04,02,01,01,01,01,01,,,,,,,,65,,26,40.247340,74.083510,N,,7798
20191336E050-2019-02100A,MONMOUTH,TINTON FALLS BORO,10/19/2019,SA,0705,02,NEW JERSEY STATE POLICE,HOLMDEL - SQUAD,0,0,0,0,P,B,N,N,12,1,GARDEN STATE PARKWAY,N,444,,00000444__,104.50,03,,02,06,02,01,01,01,01,01,,,,,,,,65,,24,40.258140,74.079610,N,,7361
20191336E050-2019-02122A,MONMOUTH,TINTON FALLS BORO,10/22/2019,TU,1717,02,NEW JERSEY STATE POLICE,HOLMDEL - SQUAD,0,0,0,0,P,B,N,N,01,2,GARDEN STATE PARKWAY,S,444,,00000444__,102.30,03,,01,04,02,02,01,02,01,01,,,,,,,,65,,26,40.230010,74.096190,N,,7578
20191336E050-2019-02123A,MONMOUTH,TINTON FALLS BORO,10/22/2019,TU,1733,02,NEW JERSEY STATE POLICE,HOLMDEL - SQUAD,0,0,0,0,P,B,N,N,01,2,GARDEN STATE PARKWAY,S,444,,00000444__,102.30,03,,01,04,02,02,01,02,01,01,,,,,,,,65,,26,40.229620,74.096350,N,,7578
20191336E050-2019-02126A,MONMOUTH,TINTON FALLS BORO,10/22/2019,TU,2055,02,NEW JERSEY STATE POLICE,HOLMDEL - SQUAD,0,0,0,0,P,B,N,N,11,1,GARDEN STATE PARKWAY,S,444,,00000444__,104.10,03,,01,04,02,02,06,02,01,01,,,,,,,,65,,46,40.252940,74.082030,N,NJTA Guardrail,7852
20191336E050-2019-02138A,MONMOUTH,TINTON FALLS BORO,10/24/2019,TH,0742,02,NEW JERSEY STATE POLICE,HOLMDEL - SQUAD,0,0,0,0,P,B,N,N,01,5,GARDEN STATE PARKWAY,N,444,,00000444__,103.10,03,,01,04,02,01,01,01,01,01,,,,,,,,65,,26,40.238920,74.087420,N,,7798
20191336E050-2019-02141A,MONMOUTH,TINTON FALLS BORO,10/24/2019,TH,0741,02,NEW JERSEY STATE POLICE,HOLMDEL - SQUAD,0,0,0,0,P,B,N,N,01,2,GARDEN STATE PARKWAY,N,444,,00000444__,104.20,03,,01,04,02,01,01,01,01,01,,,,,,,,65,,26,40.252090,74.081260,N,,7369
20191336E050-2019-02157A,MONMOUTH,TINTON FALLS BORO,10/26/2019,SA,2359,02,NEW JERSEY STATE POLICE,HOLMDEL - SQUAD,0,0,0,0,P,B,N,N,12,1,GARDEN STATE PARKWAY,S,444,,00000444__,107.20,03,,01,04,02,01,05,01,01,01,,,,,,,,65,,24,40.292650,74.091640,N,,7118
20191336E050-2019-02186A,MONMOUTH,TINTON FALLS BORO,10/28/2019,MO,0726,02,NEW JERSEY STATE POLICE,HOLMDEL - SQUAD,0,0,0,0,P,B,N,N,01,2,GARDEN STATE PARKWAY,N,444,,00000444__,103.60,03,,01,04,02,01,01,01,03,01,,,,,,,,65,,26,40.245450,74.083090,N,,7887
20191336E050-2019-02193A,MONMOUTH,TINTON FALLS BORO,10/30/2019,WE,0611,02,NEW JERSEY STATE POLICE,HOLMDEL - SQUAD,0,1,0,0,I,B,N,N,03,3,GARDEN STATE PARKWAY,N,444,,00000444__,101.20,03,,01,04,02,01,02,01,02,01,,,,,,,,65,,26,40.212840,74.097320,N,,7887
20191336E050-2019-02197A,MONMOUTH,TINTON FALLS BORO,10/29/2019,TU,0710,02,NEW JERSEY STATE POLICE,HOLMDEL - SQUAD,0,0,0,0,P,B,N,N,01,2,GARDEN STATE PARKWAY,N,444,,00000444__,109.00,03,,02,04,02,02,01,02,01,01,,,,,,,,65,,26,40.333360,74.098420,N,,7501
20191336E050-2019-02200A,MONMOUTH,TINTON FALLS BORO,10/26/2019,SA,2012,02,NEW JERSEY STATE POLICE,HOLMDEL - SQUAD,0,0,0,0,P,B,N,N,12,1,GARDEN STATE PARKWAY,S,444,,00000444__,106.30,03,,01,04,02,01,05,01,03,01,,,,,,,,65,,24,40.282980,74.086950,N,,6496
20191336E050-2019-02201A,MONMOUTH,TINTON FALLS BORO,10/27/2019,SU,,02,NEW JERSEY STATE POLICE,HOLMDEL - SQUAD,0,0,0,0,P,B,N,N,12,1,GARDEN STATE PARKWAY,N,444,,00000444__,105.00,03,,01,04,02,01,05,01,03,01,,,,,,,,65,,24,40.326840,74.098750,N,,6496
20191336E050-2019-02217A,MONMOUTH,TINTON FALLS BORO,11/01/2019,FR,1642,02,NEW JERSEY STATE POLICE,HOLMDEL - SQUAD,0,0,0,0,P,B,N,N,01,2,GARDEN STATE PARKWAY,S,444,,00000444__,108.00,03,,01,04,02,01,01,01,03,01,,,,,,,,65,,26,40.306700,74.094780,N,,7373
20191336E050-2019-02224A,MONMOUTH,TINTON FALLS BORO,11/02/2019,SA,1838,02,NEW JERSEY STATE POLICE,HOLMDEL - SQUAD,0,0,0,0,P,B,N,N,12,1,GARDEN STATE PARKWAY,S,444,,00000444__,102.90,03,,01,05,02,01,05,01,01,01,,,,,,,,65,,24,40.237180,74.090760,N,,7798
20191336E050-2019-02226A,MONMOUTH,TINTON FALLS BORO,11/02/2019,SA,0737,02,NEW JERSEY STATE POLICE,HOLMDEL - SQUAD,0,1,0,0,I,B,N,N,12,1,GARDEN STATE PARKWAY,S,444,,00000444__,103.50,03,,01,04,02,01,01,01,01,01,,,,,,,,65,,24,40.244750,74.085250,N,,7570
20191336E050-2019-02231A,MONMOUTH,TINTON FALLS BORO,11/02/2019,SA,1446,02,NEW JERSEY STATE POLICE,HOLMDEL - SQUAD,0,0,0,0,P,B,N,N,12,1,GARDEN STATE PARKWAY,S,444,,00000444__,108.20,03,,01,04,02,01,01,01,01,01,,,,,,,,65,,24,40.255580,74.079870,N,,7845
20191336E050-2019-02233A,MONMOUTH,TINTON FALLS BORO,11/03/2019,SU,0642,02,NEW JERSEY STATE POLICE,HOLMDEL - SQUAD,0,0,0,0,P,B,N,N,12,1,GARDEN STATE PARKWAY,N,444,,00000444__,101.50,03,,01,04,02,01,02,01,01,01,,,,,,,,65,,24,40.300430,74.092850,N,,7845
20191336E050-2019-02240A,MONMOUTH,TINTON FALLS BORO,11/04/2019,MO,0849,02,NEW JERSEY STATE POLICE,HOLMDEL - SQUAD,0,0,0,0,P,B,N,N,12,1,GARDEN STATE PARKWAY,N,444,,00000444__,100.90,03,,01,04,02,01,01,01,03,01,,,,,,,,65,,24,40.208530,74.097190,N,,7471
20191336E050-2019-02249A,MONMOUTH,TINTON FALLS BORO,11/05/2019,TU,2105,02,NEW JERSEY STATE POLICE,HOLMDEL - SQUAD,0,0,0,0,P,B,N,N,12,1,GARDEN STATE PARKWAY,S,444,,00000444__,101.60,03,,01,04,02,01,05,01,01,01,,,,,,,,65,,24,40.219750,74.099160,N,,7369
20191336E050-2019-02254A,MONMOUTH,TINTON FALLS BORO,11/03/2019,SU,1008,02,NEW JERSEY STATE POLICE,HOLMDEL - SQUAD,0,0,0,0,P,B,N,N,12,1,GARDEN STATE PARKWAY,N,444,,00000444__,107.80,03,,01,04,02,01,01,01,03,01,,,,,,,,65,,24,40.303710,74.092930,N,,6357
20191336E050-2019-02255A,MONMOUTH,TINTON FALLS BORO,11/05/2019,TU,0613,02,NEW JERSEY STATE POLICE,HOLMDEL - SQUAD,0,0,0,0,P,B,N,N,02,3,GARDEN STATE PARKWAY,N,444,,00000444__,102.00,03,,01,04,02,02,01,02,03,01,,,,,,,,65,,26,40.224420,74.096500,N,Traffic post stanchions.,7852
20191336E050-2019-02262A,MONMOUTH,TINTON FALLS BORO,11/06/2019,WE,1726,02,NEW JERSEY STATE POLICE,HOLMDEL - SQUAD,0,0,0,0,P,B,N,N,02,3,GARDEN STATE PARKWAY,N,444,,00000444__,104.30,03,,01,04,02,01,06,01,01,01,,,,,,,,65,,26,40.255320,74.079730,N,,7373
20191336E050-2019-02264A,MONMOUTH,TINTON FALLS BORO,11/07/2019,TH,,02,NEW JERSEY STATE POLICE,HOLMDEL - SQUAD,0,0,0,0,P,B,N,N,12,1,GARDEN STATE PARKWAY,N,444,,00000444__,101.00,03,,01,04,02,01,05,01,01,01,,,,,,,,65,,24,40.209960,74.097190,N,,7733
20191336E050-2019-02281A,MONMOUTH,TINTON FALLS BORO,11/08/2019,FR,1817,02,NEW JERSEY STATE POLICE,HOLMDEL - SQUAD,0,0,0,0,P,B,N,N,12,1,GARDEN STATE PARKWAY,S,444,,00000444__,101.20,03,,01,04,02,01,05,01,03,01,,,,,,,,65,,24,40.212020,74.098730,N,,7779
20191336E050-2019-02282A,MONMOUTH,TINTON FALLS BORO,11/10/2019,SU,0207,02,NEW JERSEY STATE POLICE,HOLMDEL - SQUAD,0,2,0,0,I,B,N,N,12,1,GARDEN STATE PARKWAY,S,444,,00000444__,101.90,03,,01,04,02,01,05,01,03,01,,,,,,,,65,,24,40.224080,74.098600,N,,7887
20191336E050-2019-02293A,MONMOUTH,TINTON FALLS BORO,11/11/2019,MO,0902,02,NEW JERSEY STATE POLICE,HOLMDEL - SQUAD,0,0,0,0,P,B,N,N,01,2,GARDEN STATE PARKWAY,S,444,,00000444__,103.40,03,,01,04,02,01,01,01,01,01,,,,,,,,65,,26,40.241470,74.087340,N,NJTA GUIDERAIL DAMAGE.  NJTA NOTIFIED.,7369
20191336E050-2019-02298A,MONMOUTH,TINTON FALLS BORO,11/08/2019,FR,,02,NEW JERSEY STATE POLICE,HOLMDEL - SQUAD,0,0,0,0,P,B,N,N,12,1,GARDEN STATE PARKWAY,N,444,,00000444__,108.00,03,,01,04,02,01,05,01,03,01,,,,,,,,65,,24,40.306560,74.093580,N,,7199
20191336E050-2019-02326A,MONMOUTH,TINTON FALLS BORO,11/15/2019,FR,1747,02,NEW JERSEY STATE POLICE,HOLMDEL - SQUAD,0,1,0,0,I,B,N,N,01,2,GARDEN STATE PARKWAY,S,444,,00000444__,104.70,03,,01,04,02,01,05,01,01,01,,,,,,,,65,,26,40.261540,74.080700,N,,7576
20191336E050-2019-02328A,MONMOUTH,TINTON FALLS BORO,11/15/2019,FR,1741,02,NEW JERSEY STATE POLICE,HOLMDEL - SQUAD,0,0,0,0,P,B,N,N,01,2,GARDEN STATE PARKWAY,S,444,,00000444__,101.90,03,,01,04,02,01,05,01,01,01,,,,,,,,65,,26,40.224250,74.098350,N,,7661
20191336E050-2019-02331A,MONMOUTH,TINTON FALLS BORO,11/15/2019,FR,1826,02,NEW JERSEY STATE POLICE,HOLMDEL - SQUAD,0,1,0,0,I,B,N,N,01,2,GARDEN STATE PARKWAY,N,444,,00000444__,103.50,03,,01,04,02,01,06,01,01,01,,,,,,,,65,,26,40.248390,74.082070,N,,7661
20191336E050-2019-02348A,MONMOUTH,TINTON FALLS BORO,11/19/2019,TU,0812,02,NEW JERSEY STATE POLICE,HOLMDEL - SQUAD,0,1,0,0,I,B,N,N,11,1,GARDEN STATE PARKWAY,E,444,,00000444__,105.00,03,,01,04,02,01,01,01,02,01,,,,,,,,35,,53,40.386550,74.177130,N,NJTA Light Pole # 14-1-B,7887
20191336E050-2019-02351A,MONMOUTH,TINTON FALLS BORO,11/19/2019,TU,0128,02,NEW JERSEY STATE POLICE,HOLMDEL - SQUAD,0,0,0,0,P,B,Y,N,11,1,GARDEN STATE PARKWAY,N,444,,00000444__,104.10,03,,01,04,02,02,06,02,01,01,,,,,,,,65,,46,40.252550,74.080980,N,NJTA Guardrail,7852
20191336E050-2019-02353A,MONMOUTH,TINTON FALLS BORO,11/19/2019,TU,1758,02,NEW JERSEY STATE POLICE,HOLMDEL - SQUAD,0,0,0,0,P,B,N,N,01,3,GARDEN STATE PARKWAY,S,444,,00000444__,102.00,03,,01,04,02,01,06,01,01,01,,,,,,,,15,,26,40.240190,74.088210,N,,7639
20191336E050-2019-02365A,MONMOUTH,TINTON FALLS BORO,11/14/2019,TH,1056,02,NEW JERSEY STATE POLICE,HOLMDEL - SQUAD,0,0,0,0,P,B,N,N,02,2,GARDEN STATE PARKWAY,N,444,,00000444__,106.00,03,,01,04,02,01,01,01,01,01,,,,,,,,65,,26,40.304300,74.100400,N,,7639
20191336E050-2019-02367A,MONMOUTH,TINTON FALLS BORO,11/21/2019,TH,2003,02,NEW JERSEY STATE POLICE,HOLMDEL - SQUAD,0,0,0,0,P,B,N,N,02,2,GARDEN STATE PARKWAY,N,444,,00000444__,105.00,03,,01,04,02,01,06,01,01,01,,,,,,,,65,,26,40.284970,74.083380,N,,7570
20191336E050-2019-02376A,MONMOUTH,TINTON FALLS BORO,11/22/2019,FR,1737,02,NEW JERSEY STATE POLICE,HOLMDEL - SQUAD,0,0,0,0,P,B,N,N,01,2,GARDEN STATE PARKWAY,S,444,,00000444__,101.10,03,,01,04,02,01,05,05,01,01,,,,,,,,65,,26,40.214960,74.099220,N,,7660
20191336E050-2019-02379A,MONMOUTH,TINTON FALLS BORO,11/23/2019,SA,1130,02,NEW JERSEY STATE POLICE,HOLMDEL - SQUAD,0,0,0,0,P,B,N,N,11,1,GARDEN STATE PARKWAY,S,444,,00000444__,101.00,03,,01,04,02,01,01,01,01,01,,,,,,,,65,,46,40.211060,74.098800,N,NJTA Guardrail damage,7733
20191336E050-2019-02391A,MONMOUTH,TINTON FALLS BORO,11/25/2019,MO,1757,02,NEW JERSEY STATE POLICE,HOLMDEL - SQUAD,0,0,0,0,P,B,N,N,12,1,GARDEN STATE PARKWAY,N,444,,00000444__,108.50,03,,01,04,02,01,05,01,01,01,,,,,,,,65,,24,40.313510,74.096050,N,,7369
20191336E050-2019-02405A,MONMOUTH,TINTON FALLS BORO,11/26/2019,TU,2149,02,NEW JERSEY STATE POLICE,HOLMDEL - SQUAD,0,1,0,0,I,B,N,N,01,2,GARDEN STATE PARKWAY,S,444,,00000444__,103.00,03,,01,04,02,01,05,01,01,01,,,,,,,,65,,26,40.238380,74.089690,N,,7369
20191336E050-2019-02411A,MONMOUTH,TINTON FALLS BORO,11/28/2019,TH,0242,02,NEW JERSEY STATE POLICE,HOLMDEL - SQUAD,0,0,0,0,P,B,N,N,12,1,GARDEN STATE PARKWAY,N,444,,00000444__,103.40,03,,01,04,02,01,05,01,03,01,,,,,,,,65,,24,40.242770,74.084650,N,,7578
20191336E050-2019-02418A,MONMOUTH,TINTON FALLS BORO,11/29/2019,FR,1719,02,NEW JERSEY STATE POLICE,HOLMDEL - SQUAD,0,0,0,0,P,B,N,N,02,2,GARDEN STATE PARKWAY,N,444,,00000444__,104.70,03,,01,04,02,01,05,01,01,01,,,,,,,,65,,26,40.261130,74.078840,N,,7373
20191336E050-2019-02444A,MONMOUTH,TINTON FALLS BORO,12/02/2019,MO,1523,02,NEW JERSEY STATE POLICE,HOLMDEL - SQUAD,0,0,0,0,P,B,N,N,11,1,GARDEN STATE PARKWAY,N,444,,00000444__,106.40,03,,01,04,02,03,01,03,01,01,,,,,,,,65,,46,40.284490,74.086090,N,GUARDRAIL,7578
20191336E050-2019-02447A,MONMOUTH,TINTON FALLS BORO,12/03/2019,TU,0915,02,NEW JERSEY STATE POLICE,HOLMDEL - SQUAD,0,1,0,0,I,B,N,N,11,1,GARDEN STATE PARKWAY,N,444,,00000444__,106.80,03,,01,04,02,01,01,01,01,01,,,,,,,,65,,46,40.288700,74.089000,N,,7852
20191336E050-2019-02464A,MONMOUTH,TINTON FALLS BORO,12/04/2019,WE,0703,02,NEW JERSEY STATE POLICE,HOLMDEL - SQUAD,0,0,0,0,P,B,N,N,12,1,GARDEN STATE PARKWAY,S,444,,00000444__,102.00,03,,01,04,02,01,01,01,01,01,,,,,,,,65,,24,40.225520,74.098240,N,,7845
20191336E050-2019-02476A,MONMOUTH,TINTON FALLS BORO,12/05/2019,TH,1716,02,NEW JERSEY STATE POLICE,HOLMDEL - SQUAD,0,0,0,0,P,B,N,N,15,1,GARDEN STATE PARKWAY,S,444,,00000444__,106.70,03,,02,06,02,01,05,01,01,01,,,,,,,,65,,39,40.288080,74.090910,N,,7798
20191336E050-2019-02490A,MONMOUTH,TINTON FALLS BORO,12/02/2019,MO,1532,02,NEW JERSEY STATE POLICE,HOLMDEL - SQUAD,0,0,0,0,P,B,N,N,02,2,GARDEN STATE PARKWAY,N,444,,00000444__,106.40,03,,01,04,02,03,01,03,01,01,,,,,,,,65,,26,40.386520,74.177130,N,,6496
20191336E050-2019-02493A,MONMOUTH,TINTON FALLS BORO,12/06/2019,FR,1718,02,NEW JERSEY STATE POLICE,HOLMDEL - SQUAD,0,0,0,0,P,B,N,N,01,2,GARDEN STATE PARKWAY,S,444,,00000444__,107.00,03,,01,05,02,01,06,01,01,01,,,,,,,,65,,26,40.289310,74.091160,N,,7411
20191336E050-2019-02505A,MONMOUTH,TINTON FALLS BORO,12/10/2019,TU,0944,02,NEW JERSEY STATE POLICE,HOLMDEL - SQUAD,0,0,0,0,P,B,N,N,11,1,GARDEN STATE PARKWAY,N,444,,00000444__,109.28,03,,03,04,02,02,01,01,01,01,,,,,,,,65,,46,40.765440,74.644230,N,NJTA GURADRAIL DAMAGE.,8003
20191336E050-2019-02506A,MONMOUTH,TINTON FALLS BORO,12/10/2019,TU,0853,02,NEW JERSEY STATE POLICE,HOLMDEL - SQUAD,0,1,0,0,I,B,N,N,02,2,GARDEN STATE PARKWAY,N,444,,00000444__,105.50,03,,01,04,02,01,01,01,01,01,,,,,,,,65,,26,40.272730,74.078650,N,,7373
20191336E050-2019-02513A,MONMOUTH,TINTON FALLS BORO,12/10/2019,TU,,02,NEW JERSEY STATE POLICE,HOLMDEL - SQUAD,0,0,0,0,P,B,N,N,11,1,GARDEN STATE PARKWAY,N,444,,00000444__,108.00,03,,01,04,02,02,05,05,01,01,,,,,,,,65,,46,40.306560,74.093580,N,NJTA Gaurdrail,7469
20191336E050-2019-02515A,MONMOUTH,TINTON FALLS BORO,12/11/2019,WE,0257,02,NEW JERSEY STATE POLICE,HOLMDEL - SQUAD,0,0,0,0,P,B,N,N,12,1,GARDEN STATE PARKWAY,S,444,,00000444__,104.00,03,,01,04,02,03,05,03,01,01,,,,,,,,65,,24,40.251510,74.082210,N,,7661
20191336E050-2019-02534A,MONMOUTH,TINTON FALLS BORO,12/12/2019,TH,1735,02,NEW JERSEY STATE POLICE,HOLMDEL - SQUAD,0,0,0,0,P,B,N,N,01,2,GARDEN STATE PARKWAY,S,444,,00000444__,101.50,03,,01,04,02,01,06,01,03,01,,,,,,,,65,,26,40.217490,74.099340,N,,7779
20191336E050-2019-02539A,MONMOUTH,TINTON FALLS BORO,12/13/2019,FR,1607,02,NEW JERSEY STATE POLICE,HOLMDEL - SQUAD,0,1,0,0,I,B,N,N,01,2,GARDEN STATE PARKWAY,S,444,,00000444__,103.00,03,,01,04,02,02,01,02,03,01,,,,,,,,65,,26,40.246920,74.083930,N,,7373
20191336E050-2019-02541A,MONMOUTH,TINTON FALLS BORO,12/13/2019,FR,2038,02,NEW JERSEY STATE POLICE,HOLMDEL - SQUAD,0,1,0,0,I,B,Y,N,11,1,GARDEN STATE PARKWAY,N,444,,00000444__,107.10,03,,01,04,02,02,05,02,03,01,,,,,,,,65,,60,40.292880,74.090970,N,Tree owned by the New Jersey Turnpike Authority,6907
20191336E050-2019-02546A,MONMOUTH,TINTON FALLS BORO,12/13/2019,FR,2216,02,NEW JERSEY STATE POLICE,HOLMDEL - SQUAD,0,1,0,0,I,B,N,N,12,1,GARDEN STATE PARKWAY,S,444,,00000444__,102.00,03,,01,04,02,02,07,02,01,01,,,,,,,,65,,24,40.225520,74.098240,N,,7501
20191336E050-2019-02550A,MONMOUTH,TINTON FALLS BORO,12/14/2019,SA,2055,02,NEW JERSEY STATE POLICE,HOLMDEL - SQUAD,0,0,0,0,P,B,N,N,02,2,GARDEN STATE PARKWAY,S,444,,00000444__,108.30,03,,01,04,02,02,07,01,01,01,,,,,,,,65,,26,40.310910,74.096170,N,,7501
20191336E050-2019-02564A,MONMOUTH,TINTON FALLS BORO,11/14/2019,TH,0812,02,NEW JERSEY STATE POLICE,HOLMDEL - SQUAD,0,0,0,0,P,B,N,N,08,2,GARDEN STATE PARKWAY,N,444,,00000444__,104.00,03,,01,04,02,01,01,01,01,01,,,,,,,,15,,26,40.251180,74.081140,N,,7639