Year(4)-CountyCode(2)-MunicipalityCode(2)-CaseNumber(9),County Name,Municipality Name,Crash Date,Crash Day of Week,Crash Time,Police Department Code,Police Department,Police Station,Total Killed,Total Injured,Pedestrians Killed,Pedestrians Injured,Severity,Intersection,Alcohol Involved,Hazmat Involved,Crash Type,Total Vehicles,Location,Location Direction,Route,Route Suffix,Std Rte Identifier,MilePost,Road System,Road Character,Road Horizontal Alignment,Road Grade,Road Surface Type,Surface Condition,Light Condition,Environmental Condition,Road Divided By,Temporary Traffic Control Zone,Distance To Cross Street,Unit Of Measurement,Direction From Cross Street,Cross Street Name,Is Ramp,Ramp To/From Route Name,Ramp To/From Route Direction,Posted Speed,Posted Speed Cross Street,First Harmful Event,Latitude,Longitude,Cell Phone In Use Flag,Other Property Damage,Reporting Badge No.
20191336E050-2019-02569A,MONMOUTH,TINTON FALLS BORO,12/17/2019,TU,0555,02,NEW JERSEY STATE POLICE,HOLMDEL - SQUAD,0,0,0,0,P,B,N,N,11,1,GARDEN STATE PARKWAY,S,444,,00000444__,107.60,03,,01,04,02,02,05,02,01,01,,,,,,,,65,,46,40.299540,74.093310,N,,7794
20191336E050-2019-02570A,MONMOUTH,TINTON FALLS BORO,12/17/2019,TU,0555,02,NEW JERSEY STATE POLICE,HOLMDEL - SQUAD,1,1,0,0,F,B,Y,N,01,2,GARDEN STATE PARKWAY,S,444,,00000444__,107.50,03,,01,04,02,02,04,02,01,01,,,,,,,,65,,26,40.299540,74.093310,N,TWO NJTA GUARDRAILS,7794
20191336E050-2019-02578A,MONMOUTH,TINTON FALLS BORO,12/18/2019,WE,0905,02,NEW JERSEY STATE POLICE,HOLMDEL - SQUAD,0,0,0,0,P,B,N,N,02,2,GARDEN STATE PARKWAY,N,444,,00000444__,102.60,03,,01,04,02,01,01,01,01,01,,,,,,,,65,,26,40.232600,74.092330,N,,7373
20191336E050-2019-02580A,MONMOUTH,TINTON FALLS BORO,12/18/2019,WE,0841,02,NEW JERSEY STATE POLICE,HOLMDEL - SQUAD,0,0,0,0,P,B,N,N,02,2,GARDEN STATE PARKWAY,N,444,,00000444__,105.70,03,,01,04,02,01,01,01,03,01,,,,,,,,65,,26,40.275500,74.079930,N,,7470
20191336E050-2019-02584A,MONMOUTH,TINTON FALLS BORO,12/18/2019,WE,1738,02,NEW JERSEY STATE POLICE,HOLMDEL - SQUAD,0,0,0,0,P,B,N,N,12,1,GARDEN STATE PARKWAY,N,444,,00000444__,108.90,03,,01,04,02,03,06,03,01,01,,,,,,,,65,,24,40.320550,74.097630,N,,7570
20191336E050-2019-02585A,MONMOUTH,TINTON FALLS BORO,12/18/2019,WE,1805,02,NEW JERSEY STATE POLICE,HOLMDEL - SQUAD,0,0,0,0,P,B,N,N,11,1,GARDEN STATE PARKWAY,S,444,,00000444__,101.60,03,,03,05,02,03,06,03,01,01,,,,,,,,65,,50,40.219750,74.099150,N,NO U-TURN SIGN,7570
20191336E050-2019-02590A,MONMOUTH,TINTON FALLS BORO,12/19/2019,TH,0835,02,NEW JERSEY STATE POLICE,HOLMDEL - SQUAD,0,0,0,0,P,B,N,N,01,2,GARDEN STATE PARKWAY,N,444,,00000444__,103.80,03,,01,04,02,01,01,01,01,01,,,,,,,,65,,26,40.248270,74.082030,N,,7798
20191336E050-2019-02595A,MONMOUTH,TINTON FALLS BORO,12/19/2019,TH,1652,02,NEW JERSEY STATE POLICE,HOLMDEL - SQUAD,0,0,0,0,P,B,N,N,01,2,GARDEN STATE PARKWAY,S,444,,00000444__,101.80,03,,01,04,02,01,01,01,01,01,,,,,,,,65,,26,40.221740,74.099060,N,,7845
20191336E050-2019-02616A,MONMOUTH,TINTON FALLS BORO,12/23/2019,MO,1735,02,NEW JERSEY STATE POLICE,HOLMDEL - SQUAD,0,0,0,0,P,B,N,N,01,2,GARDEN STATE PARKWAY,S,444,,00000444__,101.60,03,,01,04,02,01,06,01,01,01,,,,,,,,65,,26,40.220920,74.098870,N,,7798
20191336E050-2019-02635A,MONMOUTH,TINTON FALLS BORO,12/19/2019,TH,1110,02,NEW JERSEY STATE POLICE,HOLMDEL - SQUAD,0,0,0,0,P,B,N,N,02,2,GARDEN STATE PARKWAY,S,444,,00000444__,103.80,03,,01,04,02,01,01,01,01,01,,,,,,,,65,,26,40.248160,74.083160,N,,7199
20191336E050-2019-02640A,MONMOUTH,TINTON FALLS BORO,12/18/2019,WE,1738,02,NEW JERSEY STATE POLICE,HOLMDEL - SQUAD,0,0,0,0,P,B,N,N,01,2,GARDEN STATE PARKWAY,N,444,,00000444__,108.90,03,,01,04,03,03,06,03,01,01,,,,,,,,65,,26,40.320550,74.097630,N,,7570
20191336E050-2019-02648A,MONMOUTH,TINTON FALLS BORO,12/29/2019,SU,1715,02,NEW JERSEY STATE POLICE,HOLMDEL - SQUAD,0,0,0,0,P,B,N,N,12,1,GARDEN STATE PARKWAY,N,444,,00000444__,106.50,03,,01,04,02,02,03,02,01,01,,,,,,,,65,,24,40.284290,74.086120,N,,7373
20191336E050-2019-02659A,MONMOUTH,TINTON FALLS BORO,12/31/2019,TU,1428,02,NEW JERSEY STATE POLICE,HOLMDEL - SQUAD,0,1,0,0,I,B,N,N,02,2,GARDEN STATE PARKWAY,S,444,,00000444__,101.90,03,,01,04,02,01,01,01,03,01,,,,,,,,65,,26,40.224080,74.098600,N,,7471
20191337190T29920,MONMOUTH,OCEAN TWP,12/06/2019,FR,1703,01,OCEAN TWP PD (MONMOUTH),ZONE 51,0,0,0,0,P,I,N,N,03,2,ALDRIN AVE / COLLINS AVE / KINGS HWY **,S,,,13371187__,.15,07,,01,04,02,02,06,02,05,01,,AT,,CINDY LN,,,,35,35,26,40.266460,74.043020,N,,37274
2019133719LB22639,MONMOUTH,OCEAN TWP,08/24/2019,SA,1337,01,LONG BRANCH PD,MUNICIPAL,0,0,0,0,P,I,N,N,03,2,EASTBOURNE AVE,,,,,,07,,01,04,02,01,01,01,05,,,AT,,WESTWOOD AVE,,,,25,25,26,40.292220,73.993500,N,,25316
2019133719NT19939,MONMOUTH,OCEAN TWP,06/23/2019,SU,1955,01,NEPTUNE TWP PD,,0,0,0,0,P,B,N,N,11,1,NJ 18,N,18,,00000018__,10.00,02,,01,04,02,01,01,01,,01,,,,,,,,65,,60,,,N,,34168
2019133719OT00072,MONMOUTH,OCEAN TWP,01/02/2019,WE,0643,01,OCEAN TWP PD (MONMOUTH),53 ZONE,0,1,0,0,I,B,N,N,11,2,WHALEPOND RD,N,,,13371369__,.21,07,,01,04,02,01,01,01,05,01,125,FE,S,SHADOWLAWN DR,,,,35,25,26,40.256890,74.023190,N,MAILBOX / PROPERTY POLE 263 WHALEPHOND RD,37266
2019133719OT00087,MONMOUTH,OCEAN TWP,01/02/2019,WE,0916,01,OCEAN TWP PD (MONMOUTH),ZONE 51,0,0,0,0,P,B,N,N,11,1,WEST PARK AVE,E,,,13361373__,1.55,07,,01,05,02,01,01,01,05,01,1200,FE,W,NJ 18,,,,45,65,56,40.261250,74.063220,N,UTILITY POLE #VZ2250,37278
2019133719OT00112,MONMOUTH,OCEAN TWP,01/02/2019,WE,1410,01,OCEAN TWP PD (MONMOUTH),52,0,0,0,0,P,B,N,N,08,2,550 W PARK AVE; OCEAN TWP,,,,,,08,,01,04,02,01,01,01,05,01,,,,,,,,,,28,,,N,,37241
2019133719OT00125,MONMOUTH,OCEAN TWP,01/02/2019,WE,1845,01,OCEAN TWP PD (MONMOUTH),ZONE 55,0,0,0,0,P,B,N,N,01,2,WICKAPECKO DR,N,,,13371419__,1.22,07,,01,04,02,01,06,01,05,01,10,FE,S,APPLEBY DR / S WANAMASSA DR,,,,35,25,26,40.230150,74.027400,N,,37297
2019133719OT00178,MONMOUTH,OCEAN TWP,01/03/2019,TH,1052,01,OCEAN TWP PD (MONMOUTH),54,0,0,0,0,P,B,N,N,01,2,NJ 35,S,35,,00000035__,26.19,02,,01,04,02,01,01,01,01,01,500,FE,N,BLOOMFIELD AVE,,,,50,25,26,40.246580,74.038390,N,,37246
2019133719OT00253,MONMOUTH,OCEAN TWP,01/04/2019,FR,0034,01,OCEAN TWP PD (MONMOUTH),ZONE 55,0,0,0,0,P,B,N,N,12,1,NJ 35,N,35,,00000035__,25.14,02,,01,04,02,01,06,01,01,01,200,FE,N,LOGAN RD,,,,50,35,24,40.231630,74.038110,N,,37267
2019133719OT00374,MONMOUTH,OCEAN TWP,01/05/2019,SA,1151,01,OCEAN TWP PD (MONMOUTH),ZONE 54,0,0,0,0,P,B,N,N,11,1,NJ 66,W,66,,00000066__,3.01,02,,03,04,02,02,01,02,03,01,100,FE,,,T,NJ 18,SB,50,,56,40.229120,74.052780,N,,37290
2019133719OT00388,MONMOUTH,OCEAN TWP,01/05/2019,SA,1606,01,OCEAN TWP PD (MONMOUTH),ZONE 54,0,1,0,0,I,B,N,N,01,2,NJ 66,W,66,,00000066__,2.90,02,,03,04,02,02,03,02,03,01,800,FE,,,T,NJ 18,NB,50,,26,40.228560,74.049510,N,,37223
2019133719OT00513,MONMOUTH,OCEAN TWP,01/07/2019,MO,1249,01,OCEAN TWP PD (MONMOUTH),ZONE 53,0,2,0,0,I,I,N,N,03,2,WEST PARK AVE,E,,,13361373__,3.60,07,,01,04,02,01,01,01,05,01,,AT,,WHALEPOND RD,,,,40,35,26,,,N,,37277
2019133719OT00537,MONMOUTH,OCEAN TWP,01/07/2019,MO,1857,01,OCEAN TWP PD (MONMOUTH),ZONE 52,0,1,0,0,I,B,N,N,01,2,WEST PARK AVE,E,,,13361373__,3.58,07,,01,04,02,01,06,01,05,01,100,FE,W,WHALEPOND RD,,,,40,35,26,40.269540,74.026640,N,,37298
2019133719OT00596,MONMOUTH,OCEAN TWP,01/08/2019,TU,0932,01,OCEAN TWP PD (MONMOUTH),54,0,0,0,0,P,B,N,N,11,1,NJ 18,N,18,,00000018__,11.20,02,,01,04,02,02,01,01,03,01,50,FE,,,T,DEAL ROAD,EB,65,,56,40.250030,74.058330,N,,37246
2019133719OT00603,MONMOUTH,OCEAN TWP,01/08/2019,TU,1005,01,OCEAN TWP PD (MONMOUTH),ZONE 51,0,0,0,0,P,B,N,N,02,2,WEST PARK AVE,E,,,13361373__,2.71,07,,01,04,02,02,01,01,05,01,30,FE,W,NJ 35,,,,40,50,26,40.264650,74.041990,N,,37285
2019133719OT00640,MONMOUTH,OCEAN TWP,01/08/2019,TU,1549,01,OCEAN TWP PD (MONMOUTH),53,0,0,0,0,P,I,N,N,07,3,FREEHOLD ST **,N,,,13371086__,.26,07,,01,04,02,01,01,05,05,01,,AT,,WHALEPOND RD,,,,40,25,26,40.260480,74.023160,N,,
2019133719OT00707,MONMOUTH,OCEAN TWP,01/09/2019,WE,0827,01,OCEAN TWP PD (MONMOUTH),ZONE 51,0,1,0,0,I,B,N,N,02,2,NJ 35,S,35,,00000035__,27.89,02,,01,04,02,01,01,01,01,01,75,FE,N,KINGS HWY,,,,50,35,26,40.271650,74.043430,N,UTILITY POLE- 25AMP-MOV,37263
2019133719OT00850,MONMOUTH,OCEAN TWP,01/10/2019,TH,1427,01,OCEAN TWP PD (MONMOUTH),ZONE 53,0,1,0,0,I,B,N,N,01,2,MONMOUTH COUNTY 15,S,15,,13000015__,3.24,05,,01,04,02,01,01,01,05,01,75,FE,N,W PARK AVE,,,,35,35,26,,,N,,37277
2019133719OT00906,MONMOUTH,OCEAN TWP,01/11/2019,FR,0817,01,OCEAN TWP PD (MONMOUTH),ZONE 53,0,0,0,0,P,B,N,N,01,2,MONMOUTH COUNTY 15,N,15,,13000015__,3.40,05,,01,04,02,01,01,01,05,01,30,FE,S,LAKE AVE,,,,35,25,26,40.273520,74.016580,N,,37285
2019133719OT00929,MONMOUTH,OCEAN TWP,01/11/2019,FR,1306,01,OCEAN TWP PD (MONMOUTH),ZONE 54,0,0,0,0,P,I,Y,N,04,2,MONMOUTH COUNTY 16,W,16,,13000016__,3.52,05,,01,04,02,01,01,01,05,01,,AT,,BOWNE RD,,,,40,40,26,40.229510,74.054720,Y,,37277
2019133719OT01061,MONMOUTH,OCEAN TWP,01/13/2019,SU,1214,01,OCEAN TWP PD (MONMOUTH),ZONE 52,0,0,0,0,P,B,N,N,01,2,DEAL RD,E,,,13371368__,.55,07,,01,04,02,02,01,01,05,01,75,FE,W,WHALEPOND RD,,,,40,40,26,40.253330,74.023980,N,,37285
2019133719OT01104,MONMOUTH,OCEAN TWP,01/14/2019,MO,0447,01,OCEAN TWP PD (MONMOUTH),55,0,0,0,0,P,B,N,N,06,2,ALLAN ST **,S,,,13371211__,.14,07,,01,04,02,01,05,01,05,01,100,FE,N,FAIRMONT AVE,,,,25,25,28,40.236960,74.035500,N,,37268
2019133719OT01143,MONMOUTH,OCEAN TWP,01/14/2019,MO,1357,01,OCEAN TWP PD (MONMOUTH),54,0,1,0,0,I,B,N,N,11,1,NJ 18,S,18,,00000018__,10.35,02,,01,04,02,01,01,01,03,01,2640,FE,N,NJ 66 / ASBURY AVE,,,,65,50,58,40.228810,74.050280,N,,37227
2019133719OT01147,MONMOUTH,OCEAN TWP,01/14/2019,MO,1415,01,OCEAN TWP PD (MONMOUTH),52,0,0,0,0,P,B,N,N,03,2,615 W PARK AVE; LOUSIE WE,,,,,,08,,01,04,02,01,01,01,05,01,,,,,,,,,,26,,,N,,37241
2019133719OT01151,MONMOUTH,OCEAN TWP,01/14/2019,MO,1436,01,OCEAN TWP PD (MONMOUTH),ZONE 52,0,1,0,0,I,B,N,N,07,2,WEST PARK AVE,E,,,13361373__,3.28,07,,01,04,02,01,01,01,05,01,195,FE,E,LINDEN ST / LOUISE H WELTZ AVE,,,,40,25,26,,,N,,37277
2019133719OT01170,MONMOUTH,OCEAN TWP,01/14/2019,MO,1905,01,OCEAN TWP PD (MONMOUTH),ZONE 53,0,2,0,0,I,B,N,N,01,2,DEAL RD,E,,,13371368__,.00,07,,01,04,02,01,06,01,05,01,40,FE,W,CR 15 / MONMOUTH RD,,,,40,35,26,,,N,,37277
2019133719OT01266,MONMOUTH,OCEAN TWP,01/15/2019,TU,1435,01,OCEAN TWP PD (MONMOUTH),54 ZONE,0,0,0,0,P,B,N,N,01,2,NJ 35,S,35,,00000035__,26.50,02,,01,04,02,01,01,01,01,01,150,FE,,,F,DEAL ROAD,EB,50,,26,40.247850,74.055050,N,,37266
2019133719OT01383,MONMOUTH,OCEAN TWP,01/16/2019,WE,1718,01,OCEAN TWP PD (MONMOUTH),51,0,0,0,0,P,B,N,N,01,2,WEST PARK AVE,E,,,13361373__,2.50,07,,01,04,02,01,06,01,05,01,15,FE,E,RALEIGH CT EAST,,,,40,,26,40.262860,74.045090,N,,37248
2019133719OT01386,MONMOUTH,OCEAN TWP,01/16/2019,WE,1753,01,OCEAN TWP PD (MONMOUTH),,0,0,0,0,P,B,N,N,12,1,WEST PARK AVE,E,,,13361373__,2.23,07,,01,04,02,01,06,01,04,01,25,FE,W,COTSWOLD CIR,,,,40,,24,40.262970,74.047250,N,,37285
2019133719OT01415,MONMOUTH,OCEAN TWP,01/17/2019,TH,0637,01,OCEAN TWP PD (MONMOUTH),54,0,0,0,0,P,B,N,N,12,1,MONMOUTH COUNTY 16,W,16,,13000016__,3.01,05,,01,04,02,01,06,01,05,01,5,FE,W,SHARON DR,,,,40,25,24,40.229540,74.054800,N,,37248
2019133719OT01437,MONMOUTH,OCEAN TWP,01/17/2019,TH,1005,01,OCEAN TWP PD (MONMOUTH),ZONE 55,0,1,0,0,I,B,N,N,01,3,NJ 35,N,35,,00000035__,25.10,02,,01,04,02,01,01,01,01,01,12,FE,S,LOGAN RD,,,,50,35,26,40.242530,74.032540,N,,
2019133719OT01492,MONMOUTH,OCEAN TWP,01/17/2019,TH,1903,01,OCEAN TWP PD (MONMOUTH),,0,0,0,0,P,B,N,N,01,2,NJ 35,N,35,,00000035__,24.90,02,,02,04,02,01,06,01,02,01,,,,,,,,50,,26,40.226790,74.039410,N,,37297
2019133719OT01523,MONMOUTH,OCEAN TWP,01/18/2019,FR,0920,01,OCEAN TWP PD (MONMOUTH),ZONE 53,0,0,0,0,P,B,N,N,11,1,CEDAR ST **,N,,,13371083__,.00,07,,01,04,02,02,06,03,05,01,25,FE,S,WELLS AVE,,,,25,25,56,,,N,TIRE TRACKS ON PROPERTY OF 342 WELLS AVENUE,37255
2019133719OT01524,MONMOUTH,OCEAN TWP,01/18/2019,FR,0930,01,OCEAN TWP PD (MONMOUTH),55,0,0,0,0,P,B,N,N,15,1,INTERLAKEN RD **,W,,,13371201__,.11,07,,01,04,02,01,06,01,05,01,600,FE,E,LOGAN RD,,,,25,35,39,,,N,4 TOWNSHIP OF OCEAN TRASH CONTAINERS (ROBO CANS).,37244
2019133719OT01558,MONMOUTH,OCEAN TWP,01/18/2019,FR,1551,01,OCEAN TWP PD (MONMOUTH),54 ZONE,0,0,0,0,P,B,N,N,01,2,DEAL RD,E,,,13371368__,1.61,07,,01,04,02,01,01,01,04,01,35,FE,W,RUSTIC DR,,,,45,,26,40.251230,74.042870,N,,37266
2019133719OT01564,MONMOUTH,OCEAN TWP,01/18/2019,FR,1746,01,OCEAN TWP PD (MONMOUTH),ZONE 51,0,0,0,0,P,I,N,N,03,2,WEST PARK AVE,E,,,13361373__,2.50,07,,01,04,02,02,06,01,05,01,,AT,,RALEIGH CT EAST,,,,40,,26,40.263500,74.045770,N,,37280
2019133719OT01659,MONMOUTH,OCEAN TWP,01/20/2019,SU,1046,01,OCEAN TWP PD (MONMOUTH),ZONE 55,0,0,0,0,P,B,N,N,01,2,NJ 35,N,35,,00000035__,24.90,02,,02,04,02,02,01,02,02,01,,,,,,,,50,,26,40.226790,74.039410,N,,37282
2019133719OT01727,MONMOUTH,OCEAN TWP,01/21/2019,MO,1528,01,OCEAN TWP PD (MONMOUTH),ZONE 54,0,0,0,0,P,B,N,N,03,2,SUNSET AVE,E,,,,,07,,01,04,02,01,01,01,05,01,,,E,NORTH MALL DRIVE,,,,35,,26,40.235490,74.040570,N,,37281
2019133719OT01777,MONMOUTH,OCEAN TWP,01/22/2019,TU,0937,01,OCEAN TWP PD (MONMOUTH),54,0,0,0,0,P,B,N,N,02,2,NJ 35,S,35,,00000035__,26.04,02,,01,04,02,01,01,01,01,01,10,FE,N,ALLAIRE AVE,,,,50,25,26,40.244190,74.037880,N,,37248
2019133719OT01798,MONMOUTH,OCEAN TWP,01/22/2019,TU,1316,01,OCEAN TWP PD (MONMOUTH),ZONE 55,0,1,0,0,I,B,N,N,02,2,NJ 35,N,35,,00000035__,24.80,02,,01,04,02,01,01,01,02,01,,,,,,,,50,,26,40.239950,74.055490,N,,37281
2019133719OT01800,MONMOUTH,OCEAN TWP,01/22/2019,TU,1335,01,OCEAN TWP PD (MONMOUTH),ZONE 54,0,0,0,0,P,B,N,N,15,1,810 SR 35,,,,,,09,,01,04,02,01,01,01,05,01,,,,,,,,,,39,40.231430,74.039500,N,JCP&L POLE #JC2486OT AND POWER LINES,37273
2019133719OT01804,MONMOUTH,OCEAN TWP,01/22/2019,TU,1408,01,OCEAN TWP PD (MONMOUTH),ZONE 52,0,0,0,0,P,B,N,N,02,2,777 W PARK AVE,,,,,,09,,01,04,02,01,01,01,05,01,,,,,,,,,,26,40.265500,74.040690,N,,37257
2019133719OT01830,MONMOUTH,OCEAN TWP,01/22/2019,TU,1955,01,OCEAN TWP PD (MONMOUTH),ZONE 53,0,2,0,0,I,B,N,N,01,2,NJ 71,S,71,,00000071__,12.19,02,,01,04,02,01,07,01,05,01,30,FE,N,PARK AVE,,,,35,35,26,40.270610,74.002230,N,,37292
2019133719OT01861,MONMOUTH,OCEAN TWP,01/23/2019,WE,0714,01,OCEAN TWP PD (MONMOUTH),54,0,1,0,0,I,B,N,N,01,2,NJ 18,S,18,,00000018__,12.05,02,,01,04,02,01,02,01,01,01,100,FE,S,WEST PARK AVE,,,,65,45,26,40.257440,74.057810,N,,37237
2019133719OT01903,MONMOUTH,OCEAN TWP,01/23/2019,WE,1528,01,OCEAN TWP PD (MONMOUTH),51,0,0,0,0,P,B,N,N,02,2,WEST PARK AVE,E,,,13361373__,2.09,07,,01,04,02,01,01,01,05,01,25,FE,W,FREDERICK DR,,,,45,25,26,40.261250,74.053060,N,,37227
2019133719OT01957,MONMOUTH,OCEAN TWP,01/24/2019,TH,0850,01,OCEAN TWP PD (MONMOUTH),51,0,0,0,0,P,B,N,N,01,2,NJ 35,S,35,,00000035__,27.49,02,,01,04,02,02,01,02,01,01,100,FE,N,WEST PARK AVE,,,,50,40,26,,,N,,37241
2019133719OT01969,MONMOUTH,OCEAN TWP,01/24/2019,TH,1107,01,OCEAN TWP PD (MONMOUTH),54 ZONE,0,1,0,0,I,B,N,N,11,1,NJ 18,S,18,,00000018__,9.89,02,,03,04,02,02,01,02,03,01,200,FE,N,NJ 66 / ASBURY AVE,,,,65,50,60,40.229120,74.052780,N,,37266
2019133719OT01989,MONMOUTH,OCEAN TWP,01/24/2019,TH,1429,01,OCEAN TWP PD (MONMOUTH),54,0,0,0,0,P,I,N,N,03,2,DEAL RD,E,,,13371368__,1.74,07,,01,04,02,02,01,02,05,01,,AT,,GARDEN DR / MCKINLEY DR,,,,40,,26,,,N,,37241
2019133719OT02001,MONMOUTH,OCEAN TWP,01/24/2019,TH,1613,01,OCEAN TWP PD (MONMOUTH),ZONE 54,0,0,0,0,P,B,N,N,01,2,NJ 35,N,35,,00000035__,24.90,02,,02,06,02,02,01,02,02,01,,,,,,,,50,,26,40.226790,74.039410,N,,37255
2019133719OT02002,MONMOUTH,OCEAN TWP,01/24/2019,TH,1627,01,OCEAN TWP PD (MONMOUTH),51,0,0,0,0,P,B,N,N,01,2,WEST PARK AVE,W,,,13361373__,2.65,07,,01,04,02,02,01,01,05,01,10,FE,W,KINGS HWY,,,,40,35,26,,,N,,37241
2019133719OT02058,MONMOUTH,OCEAN TWP,01/25/2019,FR,1228,01,OCEAN TWP PD (MONMOUTH),ZONE 54,0,2,0,0,I,B,N,N,01,2,NJ 35,S,35,,00000035__,26.08,02,,01,04,02,01,01,01,01,01,200,FE,N,ALLAIRE AVE,,,,50,25,26,40.243050,74.032780,N,,37257
2019133719OT02069,MONMOUTH,OCEAN TWP,01/25/2019,FR,1528,01,OCEAN TWP PD (MONMOUTH),ZONE 54,0,0,0,0,P,B,N,N,01,2,COLD INDIAN SPRINGS RD,S,,,,,07,,01,04,02,01,01,01,05,01,15,FE,N,CR 16,,,,35,45,26,40.234050,74.075890,N,,37281
2019133719OT02226,MONMOUTH,OCEAN TWP,01/27/2019,SU,1151,01,OCEAN TWP PD (MONMOUTH),ZONE 53,0,0,0,0,P,I,N,N,11,1,WELLS AVE **,N,,,13371085__,.42,07,,01,04,02,01,01,01,05,01,,AT,,WOODCREST RD,,,,25,25,69,40.261520,74.017610,N,STOP SIGN,37290
2019133719OT02323,MONMOUTH,OCEAN TWP,01/28/2019,MO,1544,01,OCEAN TWP PD (MONMOUTH),52,0,0,0,0,P,B,N,N,01,2,DEAL RD,W,,,13371368__,1.19,07,,01,04,02,01,01,01,05,01,50,FE,W,LOGAN RD,,,,40,35,26,,,N,,37241
2019133719OT02340,MONMOUTH,OCEAN TWP,01/28/2019,MO,1908,01,OCEAN TWP PD (MONMOUTH),,0,0,0,0,P,I,N,N,07,2,NJ 35,S,35,,00000035__,26.58,02,,01,04,02,01,06,01,01,01,,AT,,DEAL RD,,,,50,40,26,40.246140,74.038480,N,,37299
2019133719OT02398,MONMOUTH,OCEAN TWP,01/29/2019,TU,0929,01,OCEAN TWP PD (MONMOUTH),53,0,0,0,0,P,B,N,N,07,2,MONMOUTH COUNTY 15,N,15,,13000015__,3.21,05,,01,04,02,01,01,01,05,01,100,FE,S,W PARK AVE,,,,35,35,26,40.270970,74.015870,N,,37227
2019133719OT02421,MONMOUTH,OCEAN TWP,01/29/2019,TU,1229,01,OCEAN TWP PD (MONMOUTH),ZONE 54,0,0,0,0,P,B,N,N,03,2,SUNSET AVE,W,,,,,07,,01,04,02,01,01,05,05,01,500,FE,E,NORTH MALL DRIVE,,,,35,25,26,40.233750,74.042350,N,,37263
2019133719OT02431,MONMOUTH,OCEAN TWP,01/29/2019,TU,1333,01,OCEAN TWP PD (MONMOUTH),51,0,0,0,0,P,I,N,N,03,2,KINGS HWY **,S,,,13371299__,.22,07,,01,04,02,01,01,01,05,01,,AT,,COLLINS RD,,,,35,,26,40.267490,74.042700,N,,37227
2019133719OT02549,MONMOUTH,OCEAN TWP,01/30/2019,WE,2043,01,OCEAN TWP PD (MONMOUTH),ZONE: 54,0,0,0,0,P,B,N,N,01,2,NJ 18,N,18,,00000018__,11.20,02,,03,06,02,01,07,01,03,01,20,FE,,,T,DEAL RD,EB,65,,26,40.250440,74.054210,N,,37278
2019133719OT02633,MONMOUTH,OCEAN TWP,01/31/2019,TH,1543,01,OCEAN TWP PD (MONMOUTH),ZONE 55,0,0,0,0,P,B,N,N,01,2,NJ 35,N,35,,00000035__,24.90,02,,02,04,02,01,01,01,02,01,,,,,,,,50,,26,40.226790,74.039410,N,,37281
2019133719OT02980,MONMOUTH,OCEAN TWP,02/04/2019,MO,1601,01,OCEAN TWP PD (MONMOUTH),ZONE 1,0,1,0,0,I,B,N,N,01,2,NJ 35,S,35,,00000035__,27.40,02,,01,04,02,01,01,01,01,01,15,FE,S,COLT ROAD,,,,50,25,26,40.260680,74.043890,N,,37285
2019133719OT03060,MONMOUTH,OCEAN TWP,02/05/2019,TU,1530,01,OCEAN TWP PD (MONMOUTH),54,0,0,0,0,P,B,N,N,01,2,NJ 66,W,66,,00000066__,3.50,02,,01,04,02,01,01,01,03,01,500,FE,E,SOUTH MALL DRIVE,,,,50,,26,,,N,,37246
2019133719OT03088,MONMOUTH,OCEAN TWP,02/05/2019,TU,1931,01,OCEAN TWP PD (MONMOUTH),ZONE 53,0,0,0,0,P,I,N,N,02,2,MONMOUTH COUNTY 15,N,15,,13000015__,2.34,05,,01,04,02,01,06,01,05,01,,AT,,REDMOND AVE,,,,35,25,26,40.258610,74.011410,N,,37297
2019133719OT03137,MONMOUTH,OCEAN TWP,02/06/2019,WE,0955,01,OCEAN TWP PD (MONMOUTH),01,0,0,0,0,P,I,N,N,06,2,WEST PARK AVE,E,,,13361373__,3.45,07,,01,04,02,01,01,01,05,01,,AT,,PEACHTREE RD,,,,35,25,28,,,N,,37227
2019133719OT03150,MONMOUTH,OCEAN TWP,02/06/2019,WE,1225,01,OCEAN TWP PD (MONMOUTH),ZONE 51,0,0,0,0,P,B,N,N,02,2,NJ 18,S,18,,00000018__,12.77,02,,03,04,02,01,01,01,01,01,3696,FE,N,WEST PARK AVE,,,,65,45,26,,,N,MEDIAN GUARD RAIL ON STATE HWY 18,37277
2019133719OT03156,MONMOUTH,OCEAN TWP,02/06/2019,WE,1308,01,OCEAN TWP PD (MONMOUTH),ZONE 54,0,0,0,0,P,B,N,N,02,2,DEAL RD,E,,,13371368__,1.42,07,,01,04,02,01,01,01,05,01,50,FE,W,NJ 35,,,,45,50,26,40.247850,74.055050,N,,37282
2019133719OT03282,MONMOUTH,OCEAN TWP,02/07/2019,TH,1748,01,OCEAN TWP PD (MONMOUTH),ZONE 55,0,0,0,0,P,B,N,N,02,2,NJ 35,N,35,,00000035__,25.00,02,,03,04,02,02,06,01,01,01,50,FE,N,ASBURY CIRCLE,,,,50,50,26,40.230180,74.038830,N,,37282