Year(4)-CountyCode(2)-MunicipalityCode(2)-CaseNumber(9),County Name,Municipality Name,Crash Date,Crash Day of Week,Crash Time,Police Department Code,Police Department,Police Station,Total Killed,Total Injured,Pedestrians Killed,Pedestrians Injured,Severity,Intersection,Alcohol Involved,Hazmat Involved,Crash Type,Total Vehicles,Location,Location Direction,Route,Route Suffix,Std Rte Identifier,MilePost,Road System,Road Character,Road Horizontal Alignment,Road Grade,Road Surface Type,Surface Condition,Light Condition,Environmental Condition,Road Divided By,Temporary Traffic Control Zone,Distance To Cross Street,Unit Of Measurement,Direction From Cross Street,Cross Street Name,Is Ramp,Ramp To/From Route Name,Ramp To/From Route Direction,Posted Speed,Posted Speed Cross Street,First Harmful Event,Latitude,Longitude,Cell Phone In Use Flag,Other Property Damage,Reporting Badge No.
2019133719OT12696,MONMOUTH,OCEAN TWP,05/27/2019,MO,2035,01,OCEAN TWP PD (MONMOUTH),ZONE 54,0,0,0,0,P,I,N,N,02,2,NJ 35,S,35,,00000035__,24.86,02,,02,04,02,01,03,01,02,01,,AT,,NJ 66,,,,50,50,26,40.225800,74.038820,N,,37286
2019133719OT12720,MONMOUTH,OCEAN TWP,05/28/2019,TU,0603,01,OCEAN TWP PD (MONMOUTH),ZONE 55,0,0,0,0,P,B,N,N,11,1,MONMOUTH COUNTY 40,W,40,,13000040__,.57,05,,01,04,02,01,01,01,05,01,100,FE,E,WALNUT AVE,,,,35,25,52,40.232710,74.027750,N,FRONT YARD (GRASS/DRIVEWAY) AT 2305 SUNSET AVE & VERIZON POLE #BT40231OT,37290
2019133719OT12770,MONMOUTH,OCEAN TWP,05/28/2019,TU,1456,01,OCEAN TWP PD (MONMOUTH),ZONE 51,0,1,0,0,I,B,N,N,01,3,WEST PARK AVE,E,,,13361373__,1.78,07,,01,06,02,01,01,05,05,01,25,FE,W,NJ 18,,,,45,65,26,40.264630,74.042040,N,NO TURNS: STREET SIGN,
2019133719OT12847,MONMOUTH,OCEAN TWP,05/29/2019,WE,1302,01,OCEAN TWP PD (MONMOUTH),ZONE 55,0,0,0,0,P,B,N,N,06,2,ALLAIRE AVE **,W,,,13371330__,.09,07,,01,04,02,01,01,01,05,01,500,FE,E,NJ 35,,,,25,50,28,40.243050,74.032780,N,,37298
2019133719OT12926,MONMOUTH,OCEAN TWP,05/30/2019,TH,1040,01,OCEAN TWP PD (MONMOUTH),ZONE 54,0,0,0,0,P,B,N,N,11,1,YORKE LN **,W,,,13371414__,.00,07,,01,04,02,01,01,01,05,01,150,FE,W,STANDISH DR,,,,25,25,61,,,N,MAILBOX 3 YORKE LANE,37269
2019133719OT12928,MONMOUTH,OCEAN TWP,05/30/2019,TH,1139,01,OCEAN TWP PD (MONMOUTH),ZONE 52,0,0,0,0,P,B,N,N,01,2,WEST PARK AVE,W,,,13361373__,2.73,07,,01,04,02,01,01,01,05,01,50,FE,E,NJ 35,,,,35,50,26,40.264790,74.042520,N,,37298
2019133719OT13006,MONMOUTH,OCEAN TWP,05/31/2019,FR,0641,01,OCEAN TWP PD (MONMOUTH),55,0,0,0,0,P,B,N,N,06,2,MAPLE AVE **,S,,,13371224__,.00,07,,01,04,02,00,00,00,05,01,150,FE,S,CR 40 / SUNSET AVE,,,,25,35,28,40.233210,74.031510,N,,37285
2019133719OT13058,MONMOUTH,OCEAN TWP,05/31/2019,FR,1512,01,OCEAN TWP PD (MONMOUTH),ZONE 54,0,0,0,0,P,B,N,N,01,2,NJ 18,N,18,,00000018__,11.37,02,,03,05,02,01,01,01,03,01,,,,,T,DEAL ROAD,EB,65,,26,40.251440,74.054110,N,,37269
2019133719OT13094,MONMOUTH,OCEAN TWP,05/31/2019,FR,2146,01,OCEAN TWP PD (MONMOUTH),ZONE 54,0,2,0,0,I,B,N,N,01,3,GREEN GROVE RD,N,,,13341417__,2.07,07,,01,04,02,01,05,01,05,01,200,FE,N,CR 16 / ASBURY AVE,,,,40,45,26,40.236490,74.078870,N,,
2019133719OT13193,MONMOUTH,OCEAN TWP,06/02/2019,SU,0128,01,OCEAN TWP PD (MONMOUTH),P371,0,0,0,0,P,I,Y,N,05,2,KINGS HWY **,N,,,13371299__,.15,07,,01,04,02,02,06,01,05,01,,AT,,CINDY LN,,,,35,35,26,40.264770,74.043210,N,,37275
2019133719OT13240,MONMOUTH,OCEAN TWP,06/02/2019,SU,2042,01,OCEAN TWP PD (MONMOUTH),ZONE 55,0,0,0,0,P,B,Y,N,11,1,SUNSET AVE,W,,,13031365__,1.51,07,,01,04,02,01,06,01,05,01,50,FE,E,WICKAPECKPO DR,,,,35,,56,,,N,,37269
2019133719OT13258,MONMOUTH,OCEAN TWP,06/03/2019,MO,0650,01,OCEAN TWP PD (MONMOUTH),53,0,0,0,0,P,B,N,N,01,2,WEST PARK AVE,E,,,13361373__,4.17,07,,01,04,02,01,01,01,05,01,85,FE,W,CR 15 / MONMOUTH RD,,,,35,35,26,40.270970,74.015870,N,,37227
2019133719OT13260,MONMOUTH,OCEAN TWP,06/03/2019,MO,0753,01,OCEAN TWP PD (MONMOUTH),ZONE 51,0,0,0,0,P,I,N,N,01,2,WEST PARK AVE,W,,,13361373__,2.33,07,,01,04,02,01,01,01,04,01,,AT,,PROVIDENT CT,,,,40,25,26,40.262420,74.049090,N,,37300
2019133719OT13273,MONMOUTH,OCEAN TWP,06/03/2019,MO,0956,01,OCEAN TWP PD (MONMOUTH),ZONE 51,0,0,0,0,P,B,N,N,03,2,WEST PARK AVE,W,,,13361373__,1.74,07,,01,04,02,01,01,01,05,01,200,FE,W,NJ 18,,,,45,65,26,40.259260,74.073530,N,,37300
2019133719OT13299,MONMOUTH,OCEAN TWP,06/03/2019,MO,1504,01,OCEAN TWP PD (MONMOUTH),ZONE 53,0,0,0,0,P,B,N,N,01,2,MONMOUTH COUNTY 15,S,15,,13000015__,2.15,05,,01,04,02,01,01,01,05,01,300,FE,N,GRANT AVE,,,,40,30,26,40.255190,74.011750,N,,37302
2019133719OT13300,MONMOUTH,OCEAN TWP,06/03/2019,MO,1505,01,OCEAN TWP PD (MONMOUTH),ZONE 54,0,0,0,0,P,I,N,N,03,2,NJ 35,E,35,,00000035__,26.58,02,,01,04,02,01,01,01,04,01,,AT,,DEAL RD,,,,40,50,26,40.247850,74.055050,N,,37301
2019133719OT13307,MONMOUTH,OCEAN TWP,06/03/2019,MO,1729,01,OCEAN TWP PD (MONMOUTH),ZONE 51,0,0,0,0,P,B,N,N,01,2,WEST PARK AVE,W,,,13361373__,2.24,07,,01,04,02,01,01,01,05,01,500,FE,E,LYNN DR / POPLAR RD,,,,40,40,26,40.262210,74.050760,N,,37299
2019133719OT13364,MONMOUTH,OCEAN TWP,06/04/2019,TU,1110,01,OCEAN TWP PD (MONMOUTH),ZONE 54,0,0,0,0,P,B,N,N,01,2,NJ 18,N,18,,00000018__,11.37,02,,01,06,02,01,01,01,,01,,,,,T,DEAL ROAD,EB,65,,26,40.251480,74.039190,N,,37280
2019133719OT13378,MONMOUTH,OCEAN TWP,06/04/2019,TU,1336,01,OCEAN TWP PD (MONMOUTH),ZONE 55,0,0,0,0,P,B,N,N,01,2,NJ 35,N,35,,00000035__,,02,,02,04,02,01,01,01,03,01,,,,,,,,50,,26,40.226270,74.037910,N,,37255
2019133719OT13402,MONMOUTH,OCEAN TWP,06/04/2019,TU,1714,01,OCEAN TWP PD (MONMOUTH),ZONE 54,0,1,0,0,I,B,N,N,01,2,NJ 66,W,66,,00000066__,,02,,01,04,02,01,01,01,03,01,75,FE,E,SOUTH MALL DRIVE,,,,50,,26,40.227290,74.043510,N,,37280
2019133719OT13428,MONMOUTH,OCEAN TWP,06/05/2019,WE,0652,01,OCEAN TWP PD (MONMOUTH),54,0,0,0,0,P,B,N,N,07,2,ROSE AVENUE,E,,,,,07,,01,04,02,01,01,01,05,01,300,FE,W,KNEELEY BLVD,,,,25,25,26,40.240640,74.045570,N,,37285
2019133719OT13430,MONMOUTH,OCEAN TWP,06/05/2019,WE,0705,01,OCEAN TWP PD (MONMOUTH),54,0,1,0,0,I,B,N,N,01,2,MONMOUTH COUNTY 16,W,16,,13000016__,3.54,05,,01,04,02,01,01,01,04,01,100,FE,E,BOWNE RD,,,,45,40,26,40.224290,74.030260,N,,37246
2019133719OT13531,MONMOUTH,OCEAN TWP,06/06/2019,TH,0857,01,OCEAN TWP PD (MONMOUTH),ZONE 53,0,0,0,0,P,B,N,N,08,2,60 MONMOUTH RD,,,,,,08,,01,04,02,01,01,01,05,01,,,,,,,,,,26,40.270450,74.016000,N,,37273
2019133719OT13549,MONMOUTH,OCEAN TWP,06/06/2019,TH,1045,01,OCEAN TWP PD (MONMOUTH),54,0,0,0,0,P,B,N,N,01,2,NJ 35,S,35,,00000035__,26.50,02,,03,04,02,01,01,01,01,01,20,FE,,,T,DEAL RD,EB,50,,26,40.247850,74.055050,N,,37227
2019133719OT13591,MONMOUTH,OCEAN TWP,06/06/2019,TH,1723,01,OCEAN TWP PD (MONMOUTH),ZONE 54,0,0,0,0,P,B,N,N,02,2,NJ 18,N,18,,00000018__,9.86,02,,02,04,02,01,01,01,03,01,75,FE,N,NJ 66 / ASBURY AVE,,,,65,50,26,,,N,,37277
2019133719OT13602,MONMOUTH,OCEAN TWP,06/06/2019,TH,1821,01,OCEAN TWP PD (MONMOUTH),ZONE 52,0,0,0,0,P,B,N,N,02,2,NJ 35,W,35,,00000035__,27.46,02,,03,04,02,01,01,01,05,01,50,FE,W,WEST PARK AVE,,,,35,50,26,40.264660,74.041930,N,,37290
2019133719OT13628,MONMOUTH,OCEAN TWP,06/07/2019,FR,0010,01,OCEAN TWP PD (MONMOUTH),52,0,0,0,0,P,B,N,N,06,2,HOLBROOK ST **,S,,,13371184__,.19,07,,01,04,02,01,07,01,05,01,50,FE,S,DOW AVE,,,,25,35,26,40.261700,74.037450,N,UTILITY POLE# BT2089OT,37289
2019133719OT13657,MONMOUTH,OCEAN TWP,06/07/2019,FR,1029,01,OCEAN TWP PD (MONMOUTH),55 ZONE,0,0,0,0,P,I,N,N,03,2,WICKAPECKO DR,N,,,13371419__,1.22,07,,01,04,02,01,01,01,05,01,,AT,,APPLEBY DR / S WANAMASSA DR,,,,35,25,26,40.230150,74.027400,N,,37288
2019133719OT13662,MONMOUTH,OCEAN TWP,06/07/2019,FR,1133,01,OCEAN TWP PD (MONMOUTH),51,0,0,0,0,P,B,N,N,11,1,WEST PARK AVE,E,,,13361373__,1.74,07,,01,06,02,01,01,01,05,01,200,FE,W,NJ 18,,,,40,65,46,40.259840,74.060730,N,METAL GUARD RAIL AND WOOD POSTS. DOT NOTIFIED,37241
2019133719OT13665,MONMOUTH,OCEAN TWP,06/07/2019,FR,1138,01,OCEAN TWP PD (MONMOUTH),ZONE 51,0,0,0,0,P,B,N,N,06,2,LOTUS CT **,N,,,13371376__,.15,07,,01,04,02,01,06,01,05,,500,FE,W,CLEARVIEW RD,,,,25,25,,40.264610,74.048890,N,,37263
2019133719OT13671,MONMOUTH,OCEAN TWP,06/07/2019,FR,1257,01,OCEAN TWP PD (MONMOUTH),ZONE 55,0,0,0,0,P,I,N,N,03,2,NJ 35,N,35,,00000035__,25.50,02,,01,04,02,01,01,01,01,01,,AT,,FAIRMONT AVE,,,,50,25,26,40.236450,74.037640,N,,37282
2019133719OT13685,MONMOUTH,OCEAN TWP,06/07/2019,FR,1536,01,OCEAN TWP PD (MONMOUTH),53,0,0,0,0,P,I,N,N,03,2,JOHNSTON ST **,W,,,13371061__,.00,07,,01,04,02,01,01,01,05,01,,AT,,W PARK AVE,,,,35,25,26,,,N,,
2019133719OT13691,MONMOUTH,OCEAN TWP,06/07/2019,FR,1619,01,OCEAN TWP PD (MONMOUTH),ZONE 54,0,0,0,0,P,B,N,N,02,2,NJ 35,S,35,,00000035__,25.51,02,,01,04,02,01,01,01,01,,300,FE,N,US 40 / SUNSET AVE,,,,50,35,26,40.235670,74.037820,N,,37263
2019133719OT13757,MONMOUTH,OCEAN TWP,06/08/2019,SA,1106,01,OCEAN TWP PD (MONMOUTH),ZONE 51,0,0,0,0,P,I,N,N,03,2,WEST PARK AVE,E,,,13361373__,2.42,07,,01,04,02,01,01,01,05,01,,AT,,RALEIGH CT W,,,,40,25,26,40.264640,74.042000,N,,37255
2019133719OT13841,MONMOUTH,OCEAN TWP,06/09/2019,SU,1432,01,OCEAN TWP PD (MONMOUTH),ZONE 51,0,1,0,0,I,B,N,N,01,4,WEST PARK AVE,E,,,13361373__,2.27,07,,01,04,02,01,01,01,04,,200,FE,E,COTSWOLD CIR,,,,35,25,26,40.262210,74.050760,N,,
2019133719OT13867,MONMOUTH,OCEAN TWP,06/09/2019,SU,1917,01,OCEAN TWP PD (MONMOUTH),55 ZONE,0,0,0,0,P,I,N,N,01,2,NJ 66,W,66,,00000066__,3.62,02,,02,06,01,01,01,01,03,01,,AT,,NJ 35,,,,50,50,26,40.225320,74.035080,N,,37295
2019133719OT13900,MONMOUTH,OCEAN TWP,06/10/2019,MO,0923,01,OCEAN TWP PD (MONMOUTH),ZONE 54,0,0,0,0,P,B,N,N,11,1,NJ 66,W,66,,00000066__,3.00,02,,03,06,02,02,01,05,05,01,150,FE,,,T,NJ 18,NB,50,,56,40.228560,74.049510,N,,37290
2019133719OT13933,MONMOUTH,OCEAN TWP,06/10/2019,MO,1650,01,OCEAN TWP PD (MONMOUTH),ZONE 51,0,0,0,0,P,B,N,N,01,2,NJ 35,S,35,,00000035__,27.40,02,,01,04,02,02,01,02,01,01,5,FE,S,COLT RD,,,,50,25,26,40.260680,74.043890,N,,37281
2019133719OT13965,MONMOUTH,OCEAN TWP,06/11/2019,TU,0611,01,OCEAN TWP PD (MONMOUTH),ZONE 54,0,1,0,0,I,B,N,N,99,1,NJ 66,W,66,,00000066__,2.98,02,,02,06,02,02,02,02,03,01,,,,,F,NJ 18,SB,50,,,40.228810,74.050280,N,MINOR DAMAGE TO GUARD RAIL,37292
2019133719OT13998,MONMOUTH,OCEAN TWP,06/11/2019,TU,1258,01,OCEAN TWP PD (MONMOUTH),53,0,0,0,0,P,B,N,N,02,2,MONMOUTH COUNTY 15,S,15,,13000015__,3.32,05,,01,04,02,01,01,01,05,01,100,FE,N,BROWN PL,,,,35,25,26,40.271830,74.016400,N,,37246
2019133719OT14003,MONMOUTH,OCEAN TWP,06/11/2019,TU,1331,01,OCEAN TWP PD (MONMOUTH),ZONE 55,0,0,0,0,P,B,N,N,15,1,WICKAPECKO DR,S,,,13371419__,,07,,03,04,02,01,01,01,,,,,,,,,,35,,,40.234550,74.024840,N,,37285
2019133719OT14012,MONMOUTH,OCEAN TWP,06/11/2019,TU,1457,01,OCEAN TWP PD (MONMOUTH),ZONE 54,0,3,0,0,I,B,N,N,01,3,MONMOUTH COUNTY 16,W,16,,13000016__,3.52,05,,01,04,02,01,01,01,05,01,,,,,F,BOWNE RD,WB,40,,26,40.230240,74.060580,Y,,
2019133719OT14014,MONMOUTH,OCEAN TWP,06/11/2019,TU,1548,01,OCEAN TWP PD (MONMOUTH),ZONE 54,0,0,0,0,P,I,N,N,03,2,MONMOUTH COUNTY 40,E,40,,13000040__,,05,,01,05,02,01,01,01,05,01,,AT,,NORTH MALL DR,,,,35,,26,40.235490,74.040570,N,,37281
2019133719OT14016,MONMOUTH,OCEAN TWP,06/11/2019,TU,1619,01,OCEAN TWP PD (MONMOUTH),51,0,0,0,0,P,I,N,N,04,2,WEST PARK AVE,W,,,13361373__,2.45,07,,01,04,02,01,01,01,04,01,,AT,,CINDY LN,,,,40,25,26,40.263220,74.046670,N,,37246
2019133719OT14083,MONMOUTH,OCEAN TWP,06/12/2019,WE,0939,01,OCEAN TWP PD (MONMOUTH),54,0,0,0,0,P,B,N,N,01,2,MONMOUTH COUNTY 40,E,40,,13000040__,.00,05,,01,04,02,01,01,01,05,01,100,FE,W,NJ 35,,,,40,50,26,,,N,,37241
2019133719OT14124,MONMOUTH,OCEAN TWP,06/12/2019,WE,1708,01,OCEAN TWP PD (MONMOUTH),ZONE 54,0,0,0,0,P,I,N,N,01,2,NJ 35,S,35,,00000035__,26.58,02,,03,04,02,01,01,01,01,01,,AT,W,,T,DEAL RD,EB,50,,26,40.251840,74.039250,N,,37283
2019133719OT14129,MONMOUTH,OCEAN TWP,06/12/2019,WE,1832,01,OCEAN TWP PD (MONMOUTH),ZONE 54,0,0,0,0,P,B,N,N,08,2,DEAL RD,W,,,13371368__,1.68,07,,01,06,02,01,01,01,05,,300,FE,E,RUSTIC DR,,,,45,25,26,40.251080,74.040730,N,,37283
2019133719OT14200,MONMOUTH,OCEAN TWP,06/13/2019,TH,1809,01,OCEAN TWP PD (MONMOUTH),ZONE 52,0,0,0,0,P,B,N,N,02,2,DEAL RD,E,,,13371368__,.59,07,,03,04,02,01,03,01,04,01,150,FE,E,WHALEPOND RD,,,,40,40,26,40.253330,74.021930,N,,37283
2019133719OT14233,MONMOUTH,OCEAN TWP,06/14/2019,FR,0759,01,OCEAN TWP PD (MONMOUTH),ZONE 54,0,0,0,0,P,I,N,N,02,2,NJ 66,W,66,,00000066__,3.21,02,,01,04,02,01,01,01,03,01,,AT,,NEPTUNE BLVD,,,,50,25,26,40.228550,74.047580,N,,37285
2019133719OT14236,MONMOUTH,OCEAN TWP,06/14/2019,FR,0818,01,OCEAN TWP PD (MONMOUTH),ZONE 53,0,0,0,0,P,B,N,N,01,2,MONMOUTH COUNTY 15,N,15,,13000015__,2.09,05,,01,04,02,01,01,01,05,01,20,FE,S,GRANT AVE,,,,35,30,26,,,N,,37277
2019133719OT14288,MONMOUTH,OCEAN TWP,06/14/2019,FR,1607,01,OCEAN TWP PD (MONMOUTH),ZONE 55,0,0,0,0,P,B,N,N,01,2,NJ 35,N,35,,00000035__,24.90,02,,02,04,02,01,01,01,02,01,,,,,,,,50,,26,40.226270,74.037910,N,,37281
2019133719OT14289,MONMOUTH,OCEAN TWP,06/14/2019,FR,1613,01,OCEAN TWP PD (MONMOUTH),52,0,1,0,0,I,B,N,N,03,2,WEST PARK AVE,W,,,13361373__,2.83,07,,01,04,02,01,01,01,05,01,40,FE,E,KLEIN ST,,,,40,25,26,40.265210,74.040260,N,,37237
2019133719OT14347,MONMOUTH,OCEAN TWP,06/15/2019,SA,0746,01,OCEAN TWP PD (MONMOUTH),ZONE 52,0,0,0,0,P,B,N,N,01,2,DEAL RD,E,,,13371368__,.56,07,,01,04,02,01,01,01,05,01,25,FE,W,WHALEPOND RD,,,,40,40,26,40.247850,74.055050,N,,37290
2019133719OT14361,MONMOUTH,OCEAN TWP,06/15/2019,SA,1252,01,OCEAN TWP PD (MONMOUTH),ZONE 55,0,0,0,0,P,B,N,N,01,2,NJ 35,N,35,,00000035__,24.90,02,,02,04,02,01,01,01,02,01,,,,,,,,50,,26,,,N,,37281
2019133719OT14387,MONMOUTH,OCEAN TWP,06/15/2019,SA,1514,01,OCEAN TWP PD (MONMOUTH),ZONE 55,0,0,0,0,P,B,N,N,01,2,NJ 35,N,35,,00000035__,24.90,02,,02,04,02,01,01,01,02,01,,,,,,,,50,,26,,,N,,37281
2019133719OT14473,MONMOUTH,OCEAN TWP,06/16/2019,SU,1655,01,OCEAN TWP PD (MONMOUTH),ZONE 54,0,0,0,0,P,B,N,N,02,2,NJ 66,W,66,,00000066__,2.51,02,,02,04,02,01,01,01,05,01,50,FE,W,CR 16 / ASBURY AVE / PARK RD,,,,50,45,26,,,N,,37290
2019133719OT14481,MONMOUTH,OCEAN TWP,06/16/2019,SU,1802,01,OCEAN TWP PD (MONMOUTH),ZONE 55,0,0,0,0,P,B,N,N,08,2,MADDISON AVE **,S,,,13371048__,,07,,01,04,02,01,01,01,,,,,,,,,,25,,,40.242310,74.031130,N,,37285
2019133719OT14490,MONMOUTH,OCEAN TWP,06/16/2019,SU,2214,01,OCEAN TWP PD (MONMOUTH),ZONE 55,0,0,0,0,P,B,N,N,11,1,735 SR 35,N,,,,,09,,03,04,02,01,07,01,05,01,,,,,,,,,,69,40.228600,74.038380,N,VERIZON CABLE WIRES AND SUPER 8 MOTEL LIGHT UTILITY POLE,37286
2019133719OT14544,MONMOUTH,OCEAN TWP,06/17/2019,MO,1611,01,OCEAN TWP PD (MONMOUTH),ZONE 55,0,0,0,0,P,B,N,N,11,1,1203 LOGAN RD,,,,,,09,,01,05,02,01,01,05,,,,,,,,,,,,69,,,N,CABLE WIRE TO 1113 LOGAN RD.,37231
2019133719OT14579,MONMOUTH,OCEAN TWP,06/18/2019,TU,0223,01,OCEAN TWP PD (MONMOUTH),ZONE 41,0,0,0,0,P,B,N,N,11,1,NJ 18,S,18,,00000018__,12.07,02,,03,06,02,01,06,01,05,01,,,,,T,WEST PARK AVE,EB,65,,60,40.229120,74.052780,N,,37296
2019133719OT14627,MONMOUTH,OCEAN TWP,06/18/2019,TU,1646,01,OCEAN TWP PD (MONMOUTH),52,0,0,0,0,P,I,N,N,03,2,DOW AVE **,S,,,13371159__,.00,07,,01,04,02,02,01,01,05,01,,AT,,WHALEPOND RD,,,,35,35,26,,,N,,37241
2019133719OT14634,MONMOUTH,OCEAN TWP,06/18/2019,TU,1747,01,OCEAN TWP PD (MONMOUTH),ZONE 54,0,0,0,0,P,B,N,N,01,2,DEAL RD,E,,,13371368__,1.43,07,,01,04,02,02,01,02,05,01,,,,,F,NJ 35,SB,40,,26,40.248600,74.071440,N,,37282
2019133719OT14663,MONMOUTH,OCEAN TWP,06/19/2019,WE,0156,01,OCEAN TWP PD (MONMOUTH),ZONE 42,0,0,0,0,P,B,N,N,12,1,NJ 35,N,35,,00000035__,26.60,02,,01,05,02,01,06,01,01,01,100,FE,N,DEAL RD,,,,50,45,24,40.247850,74.055050,N,,37296
2019133719OT14793,MONMOUTH,OCEAN TWP,06/20/2019,TH,1016,01,OCEAN TWP PD (MONMOUTH),ZONE 55,0,1,0,0,I,B,N,N,11,1,WICKAPECKO DR,S,,,13371419__,.82,07,,01,04,02,02,01,05,05,01,4,FE,S,GRASMERE AVE,,,,35,25,52,40.235450,74.024130,N,UTILITY POLE # BT 1186 OT,37302
2019133719OT14833,MONMOUTH,OCEAN TWP,06/20/2019,TH,1719,01,OCEAN TWP PD (MONMOUTH),ZONE 54,0,0,0,0,P,B,N,N,01,2,NJ 18,S,18,,00000018__,9.89,02,,01,04,02,02,01,02,03,01,200,FE,N,NJ 66 / ASBURY AVE,,,,50,50,26,40.228810,74.050280,N,,37285
2019133719OT14892,MONMOUTH,OCEAN TWP,06/21/2019,FR,1129,01,OCEAN TWP PD (MONMOUTH),ZONE 54,0,1,0,0,I,B,N,N,99,1,NJ 18,S,18,,00000018__,9.85,02,,01,04,02,02,01,02,03,01,125,FE,S,NJ 66 / ASBURY AVE,,,,65,50,46,40.258460,74.060190,N,GUARD RAIL,37255
2019133719OT14918,MONMOUTH,OCEAN TWP,06/21/2019,FR,1355,01,OCEAN TWP PD (MONMOUTH),ZONE 51,0,1,0,0,I,B,N,N,01,3,WEST PARK AVE,E,,,13361373__,2.23,07,,01,04,02,02,01,01,05,01,20,FE,W,COTSWOLD CIR,,,,40,25,26,40.262000,74.050420,N,,
2019133719OT14920,MONMOUTH,OCEAN TWP,06/21/2019,FR,1406,01,OCEAN TWP PD (MONMOUTH),51,0,0,0,0,P,B,N,N,03,2,WEST PARK AVE,W,,,13361373__,,07,,01,04,02,02,01,02,05,01,10,FE,W,COLT ROAD,,,,40,25,26,40.263800,74.046220,N,,37244
2019133719OT14948,MONMOUTH,OCEAN TWP,06/21/2019,FR,1706,01,OCEAN TWP PD (MONMOUTH),53,0,0,0,0,P,B,N,N,06,2,BERGER AVE **,E,,,13371138__,.39,07,,01,04,02,01,01,01,05,01,500,FE,W,NJ 71 / ELBERON BVLD / NORWOOD AVE,,,,25,35,26,40.263230,74.001540,N,,37227
2019133719OT14956,MONMOUTH,OCEAN TWP,06/21/2019,FR,1822,01,OCEAN TWP PD (MONMOUTH),ZONE 42,0,4,0,0,I,I,N,N,04,2,WEST PARK AVE,E,,,13361373__,3.60,07,,01,04,02,01,01,01,05,01,,AT,,WHALEPOND RD,,,,40,35,26,40.269540,74.026610,N,DAMAGE TO FRONT LAWN DUE TO TIRE MARKS--50 WHALEPOND ROAD,37299
2019133719OT14959,MONMOUTH,OCEAN TWP,06/21/2019,FR,1855,01,OCEAN TWP PD (MONMOUTH),ZONE 43,0,0,0,0,P,B,N,N,02,2,MONMOUTH COUNTY 40,E,40,,13000040__,.00,05,,01,04,02,01,01,01,05,01,150,FE,W,NJ 35,,,,40,50,26,40.235390,74.038510,N,,37299
2019133719OT14962,MONMOUTH,OCEAN TWP,06/21/2019,FR,1943,01,OCEAN TWP PD (MONMOUTH),55 ZONE,0,0,0,0,P,B,N,N,11,1,NJ 35,N,35,,00000035__,,02,,01,04,01,01,01,01,03,01,,,,,,,,,,56,40.227560,74.038240,N,,37295
2019133719OT15085,MONMOUTH,OCEAN TWP,06/23/2019,SU,0934,01,OCEAN TWP PD (MONMOUTH),55,0,0,0,0,P,B,N,N,99,1,WICKAPECKO DR,S,,,13371419__,1.22,07,,01,04,02,01,01,01,05,01,5,FE,N,APPLEBY DR / S WANAMASSA DR,,,,35,25,39,,,N,,37244
2019133719OT15096,MONMOUTH,OCEAN TWP,06/23/2019,SU,1258,01,OCEAN TWP PD (MONMOUTH),54 ZONE,0,0,0,0,P,B,N,N,11,1,NJ 35,S,35,,00000035__,,02,,01,04,02,01,01,01,01,01,2,FE,S,EAST MALL DRIVE,,,,50,25,69,40.230620,74.038940,N,,37266
2019133719OT15097,MONMOUTH,OCEAN TWP,06/23/2019,SU,1322,01,OCEAN TWP PD (MONMOUTH),53,0,0,0,0,P,I,N,N,07,2,WEST PARK AVE,N,,,13361373__,3.60,07,,01,04,02,01,01,01,05,01,,AT,,WHALEPOND RD,,,,35,35,26,40.269540,74.026610,N,,37227
2019133719OT15117,MONMOUTH,OCEAN TWP,06/23/2019,SU,1742,01,OCEAN TWP PD (MONMOUTH),54 ZONE,0,0,0,0,P,B,N,N,01,2,COLD INDIAN SPRING RD,N,,,,,07,,01,05,02,01,01,01,05,01,2,FE,W,DEAL ROAD,,,,40,40,26,40.250050,74.056630,Y,,37266
2019133719OT15196,MONMOUTH,OCEAN TWP,06/24/2019,MO,1403,01,OCEAN TWP PD (MONMOUTH),ZONE 51,0,0,0,0,P,B,N,N,08,2,901 W PARK AVE,S,,,,,09,,01,04,02,01,01,01,,,,,,,,,,,,28,40.263800,74.046220,N,,37285
2019133719OT15205,MONMOUTH,OCEAN TWP,06/24/2019,MO,1528,01,OCEAN TWP PD (MONMOUTH),ZONE 54,0,1,0,0,I,I,N,N,01,2,NJ 35,S,35,,00000035__,26.10,02,,01,04,02,01,01,01,05,01,,AT,,BLOOMFIELD AVE,,,,50,25,26,40.245000,74.038020,N,,37290
2019133719OT15228,MONMOUTH,OCEAN TWP,06/24/2019,MO,1912,01,OCEAN TWP PD (MONMOUTH),42 ZONE,0,0,0,0,P,B,N,N,03,2,CAROL AVE **,E,,,13371167__,.09,07,,01,04,02,01,01,01,05,01,25,FE,W,MELLVILLE ST,,,,25,25,26,,,N,,37288
2019133719OT15231,MONMOUTH,OCEAN TWP,06/24/2019,MO,2018,01,OCEAN TWP PD (MONMOUTH),52,0,0,0,0,P,B,N,N,06,2,BEECROFT PL **,W,,,13371074__,.00,07,,01,04,02,01,03,01,05,,15,FE,W,CR 15 / MONMOUTH RD,,,,25,35,28,40.268710,74.015230,N,,37268
2019133719OT15234,MONMOUTH,OCEAN TWP,06/24/2019,MO,2028,01,OCEAN TWP PD (MONMOUTH),54 ZONE,0,0,0,0,P,B,N,N,02,2,NJ 35,S,35,,00000035__,24.90,02,,02,04,02,01,03,01,02,01,,,,,,,,50,,26,40.231090,74.044540,N,,37288