Year(4)-CountyCode(2)-MunicipalityCode(2)-CaseNumber(9),County Name,Municipality Name,Crash Date,Crash Day of Week,Crash Time,Police Department Code,Police Department,Police Station,Total Killed,Total Injured,Pedestrians Killed,Pedestrians Injured,Severity,Intersection,Alcohol Involved,Hazmat Involved,Crash Type,Total Vehicles,Location,Location Direction,Route,Route Suffix,Std Rte Identifier,MilePost,Road System,Road Character,Road Horizontal Alignment,Road Grade,Road Surface Type,Surface Condition,Light Condition,Environmental Condition,Road Divided By,Temporary Traffic Control Zone,Distance To Cross Street,Unit Of Measurement,Direction From Cross Street,Cross Street Name,Is Ramp,Ramp To/From Route Name,Ramp To/From Route Direction,Posted Speed,Posted Speed Cross Street,First Harmful Event,Latitude,Longitude,Cell Phone In Use Flag,Other Property Damage,Reporting Badge No.
2019133719OT22426,MONMOUTH,OCEAN TWP,09/05/2019,TH,0811,01,OCEAN TWP PD (MONMOUTH),ZONE 54,0,1,0,0,I,B,N,N,01,2,NJ 18,N,18,,00000018__,11.37,02,,03,06,02,01,01,01,,,,,,,T,DEAL ROAD,EB,65,,26,,,N,,37263
2019133719OT22436,MONMOUTH,OCEAN TWP,09/05/2019,TH,1005,01,OCEAN TWP PD (MONMOUTH),ZONE55,0,1,0,0,I,I,N,N,03,2,ALLAN ST **,W,,,13371211__,.12,07,,01,04,02,01,01,05,05,01,,AT,,FAIRMONT AVE,,,,25,25,26,40.236250,74.037600,N,,37255
2019133719OT22446,MONMOUTH,OCEAN TWP,09/05/2019,TH,1216,01,OCEAN TWP PD (MONMOUTH),ZONE 51,0,0,0,0,P,B,N,N,01,2,NJ 35,S,35,,00000035__,26.75,02,,01,06,02,01,01,01,01,01,100,FE,S,WILLOW DR,,,,50,25,26,40.254560,74.039960,N,,37282
2019133719OT22473,MONMOUTH,OCEAN TWP,09/05/2019,TH,1515,01,OCEAN TWP PD (MONMOUTH),51,0,1,0,0,I,B,N,N,01,2,WEST PARK AVE,E,,,13361373__,2.15,07,,01,04,02,01,01,02,05,01,5,FE,E,LYNN DR / POPLAR RD,,,,40,40,26,,,N,,37244
2019133719OT22553,MONMOUTH,OCEAN TWP,09/06/2019,FR,1211,01,OCEAN TWP PD (MONMOUTH),ZONE 54,0,0,0,0,P,B,N,N,01,2,NJ 35,S,35,,00000035__,26.28,02,,01,04,02,02,01,05,01,01,1584,FE,S,DEAL RD,,,,50,45,26,,,N,,37277
2019133719OT22562,MONMOUTH,OCEAN TWP,09/06/2019,FR,1440,01,OCEAN TWP PD (MONMOUTH),ZONE 52,0,0,0,0,P,B,N,N,11,1,ROSELD AVE,W,,,,,07,,02,04,02,02,01,05,05,01,100,FE,W,STEVEN RD,,,,25,25,59,,,N,CHAIN LINK FENCE BELONGING TO HOLLYWOOD GOLF COURSE (500 ROSELD AVE  OCEAN  NJ),37277
2019133719OT22692,MONMOUTH,OCEAN TWP,09/08/2019,SU,0507,01,OCEAN TWP PD (MONMOUTH),ZONE 44,0,1,0,0,I,B,N,N,12,1,DEAL RD,E,,,13371368__,.81,07,,03,04,02,01,05,01,05,01,1320,FE,E,WHALEPOND RD,,,,40,40,24,40.252790,74.025640,N,,37292
2019133719OT22709,MONMOUTH,OCEAN TWP,09/08/2019,SU,1503,01,OCEAN TWP PD (MONMOUTH),ZONE # 54,0,0,0,0,P,I,N,N,01,2,NJ 18,N,18,,00000018__,11.37,02,,03,06,02,01,01,01,03,01,,AT,,,T,DEAL RD.,EB,65,,26,40.250050,74.056630,N,,37240
2019133719OT22714,MONMOUTH,OCEAN TWP,09/08/2019,SU,1544,01,OCEAN TWP PD (MONMOUTH),ZONE 51,0,0,0,0,P,B,N,N,03,2,DEAL RD,E,,,13371368__,1.42,07,,01,04,02,01,01,01,05,01,75,FE,W,NJ 35,,,,45,50,26,40.251830,74.039410,N,,37301
2019133719OT22810,MONMOUTH,OCEAN TWP,09/09/2019,MO,1629,01,OCEAN TWP PD (MONMOUTH),54 ZONE,0,3,0,0,I,B,N,N,11,1,BOWNE RD,S,,,13341420__,.36,07,,01,04,02,01,01,01,05,01,85,FE,S,AMAGANSETT BLVD / NAOMI RD,,,,40,25,52,40.235070,74.064030,N,VERIZON UTILITY POLE,37266
2019133719OT22811,MONMOUTH,OCEAN TWP,09/09/2019,MO,1636,01,OCEAN TWP PD (MONMOUTH),54,0,0,0,0,P,I,N,N,01,2,NJ 18,N,18,,00000018__,11.37,02,,03,04,02,01,01,01,05,01,,AT,,,T,DEAL RD,EB,65,,26,40.251480,74.039190,N,,37241
2019133719OT22894,MONMOUTH,OCEAN TWP,09/10/2019,TU,1816,01,OCEAN TWP PD (MONMOUTH),ZONE 41,0,1,0,1,I,B,N,N,13,1,NJ 35,S,35,,00000035__,26.61,02,,01,04,02,01,01,01,01,01,150,FE,N,DEAL RD,,,,50,40,22,40.252800,74.040330,N,,37299
2019133719OT22972,MONMOUTH,OCEAN TWP,09/11/2019,WE,1340,01,OCEAN TWP PD (MONMOUTH),ZONE 55,0,1,0,1,I,I,N,N,13,1,WANAMASSA PT RD **,N,,,13371258__,.08,07,,02,04,02,01,01,01,05,01,,AT,,WANAMASSA PT DR,,,,25,25,22,40.230360,74.016970,N,,37301
2019133719OT22995,MONMOUTH,OCEAN TWP,09/11/2019,WE,1748,01,OCEAN TWP PD (MONMOUTH),ZONE 53,0,0,0,0,P,I,Y,N,11,1,LARCHWOOD AVE **,S,,,13531050__,.86,07,,02,06,02,01,01,01,,,,AT,,OLD FARM RD,,,,35,25,56,40.274340,74.009930,N,THE STREET SIGN AT THE INTERSECTION OF LARCHWOOD AVE AND OLD FARM ROAD.,37285
2019133719OT23046,MONMOUTH,OCEAN TWP,09/12/2019,TH,0946,01,OCEAN TWP PD (MONMOUTH),ZONE 55,0,0,0,0,P,I,N,N,01,2,MONMOUTH COUNTY 15,S,15,,13000015__,1.11,05,,01,04,02,01,01,01,,,,AT,,WILDWOOD RD,,,,35,25,26,40.252650,74.012820,Y,,37285
2019133719OT23057,MONMOUTH,OCEAN TWP,09/12/2019,TH,1451,01,OCEAN TWP PD (MONMOUTH),ZONE # 55,0,0,0,0,P,B,N,N,11,1,DORIS AVE **,W,,,13371212__,,07,,01,04,02,01,01,01,05,01,1000,FE,W,LOGAN RD,,,,25,35,53,,,N,LIGHT POLE # 10,37240
2019133719OT23086,MONMOUTH,OCEAN TWP,09/12/2019,TH,1431,01,OCEAN TWP PD (MONMOUTH),,0,0,0,0,P,B,N,N,02,2,NJ 35,S,35,,00000035__,24.90,02,,03,04,02,01,01,01,02,01,,,,,,,,50,,26,40.225910,74.038020,N,,37278
2019133719OT23097,MONMOUTH,OCEAN TWP,09/12/2019,TH,1542,01,OCEAN TWP PD (MONMOUTH),ZONE # 55,0,0,0,0,P,I,N,N,03,2,LOGAN RD,N,,,13371367__,.05,07,,01,04,02,01,01,01,05,01,,AT,,FAIRMONT AVE,,,,40,25,26,40.242530,74.032540,N,,37240
2019133719OT23098,MONMOUTH,OCEAN TWP,09/12/2019,TH,1546,01,OCEAN TWP PD (MONMOUTH),ZONE 55,0,0,0,0,P,B,N,N,01,2,ROSELD AVE,W,,,13371366__,.00,07,,01,04,02,01,01,01,05,01,20,FE,E,LOGAN RD,,,,25,35,26,40.242560,74.032550,N,,37278
2019133719OT23246,MONMOUTH,OCEAN TWP,09/13/2019,FR,2037,01,OCEAN TWP PD (MONMOUTH),52 ZONE,0,0,0,0,P,B,N,N,02,2,NJ 35,N,35,,00000035__,26.05,02,,01,04,02,01,05,01,01,01,30,FE,N,ALLAIRE AVE,,,,50,25,26,40.245270,74.037460,N,,37261
2019133719OT23258,MONMOUTH,OCEAN TWP,09/13/2019,FR,2224,01,OCEAN TWP PD (MONMOUTH),ZONE 55,0,0,0,0,P,B,N,N,02,2,NJ 35,N,35,,00000035__,,02,,01,04,02,01,06,01,03,01,100,FE,S,NJ 35,,,,50,50,26,40.226790,74.039410,N,,37274
2019133719OT23266,MONMOUTH,OCEAN TWP,09/14/2019,SA,0547,01,OCEAN TWP PD (MONMOUTH),ZONE 54,0,1,0,0,I,I,N,N,11,1,NJ 35,S,35,,00000035__,25.45,02,,01,04,02,01,06,01,01,01,,AT,,US 40 / SUNSET AVE,,,,50,35,,40.235660,74.037820,N,THREE STREET SIGNS  ONE LIGHT STANCHION  CONCRETE CURB LINE OF 922 SR 35,37274
2019133719OT23334,MONMOUTH,OCEAN TWP,09/15/2019,SU,0153,01,OCEAN TWP PD (MONMOUTH),53 ZONE,0,0,0,0,P,B,N,N,11,1,WHALEPOND RD,S,,,13371369__,.04,07,,01,04,02,02,05,02,05,01,200,FE,N,DEAL RD,,,,40,40,56,40.253540,74.023110,N,POLE # BT2290OT  ELECTRICAL METER FROM 265 WHALEPOND ROAD WAS DAMAGED,37261
2019133719OT23335,MONMOUTH,OCEAN TWP,09/15/2019,SU,0207,01,OCEAN TWP PD (MONMOUTH),1337,0,0,0,0,P,B,N,N,11,1,NJ 18,N,18,,00000018__,11.37,02,,03,06,02,02,05,02,05,01,,,,,T,DEAL ROAD,WB,65,,56,40.250050,74.056630,N,,37291
2019133719OT23417,MONMOUTH,OCEAN TWP,09/16/2019,MO,1008,01,OCEAN TWP PD (MONMOUTH),ZONE 51,0,0,0,0,P,B,N,N,08,2,1201 W PARK AVE,W,,,,,09,,01,04,02,01,01,01,,,,,,,,,,,,26,40.261250,74.063220,N,,37297
2019133719OT23434,MONMOUTH,OCEAN TWP,09/16/2019,MO,1238,01,OCEAN TWP PD (MONMOUTH),ZONE 54,0,0,0,0,P,B,N,N,08,2,SUNSET AVE,E,,,13371213__,.00,07,,01,04,02,01,01,01,04,01,200,FE,W,NJ 35,,,,35,50,26,40.235390,74.038510,N,,37293
2019133719OT23459,MONMOUTH,OCEAN TWP,09/16/2019,MO,1614,01,OCEAN TWP PD (MONMOUTH),54,0,1,0,0,I,B,N,N,14,1,SUNSET AVE,W,,,13371213__,.00,07,,01,04,02,01,01,05,05,01,200,FE,W,NJ 35,,,,35,50,21,40.239670,74.039710,N,,37268
2019133719OT23477,MONMOUTH,OCEAN TWP,09/17/2019,TU,0005,01,OCEAN TWP PD (MONMOUTH),ZONE 54,0,0,0,0,P,B,N,N,12,1,DEAL RD,E,,,13371368__,1.98,07,,01,04,02,01,06,01,05,01,25,FE,W,POPLAR RD / ROLLER RD,,,,45,25,24,40.251480,74.039190,N,,37290
2019133719OT23479,MONMOUTH,OCEAN TWP,09/17/2019,TU,0330,01,OCEAN TWP PD (MONMOUTH),ZONE 55,0,0,0,0,P,B,N,N,11,1,SUNSET AVE,E,,,13031365__,1.51,07,,01,04,02,01,06,01,05,01,40,FE,E,WICKAPECKPO DR,,,,35,35,56,,,N,'NO PARKING ANY TIME' SIGN,37277
2019133719OT23565,MONMOUTH,OCEAN TWP,09/17/2019,TU,1655,01,OCEAN TWP PD (MONMOUTH),ZONE 51,0,0,0,0,P,I,N,N,01,2,NJ 35,S,35,,00000035__,,02,,02,04,02,01,01,01,01,01,,AT,,COLT ROAD,,,,50,35,26,40.260680,74.043890,N,,37297
2019133719OT23625,MONMOUTH,OCEAN TWP,09/18/2019,WE,1102,01,OCEAN TWP PD (MONMOUTH),52 ZONE,0,1,0,0,I,I,N,N,01,2,DEAL RD,E,,,13371368__,.60,07,,01,04,02,01,01,01,05,01,,AT,,DOREEN RD,,,,40,25,26,40.253320,74.023980,N,JOE PALAIA PARK FENCE,37295
2019133719OT23631,MONMOUTH,OCEAN TWP,09/18/2019,WE,1122,01,OCEAN TWP PD (MONMOUTH),ZONE 54,0,0,0,0,P,B,N,N,02,2,SUNSET AVE,W,,,,,07,,01,04,02,01,01,01,05,01,200,FE,E,NORTH MALL DRIVE,,,,40,25,26,40.239670,74.039710,N,,37299
2019133719OT23637,MONMOUTH,OCEAN TWP,09/18/2019,WE,1259,01,OCEAN TWP PD (MONMOUTH),ZONE 51,0,0,0,0,P,B,N,N,02,2,WEST PARK AVE,E,,,13361373__,,07,,01,04,02,01,01,01,04,01,50,FE,E,COLT ROAD,,,,40,25,26,40.264640,74.042000,N,,37255
2019133719OT23653,MONMOUTH,OCEAN TWP,09/18/2019,WE,1514,01,OCEAN TWP PD (MONMOUTH),ZONE 54,0,0,0,0,P,B,N,N,01,2,RING RD,W,,,13371406__,,07,,03,04,02,01,01,01,05,01,10,FE,,,T,NJ 66,WB,25,,26,40.228810,74.050280,N,,37299
2019133719OT23704,MONMOUTH,OCEAN TWP,09/19/2019,TH,0703,01,OCEAN TWP PD (MONMOUTH),51,0,0,0,0,P,B,N,N,01,2,WEST PARK AVE,W,,,13361373__,2.45,07,,01,04,02,01,01,01,05,01,10,FE,E,CINDY LN,,,,40,35,26,40.263230,74.046670,N,,37227
2019133719OT23724,MONMOUTH,OCEAN TWP,09/19/2019,TH,0908,01,OCEAN TWP PD (MONMOUTH),54,0,0,0,0,P,B,N,N,01,2,NJ 18,S,18,,00000018__,11.37,02,,03,06,02,01,01,01,05,01,,,,,T,DEAL RD,EB,65,,26,40.251480,74.039190,N,,37289
2019133719OT23757,MONMOUTH,OCEAN TWP,09/19/2019,TH,1455,01,OCEAN TWP PD (MONMOUTH),ZONE 51,0,0,0,0,P,B,N,N,01,2,WEST PARK AVE,E,,,13361373__,2.72,07,,01,04,02,01,01,01,05,01,20,FE,W,NJ 35,,,,40,50,26,40.257900,74.040520,N,,37299
2019133719OT23815,MONMOUTH,OCEAN TWP,09/20/2019,FR,0642,01,OCEAN TWP PD (MONMOUTH),ZONE 52,0,0,0,0,P,I,N,N,01,2,DOW AVE **,W,,,13371159__,.94,07,,01,04,02,01,01,01,05,01,,AT,,NJ 35,,,,35,50,26,40.261970,74.036880,N,,37297
2019133719OT23816,MONMOUTH,OCEAN TWP,09/20/2019,FR,0720,01,OCEAN TWP PD (MONMOUTH),ZONE 54,0,0,0,0,P,I,N,N,08,2,ASBURY AVENUE,W,,,,,07,,01,04,02,01,01,01,05,01,,AT,,BOWNE ROAD,,,,40,35,26,40.229510,74.054720,N,,37297
2019133719OT23820,MONMOUTH,OCEAN TWP,09/20/2019,FR,0836,01,OCEAN TWP PD (MONMOUTH),51 ZONE,0,0,0,0,P,B,N,N,06,2,WEST PARK AVE,E,,,13361373__,2.06,07,,01,04,02,01,01,01,04,01,150,FE,E,HIDDEN MEADOWS DR,,,,45,25,26,40.255920,74.051520,N,,37293
2019133719OT23893,MONMOUTH,OCEAN TWP,09/18/2019,WE,0750,01,OCEAN TWP PD (MONMOUTH),ZONE 54,0,0,0,0,P,B,N,N,01,2,NJ 66,W,66,,00000066__,,02,,01,04,02,01,01,01,03,01,100,FE,E,CEDAR VILLAGE BLVD,,,,50,25,26,40.253670,74.013470,N,,37293
2019133719OT23953,MONMOUTH,OCEAN TWP,09/21/2019,SA,1400,01,OCEAN TWP PD (MONMOUTH),ZONE 55,0,0,0,0,P,B,N,N,03,2,SUNSET AVE,W,,,13371213__,.03,07,,01,04,02,01,01,01,05,01,150,FE,E,NJ 35,,,,35,50,26,40.234930,74.036580,N,,37292
2019133719OT23966,MONMOUTH,OCEAN TWP,09/21/2019,SA,1844,01,OCEAN TWP PD (MONMOUTH),ZONE 54,0,1,0,0,I,I,N,N,10,1,NJ 66,W,66,,00000066__,3.62,02,,03,05,02,01,03,01,03,01,,AT,,NJ 35,,,,50,50,01,40.226790,74.039410,N,,37292
2019133719OT24036,MONMOUTH,OCEAN TWP,09/22/2019,SU,2052,01,OCEAN TWP PD (MONMOUTH),54,0,0,0,0,P,I,N,N,11,1,POPLAR RD,,,,13371194__,.29,07,,01,04,02,01,07,01,05,01,,AT,,CHRISTY LN,,,,35,25,56,,,N,,37270
2019133719OT240690,MONMOUTH,OCEAN TWP,09/30/2019,MO,0648,01,OCEAN TWP PD (MONMOUTH),ZONE 41,0,0,0,0,P,B,N,N,12,1,WEST PARK AVE,W,,,13361373__,,07,,01,04,02,01,01,01,05,01,,,,,,,,40,,24,40.263230,74.050300,N,,37280
2019133719OT24113,MONMOUTH,OCEAN TWP,09/23/2019,MO,1455,01,OCEAN TWP PD (MONMOUTH),51,0,1,0,0,I,B,N,N,01,2,WEST PARK AVE,E,,,13361373__,2.34,07,,01,04,02,01,01,01,05,01,50,FE,E,PROVIDENT CT,,,,40,25,26,40.250410,74.054210,N,,37289
2019133719OT24126,MONMOUTH,OCEAN TWP,09/23/2019,MO,1606,01,OCEAN TWP PD (MONMOUTH),51,0,0,0,0,P,B,N,N,01,2,WEST PARK AVE,W,,,13361373__,2.43,07,,01,04,02,01,01,01,05,01,100,FE,W,CINDY LN,,,,40,25,26,40.263230,74.046670,N,,37289
2019133719OT24128,MONMOUTH,OCEAN TWP,09/23/2019,MO,1618,01,OCEAN TWP PD (MONMOUTH),52 ZONE,0,2,0,0,I,I,N,N,03,2,NJ 35,N,35,,00000035__,26.58,02,,01,04,01,01,01,01,01,01,,AT,,DEAL RD,,,,50,40,26,40.247850,74.055050,N,,37295
2019133719OT24140,MONMOUTH,OCEAN TWP,09/23/2019,MO,1937,01,OCEAN TWP PD (MONMOUTH),52 ZONE,0,0,0,0,P,B,N,N,12,1,DEAL RD,E,,,13371368__,.85,07,,01,04,02,01,06,01,05,01,10,FE,E,DONALD RD,,,,40,25,24,40.252570,74.028530,N,,37266
2019133719OT24177,MONMOUTH,OCEAN TWP,09/24/2019,TU,0828,01,OCEAN TWP PD (MONMOUTH),ZONE 54,0,0,0,0,P,B,N,N,11,1,RUSTIC DR **,S,,,13371200__,.00,07,,01,04,02,01,06,01,05,,1500,FE,S,DEAL RD,,,,25,45,53,40.243190,74.041710,N,LIGHT POLE ON THE PROPERTY OF 1401 RUSTIC DRIVE NO POLE NUMBER,37296
2019133719OT24192,MONMOUTH,OCEAN TWP,09/24/2019,TU,0957,01,OCEAN TWP PD (MONMOUTH),51,0,0,0,0,P,B,N,N,01,2,NJ 18,N,18,,00000018__,11.37,02,,03,06,02,01,01,01,05,01,,,,,T,DEAL RD,EB,65,,26,40.250050,74.056630,N,,37289
2019133719OT24199,MONMOUTH,OCEAN TWP,09/24/2019,TU,1049,01,OCEAN TWP PD (MONMOUTH),ZONE 53,0,0,0,0,P,I,N,N,01,2,WEST PARK AVE,E,,,13361373__,4.19,07,,01,04,02,01,01,01,04,01,,AT,,CR 15 / MONMOUTH RD,,,,35,35,26,40.270970,74.015870,N,,37302
2019133719OT24207,MONMOUTH,OCEAN TWP,09/24/2019,TU,1235,01,OCEAN TWP PD (MONMOUTH),ZONE 51,0,0,0,0,P,B,N,N,01,2,WEST PARK AVE,E,,,13361373__,2.41,07,,01,04,02,01,01,01,05,01,50,FE,W,RALEIGH CT W,,,,40,25,26,40.263220,74.046670,N,CURB,37297
2019133719OT24220,MONMOUTH,OCEAN TWP,09/24/2019,TU,1507,01,OCEAN TWP PD (MONMOUTH),ZONE 52,0,0,0,0,P,I,N,N,11,1,DEAL RD,E,,,13371368__,1.20,07,,01,04,02,01,01,01,04,01,,AT,,LOGAN RD,,,,40,35,56,40.252120,74.035070,N,,37274
2019133719OT24259,MONMOUTH,OCEAN TWP,09/25/2019,WE,0837,01,OCEAN TWP PD (MONMOUTH),ZONE: 53,0,0,0,0,P,B,N,N,06,2,LAKE AVE **,W,,,13371059__,.00,07,,01,04,02,01,01,01,,01,1000,FE,W,CR 15 / MONMOUTH RD,,,,25,35,26,40.273390,74.018500,N,,37278
2019133719OT24321,MONMOUTH,OCEAN TWP,09/25/2019,WE,1507,01,OCEAN TWP PD (MONMOUTH),ZONE 54,0,0,0,0,P,B,N,N,01,2,MONMOUTH COUNTY 16,W,16,,13000016__,2.99,05,,01,04,02,01,01,01,05,01,100,FE,W,SHARON DR,,,,40,25,26,40.232780,74.070130,N,,37286
2019133719OT24335,MONMOUTH,OCEAN TWP,09/25/2019,WE,1754,01,OCEAN TWP PD (MONMOUTH),ZONE 51,0,0,0,0,P,B,N,N,01,2,DEAL RD,W,,,13371368__,1.74,07,,01,04,02,01,01,01,04,01,10,FE,E,GARDEN DR / MCKINLEY DR,,,,45,25,26,,,N,,37281
2019133719OT24374,MONMOUTH,OCEAN TWP,09/26/2019,TH,0647,01,OCEAN TWP PD (MONMOUTH),ZONE 55,0,0,0,0,P,B,N,N,01,2,NJ 35,W,35,,00000035__,,02,,02,04,02,01,01,01,02,01,,,,,,,,50,,26,,,N,,37277
2019133719OT24395,MONMOUTH,OCEAN TWP,09/26/2019,TH,1145,01,OCEAN TWP PD (MONMOUTH),ZONE: 55,0,0,0,0,P,B,N,N,11,1,ALLENHURST AVE **,W,,,13371047__,.19,07,,01,04,02,01,01,01,05,01,1000,FE,E,NJ 35,,,,25,50,69,40.243370,74.037620,N,CABLE WIRE FROM POLE # JC950,37278
2019133719OT24432,MONMOUTH,OCEAN TWP,09/26/2019,TH,1656,01,OCEAN TWP PD (MONMOUTH),ZONE 54,0,0,0,0,P,B,N,N,11,1,NJ 66,W,66,,00000066__,2.98,02,,03,06,02,02,01,02,02,01,,,,,T,NJ 18,SB,50,,56,40.228810,74.050280,N,GUARD RAIL,37278
2019133719OT24518,MONMOUTH,OCEAN TWP,09/26/2019,TH,1300,01,OCEAN TWP PD (MONMOUTH),ZONE 51,0,0,0,0,P,B,N,N,02,2,NJ 35,S,35,,00000035__,27.46,02,,01,04,02,01,01,01,01,01,40,FE,S,WEST PARK AVE,,,,50,40,26,40.253670,74.013470,N,,37299
2019133719OT24581,MONMOUTH,OCEAN TWP,09/28/2019,SA,1352,01,OCEAN TWP PD (MONMOUTH),ZONE 54,0,1,0,0,I,B,N,N,01,2,NJ 18,N,18,,00000018__,9.85,02,,03,04,02,01,01,01,03,01,,,,,F,NJ 66,WB,65,,26,40.229790,74.049970,N,,37274
2019133719OT24614,MONMOUTH,OCEAN TWP,09/29/2019,SU,0158,01,OCEAN TWP PD (MONMOUTH),ZONE 43,0,0,0,0,P,B,N,N,02,2,NJ 35,S,35,,00000035__,,02,,03,06,02,01,07,01,02,01,,,,,,,,50,,26,40.226790,74.039410,N,,37280
2019133719OT24636,MONMOUTH,OCEAN TWP,09/29/2019,SU,1159,01,OCEAN TWP PD (MONMOUTH),ZONE 51,0,0,0,0,P,B,N,N,01,2,NJ 35,S,35,,00000035__,26.59,02,,01,04,02,01,01,01,01,01,60,FE,N,DEAL RD,,,,50,45,26,40.247850,74.055050,N,,37299
2019133719OT24650,MONMOUTH,OCEAN TWP,09/29/2019,SU,1351,01,OCEAN TWP PD (MONMOUTH),54 ZONE,0,0,0,0,P,B,N,N,01,2,NJ 66,W,66,,00000066__,2.51,02,,02,06,02,01,01,01,03,01,20,FE,E,CR 16 / ASBURY AVE / PARK RD,,,,50,40,26,40.230240,74.060580,N,,37295
2019133719OT24663,MONMOUTH,OCEAN TWP,09/29/2019,SU,1720,01,OCEAN TWP PD (MONMOUTH),54 ZONE,0,0,0,0,P,B,N,N,01,2,NJ 35,W,35,,00000035__,,02,,02,04,02,01,01,01,02,01,,,,,,,,50,,26,40.226200,74.037380,N,,37261
2019133719OT24742,MONMOUTH,OCEAN TWP,09/30/2019,MO,1603,01,OCEAN TWP PD (MONMOUTH),ZONE 54,0,0,0,0,P,B,N,N,02,2,DEAL RD,E,,,13371368__,1.43,07,,01,04,02,01,01,05,05,01,20,FE,W,NJ 35,,,,45,50,26,40.252120,74.035070,N,,37286
2019133719OT24778,MONMOUTH,OCEAN TWP,09/30/2019,MO,2251,01,OCEAN TWP PD (MONMOUTH),ZONE 51,0,0,0,0,P,B,N,N,11,1,POPLAR RD,N,,,13371194__,.29,07,,01,04,02,01,06,01,05,01,10,FE,N,CHRISTY LN,,,,35,25,56,40.255920,74.051520,N,CURB,37298
2019133719OT24795,MONMOUTH,OCEAN TWP,10/01/2019,TU,0829,01,OCEAN TWP PD (MONMOUTH),ZONE 51,0,0,0,0,P,I,N,N,15,1,CINDY LN **,E,,,13371188__,.25,07,,01,04,02,01,01,01,05,01,,AT,,CINDY LN,,,,25,25,39,40.263220,74.046670,N,,37297
2019133719OT24929,MONMOUTH,OCEAN TWP,10/02/2019,WE,1602,01,OCEAN TWP PD (MONMOUTH),ZONE 54,0,1,0,0,I,I,N,N,02,2,NJ 66,W,66,,00000066__,,02,,01,04,02,01,01,01,03,01,,AT,,SOUTH MALL DRIVE,,,,50,,26,40.228550,74.047580,N,,37302
2019133719OT24947,MONMOUTH,OCEAN TWP,10/02/2019,WE,1858,01,OCEAN TWP PD (MONMOUTH),ZONE 41,0,1,0,0,I,B,Y,N,11,1,POPLAR RD,N,,,13371194__,.41,07,,01,04,02,01,07,01,05,01,100,FE,N,WILLOW DR,,,,40,,,40.256200,74.051250,N,MAILBOX BELONGING TO MATTHEW MARINO (740 POPLAR RD)  SPEED LIMIT SIGN (740 POP),37300
2019133719OT24979,MONMOUTH,OCEAN TWP,10/03/2019,TH,0744,01,OCEAN TWP PD (MONMOUTH),ZONE 54,0,0,0,0,P,B,N,N,11,1,1405 ROLLER RD,,,,,,09,,01,04,02,02,01,02,05,01,,,,,,,,,,61,40.244040,74.047990,N,MAILBOX LOCATED ON THE PROPERTY OF 1405 ROLLER ROAD,37263
2019133719OT24984,MONMOUTH,OCEAN TWP,10/03/2019,TH,0922,01,OCEAN TWP PD (MONMOUTH),ZONE 54,0,0,0,0,P,B,N,N,01,2,NJ 35,S,35,,00000035__,26.58,02,,03,04,02,02,01,02,02,01,,,,,T,DEAL ROAD,EB,50,,26,40.253500,74.034760,N,,37263
2019133719OT24986,MONMOUTH,OCEAN TWP,10/03/2019,TH,0939,01,OCEAN TWP PD (MONMOUTH),54 ZONE,0,0,0,0,P,B,N,N,01,2,DEAL RD,W,,,13371368__,2.07,07,,03,04,02,02,01,02,04,01,500,FE,E,POPLAR RD / ROLLER RD,,,,40,25,26,,,N,,37266
2019133719OT24990,MONMOUTH,OCEAN TWP,10/03/2019,TH,1126,01,OCEAN TWP PD (MONMOUTH),ZONE 55,0,0,0,0,P,B,N,N,11,1,ROSELD AVE,W,,,13371366__,.92,07,,02,04,02,02,01,02,05,01,1000,FE,E,WICKAPECKO DR,,,,25,35,59,40.246890,74.020960,N,FENCE OF HOLLYWOOD GOLF CLUB,37296
2019133719OT25009,MONMOUTH,OCEAN TWP,10/03/2019,TH,1606,01,OCEAN TWP PD (MONMOUTH),1337,0,0,0,0,P,B,N,N,11,1,NJ 66,W,66,,00000066__,2.98,02,,03,06,02,02,01,02,02,01,,,,,T,NJ 18,SB,50,,56,40.228810,74.050280,N,,37291
2019133719OT25010,MONMOUTH,OCEAN TWP,10/03/2019,TH,1611,01,OCEAN TWP PD (MONMOUTH),54 ZONE,0,0,0,0,P,B,N,N,01,2,NJ 66,W,66,,00000066__,,02,,01,06,02,02,01,02,03,01,500,FE,W,CEDAR VILLAGE BLVD,,,,50,,26,40.229540,74.054800,N,,37295
2019133719OT25015,MONMOUTH,OCEAN TWP,10/03/2019,TH,1750,01,OCEAN TWP PD (MONMOUTH),54 ZONE,0,2,0,0,I,I,N,N,03,2,NJ 35,S,35,,00000035__,26.04,02,,01,04,02,02,01,02,01,01,,AT,,ALLAIRE AVE,,,,50,25,26,40.243050,74.032780,N,,37295
2019133719OT25016,MONMOUTH,OCEAN TWP,10/03/2019,TH,1756,01,OCEAN TWP PD (MONMOUTH),ZONE 52,0,1,0,0,I,B,N,N,01,2,NJ 35,N,35,,00000035__,26.04,02,,01,04,02,02,03,02,01,01,20,FE,N,ALLAIRE AVE,,,,50,35,26,40.243050,74.032780,N,,37274
2019133719OT25017,MONMOUTH,OCEAN TWP,10/03/2019,TH,1904,01,OCEAN TWP PD (MONMOUTH),55,0,2,0,0,I,I,N,N,03,2,LOGAN RD,S,,,13371367__,.59,07,,01,04,02,02,07,02,05,01,,AT,,ROSELD AVE,,,,35,25,26,40.250410,74.054210,N,EXTERIOR WALL OF 1200 ROSELD AVE AND FENCE ON PROPERTY OF 2301 LOGAN RD,37289