Year(4)-CountyCode(2)-MunicipalityCode(2)-CaseNumber(9),County Name,Municipality Name,Crash Date,Crash Day of Week,Crash Time,Police Department Code,Police Department,Police Station,Total Killed,Total Injured,Pedestrians Killed,Pedestrians Injured,Severity,Intersection,Alcohol Involved,Hazmat Involved,Crash Type,Total Vehicles,Location,Location Direction,Route,Route Suffix,Std Rte Identifier,MilePost,Road System,Road Character,Road Horizontal Alignment,Road Grade,Road Surface Type,Surface Condition,Light Condition,Environmental Condition,Road Divided By,Temporary Traffic Control Zone,Distance To Cross Street,Unit Of Measurement,Direction From Cross Street,Cross Street Name,Is Ramp,Ramp To/From Route Name,Ramp To/From Route Direction,Posted Speed,Posted Speed Cross Street,First Harmful Event,Latitude,Longitude,Cell Phone In Use Flag,Other Property Damage,Reporting Badge No.
2019133919-398-AC,MONMOUTH,HAZLET TWP,06/09/2019,SU,1943,01,HAZLET TWP PD,HAZLET TWP,0,1,0,0,I,B,N,N,11,1,NJ 36,E,36,,00000036__,,02,,01,04,02,01,01,01,05,01,,,,,,,,50,,26,,,N,DAMAGE TO GRASS  FENCE  TREE  DUMPSTER  OIL DRUMS. - FIVE 2 NINE - 241 STATE HI?,104
2019133919-399-AC,MONMOUTH,HAZLET TWP,06/10/2019,MO,0723,01,HAZLET TWP PD,HAZLET PD,0,0,0,0,P,B,N,N,01,2,NJ 35,S,35,,00000035__,41.84,02,,03,04,02,02,01,02,02,01,,,,,F,BETHANY RD,SB,50,,26,,,N,,106
2019133919-4-AC,MONMOUTH,HAZLET TWP,01/02/2019,WE,0907,01,HAZLET TWP PD,HAZLET PD,0,0,0,0,P,B,N,N,06,2,419 MIDDLE RD,,,,,,09,,01,04,02,01,01,01,05,01,,,,,,,,15,,28,,,N,,96
2019133919-401-AC,MONMOUTH,HAZLET TWP,06/10/2019,MO,0954,01,HAZLET TWP PD,,0,0,0,0,P,B,N,N,01,2,NJ 36,N,36,,00000036__,23.16,02,,01,04,02,02,01,02,01,01,200,FE,W,POOLE AVE,,,,50,35,26,,,N,,72
2019133919-403-AC,MONMOUTH,HAZLET TWP,06/10/2019,MO,1501,01,HAZLET TWP PD,,0,0,0,0,P,B,N,N,01,2,NJ 35,W,35,,00000035__,41.84,02,,01,04,02,02,01,05,01,,15,FE,E,BETHANY RD / POOLE AVE,,,,50,35,26,,,N,,72
2019133919-404-AC,MONMOUTH,HAZLET TWP,06/10/2019,MO,1607,01,HAZLET TWP PD,HAZLET PD,0,0,0,0,P,B,N,N,11,1,LAMMERS ST,,,,,,07,,03,04,02,02,01,02,05,01,,,,,,,,25,,52,,,N,FRONT LAWN - JESSICA M LORENZO - 2 LAMMERS ST HAZLET TOWNSHIP NJ 07730,106
2019133919-405-AC,MONMOUTH,HAZLET TWP,06/10/2019,MO,1733,01,HAZLET TWP PD,HQ,0,0,0,0,P,B,N,N,01,2,NJ 36,E,36,,00000036__,20.95,02,,03,04,02,01,01,05,01,01,20,FE,W,LAUREL AVE,,,,50,35,26,,,N,,89
2019133919-406-AC,MONMOUTH,HAZLET TWP,06/11/2019,TU,1656,01,HAZLET TWP PD,HAZLET PD,0,0,0,0,P,B,N,N,03,2,BETHANY RD,,,,,,07,,01,04,02,01,01,01,05,01,300,FE,N,ASHLEIGH DR,,,,35,25,26,,,N,,106
2019133919-407-AC,MONMOUTH,HAZLET TWP,06/11/2019,TU,1807,01,HAZLET TWP PD,HAZLET P.D,0,1,0,0,I,B,N,N,01,2,NJ 35,N,35,,00000035__,41.84,02,,03,04,02,01,01,01,05,01,10,FE,N,BETHANY RD / POOLE AVE,,,,25,35,26,,,N,,101
2019133919-408-AC,MONMOUTH,HAZLET TWP,06/12/2019,WE,0827,01,HAZLET TWP PD,HAZLET TWP,0,2,0,0,I,B,N,N,10,1,NJ 36,N,36,,00000036__,23.63,02,,01,04,02,01,01,01,01,01,200,FE,N,ROUTE 516 / MIDDLE RD,,,,50,35,48,,,N,MINOR DAMAGE TO SR36 BARRIER. - NEW JERSEY DOT - P.O. BOX 600 TRENTON NJ 08625,93
2019133919-409-AC,MONMOUTH,HAZLET TWP,06/12/2019,WE,0910,01,HAZLET TWP PD,,0,0,0,0,P,B,N,N,01,2,BETHANY RD,E,,,,,07,,01,05,02,01,01,01,04,01,20,FE,E,HAZLET AVE,,,,35,30,26,,,N,,72
2019133919-41-AC,MONMOUTH,HAZLET TWP,01/18/2019,FR,1913,01,HAZLET TWP PD,HAZLET PD,0,0,0,0,P,I,N,N,01,2,ROUTE 516,S,516,,00000516__,12.17,05,,01,04,02,02,06,01,05,,,AT,,OREGON AVE,,,,35,25,26,,,N,,82
2019133919-410-AC,MONMOUTH,HAZLET TWP,06/12/2019,WE,1513,01,HAZLET TWP PD,HAZLET TWP,0,0,0,0,P,I,N,N,01,2,TWELFTH ST **,E,,,13391241__,.12,07,,01,04,02,01,01,01,,,,AT,,POPLAR AVE,,,,25,25,26,,,N,,100
2019133919-411-AC,MONMOUTH,HAZLET TWP,06/13/2019,TH,1134,01,HAZLET TWP PD,HAZLET PD,0,0,0,0,P,I,N,N,03,2,ROUTE 516,N,516,,00000516__,10.65,05,,01,04,02,01,01,01,05,01,,AT,,FLORENCE AVE,,,,35,25,26,,,N,,98
2019133919-415-AC,MONMOUTH,HAZLET TWP,06/14/2019,FR,0221,01,HAZLET TWP PD,HAZLET TWP,0,0,0,0,P,B,N,N,11,1,LAUREL AVE,N,,,13391283__,.45,07,,01,04,02,02,06,01,05,01,50,FE,S,SHADYSIDE AVE,,,,35,25,69,,,N,DAMAGE TO PROPERTY FENCE - PETER P BIHUNIAK - 4 SHADYSIDE AVE HAZLET TOWNSHIP N?,85
2019133919-416-AC,MONMOUTH,HAZLET TWP,06/14/2019,FR,0559,01,HAZLET TWP PD,,0,0,0,0,P,B,N,N,06,2,WAGON RD **,E,,,13391072__,.00,07,,01,04,02,00,00,00,05,01,50,FE,W,ROUTE 516 / MIDDLE RD,,,,25,35,28,,,N,,109
2019133919-418-AC,MONMOUTH,HAZLET TWP,06/14/2019,FR,1604,01,HAZLET TWP PD,,0,0,0,0,P,B,N,N,01,2,NJ 36,E,36,,00000036__,20.95,02,,03,04,02,01,01,01,01,01,20,FE,W,LAUREL AVE,,,,50,35,26,,,N,,96
2019133919-419-AC,MONMOUTH,HAZLET TWP,06/14/2019,FR,1532,01,HAZLET TWP PD,HAZLET PD,0,0,0,0,P,B,N,N,11,1,1776 UNION AVE,E,,,,,08,,01,04,02,01,00,01,03,01,,,,,,,,15,,59,,,N,VINYL FENCING POSTS - HAZLET TOWNSHIP - 1776 UNION AVE HAZLET TOWNSHIP NJ 07730,73
2019133919-42-AC,MONMOUTH,HAZLET TWP,01/18/2019,FR,2023,01,HAZLET TWP PD,HAZLET TOW,0,1,0,0,I,B,N,N,11,1,BETHANY RD,W,,,,,07,,01,04,02,01,06,01,05,,50,FE,W,HAZLET AVE,,,,35,35,52,,,Y,,104
2019133919-420-AC,MONMOUTH,HAZLET TWP,06/14/2019,FR,1824,01,HAZLET TWP PD,HQ,0,0,0,0,P,B,N,N,01,3,NJ 36,N,36,,00000036__,23.20,02,,01,04,02,01,01,01,01,,10,FE,E,POOLE AVE,,,,50,35,26,,,N,,
2019133919-421-AC,MONMOUTH,HAZLET TWP,06/15/2019,SA,0938,01,HAZLET TWP PD,HAZLET PD,0,0,0,0,P,B,N,N,02,2,FLORENCE AVE **,N,,,13391232__,.07,07,,01,04,02,01,01,01,05,01,1000,FE,S,NJ 36,,,,25,50,26,,,N,,73
2019133919-422-AC,MONMOUTH,HAZLET TWP,06/15/2019,SA,2354,01,HAZLET TWP PD,,0,1,0,0,I,B,N,N,01,2,NJ 36,,36,,00000036__,22.47,02,,01,04,02,01,06,01,05,01,15,FE,N,SEAGATE AVE,,,,50,25,26,,,N,,86
2019133919-423-AC,MONMOUTH,HAZLET TWP,06/18/2019,TU,1508,01,HAZLET TWP PD,HAZLET PD,0,2,0,0,I,B,N,N,01,2,NJ 35,N,35,,00000035__,42.29,02,,01,04,02,02,01,02,01,01,10,FE,S,HAZLET AVE,,,,50,35,26,,,N,,82
2019133919-425-AC,MONMOUTH,HAZLET TWP,06/20/2019,TH,1121,01,HAZLET TWP PD,HAZLET PD,0,0,0,0,P,B,N,N,02,2,MILLER AVE **,,,,13181158__,.69,07,,01,04,02,01,01,01,05,01,50,FE,S,NJ 35,,,,25,50,26,,,N,,106
2019133919-427-AC,MONMOUTH,HAZLET TWP,06/20/2019,TH,1358,01,HAZLET TWP PD,HAZLET PD,0,0,0,0,P,B,N,N,01,2,NJ 36,,36,,00000036__,23.58,02,,01,04,02,01,01,01,01,01,50,FE,S,ROUTE 516 / MIDDLE RD,,,,50,35,26,,,N,,106
2019133919-428-AC,MONMOUTH,HAZLET TWP,06/20/2019,TH,1949,01,HAZLET TWP PD,HAZLET,0,0,0,0,P,B,N,N,08,2,KINGSBRIDGE CT **,S,,,13391323__,.00,07,,01,04,02,01,01,01,,01,200,FE,W,POOLE AVE,,,,25,35,28,,,N,,62
2019133919-429-AC,MONMOUTH,HAZLET TWP,06/21/2019,FR,1504,01,HAZLET TWP PD,HAZLET PD,0,0,0,0,P,I,N,N,03,2,BETHANY RD,W,,,,,07,,01,04,02,01,01,01,05,01,,AT,,HAZLET AVE,,,,35,30,26,,,N,,96
2019133919-431-AC,MONMOUTH,HAZLET TWP,06/23/2019,SU,1553,01,HAZLET TWP PD,,0,0,0,0,P,B,N,N,08,2,NEWMAN ST **,N,,,13391244__,.05,07,,01,04,02,01,01,01,05,01,250,FE,E,ELEVENTH ST,,,,25,25,28,,,N,,109
2019133919-432-AC,MONMOUTH,HAZLET TWP,06/24/2019,MO,1143,01,HAZLET TWP PD,HAZLET PD,0,0,0,0,P,B,N,N,02,2,POOLE AVE,,,,,,07,,01,04,02,01,01,01,05,01,700,FE,N,NJ 35,,,,35,50,26,,,N,,96
2019133919-435-AC,MONMOUTH,HAZLET TWP,06/25/2019,TU,1737,01,HAZLET TWP PD,HAZLET TWP,0,0,0,0,P,B,N,N,06,2,LIBERTY PL **,,,,13391170__,.00,07,,01,04,02,01,01,01,05,01,50,FE,S,NJ 36,,,,25,50,00,,,N,,105
2019133919-438-AC,MONMOUTH,HAZLET TWP,06/26/2019,WE,1513,01,HAZLET TWP PD,HAZLET TWP,0,0,0,0,P,B,N,N,01,2,MONMOUTH COUNTY 4 II,N,4,2,130000042_,7.99,05,,01,04,02,01,01,01,04,,200,FE,S,NJ 35,,,,35,50,26,,,N,,100
2019133919-439-AC,MONMOUTH,HAZLET TWP,06/26/2019,WE,2155,01,HAZLET TWP PD,HAZLET PD,0,1,0,0,I,B,N,N,01,2,NJ 36,E,36,,00000036__,21.73,02,,01,04,02,01,06,01,01,01,50,FE,W,ROSE LN,,,,50,35,26,,,N,,97
2019133919-44-AC,MONMOUTH,HAZLET TWP,01/21/2019,MO,0223,01,HAZLET TWP PD,HAZLET TWP,1,0,1,0,F,B,N,N,13,1,NJ 36,W,36,,00000036__,23.62,02,,01,04,02,01,06,01,01,01,150,FE,E,ROUTE 516 / MIDDLE RD,,,,50,35,22,,,N,,85
2019133919-440-AC,MONMOUTH,HAZLET TWP,06/27/2019,TH,1220,01,HAZLET TWP PD,,0,0,0,0,P,B,N,N,01,3,BETHANY RD,N,,,,,07,,01,04,02,01,01,01,05,01,50,FE,S,ASHLEIGH DR,,,,35,25,26,,,N,,
2019133919-441-AC,MONMOUTH,HAZLET TWP,06/27/2019,TH,1622,01,HAZLET TWP PD,HAZLET TWP,0,0,0,0,P,B,N,N,02,2,NJ 35,S,35,,00000035__,41.36,02,,01,04,02,01,01,01,04,01,200,FE,S,MILLER AVE,,,,50,25,26,,,N,,105
2019133919-442-AC,MONMOUTH,HAZLET TWP,06/27/2019,TH,1646,01,HAZLET TWP PD,,0,1,0,0,I,B,N,N,01,2,NJ 36,S,36,,00000036__,22.22,02,,01,04,02,01,01,01,01,01,40,FE,E,CR 39 / UNION AVE,,,,50,35,26,,,N,,72
2019133919-443-AC,MONMOUTH,HAZLET TWP,06/27/2019,TH,1823,01,HAZLET TWP PD,HAZLET PD,0,0,0,0,P,B,N,N,02,2,NJ 35,,35,,00000035__,42.23,02,,01,04,02,01,01,01,01,,300,FE,S,HAZLET AVE,,,,50,35,26,,,N,,106
2019133919-445-AC,MONMOUTH,HAZLET TWP,06/28/2019,FR,1437,01,HAZLET TWP PD,HAZLET PD,0,0,0,0,P,B,N,N,01,2,ROUTE 516,,516,,00000516__,12.26,05,,01,04,02,01,01,01,05,,100,FE,E,UNION AVE,,,,35,35,26,,,N,,106
2019133919-446-AC,MONMOUTH,HAZLET TWP,06/28/2019,FR,1704,01,HAZLET TWP PD,HAZLET PD,0,0,0,0,P,B,N,N,01,2,NJ 36,,36,,00000036__,23.81,02,,01,04,02,01,01,01,01,,100,FE,S,FLORENCE AVE,,,,50,25,26,,,N,,106
2019133919-447-AC,MONMOUTH,HAZLET TWP,06/28/2019,FR,1858,01,HAZLET TWP PD,HAZLET TWP,0,0,0,0,P,B,N,N,01,2,NJ 36,E,36,,00000036__,23.59,02,,01,04,02,01,01,01,01,01,25,FE,W,ROUTE 516 / MIDDLE RD,,,,50,35,26,,,N,,104
2019133919-45-AC,MONMOUTH,HAZLET TWP,01/21/2019,MO,1202,01,HAZLET TWP PD,HAZLET PD,0,2,0,0,I,B,N,N,99,3,NJ 36,N,36,,00000036__,23.29,02,,01,04,02,01,01,01,01,01,500,FE,E,POOLE AVE,,,,50,35,26,,,N,,
2019133919-46-AC,MONMOUTH,HAZLET TWP,01/21/2019,MO,1210,01,HAZLET TWP PD,HAZLET,0,0,0,0,P,I,N,N,11,1,UNION AVE,N,,,13181306__,.74,07,,01,04,02,01,01,01,04,01,,AT,N,ROUTE 516 / MIDDLE RD,,,,35,35,51,,,N,,103
2019133919-48-AC,MONMOUTH,HAZLET TWP,01/22/2019,TU,0110,01,HAZLET TWP PD,,0,0,0,0,P,B,N,N,11,1,MONMOUTH COUNTY 4 II,N,4,2,130000042_,7.43,05,,01,05,02,01,06,01,05,01,150,FE,N,BRAILLEY LN,,,,35,25,56,,,N,DAMAGED UTILITY POLE #BT2000RTN - VERIZON - 1 VERIZON WAY BASKING RIDGE NJ 07920,95
2019133919-483-AC,MONMOUTH,HAZLET TWP,07/11/2019,TH,0647,01,HAZLET TWP PD,HAZLET P.D,0,0,0,0,P,B,N,N,01,3,BEERS ST,S,,,,,07,,01,04,02,01,01,01,05,01,10,FE,N,MALLARD ST,,,,35,25,26,,,N,,
2019133919-49-AC,MONMOUTH,HAZLET TWP,01/22/2019,TU,1209,01,HAZLET TWP PD,,0,0,0,0,P,B,N,N,01,2,ROUTE 516,,516,,00000516__,11.22,05,,01,04,02,01,01,01,05,01,50,FE,S,POOLE AVE,,,,35,35,26,,,N,,86
2019133919-492-AC,MONMOUTH,HAZLET TWP,07/15/2019,MO,1804,01,HAZLET TWP PD,HAZLET TWP,0,1,0,0,I,I,N,N,03,2,LAUREL AVE,N,,,13391283__,.32,07,,01,04,02,01,01,01,05,01,,AT,,LEOCADIA CT,,,,35,25,26,,,N,,73
2019133919-493-AC,MONMOUTH,HAZLET TWP,07/15/2019,MO,1758,01,HAZLET TWP PD,,0,0,0,0,P,B,N,N,06,2,BETHANY RD,E,,,,,07,,01,04,02,01,01,01,05,01,500,FE,E,CRESCI BLVD,,,,35,25,28,,,N,,80
2019133919-495-AC,MONMOUTH,HAZLET TWP,07/17/2019,WE,1025,01,HAZLET TWP PD,HAZLET POL,0,0,0,0,P,B,N,N,03,2,LAUREL AVE,,,,13391283__,.02,07,,01,04,02,01,01,01,05,01,100,FE,N,NJ 36,,,,35,50,26,,,N,,85
2019133919-496-AC,MONMOUTH,HAZLET TWP,07/17/2019,WE,1348,01,HAZLET TWP PD,HQ,0,0,0,0,P,B,N,N,05,2,APPLETON DR **,N,,,13391141__,.38,07,,01,04,02,01,01,01,05,,10,FE,N,UNION AVE,,,,25,35,26,,,N,,78
2019133919-497-AC,MONMOUTH,HAZLET TWP,07/18/2019,TH,1711,01,HAZLET TWP PD,HAZLET,0,0,0,0,P,B,N,N,02,3,NJ 35,W,35,,00000035__,42.78,02,,01,04,02,02,01,02,01,01,500,FE,E,CR 4 / HOLMDEL RD,,,,50,35,26,,,N,,
2019133919-498-AC,MONMOUTH,HAZLET TWP,07/19/2019,FR,0937,01,HAZLET TWP PD,HAZLET PD,0,2,0,0,I,I,N,N,03,2,NJ 35,W,35,,00000035__,42.29,02,,01,04,02,01,01,01,01,01,,AT,,HAZLET AVE,,,,50,35,26,,,N,,107
2019133919-499-AC,MONMOUTH,HAZLET TWP,07/19/2019,FR,1335,01,HAZLET TWP PD,HAZLET P.D,0,0,0,0,P,B,N,N,01,2,NJ 35,S,35,,00000035__,41.73,02,,01,04,02,01,01,01,01,01,200,FE,N,VILLAGE CT,,,,50,25,26,,,N,,101
2019133919-500-AC,MONMOUTH,HAZLET TWP,07/19/2019,FR,1431,01,HAZLET TWP PD,HAZLET P.D,0,0,0,0,P,B,N,N,03,2,MONMOUTH COUNTY 4 II,S,4,2,130000042_,8.19,05,,01,04,02,01,01,01,05,01,10,FE,S,BETTLE RD / CLARK ST,,,,35,25,26,,,N,,101
2019133919-501-AC,MONMOUTH,HAZLET TWP,07/19/2019,FR,1647,01,HAZLET TWP PD,HAZLET PD,0,1,0,0,I,B,N,N,01,2,BETHANY RD,W,,,,,07,,01,06,02,01,01,01,,,15,FE,E,CR 4,,,,35,35,26,,,N,,68
2019133919-502-AC,MONMOUTH,HAZLET TWP,07/19/2019,FR,1726,01,HAZLET TWP PD,HAZLET TWP,0,0,0,0,P,I,N,N,01,2,NJ 35,S,35,,00000035__,41.84,02,,03,04,02,01,01,01,05,01,,AT,,BETHANY RD / POOLE AVE,,,,50,35,26,,,N,,105
2019133919-503-AC,MONMOUTH,HAZLET TWP,07/20/2019,SA,1317,01,HAZLET TWP PD,HAZLET PD,0,1,0,0,I,B,N,N,01,2,POOLE AVE,S,,,13391282__,.01,07,,01,04,02,01,01,01,04,01,50,FE,N,NJ 36,,,,35,50,26,,,N,,107
2019133919-504-AC,MONMOUTH,HAZLET TWP,07/20/2019,SA,1501,01,HAZLET TWP PD,HAZLET TWP,0,0,0,0,P,B,N,N,01,2,NJ 35,S,35,,00000035__,42.30,02,,01,04,02,01,01,01,01,01,50,FE,N,HAZLET AVE,,,,50,35,26,,,N,,104
2019133919-506-AC,MONMOUTH,HAZLET TWP,07/20/2019,SA,2026,01,HAZLET TWP PD,,0,2,0,0,I,I,N,N,02,3,ROUTE 516,E,516,,00000516__,11.52,05,,01,04,02,01,03,01,04,01,,AT,,BROOKSIDE AVE / DARTMOUTH AVE,,,,35,25,26,,,N,LAWN TREE  LANDSCAPING-PHILIP D ANZIVINO-1 BROOKSIDE AVE HAZLET TOWNSHIP NJ 077?,
2019133919-509-AC,MONMOUTH,HAZLET TWP,07/22/2019,MO,1239,01,HAZLET TWP PD,HAZLET PD,0,1,0,0,I,B,N,N,03,2,ROUTE 516,W,516,,00000516__,10.81,05,,01,04,02,01,01,01,05,01,100,FE,E,NJ 36,,,,35,50,26,,,N,,107
2019133919-51-AC,MONMOUTH,HAZLET TWP,01/22/2019,TU,1406,01,HAZLET TWP PD,HAZLET PD,0,0,0,0,P,B,N,N,01,2,NJ 36,E,36,,00000036__,21.68,02,,01,04,02,01,01,01,01,01,300,FE,W,ROSE LN,,,,50,25,26,,,N,,73
2019133919-512-AC,MONMOUTH,HAZLET TWP,07/22/2019,MO,1501,01,HAZLET TWP PD,,0,2,0,0,I,B,N,N,11,1,NJ 36,,36,,00000036__,23.68,02,,03,04,02,01,01,01,01,,500,FE,N,ROUTE 516 / MIDDLE RD,,,,50,35,52,,,N,POLE NO NUMBER & A TREE IN LOT -JCP&L-331 NEWMANS SPRINGS RD RED BANK NJ 07701,68
2019133919-513-AC,MONMOUTH,HAZLET TWP,07/22/2019,MO,1516,01,HAZLET TWP PD,,0,0,0,0,P,B,N,N,01,2,BETHANY RD,,,,,,07,,01,04,02,01,01,01,05,01,25,FE,E,GALWAY DR,,,,35,25,26,,,N,,86
2019133919-515-AC,MONMOUTH,HAZLET TWP,07/23/2019,TU,1230,01,HAZLET TWP PD,HAZLET POL,0,0,0,0,P,B,N,N,04,2,POOLE AVE,,,,13391282__,,07,,01,04,02,02,01,05,05,01,100,FE,S,KINGSBRIDGE CT,,,,35,25,26,,,N,,85
2019133919-516-AC,MONMOUTH,HAZLET TWP,07/26/2019,FR,1223,01,HAZLET TWP PD,HQ,0,0,0,0,P,I,N,N,03,2,NJ 35,S,35,,00000035__,42.93,02,,01,04,02,01,01,01,01,01,,AT,,CLARK ST,,,,50,35,26,,,N,,78
2019133919-517-AC,MONMOUTH,HAZLET TWP,07/26/2019,FR,1400,01,HAZLET TWP PD,,0,0,0,0,P,B,N,N,06,2,PINEKNOT AVE **,E,,,13391124__,.04,07,,01,04,02,01,00,01,05,01,200,FE,E,UNION AVE,,,,25,35,28,,,N,,86
2019133919-518-AC,MONMOUTH,HAZLET TWP,07/26/2019,FR,1723,01,HAZLET TWP PD,,0,0,0,0,P,I,N,N,03,2,MONMOUTH COUNTY 4 II,N,4,2,130000042_,7.98,05,,01,04,02,01,01,01,05,01,,AT,,BAYVIEW AVE,,,,35,25,26,,,N,,109
2019133919-52-AC,MONMOUTH,HAZLET TWP,01/23/2019,WE,1540,01,HAZLET TWP PD,HAZLET,0,0,0,0,P,B,N,N,03,2,POOLE AVE,S,,,,,07,,01,04,02,01,01,01,05,01,100,FE,N,NJ 35,,,,35,50,26,,,N,,103
2019133919-521-AC,MONMOUTH,HAZLET TWP,07/29/2019,MO,1720,01,HAZLET TWP PD,HAZLET TWP,0,0,0,0,P,B,N,N,01,2,ROUTE 516,,516,,00000516__,,05,,01,04,02,01,01,01,05,01,25,FE,E,GREEN ACRES DR,,,,35,25,26,,,N,,105
2019133919-523-AC,MONMOUTH,HAZLET TWP,07/30/2019,TU,1127,01,HAZLET TWP PD,,0,0,0,0,P,B,N,N,02,2,NJ 36,,36,,00000036__,20.94,02,,01,04,02,01,01,01,01,,35,FE,W,LAUREL AVE,,,,50,35,26,,,N,,68
2019133919-525-AC,MONMOUTH,HAZLET TWP,07/31/2019,WE,1501,01,HAZLET TWP PD,,0,0,0,0,P,B,N,N,01,2,NJ 36,W,36,,00000036__,23.29,02,,01,04,02,02,01,02,01,01,500,FE,E,POOLE AVE,,,,50,35,26,,,N,,95
2019133919-527-AC,MONMOUTH,HAZLET TWP,08/01/2019,TH,2309,01,HAZLET TWP PD,,0,1,0,0,I,I,N,N,03,2,NJ 36,S,36,,00000036__,22.66,02,,03,04,02,01,06,01,01,01,,AT,,CR 6 / STONE RD,,,,50,30,26,,,N,,72
2019133919-529-AC,MONMOUTH,HAZLET TWP,08/02/2019,FR,1014,01,HAZLET TWP PD,HAZLET PD,0,2,0,0,I,B,N,N,03,2,BETHANY RD,S,,,,,07,,01,04,02,01,01,05,05,01,200,FE,N,ASHLEIGH DR,,,,35,25,26,,,N,,107
2019133919-535-AC,MONMOUTH,HAZLET TWP,08/03/2019,SA,0930,01,HAZLET TWP PD,,0,0,0,0,P,B,N,N,02,2,BETHANY RD,S,,,,,07,,01,04,02,01,01,01,05,01,300,FE,N,ASHLEIGH DR,,,,35,25,26,,,N,,86
2019133919-536-AC,MONMOUTH,HAZLET TWP,08/03/2019,SA,1129,01,HAZLET TWP PD,,0,0,0,0,P,B,N,N,01,3,LAUREL AVE,N,,,13391283__,.44,07,,01,04,02,01,01,01,05,01,100,FE,S,SHADYSIDE AVE,,,,35,25,26,,,N,,
2019133919-537-AC,MONMOUTH,HAZLET TWP,08/03/2019,SA,1601,01,HAZLET TWP PD,HQ,0,0,0,0,P,B,N,N,01,2,ROUTE 516,S,516,,00000516__,11.23,05,,01,04,02,01,01,01,05,01,10,FE,N,POOLE AVE,,,,35,35,26,,,N,,78
2019133919-538-AC,MONMOUTH,HAZLET TWP,08/03/2019,SA,1705,01,HAZLET TWP PD,,0,0,0,0,P,I,N,N,03,2,LAUREL AVE,,,,13391283__,.28,07,,01,04,02,01,01,01,05,01,,AT,,10TH ST,,,,35,25,26,,,N,,109
2019133919-54-AC,MONMOUTH,HAZLET TWP,01/23/2019,WE,2242,01,HAZLET TWP PD,HQ,0,0,0,0,P,B,N,N,12,1,POOLE AVE,N,,,,,07,,01,04,02,02,06,05,05,01,15,FE,S,FRANCISCAN WAY,,,,35,25,24,,,N,,78
2019133919-541-AC,MONMOUTH,HAZLET TWP,08/05/2019,MO,1211,01,HAZLET TWP PD,HQ,0,3,0,0,I,I,N,N,03,2,LAUREL AVE,W,,,13391283__,.20,07,,01,04,02,01,01,01,05,01,,AT,,11TH ST,,,,35,25,26,,,N,WOODEN BRIDGE DECORE DESTROYED AND GRASS RUTS. - WENDY L JANSEN - 263 LAUREL AV?,89
2019133919-542-AC,MONMOUTH,HAZLET TWP,08/05/2019,MO,1216,01,HAZLET TWP PD,HAZLET,0,0,0,0,P,B,N,N,01,2,UNION AVE,S,,,13181306__,.72,07,,01,04,02,01,01,01,05,,100,FE,S,ROUTE 516 / MIDDLE RD,,,,35,35,26,,,N,,62
2019133919-543-AC,MONMOUTH,HAZLET TWP,08/06/2019,TU,0806,01,HAZLET TWP PD,HAZLET TWP,0,0,0,0,P,B,N,N,08,2,641 HOLMDEL RD,N,,,,,10,,,04,02,01,01,01,05,01,,,,,,,,15,,28,,,N,,104
2019133919-544-AC,MONMOUTH,HAZLET TWP,08/06/2019,TU,1343,01,HAZLET TWP PD,HAZLET TWP,0,0,0,0,P,I,N,N,03,2,ROUTE 516,,516,,00000516__,12.99,05,,01,04,02,02,01,02,05,01,,AT,,AZEE AVE,,,,35,25,26,,,N,,93
2019133919-546-AC,MONMOUTH,HAZLET TWP,08/06/2019,TU,1547,01,HAZLET TWP PD,HAZLET TWP,0,0,0,0,P,I,N,N,03,2,BEERS ST,S,,,,,07,,01,04,02,01,01,01,05,01,,AT,,CLARK ST,,,,35,25,26,,,N,,104
2019133919-548-AC,MONMOUTH,HAZLET TWP,08/07/2019,WE,1430,01,HAZLET TWP PD,HAZLET P.D,0,0,0,0,P,B,N,N,01,2,NJ 35,N,35,,00000035__,41.61,02,,01,04,02,02,01,02,01,01,100,FE,S,FLEETWOOD DR,,,,50,35,26,,,N,,101
2019133919-549-AC,MONMOUTH,HAZLET TWP,08/07/2019,WE,2212,01,HAZLET TWP PD,HAZLET TWP,0,0,0,0,P,B,N,N,11,1,NJ 36,W,36,,00000036__,20.78,02,,01,04,02,02,06,02,01,,300,FE,W,CR 7 / FRANKLIN AVE / MUNROE AVE,,,,50,25,48,,,N,,100
2019133919-550-AC,MONMOUTH,HAZLET TWP,08/08/2019,TH,1138,01,HAZLET TWP PD,HAZLET PD,0,0,0,0,P,B,N,N,08,2,BORICK AVE **,W,,,13391208__,.13,07,,01,04,02,01,01,01,05,01,50,FE,E,S LAUREL AVE,,,,25,35,28,,,N,,107
2019133919-552-AC,MONMOUTH,HAZLET TWP,08/09/2019,FR,0802,01,HAZLET TWP PD,HAZLET,0,0,0,0,P,B,N,N,02,2,NJ 35,E,35,,00000035__,42.31,02,,01,04,02,01,01,01,01,01,100,FE,E,HAZLET AVE,,,,50,35,26,,,N,,103
2019133919-553-AC,MONMOUTH,HAZLET TWP,08/10/2019,SA,1141,01,HAZLET TWP PD,HAZLET TWP,0,0,0,0,P,I,N,N,01,2,LAUREL AVE,N,,,13391283__,.36,07,,01,04,02,01,01,01,05,01,,AT,N,BORICK AVE / GIBSON DR,,,,35,25,26,,,N,,85
2019133919-555-AC,MONMOUTH,HAZLET TWP,08/11/2019,SU,1201,01,HAZLET TWP PD,HAZLET PD,0,0,0,0,P,B,N,N,02,2,NJ 36,E,36,,00000036__,23.60,02,,01,04,02,01,01,01,01,01,50,FE,E,ROUTE 516 / MIDDLE RD,,,,50,35,26,,,N,,107
2019133919-559-AC,MONMOUTH,HAZLET TWP,08/13/2019,TU,1037,01,HAZLET TWP PD,,0,0,0,0,P,B,N,N,01,2,NJ 36,E,36,,00000036__,23.59,02,,01,04,02,01,01,01,01,,15,FE,W,ROUTE 516 / MIDDLE RD,,,,50,35,26,,,N,,68
2019133919-56-AC,MONMOUTH,HAZLET TWP,01/24/2019,TH,2309,01,HAZLET TWP PD,HAZLET TOW,0,0,0,0,P,B,N,N,06,2,CRESCI BLVD **,N,,,13391029__,.23,07,,01,04,02,01,06,01,05,01,25,FE,N,KILDARE DR,,,,25,25,26,,,N,,104