Year(4)-CountyCode(2)-MunicipalityCode(2)-CaseNumber(9),County Name,Municipality Name,Crash Date,Crash Day of Week,Crash Time,Police Department Code,Police Department,Police Station,Total Killed,Total Injured,Pedestrians Killed,Pedestrians Injured,Severity,Intersection,Alcohol Involved,Hazmat Involved,Crash Type,Total Vehicles,Location,Location Direction,Route,Route Suffix,Std Rte Identifier,MilePost,Road System,Road Character,Road Horizontal Alignment,Road Grade,Road Surface Type,Surface Condition,Light Condition,Environmental Condition,Road Divided By,Temporary Traffic Control Zone,Distance To Cross Street,Unit Of Measurement,Direction From Cross Street,Cross Street Name,Is Ramp,Ramp To/From Route Name,Ramp To/From Route Direction,Posted Speed,Posted Speed Cross Street,First Harmful Event,Latitude,Longitude,Cell Phone In Use Flag,Other Property Damage,Reporting Badge No.
2019133919-820-AC,MONMOUTH,HAZLET TWP,11/25/2019,MO,0958,01,HAZLET TWP PD,HAZLET TWP,0,0,0,0,P,B,N,N,08,2,FLORENCE AVE **,S,,,13391232__,.20,07,,01,04,02,01,01,01,05,01,25,FE,N,MIDDLE RD,,,,25,35,26,,,N,,104
2019133919-821-AC,MONMOUTH,HAZLET TWP,11/26/2019,TU,0737,01,HAZLET TWP PD,,0,1,0,0,I,B,N,N,01,2,MONMOUTH COUNTY 7 I,S,7,1,130000071_,1.72,05,,01,04,02,02,01,01,05,01,10,FE,E,NJ 36,,,,30,50,26,,,N,,68
2019133919-825-AC,MONMOUTH,HAZLET TWP,11/26/2019,TU,1806,01,HAZLET TWP PD,HAZLET TWP,0,2,0,0,I,B,N,N,12,1,NJ 36,E,36,,00000036__,20.96,02,,01,04,02,01,06,01,01,01,200,FE,W,HOLLY AVE,,,,50,25,24,,,N,,104
2019133919-826-AC,MONMOUTH,HAZLET TWP,11/27/2019,WE,0452,01,HAZLET TWP PD,HAZLET PD,0,0,0,0,P,B,N,N,12,1,NJ 36,,36,,00000036__,23.62,02,,01,04,02,01,06,01,01,01,150,FE,E,ROUTE 516 / MIDDLE RD,,,,50,35,24,,,N,,106
2019133919-827-AC,MONMOUTH,HAZLET TWP,11/27/2019,WE,0954,01,HAZLET TWP PD,HAZLET PD,0,0,0,0,P,B,N,N,01,2,NJ 35,S,35,,00000035__,42.38,02,,01,04,02,01,01,05,01,01,500,FE,N,HAZLET AVE,,,,50,35,26,,,N,,97
2019133919-828-AC,MONMOUTH,HAZLET TWP,11/27/2019,WE,1204,01,HAZLET TWP PD,HAZLET,0,0,0,0,P,B,N,N,02,2,NJ 35,E,35,,00000035__,41.80,02,,01,04,02,01,01,01,01,01,200,FE,W,BETHANY RD / POOLE AVE,,,,50,35,26,,,N,,62
2019133919-829-AC,MONMOUTH,HAZLET TWP,11/27/2019,WE,1226,01,HAZLET TWP PD,HAZLET,0,0,0,0,P,B,N,N,01,3,BETHANY RD,W,,,,,07,,01,05,02,01,01,05,04,01,25,FE,E,GALWAY DR,,,,35,25,26,,,N,,
2019133919-83-AC,MONMOUTH,HAZLET TWP,02/04/2019,MO,0743,01,HAZLET TWP PD,,0,1,0,0,I,B,N,N,03,2,ROUTE 516,S,516,,00000516__,12.66,05,,01,04,02,01,01,01,05,01,50,FE,W,CONCORD AVE,,,,35,25,26,,,N,,83
2019133919-830-AC,MONMOUTH,HAZLET TWP,11/27/2019,WE,1725,01,HAZLET TWP PD,HAZLET P.D,0,0,0,0,P,I,N,N,07,2,HAZLET AVE **,,,,13391049__,.00,07,,01,04,02,01,06,01,05,,,AT,,BETHANY RD,,,,30,35,26,,,N,,75
2019133919-833-AC,MONMOUTH,HAZLET TWP,11/30/2019,SA,1754,01,HAZLET TWP PD,,0,0,0,0,P,B,N,N,02,2,NJ 36,S,36,,00000036__,22.27,02,,01,04,02,01,06,01,01,01,300,FE,N,CR 39 / UNION AVE,,,,50,35,26,,,N,,74
2019133919-834-AC,MONMOUTH,HAZLET TWP,12/02/2019,MO,1331,01,HAZLET TWP PD,HAZLET PD,0,0,0,0,P,B,N,N,01,2,MONMOUTH COUNTY 7 I,S,7,1,130000071_,2.81,05,,01,04,02,02,01,03,04,01,10,FE,N,NJ 36,,,,35,50,26,,,N,,97
2019133919-835-AC,MONMOUTH,HAZLET TWP,12/02/2019,MO,1616,01,HAZLET TWP PD,HAZLET PD,0,0,0,0,P,B,N,N,02,2,NJ 36,,36,,00000036__,21.14,02,,01,04,02,02,01,03,01,01,1000,FE,N,LAUREL AVE,,,,50,35,26,,,N,,68
2019133919-838-AC,MONMOUTH,HAZLET TWP,12/03/2019,TU,1740,01,HAZLET TWP PD,HAZLET TWP,0,0,0,0,P,B,N,N,03,2,BETHANY RD,S,,,,,07,,01,04,02,01,06,01,05,01,75,FE,W,NJ 35,,,,35,50,26,,,N,,83
2019133919-839-AC,MONMOUTH,HAZLET TWP,12/03/2019,TU,1738,01,HAZLET TWP PD,HAZLET PD,0,0,0,0,P,B,N,N,02,2,NJ 35,,35,,00000035__,41.37,02,,01,04,02,01,06,01,01,01,150,FE,S,MILLER AVE,,,,50,25,26,,,N,,106
2019133919-84-AC,MONMOUTH,HAZLET TWP,02/04/2019,MO,0756,01,HAZLET TWP PD,,0,0,0,0,P,B,N,N,01,2,MONMOUTH COUNTY 7 I,S,7,1,130000071_,1.61,05,,01,04,02,02,01,01,04,01,50,FE,N,HART ST,,,,35,25,26,,,N,,72
2019133919-840-AC,MONMOUTH,HAZLET TWP,12/03/2019,TU,1732,01,HAZLET TWP PD,HAZLET P.D,0,0,0,0,P,B,N,N,01,3,NJ 35,S,35,,00000035__,41.58,02,,01,04,02,02,06,01,01,01,75,FE,S,VILLAGE CT,,,,50,25,26,,,N,,
2019133919-841-AC,MONMOUTH,HAZLET TWP,12/04/2019,WE,0836,01,HAZLET TWP PD,HAZLET POL,0,1,0,0,I,I,N,N,04,3,NJ 36,E,36,,00000036__,22.21,02,,01,04,02,02,01,05,01,01,,AT,,CR 39 / UNION AVE,,,,50,35,26,,,N,TRAFFIC LIGHT POLE. - NJ DOT - 1400 NEGRON WAY HAMILTON NJ 08619,
2019133919-842-AC,MONMOUTH,HAZLET TWP,12/04/2019,WE,2308,01,HAZLET TWP PD,,0,2,0,0,I,B,N,N,01,3,NJ 35,S,35,,00000035__,41.84,02,,01,04,02,02,06,01,01,01,25,FE,W,BETHANY RD / POOLE AVE,,,,50,35,26,,,N,,
2019133919-844-AC,MONMOUTH,HAZLET TWP,12/05/2019,TH,1339,01,HAZLET TWP PD,HAZLET P.D,0,0,0,0,P,I,N,N,01,2,NJ 35,N,35,,00000035__,42.29,02,,03,04,02,01,01,01,05,01,,AT,,HAZLET AVE,,,,50,35,26,,,N,,101
2019133919-847-AC,MONMOUTH,HAZLET TWP,12/06/2019,FR,2054,01,HAZLET TWP PD,,0,1,0,0,I,B,N,N,11,1,POOLE AVE,E,,,13391282__,,07,,02,04,02,01,06,01,05,,150,FE,W,DANIEL DR,,,,35,25,52,,,N,TELEPHONE POLE DAMAGED (POLE #VZ1641HZT) - VERIZON - 980 HOOPER AVE TOMS RIVER ?,80
2019133919-848-AC,MONMOUTH,HAZLET TWP,12/07/2019,SA,0824,01,HAZLET TWP PD,HQ,0,0,0,0,P,B,N,N,11,1,2835 STATE HIGHWAY 35,S,,,,,09,,01,05,01,01,01,01,05,,,,,,,,,15,,69,,,N,POSSIBLE DAMAGED TO PIT BULL SAFETY RESTRAINT - COSTCO WHOLESALE - 2835 STATE H?,78
2019133919-85-AC,MONMOUTH,HAZLET TWP,02/04/2019,MO,1325,01,HAZLET TWP PD,HAZLET TWP,0,1,0,0,I,B,N,N,03,2,POOLE AVE,,,,13391282__,.35,07,,01,04,02,01,01,01,05,01,10,FE,E,STONE RD,,,,35,35,26,,,N,,104
2019133919-851-AC,MONMOUTH,HAZLET TWP,12/07/2019,SA,1751,01,HAZLET TWP PD,HAZLET PD,0,1,0,0,I,B,N,N,01,3,NJ 35,E,35,,00000035__,42.68,02,,01,04,02,01,04,01,01,01,75,FE,W,CR 4 / HOLMDEL RD,,,,50,35,26,,,N,,
2019133919-852-AC,MONMOUTH,HAZLET TWP,12/07/2019,SA,2008,01,HAZLET TWP PD,,0,1,0,0,I,B,N,N,01,2,LAUREL AVE,N,,,13391283__,.30,07,,01,05,02,01,06,01,05,01,10,FE,S,ADAM PL,,,,35,25,26,,,N,,109
2019133919-855-AC,MONMOUTH,HAZLET TWP,12/10/2019,TU,1107,01,HAZLET TWP PD,HAZLET PD,0,0,0,0,P,B,N,N,03,2,HAZLET AVE **,E,,,13391049__,.67,07,,01,04,02,02,01,05,04,01,25,FE,W,NJ 35,,,,35,50,26,,,N,,97
2019133919-856-AC,MONMOUTH,HAZLET TWP,12/10/2019,TU,1522,01,HAZLET TWP PD,HAZLET PD,0,0,0,0,P,B,N,N,06,2,IRWIN PL **,E,,,13391130__,.14,07,,01,04,02,02,01,05,05,01,100,FE,W,LYNN BLVD,,,,25,25,26,,,N,,97
2019133919-858-AC,MONMOUTH,HAZLET TWP,12/11/2019,WE,0827,01,HAZLET TWP PD,HAZLET PD,0,0,0,0,P,B,N,N,01,2,NJ 36,W,36,,00000036__,23.61,02,,01,04,02,02,01,03,01,01,100,FE,E,ROUTE 516 / MIDDLE RD,,,,50,30,26,,,N,,110
2019133919-859-AC,MONMOUTH,HAZLET TWP,12/11/2019,WE,0905,01,HAZLET TWP PD,HAZLET TWP,0,0,0,0,P,I,N,N,03,2,BETHANY RD,N,,,,,07,,01,04,02,02,01,03,05,,,AT,,GARDEN PARK LN,,,,35,15,26,,,N,,104
2019133919-86-AC,MONMOUTH,HAZLET TWP,02/04/2019,MO,1908,01,HAZLET TWP PD,HQ,0,3,0,0,I,I,N,N,04,2,NJ 35,,35,,00000035__,41.84,02,,01,04,02,01,06,01,01,01,,AT,,BETHANY RD / POOLE AVE,,,,50,35,26,,,N,,106
2019133919-861-AC,MONMOUTH,HAZLET TWP,12/11/2019,WE,1700,01,HAZLET TWP PD,HAZLET TWP,0,0,0,0,P,B,N,N,01,2,NJ 36,S,36,,00000036__,23.40,02,,01,04,02,01,03,01,01,01,1000,FE,W,ROUTE 516 / MIDDLE RD,,,,50,35,26,,,N,,105
2019133919-863-AC,MONMOUTH,HAZLET TWP,12/12/2019,TH,1414,01,HAZLET TWP PD,HAZLET PD,0,0,0,0,P,B,N,N,02,2,ROUTE 516,N,516,,00000516__,11.13,05,,01,04,02,01,02,01,04,01,20,FE,S,HAZELET AVE,,,,35,25,26,,,N,,97
2019133919-864-AC,MONMOUTH,HAZLET TWP,12/12/2019,TH,1541,01,HAZLET TWP PD,HAZLET POL,0,1,0,0,I,B,N,N,03,2,POOLE AVE,E,,,13391282__,.02,07,,01,04,02,01,01,01,05,01,100,FE,E,NJ 36,,,,35,50,26,,,N,,89
2019133919-866-AC,MONMOUTH,HAZLET TWP,12/13/2019,FR,1639,01,HAZLET TWP PD,HAZLET PD,0,0,0,0,P,B,N,N,03,2,ROUTE 516,E,516,,00000516__,11.13,05,,01,04,02,02,07,02,05,,10,FE,N,HAZELET AVE,,,,30,25,26,,,N,,110
2019133919-867-AC,MONMOUTH,HAZLET TWP,12/13/2019,FR,1725,01,HAZLET TWP PD,HAZLET PD,0,0,0,0,P,B,N,N,01,2,NJ 35,N,35,,00000035__,42.58,02,,01,04,02,02,06,02,01,01,100,FE,S,ANN CT,,,,50,25,26,,,N,,96
2019133919-87-AC,MONMOUTH,HAZLET TWP,02/05/2019,TU,1435,01,HAZLET TWP PD,HAZLET PD,0,1,0,0,I,B,N,N,01,2,POOLE AVE,N,,,13391282__,.35,07,,01,04,02,01,01,01,05,01,25,FE,S,STONE RD,,,,35,35,26,,,N,,99
2019133919-870-AC,MONMOUTH,HAZLET TWP,12/15/2019,SU,2239,01,HAZLET TWP PD,HAZLET P.D.,0,1,0,0,I,I,N,N,03,2,NJ 35,S,35,,00000035__,41.84,02,,01,04,02,01,06,01,01,01,,AT,,BETHANY RD / POOLE AVE,,,,50,35,26,,,N,,98
2019133919-872-AC,MONMOUTH,HAZLET TWP,12/16/2019,MO,0915,01,HAZLET TWP PD,,0,0,0,0,P,B,N,N,08,2,2835 STATE HIGHWAY 35,N,,,,,09,,01,05,01,01,01,05,05,01,,,,,,,,15,,28,,,N,,95
2019133919-874-AC,MONMOUTH,HAZLET TWP,12/17/2019,TU,0414,01,HAZLET TWP PD,,0,1,0,0,I,I,N,N,03,2,NJ 35,N,35,,00000035__,41.84,02,,01,04,02,02,06,02,01,01,,AT,,BETHANY RD / POOLE AVE,,,,50,35,26,,,N,,109
2019133919-875-AC,MONMOUTH,HAZLET TWP,12/17/2019,TU,1357,01,HAZLET TWP PD,HAZLET,0,0,0,0,P,B,N,N,05,2,ROUTE 516,W,516,,00000516__,11.37,05,,01,04,02,02,01,02,05,01,100,FE,E,BROMLEY AVE,,,,35,25,26,,,N,,103
2019133919-878-AC,MONMOUTH,HAZLET TWP,12/17/2019,TU,1810,01,HAZLET TWP PD,,0,1,0,1,I,I,N,N,13,1,ROUTE 516,,516,,00000516__,10.65,05,,01,04,02,02,06,02,05,01,,AT,,FLORENCE AVE,,,,35,35,26,,,N,,109
2019133919-879-AC,MONMOUTH,HAZLET TWP,12/18/2019,WE,0617,01,HAZLET TWP PD,HAZLET TWP,0,0,0,0,P,B,N,N,11,1,FLORENCE AVE **,S,,,13391232__,.28,07,,01,04,02,04,01,01,05,01,100,FE,N,NJ 36,,,,35,50,59,,,N,SILVER METAL FENCE - FEDERAL RENT A FENCE - 127 HADDON AVE WEST BERLIN NJ 08091,83
2019133919-88-AC,MONMOUTH,HAZLET TWP,02/06/2019,WE,0735,01,HAZLET TWP PD,HAZLET,0,0,0,0,P,B,N,N,03,2,ROUTE 516,S,516,,00000516__,12.67,05,,01,04,02,01,01,01,05,01,25,FE,W,CONCORD AVE,,,,35,25,26,,,N,,103
2019133919-880-AC,MONMOUTH,HAZLET TWP,12/18/2019,WE,1204,01,HAZLET TWP PD,HAZLET PD,0,0,0,0,P,B,N,N,01,2,NJ 35,,35,,00000035__,42.30,02,,01,04,02,01,01,01,01,01,50,FE,N,HAZLET AVE,,,,50,35,26,,,N,,106
2019133919-881-AC,MONMOUTH,HAZLET TWP,12/18/2019,WE,1225,01,HAZLET TWP PD,HAZLET PD,0,0,0,0,P,I,N,N,07,2,MONMOUTH COUNTY 4 II,,4,2,130000042_,7.22,05,,01,04,02,01,01,01,05,01,,AT,,BETHANY RD,,,,35,35,26,,,N,,106
2019133919-882-AC,MONMOUTH,HAZLET TWP,12/18/2019,WE,1544,01,HAZLET TWP PD,HAZLET POL,0,0,0,0,P,B,N,N,01,2,NJ 35,,35,,00000035__,41.82,02,,03,04,02,01,01,01,01,01,100,FE,S,BETHANY RD / POOLE AVE,,,,50,35,26,,,N,,89
2019133919-883-AC,MONMOUTH,HAZLET TWP,12/18/2019,WE,2016,01,HAZLET TWP PD,HAZLET PD,0,0,0,0,P,B,N,N,02,2,NJ 36,E,36,,00000036__,22.20,02,,01,04,02,03,07,03,01,01,50,FE,W,CR 39 / UNION AVE,,,,50,35,26,,,N,,110
2019133919-885-AC,MONMOUTH,HAZLET TWP,12/19/2019,TH,1138,01,HAZLET TWP PD,HAZLET TWP,0,0,0,0,P,B,N,N,02,2,POOLE AVE,,,,13391282__,,07,,01,04,02,01,01,01,05,01,15,FE,N,MASON DR,,,,35,25,26,,,N,,105
2019133919-886-AC,MONMOUTH,HAZLET TWP,12/19/2019,TH,1239,01,HAZLET TWP PD,HAZLET P.D.,0,1,0,0,I,B,N,N,06,2,ROUTE 516,N,516,,00000516__,12.29,05,,01,04,02,01,01,01,05,,250,FE,N,UNION AVE,,,,35,35,26,,,N,LANDSCAPE WALL - ALLEN WOJCIK - 347 MIDDLE RD HAZLET TOWNSHIP NJ 07730,75
2019133919-888-AC,MONMOUTH,HAZLET TWP,12/19/2019,TH,1441,01,HAZLET TWP PD,HAZLET POL,0,0,0,0,P,B,N,N,02,2,POOLE AVE,,,,13391282__,,07,,01,04,02,01,01,01,05,01,50,FE,S,FRANCISCAN WAY,,,,35,25,26,,,N,,89
2019133919-889-AC,MONMOUTH,HAZLET TWP,12/19/2019,TH,1719,01,HAZLET TWP PD,,0,1,0,0,I,B,N,N,01,2,NJ 35,E,35,,00000035__,41.71,02,,01,04,02,01,06,01,01,01,400,FE,W,VILLAGE CT,,,,50,25,26,,,N,,95
2019133919-890-AC,MONMOUTH,HAZLET TWP,12/19/2019,TH,1755,01,HAZLET TWP PD,HAZLET TWP,0,0,0,0,P,B,N,N,01,2,NJ 35,S,35,,00000035__,41.83,02,,01,04,02,01,06,01,01,01,75,FE,S,BETHANY RD / POOLE AVE,,,,50,35,26,,,N,,105
2019133919-891-AC,MONMOUTH,HAZLET TWP,12/19/2019,TH,1838,01,HAZLET TWP PD,HAZLET P.D,0,1,0,0,I,B,N,N,01,2,NJ 36,W,36,,00000036__,23.65,02,,01,04,02,01,06,01,01,01,300,FE,E,ROUTE 516 / MIDDLE RD,,,,50,35,26,,,N,,101
2019133919-892-AC,MONMOUTH,HAZLET TWP,12/19/2019,TH,1902,01,HAZLET TWP PD,,0,0,0,0,P,I,N,N,07,2,MONMOUTH COUNTY 4 II,W,4,2,130000042_,7.22,05,,01,04,02,01,06,01,05,01,,AT,,BETHANY RD,,,,35,35,26,,,N,,95
2019133919-896-AC,MONMOUTH,HAZLET TWP,12/20/2019,FR,1939,01,HAZLET TWP PD,,0,2,0,0,I,B,N,N,01,2,NJ 36,,36,,00000036__,20.95,02,,01,04,02,01,06,01,01,,15,FE,E,LAUREL AVE,,,,50,35,26,,,N,,68
2019133919-897-AC,MONMOUTH,HAZLET TWP,12/21/2019,SA,1746,01,HAZLET TWP PD,HAZLET P.D,0,1,0,0,I,B,N,N,01,3,BETHANY RD,S,,,,,07,,01,04,02,01,06,01,05,01,300,FE,S,GARDEN PARK LN,,,,35,25,26,,,N,,
2019133919-898-AC,MONMOUTH,HAZLET TWP,12/21/2019,SA,1830,01,HAZLET TWP PD,HAZLET PD,0,0,0,0,P,B,N,N,08,2,NAPPI CT **,,,,13391352__,.00,07,,01,04,02,01,06,01,05,01,300,FE,W,ROUTE 516,,,,25,35,26,,,N,,106
2019133919-9-AC,MONMOUTH,HAZLET TWP,01/05/2019,SA,1351,01,HAZLET TWP PD,,0,0,0,0,P,I,N,N,01,2,ROUTE 516,S,516,,00000516__,12.24,05,,01,04,02,02,01,02,05,01,,AT,,UNION AVE,,,,35,35,26,,,N,,85
2019133919-90-AC,MONMOUTH,HAZLET TWP,02/06/2019,WE,0925,01,HAZLET TWP PD,HAZLET,0,1,0,0,I,B,N,N,01,2,FLORENCE AVE **,N,,,13391232__,.26,07,,01,04,02,01,01,01,05,01,10,FE,S,NJ 36,,,,25,50,26,,,N,,103
2019133919-902-AC,MONMOUTH,HAZLET TWP,12/22/2019,SU,1527,01,HAZLET TWP PD,,0,0,0,0,P,B,N,N,11,1,UNION AVE,W,,,13181306__,.74,07,,01,04,02,01,01,01,05,01,25,FE,W,ROUTE 516 / MIDDLE RD,,,,35,35,56,,,N,FIRE HYDRANT #23 - NEW JERSEY AMERICAN WATER - 1709 UNION AVE HAZLET TOWNSHIP N?,80
2019133919-903-AC,MONMOUTH,HAZLET TWP,12/22/2019,SU,1846,01,HAZLET TWP PD,HAZLET TWP,0,0,0,0,P,B,N,N,01,2,NJ 35,S,35,,00000035__,41.82,02,,03,04,02,01,06,01,01,01,100,FE,S,BETHANY RD / POOLE AVE,,,,50,35,26,,,N,,85
2019133919-904-AC,MONMOUTH,HAZLET TWP,12/22/2019,SU,2001,01,HAZLET TWP PD,HAZLET TWP,0,1,0,0,I,B,Y,N,01,3,NJ 35,S,35,,00000035__,41.41,02,,01,04,02,01,06,01,01,01,50,FE,N,MILLER AVE,,,,50,25,26,,,N,,
2019133919-905-AC,MONMOUTH,HAZLET TWP,12/22/2019,SU,2311,01,HAZLET TWP PD,HAZLET,0,1,0,0,I,B,Y,N,01,3,NJ 36,E,36,,00000036__,21.73,02,,01,04,02,01,06,01,01,01,50,FE,W,ROSE LN,,,,50,25,26,,,N,,
2019133919-906-AC,MONMOUTH,HAZLET TWP,12/23/2019,MO,0615,01,HAZLET TWP PD,,0,0,0,0,P,B,N,N,01,2,NJ 36,N,36,,00000036__,23.57,02,,01,04,02,01,06,01,01,01,100,FE,S,ROUTE 516 / MIDDLE RD,,,,50,35,26,,,N,,80
2019133919-908-AC,MONMOUTH,HAZLET TWP,12/23/2019,MO,1351,01,HAZLET TWP PD,HAZLET PD,0,0,0,0,P,B,N,N,04,2,UNION AVE,E,,,13181306__,.71,07,,01,04,02,01,01,01,04,01,150,FE,W,ROUTE 516 / MIDDLE RD,,,,35,35,26,,,N,,98
2019133919-909-AC,MONMOUTH,HAZLET TWP,12/23/2019,MO,1707,01,HAZLET TWP PD,HAZLET PD,0,1,0,0,I,B,N,N,02,2,NJ 35,S,35,,00000035__,41.49,02,,01,04,02,01,06,01,01,01,500,FE,N,MILLER AVE,,,,50,25,26,,,N,,96
2019133919-91-AC,MONMOUTH,HAZLET TWP,02/06/2019,WE,1416,01,HAZLET TWP PD,HAZLET,0,0,0,0,P,B,N,N,08,2,1776 UNION AVE,N,,,,,09,,01,04,02,01,01,01,05,01,,,,,,,,10,,26,,,N,,98
2019133919-911-AC,MONMOUTH,HAZLET TWP,12/23/2019,MO,1806,01,HAZLET TWP PD,HAZLET,0,0,0,0,P,B,N,N,02,2,NJ 35,W,35,,00000035__,42.73,02,,01,04,02,01,06,01,01,01,200,FE,E,CR 4 / HOLMDEL RD,,,,50,35,26,,,N,,103
2019133919-912-AC,MONMOUTH,HAZLET TWP,12/23/2019,MO,1829,01,HAZLET TWP PD,,0,0,0,0,P,B,N,N,02,2,BETHANY RD,N,,,,,07,,01,04,02,01,06,01,05,01,100,FE,S,NJ 35,,,,35,50,26,,,N,,109
2019133919-913-AC,MONMOUTH,HAZLET TWP,12/24/2019,TU,1339,01,HAZLET TWP PD,HAZLET PD,0,0,0,0,P,B,N,N,04,2,BETHANY RD,E,,,,,07,,01,04,02,01,01,01,04,01,500,FE,W,NJ 35,,,,35,50,26,,,N,,98
2019133919-914-AC,MONMOUTH,HAZLET TWP,12/26/2019,TH,1905,01,HAZLET TWP PD,HAZLET PD,0,0,0,0,P,B,N,N,08,2,POOLE AVE,N,,,13391282__,,07,,01,04,02,01,06,01,05,01,10,FE,S,NJ 35,,,,35,50,26,,,N,,110
2019133919-915-AC,MONMOUTH,HAZLET TWP,12/26/2019,TH,2151,01,HAZLET TWP PD,HAZLET PD,0,1,0,0,I,B,Y,N,01,2,NJ 36,E,36,,00000036__,21.74,02,,01,04,02,01,07,01,01,01,20,FE,W,ROSE LN,,,,50,25,26,,,N,,110
2019133919-917-AC,MONMOUTH,HAZLET TWP,12/27/2019,FR,1440,01,HAZLET TWP PD,HAZLET PD,0,0,0,0,P,I,N,N,03,2,MONMOUTH COUNTY 4 II,,4,2,130000042_,7.22,05,,01,04,02,01,01,01,05,01,,AT,,BETHANY RD,,,,35,35,26,,,N,,106
2019133919-918-AC,MONMOUTH,HAZLET TWP,12/27/2019,FR,1749,01,HAZLET TWP PD,HAZLET PD,0,0,0,0,P,B,N,N,11,1,JOHNSTON TER **,,,,13391243__,.00,07,,01,04,02,01,06,01,05,01,150,FE,S,CR 7 I / MUNRO AVE,,,,25,35,69,,,N,,106
2019133919-92-AC,MONMOUTH,HAZLET TWP,02/06/2019,WE,1611,01,HAZLET TWP PD,HAZLET PD,0,0,0,0,P,B,N,N,02,2,MONMOUTH COUNTY 4 II,N,4,2,130000042_,8.01,05,,01,04,02,01,01,01,05,01,100,FE,S,NJ 35,,,,35,50,26,,,N,,96
2019133919-920-AC,MONMOUTH,HAZLET TWP,12/28/2019,SA,2249,01,HAZLET TWP PD,,0,0,0,0,P,B,N,N,06,2,FOURTH ST,W,,,,,07,,01,04,02,01,06,01,05,02,500,FE,E,LAUREL AVE,,,,25,35,28,,,N,,68
2019133919-921-AC,MONMOUTH,HAZLET TWP,12/29/2019,SU,2119,01,HAZLET TWP PD,HAZLET PD,0,0,0,0,P,B,N,N,11,1,BETHANY RD,W,,,,,07,,01,04,02,02,06,02,04,01,100,FE,E,HAZLET AVE,,,,35,35,52,,,N,,97
2019133919-922-AC,MONMOUTH,HAZLET TWP,12/30/2019,MO,1304,01,HAZLET TWP PD,HAZLET PD,0,0,0,0,P,B,N,N,01,2,HAZLET AVE **,S,,,13391049__,.68,07,,01,04,02,02,01,02,05,01,50,FE,N,NJ 35,,,,35,50,26,,,N,,96
2019133919-923-AC,MONMOUTH,HAZLET TWP,12/31/2019,TU,1245,01,HAZLET TWP PD,HAZLET PD,0,0,0,0,P,B,N,N,06,2,FOURTH ST / KENNEDY WAY **,,,,13211118__,.47,07,,01,04,02,01,01,01,05,01,100,FE,W,LAUREL ST,,,,25,35,28,,,N,,96
2019133919-925-AC,MONMOUTH,HAZLET TWP,12/31/2019,TU,1359,01,HAZLET TWP PD,HAZLET PD,0,2,0,0,I,I,N,N,03,2,LAUREL AVE,,,,13391283__,.36,07,,01,04,02,01,01,01,05,01,,AT,,8TH ST,,,,35,25,26,,,N,,96
2019133919-93-AC,MONMOUTH,HAZLET TWP,02/06/2019,WE,1828,01,HAZLET TWP PD,HQ,0,1,0,0,I,B,N,N,01,2,NJ 35,S,35,,00000035__,41.42,02,,01,04,02,02,06,02,01,,100,FE,N,MILLER AVE,,,,50,25,26,,,N,,78
2019133919-94-AC,MONMOUTH,HAZLET TWP,02/07/2019,TH,1601,01,HAZLET TWP PD,HAZLET,0,0,0,0,P,B,N,N,01,2,ROUTE 516,W,516,,00000516__,11.13,05,,01,04,02,01,01,01,05,01,10,FE,E,HAZELET AVE,,,,35,25,26,,,N,,103
2019133919-97-AC,MONMOUTH,HAZLET TWP,02/08/2019,FR,1901,01,HAZLET TWP PD,,0,0,0,0,P,B,N,N,08,2,MONMOUTH COUNTY 4 II,N,4,2,130000042_,8.01,05,,01,04,02,01,06,01,05,01,100,FE,S,NJ 35,,,,35,50,26,,,N,,95
2019133919-98-AC,MONMOUTH,HAZLET TWP,02/10/2019,SU,1628,01,HAZLET TWP PD,,0,0,0,0,P,B,N,N,03,2,POOLE AVE,E,,,,,07,,01,04,02,01,01,01,05,01,200,FE,N,NJ 35,,,,35,50,26,,,N,,83
2019133919-99-AC,MONMOUTH,HAZLET TWP,02/11/2019,MO,1512,01,HAZLET TWP PD,HAZLET TWP,0,0,0,0,P,B,N,N,08,2,1766 UNION AVE,,,,,,09,,01,04,02,01,01,01,,,,,,,,,,15,,28,,,N,,100
2019133919KP03837,MONMOUTH,HAZLET TWP,04/27/2019,SA,1811,01,KEYPORT PD,KEG-345,0,0,0,0,P,B,N,N,01,2,GARDEN STATE PARKWAY,N,444,,00000444__,,03,,03,04,02,01,01,01,03,,,,S,,T,NJ 35,SB,50,,26,40.424080,74.202800,N,,22024
2019133919KP04171,MONMOUTH,HAZLET TWP,05/06/2019,MO,1929,01,KEYPORT PD,,0,0,0,0,P,B,N,N,01,2,GARDEN STATE PARKWAY,N,444,,00000444__,118.40,03,,01,04,02,01,01,01,05,01,1200,FE,S,,F,NJ 36,NB,50,,26,,,N,,22032
2019133919KP06683,MONMOUTH,HAZLET TWP,07/18/2019,TH,1630,01,KEYPORT PD,,0,0,0,0,P,B,N,N,01,2,GARDEN STATE PARKWAY,S,444,,00000444__,118.79,03,,03,04,02,01,01,05,03,,10,FE,N,,T,NJ 35,SB,35,,26,40.424070,74.202790,N,,22031
2019133919KP08224,MONMOUTH,HAZLET TWP,09/05/2019,TH,0911,01,KEYPORT PD,,0,0,0,0,P,B,N,N,01,2,GARDEN STATE PARKWAY,N,444,,00000444__,118.60,03,,01,06,02,01,01,01,03,01,,,,,F,NJ 35,NB,50,,26,,,N,,22026
2019133919KP08794,MONMOUTH,HAZLET TWP,09/23/2019,MO,1226,01,KEYPORT PD,KEYPORT,0,0,0,0,P,B,N,N,01,2,GARDEN STATE PARKWAY,S,444,,00000444__,,03,,01,04,02,01,01,01,03,01,,,,,T,NJ 35,SB,50,,26,,,N,,22245
20191339E050-2019-00005A,MONMOUTH,HAZLET TWP,01/02/2019,WE,1859,02,NEW JERSEY STATE POLICE,HOLMDEL - SQUAD,0,0,0,0,P,B,N,N,02,2,GARDEN STATE PARKWAY,N,444,,00000444__,118.70,03,,01,04,02,01,01,01,01,01,,,,,F,NJ 35,NB,65,,26,40.425000,74.201900,N,,7373