Year(4)-CountyCode(2)-MunicipalityCode(2)-CaseNumber(9),County Name,Municipality Name,Crash Date,Crash Day of Week,Crash Time,Police Department Code,Police Department,Police Station,Total Killed,Total Injured,Pedestrians Killed,Pedestrians Injured,Severity,Intersection,Alcohol Involved,Hazmat Involved,Crash Type,Total Vehicles,Location,Location Direction,Route,Route Suffix,Std Rte Identifier,MilePost,Road System,Road Character,Road Horizontal Alignment,Road Grade,Road Surface Type,Surface Condition,Light Condition,Environmental Condition,Road Divided By,Temporary Traffic Control Zone,Distance To Cross Street,Unit Of Measurement,Direction From Cross Street,Cross Street Name,Is Ramp,Ramp To/From Route Name,Ramp To/From Route Direction,Posted Speed,Posted Speed Cross Street,First Harmful Event,Latitude,Longitude,Cell Phone In Use Flag,Other Property Damage,Reporting Badge No.
20191339E050-2019-00061A,MONMOUTH,HAZLET TWP,01/09/2019,WE,1606,02,NEW JERSEY STATE POLICE,HOLMDEL - SQUAD,0,0,0,0,P,B,N,N,02,2,GARDEN STATE PARKWAY,S,444,,00000444__,117.60,03,,01,04,02,01,01,01,01,01,,,,,T,NJ 35,SB,,,26,40.424410,74.204750,N,,7382
20191339E050-2019-00074A,MONMOUTH,HAZLET TWP,01/08/2019,TU,0950,02,NEW JERSEY STATE POLICE,HOLMDEL - SQUAD,0,0,0,0,P,B,N,N,01,2,GARDEN STATE PARKWAY,N,444,,00000444__,118.60,03,,01,04,02,02,01,01,01,01,,,,,,,,65,,26,40.420330,74.208680,N,,7199
20191339E050-2019-00117A,MONMOUTH,HAZLET TWP,01/21/2019,MO,1436,02,NEW JERSEY STATE POLICE,HOLMDEL - SQUAD,0,1,0,0,I,B,N,N,01,2,GARDEN STATE PARKWAY,S,444,,00000444__,118.50,03,,02,06,02,01,01,01,01,01,,,,,,,,30,,26,40.402120,74.193370,N,,7804
20191339E050-2019-00148A,MONMOUTH,HAZLET TWP,01/26/2019,SA,1736,02,NEW JERSEY STATE POLICE,HOLMDEL - SQUAD,0,0,0,0,P,B,N,N,12,1,GARDEN STATE PARKWAY,S,444,,00000444__,117.80,03,,01,04,02,01,05,01,01,01,,,,,,,,65,,24,40.408980,74.200050,N,,7369
20191339E050-2019-00151A,MONMOUTH,HAZLET TWP,01/27/2019,SU,0757,02,NEW JERSEY STATE POLICE,HOLMDEL - SQUAD,0,1,0,0,I,B,N,N,11,1,GARDEN STATE PARKWAY,S,444,,00000444__,118.60,03,,01,04,02,01,01,01,01,01,,,,,,,,65,,47,40.418500,74.207710,N,NJTA GUARDAIL,7332
20191339E050-2019-00205A,MONMOUTH,HAZLET TWP,02/04/2019,MO,1614,02,NEW JERSEY STATE POLICE,HOLMDEL - SQUAD,0,0,0,0,P,B,N,N,01,2,GARDEN STATE PARKWAY,S,444,,00000444__,117.90,03,,01,04,02,01,01,01,01,01,,,,,,,,65,,26,40.402120,74.193370,N,,7470
20191339E050-2019-00256A,MONMOUTH,HAZLET TWP,02/12/2019,TU,1500,02,NEW JERSEY STATE POLICE,HOLMDEL - SQUAD,0,0,0,0,P,B,N,N,11,1,GARDEN STATE PARKWAY,N,444,,00000444__,118.60,03,,03,04,02,04,01,03,01,01,,,,,,,,35,,46,40.366540,74.177360,N,NJTA GUARDRAIL,7779
20191339E050-2019-00294A,MONMOUTH,HAZLET TWP,02/14/2019,TH,1822,02,NEW JERSEY STATE POLICE,HOLMDEL - SQUAD,0,0,0,0,P,B,N,N,01,2,GARDEN STATE PARKWAY,N,444,,00000444__,117.60,03,,03,04,02,01,07,01,01,01,,,,,T,ROUTE 35,SB,65,,26,40.424700,74.202630,N,,7501
20191339E050-2019-00344A,MONMOUTH,HAZLET TWP,02/22/2019,FR,1204,02,NEW JERSEY STATE POLICE,HOLMDEL - SQUAD,0,1,0,0,I,B,N,N,01,2,GARDEN STATE PARKWAY,N,444,,00000444__,118.40,03,,03,04,02,01,01,01,01,01,,,,,T,NJ 35,SB,,,26,40.424700,74.202630,N,,7501
20191339E050-2019-00362A,MONMOUTH,HAZLET TWP,02/25/2019,MO,1713,02,NEW JERSEY STATE POLICE,HOLMDEL - SQUAD,0,1,0,0,I,B,N,N,01,2,GARDEN STATE PARKWAY,S,444,,00000444__,118.00,03,,01,04,02,01,01,01,01,01,,,,,,,,65,,26,40.419260,74.212920,N,,7208
20191339E050-2019-00397A,MONMOUTH,HAZLET TWP,03/02/2019,SA,0521,02,NEW JERSEY STATE POLICE,HOLMDEL - SQUAD,0,0,0,0,P,B,N,N,11,1,GARDEN STATE PARKWAY,N,444,,00000444__,117.70,03,,01,04,02,03,02,03,01,01,,,,,,,,65,,46,40.409500,74.198690,N,NJTA GUARDRAIL,7471
20191339E050-2019-00410A,MONMOUTH,HAZLET TWP,03/03/2019,SU,0252,02,NEW JERSEY STATE POLICE,HOLMDEL - SQUAD,0,0,0,0,P,B,N,N,11,1,GARDEN STATE PARKWAY,N,444,,00000444__,118.70,03,,01,04,02,05,07,03,01,01,,,,,,,,65,,46,39.215480,74.548970,N,NJTPA Guardrail,7887
20191339E050-2019-00539A,MONMOUTH,HAZLET TWP,03/27/2019,WE,1642,02,NEW JERSEY STATE POLICE,HOLMDEL - SQUAD,0,1,0,0,I,B,N,N,01,2,GARDEN STATE PARKWAY,N,444,,00000444__,118.20,03,,03,04,02,01,01,01,01,01,,,,,F,NJ 35,SB,65,,26,40.425240,74.205830,N,,7369
20191339E050-2019-00592A,MONMOUTH,HAZLET TWP,04/06/2019,SA,2051,02,NEW JERSEY STATE POLICE,HOLMDEL - SQUAD,0,0,0,0,P,B,N,N,02,2,GARDEN STATE PARKWAY,N,444,,00000444__,118.00,03,,02,04,02,01,05,01,01,01,,,,,,,,65,,26,40.418890,74.205000,N,,7332
20191339E050-2019-00601A,MONMOUTH,HAZLET TWP,04/09/2019,TU,0430,02,NEW JERSEY STATE POLICE,HOLMDEL - SQUAD,0,0,0,0,P,B,N,N,02,2,GARDEN STATE PARKWAY,N,444,,00000444__,118.60,03,,01,04,02,01,04,01,05,01,,,,,,,,65,,26,40.425240,74.205830,N,,7794
20191339E050-2019-00609A,MONMOUTH,HAZLET TWP,04/10/2019,WE,1613,02,NEW JERSEY STATE POLICE,HOLMDEL - SQUAD,0,0,0,0,P,B,N,N,02,2,GARDEN STATE PARKWAY,S,444,,00000444__,118.00,03,,03,04,02,01,01,01,01,01,,,,,,,,65,,26,40.411690,74.201360,N,,7798
20191339E050-2019-00640A,MONMOUTH,HAZLET TWP,04/17/2019,WE,1658,02,NEW JERSEY STATE POLICE,HOLMDEL - SQUAD,0,0,0,0,P,B,N,N,02,2,GARDEN STATE PARKWAY,S,444,,00000444__,118.10,03,,01,04,02,01,01,01,01,01,,,,,,,,65,,26,40.415260,74.204860,N,GUARDRAIL,7578
20191339E050-2019-00673A,MONMOUTH,HAZLET TWP,04/23/2019,TU,2035,02,NEW JERSEY STATE POLICE,HOLMDEL - SQUAD,0,1,0,0,I,B,N,N,11,1,GARDEN STATE PARKWAY,S,444,,00000444__,118.40,03,,01,04,02,01,06,01,01,01,,,,,,,,65,,46,40.418100,74.209110,N,NJTA GUARDRAIL / TRAFFIC SIGN,7779
20191339E050-2019-00677A,MONMOUTH,HAZLET TWP,04/25/2019,TH,1022,02,NEW JERSEY STATE POLICE,HOLMDEL - SQUAD,0,2,0,0,I,B,N,N,02,2,GARDEN STATE PARKWAY,N,444,,00000444__,118.00,03,,01,04,02,01,01,01,01,01,,,,,,,,65,,26,40.414560,74.200470,N,,7845
20191339E050-2019-00701A,MONMOUTH,HAZLET TWP,04/29/2019,MO,0846,02,NEW JERSEY STATE POLICE,HOLMDEL - SQUAD,0,0,0,0,P,B,N,N,01,2,GARDEN STATE PARKWAY,N,444,,00000444__,118.60,03,,03,06,02,01,01,01,01,01,,,,,,,,25,,26,40.433200,74.199600,N,,7361
20191339E050-2019-00702A,MONMOUTH,HAZLET TWP,04/29/2019,MO,1527,02,NEW JERSEY STATE POLICE,HOLMDEL - SQUAD,0,0,0,0,P,B,N,N,01,3,GARDEN STATE PARKWAY,N,444,,00000444__,118.60,03,,01,06,02,01,01,01,01,01,,,,,F,NJ 35,,,,26,40.425490,74.202210,N,,7470
20191339E050-2019-00729A,MONMOUTH,HAZLET TWP,05/04/2019,SA,1448,02,NEW JERSEY STATE POLICE,HOLMDEL - SQUAD,0,0,0,0,P,B,N,N,11,1,GARDEN STATE PARKWAY,S,444,,00000444__,117.60,03,,01,04,02,01,01,01,01,01,,,,,,,,65,,46,40.408880,74.200460,N,NJTA GUARDRAIL DAMAGE,7373
20191339E050-2019-00783A,MONMOUTH,HAZLET TWP,05/13/2019,MO,1752,02,NEW JERSEY STATE POLICE,HOLMDEL - SQUAD,0,1,0,0,I,B,N,N,01,2,GARDEN STATE PARKWAY,S,444,,00000444__,118.40,03,,01,04,02,02,01,02,01,01,,,,,T,SH 35,SB,25,,26,40.651650,74.216510,N,,7470
20191339E050-2019-00784A,MONMOUTH,HAZLET TWP,05/13/2019,MO,2242,02,NEW JERSEY STATE POLICE,HOLMDEL - SQUAD,0,0,0,0,P,B,N,N,11,1,GARDEN STATE PARKWAY,N,444,,00000444__,118.00,03,,03,06,02,02,06,02,01,01,,,,,F,SH 36,NB,25,,46,40.425240,74.205830,N,NJTA - Guardrail Face 5ft,7470
20191339E050-2019-00786A,MONMOUTH,HAZLET TWP,05/12/2019,SU,1342,02,NEW JERSEY STATE POLICE,HOLMDEL - SQUAD,0,0,0,0,P,B,N,N,02,2,GARDEN STATE PARKWAY,N,444,,00000444__,117.90,03,,01,04,02,02,01,02,01,01,,,,,,,,65,,26,40.413080,74.200240,N,,7448
20191339E050-2019-00896A,MONMOUTH,HAZLET TWP,05/25/2019,SA,1216,02,NEW JERSEY STATE POLICE,HOLMDEL - SQUAD,0,2,0,0,I,B,N,N,01,3,GARDEN STATE PARKWAY,S,444,,00000444__,118.50,03,,01,04,02,01,01,01,01,01,,,,,,,,65,,26,40.419000,74.210650,N,,7639
20191339E050-2019-00949A,MONMOUTH,HAZLET TWP,06/01/2019,SA,1540,02,NEW JERSEY STATE POLICE,HOLMDEL - SQUAD,0,0,0,0,P,B,N,N,01,2,GARDEN STATE PARKWAY,S,444,,00000444__,118.40,03,,03,05,02,01,01,01,03,01,,,,,,,,,,26,40.424410,74.204750,N,,7199
20191339E050-2019-00950A,MONMOUTH,HAZLET TWP,06/01/2019,SA,1603,02,NEW JERSEY STATE POLICE,HOLMDEL - SQUAD,0,0,0,0,P,B,N,N,01,2,GARDEN STATE PARKWAY,N,444,,00000444__,118.00,03,,03,05,02,01,01,01,03,01,,,,,,,,35,,26,40.424410,74.204750,N,,7199
20191339E050-2019-00978A,MONMOUTH,HAZLET TWP,06/04/2019,TU,1318,02,NEW JERSEY STATE POLICE,HOLMDEL - SQUAD,0,0,0,0,P,B,N,N,02,2,GARDEN STATE PARKWAY,N,444,,00000444__,118.60,03,,01,04,02,01,01,01,01,01,,,,,F,NJ 35,,,,26,40.386550,74.177130,N,,7448
20191339E050-2019-00997A,MONMOUTH,HAZLET TWP,06/07/2019,FR,1832,02,NEW JERSEY STATE POLICE,HOLMDEL - SQUAD,0,0,0,0,P,B,N,N,02,2,GARDEN STATE PARKWAY,,444,,00000444__,118.50,03,,01,04,02,01,01,01,01,01,,,,,,,SB,35,,26,40.424040,74.205490,N,,7852
20191339E050-2019-01009A,MONMOUTH,HAZLET TWP,06/08/2019,SA,1305,02,NEW JERSEY STATE POLICE,HOLMDEL - SQUAD,0,0,0,0,P,B,N,N,02,2,GARDEN STATE PARKWAY,S,444,,00000444__,118.70,03,,01,04,02,01,01,01,01,01,,,,,,,,65,,26,40.420760,74.213670,N,,7779
20191339E050-2019-01137A,MONMOUTH,HAZLET TWP,06/18/2019,TU,1038,02,NEW JERSEY STATE POLICE,HOLMDEL - SQUAD,0,0,0,0,P,B,N,N,01,2,GARDEN STATE PARKWAY,N,444,,00000444__,118.00,03,,03,05,02,02,01,01,03,01,,,,,,,,65,,26,40.526500,74.965800,N,,7382
20191339E050-2019-01179A,MONMOUTH,HAZLET TWP,06/18/2019,TU,1837,02,NEW JERSEY STATE POLICE,HOLMDEL - SQUAD,0,0,0,0,P,B,N,N,11,1,GARDEN STATE PARKWAY,N,444,,00000444__,118.70,03,,02,05,02,02,01,02,01,01,,,,,,,,65,,46,40.420780,74.210480,N,GUARDRAIL  NJTA PO BOX 5042 WOODBRIDGE NJ.,7448
20191339E050-2019-01187A,MONMOUTH,HAZLET TWP,06/25/2019,TU,0606,02,NEW JERSEY STATE POLICE,HOLMDEL - SQUAD,0,0,0,0,P,B,N,N,01,2,GARDEN STATE PARKWAY,N,444,,00000444__,117.60,03,,01,04,02,02,01,05,01,01,,,,,F,ROUTE 35,NB,65,,26,40.425180,74.204980,N,,7373
20191339E050-2019-01194A,MONMOUTH,HAZLET TWP,06/25/2019,TU,1630,02,NEW JERSEY STATE POLICE,HOLMDEL - SQUAD,0,0,0,0,P,B,N,N,01,2,GARDEN STATE PARKWAY,N,444,,00000444__,118.60,03,,03,06,02,01,01,01,01,01,,,,,,,,,,26,40.425240,74.205830,N,,7361
20191339E050-2019-01201A,MONMOUTH,HAZLET TWP,06/26/2019,WE,1140,02,NEW JERSEY STATE POLICE,HOLMDEL - SQUAD,0,1,0,0,I,B,N,N,01,2,GARDEN STATE PARKWAY,S,444,,00000444__,118.10,03,,03,05,02,01,01,01,01,01,,,,,,,,65,,26,40.415260,74.204860,N,,7369
20191339E050-2019-01204A,MONMOUTH,HAZLET TWP,06/26/2019,WE,1656,02,NEW JERSEY STATE POLICE,HOLMDEL - SQUAD,0,0,0,0,P,B,N,N,01,2,GARDEN STATE PARKWAY,N,444,,00000444__,118.60,03,,02,06,02,01,01,01,01,01,,,,,,,,,,26,40.325670,74.527890,N,,7453
20191339E050-2019-01212A,MONMOUTH,HAZLET TWP,06/27/2019,TH,0759,02,NEW JERSEY STATE POLICE,HOLMDEL - SQUAD,0,0,0,0,P,B,N,N,01,2,GARDEN STATE PARKWAY,N,444,,00000444__,118.60,03,,03,04,02,01,01,01,02,01,,,,,F,NJ 35,,,,26,40.425240,74.205830,N,,7471
20191339E050-2019-01245A,MONMOUTH,HAZLET TWP,06/30/2019,SU,1416,02,NEW JERSEY STATE POLICE,HOLMDEL - SQUAD,0,0,0,0,P,B,N,N,01,2,GARDEN STATE PARKWAY,S,444,,00000444__,118.40,03,,03,04,02,01,01,01,01,01,,,,,,,,,,26,40.420930,74.213840,N,,7369
20191339E050-2019-01279A,MONMOUTH,HAZLET TWP,07/03/2019,WE,1619,02,NEW JERSEY STATE POLICE,HOLMDEL - SQUAD,0,0,0,0,P,B,N,N,02,2,GARDEN STATE PARKWAY,S,444,,00000444__,118.60,03,,01,04,02,01,01,01,01,01,,,,,,,,65,,26,40.418500,74.207710,N,,7369
20191339E050-2019-01300A,MONMOUTH,HAZLET TWP,07/06/2019,SA,1401,02,NEW JERSEY STATE POLICE,HOLMDEL - SQUAD,0,0,0,0,P,B,N,N,11,1,GARDEN STATE PARKWAY,S,444,,00000444__,118.60,03,,01,04,02,01,01,01,01,01,,,,,,,,65,,50,40.400300,74.190130,N,NJTA - METAL REFLECTOR POST  EXIT 117 SIGN POLE,7411
20191339E050-2019-01343A,MONMOUTH,HAZLET TWP,07/13/2019,SA,1542,02,NEW JERSEY STATE POLICE,HOLMDEL - SQUAD,0,0,0,0,P,B,N,N,01,2,GARDEN STATE PARKWAY,S,444,,00000444__,117.70,03,,01,04,02,01,01,01,01,01,,,,,,,,65,,26,40.407680,74.199160,N,,7661
20191339E050-2019-01380A,MONMOUTH,HAZLET TWP,07/19/2019,FR,0358,02,NEW JERSEY STATE POLICE,HOLMDEL - SQUAD,0,0,0,0,P,B,N,N,11,1,GARDEN STATE PARKWAY,N,444,,00000444__,118.40,03,,01,04,02,01,04,01,01,01,,,,,,,,,,48,40.420930,74.213840,N,njta concrete barrier,7733
20191339E050-2019-01383A,MONMOUTH,HAZLET TWP,07/19/2019,FR,1246,02,NEW JERSEY STATE POLICE,HOLMDEL - SQUAD,0,0,0,0,P,B,N,N,01,2,GARDEN STATE PARKWAY,S,444,,00000444__,118.20,03,,01,04,02,01,01,01,01,01,,,,,,,,65,,26,40.416310,74.206140,N,,7578
20191339E050-2019-01431A,MONMOUTH,HAZLET TWP,07/25/2019,TH,0748,02,NEW JERSEY STATE POLICE,HOLMDEL - SQUAD,0,0,0,0,P,B,N,N,01,2,GARDEN STATE PARKWAY,N,444,,00000444__,118.60,03,,01,04,02,01,01,01,01,01,,,,,,,,,,26,40.425240,74.205830,N,,7578
20191339E050-2019-01450A,MONMOUTH,HAZLET TWP,07/26/2019,FR,1341,02,NEW JERSEY STATE POLICE,HOLMDEL - SQUAD,0,0,0,0,P,B,N,N,01,2,GARDEN STATE PARKWAY,S,444,,00000444__,118.20,03,,01,04,02,01,01,01,01,01,,,,,,,,65,,26,40.416310,74.206140,N,,7369
20191339E050-2019-01510A,MONMOUTH,HAZLET TWP,08/01/2019,TH,1217,02,NEW JERSEY STATE POLICE,HOLMDEL - SQUAD,0,0,0,0,P,B,N,N,01,2,GARDEN STATE PARKWAY,N,444,,00000444__,118.30,03,,01,04,02,01,01,01,01,01,,,,,,,,,,26,40.423650,74.203810,N,,7361
20191339E050-2019-01522A,MONMOUTH,HAZLET TWP,08/03/2019,SA,1730,02,NEW JERSEY STATE POLICE,HOLMDEL - SQUAD,0,0,0,0,P,B,N,N,01,2,GARDEN STATE PARKWAY,N,444,,00000444__,118.60,03,,01,04,02,01,01,01,01,01,,,,,,,,,,26,40.425400,74.202900,N,,7578
20191339E050-2019-01535A,MONMOUTH,HAZLET TWP,08/05/2019,MO,0825,02,NEW JERSEY STATE POLICE,HOLMDEL - SQUAD,0,1,0,0,I,B,N,N,01,2,GARDEN STATE PARKWAY,N,444,,00000444__,118.40,03,,01,04,02,01,01,01,01,01,,,,,,,,65,,26,40.418100,74.205900,N,,7332
20191339E050-2019-01559A,MONMOUTH,HAZLET TWP,08/07/2019,WE,1716,02,NEW JERSEY STATE POLICE,HOLMDEL - SQUAD,0,0,0,0,P,B,N,N,11,1,GARDEN STATE PARKWAY,S,444,,00000444__,117.70,03,,01,04,02,02,01,02,01,01,,,,,,,,65,,46,40.410900,74.201500,N,NJTA Guardrail,7794
20191339E050-2019-01569A,MONMOUTH,HAZLET TWP,08/08/2019,TH,1251,02,NEW JERSEY STATE POLICE,HOLMDEL - SQUAD,0,0,0,0,P,B,N,N,01,2,GARDEN STATE PARKWAY,S,444,,00000444__,117.80,03,,01,04,02,01,01,01,01,01,,,,,,,,65,,26,40.408980,74.200050,N,,7739
20191339E050-2019-01586A,MONMOUTH,HAZLET TWP,08/09/2019,FR,1639,02,NEW JERSEY STATE POLICE,HOLMDEL - SQUAD,0,1,0,0,I,B,N,N,01,2,GARDEN STATE PARKWAY,N,444,,00000444__,118.60,03,,03,06,02,01,01,01,01,01,,,,,,,,65,,26,40.420330,74.208680,N,,7369
20191339E050-2019-01587A,MONMOUTH,HAZLET TWP,08/09/2019,FR,1809,02,NEW JERSEY STATE POLICE,HOLMDEL - SQUAD,0,0,0,0,P,B,N,N,01,2,GARDEN STATE PARKWAY,N,444,,00000444__,118.60,03,,03,04,02,01,01,01,01,01,,,,,,,,65,,26,40.420330,74.208680,N,,7369
20191339E050-2019-01670A,MONMOUTH,HAZLET TWP,08/23/2019,FR,0611,02,NEW JERSEY STATE POLICE,HOLMDEL - SQUAD,0,2,0,0,I,B,N,N,11,2,GARDEN STATE PARKWAY,N,444,,00000444__,118.60,03,,01,04,02,02,02,01,01,01,,,,,,,,65,,46,40.420020,74.208000,N,NJTA- 50 FEET GUARDRAIL DAMAGE,7373
20191339E050-2019-01731A,MONMOUTH,HAZLET TWP,08/31/2019,SA,1400,02,NEW JERSEY STATE POLICE,HOLMDEL - SQUAD,0,1,0,0,I,B,N,N,01,3,GARDEN STATE PARKWAY,N,444,,00000444__,118.40,03,,03,04,02,01,01,01,01,01,,,,,T,NJ 35,SB,65,,26,40.424410,74.204750,N,,7411
20191339E050-2019-01759A,MONMOUTH,HAZLET TWP,09/03/2019,TU,1708,02,NEW JERSEY STATE POLICE,HOLMDEL - SQUAD,0,0,0,0,P,B,N,N,01,2,GARDEN STATE PARKWAY,N,444,,00000444__,118.40,03,,01,04,02,01,01,01,02,01,,,,,,,,65,,26,40.420930,74.213840,N,,7798
20191339E050-2019-01781A,MONMOUTH,HAZLET TWP,09/06/2019,FR,1640,02,NEW JERSEY STATE POLICE,HOLMDEL - SQUAD,0,0,0,0,P,B,N,N,01,2,GARDEN STATE PARKWAY,S,444,,00000444__,118.40,03,,01,04,02,02,01,02,05,01,,,,,T,NJ 35,SB,15,,26,40.424700,74.203980,N,,7470
20191339E050-2019-01787A,MONMOUTH,HAZLET TWP,09/06/2019,FR,2005,02,NEW JERSEY STATE POLICE,HOLMDEL - SQUAD,0,0,0,0,P,B,N,N,11,1,GARDEN STATE PARKWAY,N,444,,00000444__,118.00,03,,03,05,02,02,06,05,01,01,,,,,,,,65,,46,40.419780,74.205550,N,GUARD RAIL RIGHT SIDE.,7199
20191339E050-2019-01808A,MONMOUTH,HAZLET TWP,09/10/2019,TU,1827,02,NEW JERSEY STATE POLICE,HOLMDEL - SQUAD,0,0,0,0,P,B,N,N,01,2,GARDEN STATE PARKWAY,S,444,,00000444__,118.60,03,,01,04,02,01,01,01,01,01,,,,,,,,65,,26,40.417230,74.207610,N,,7411
20191339E050-2019-01857A,MONMOUTH,HAZLET TWP,09/16/2019,MO,1609,02,NEW JERSEY STATE POLICE,HOLMDEL - SQUAD,0,0,0,0,P,B,N,N,01,2,GARDEN STATE PARKWAY,N,444,,00000444__,118.20,03,,01,04,02,01,01,01,01,01,,,,,,,,65,,26,40.424410,74.204750,N,,7798
20191339E050-2019-01866A,MONMOUTH,HAZLET TWP,09/18/2019,WE,1343,02,NEW JERSEY STATE POLICE,HOLMDEL - SQUAD,0,0,0,0,P,B,N,N,15,1,GARDEN STATE PARKWAY,N,444,,00000444__,118.70,03,,01,04,02,01,01,01,03,01,,,,,,,,65,,39,40.420780,74.210480,N,,7852
20191339E050-2019-01871A,MONMOUTH,HAZLET TWP,09/19/2019,TH,1248,02,NEW JERSEY STATE POLICE,HOLMDEL - SQUAD,0,0,0,0,P,B,N,N,11,1,GARDEN STATE PARKWAY,N,444,,00000444__,118.40,03,,03,04,02,01,01,01,01,01,,,,,,,,65,,52,40.424300,74.204100,N,NJTA LIGHT POLE,7660
20191339E050-2019-01901A,MONMOUTH,HAZLET TWP,09/24/2019,TU,1036,02,NEW JERSEY STATE POLICE,HOLMDEL - SQUAD,0,0,0,0,P,B,N,N,11,1,GARDEN STATE PARKWAY,N,444,,00000444__,118.60,03,,03,06,02,01,01,01,05,01,,,,,T,EXPRESS,,35,,50,40.419240,74.209340,N,NJTA Traffic Sign Support.,6408
20191339E050-2019-01911A,MONMOUTH,HAZLET TWP,09/26/2019,TH,0811,02,NEW JERSEY STATE POLICE,HOLMDEL - SQUAD,0,0,0,0,P,B,N,N,02,2,GARDEN STATE PARKWAY,N,444,,00000444__,118.60,03,,01,06,02,01,01,01,01,01,,,,,F,NJ 35,NB,15,,26,40.425460,74.202460,N,,7470
20191339E050-2019-01923A,MONMOUTH,HAZLET TWP,09/27/2019,FR,0615,02,NEW JERSEY STATE POLICE,HOLMDEL - SQUAD,0,0,0,0,P,B,N,N,12,1,GARDEN STATE PARKWAY,N,444,,00000444__,118.00,03,,01,04,02,01,01,01,01,01,,,,,,,,65,,24,40.414390,74.201080,N,,7411
20191339E050-2019-02001A,MONMOUTH,HAZLET TWP,10/07/2019,MO,1506,02,NEW JERSEY STATE POLICE,HOLMDEL - SQUAD,0,0,0,0,P,B,N,N,01,2,GARDEN STATE PARKWAY,S,444,,00000444__,117.70,03,,03,04,02,01,01,01,01,01,,,,,T,NJ 35,SB,25,,26,40.392800,74.178800,N,,7332
20191339E050-2019-02035A,MONMOUTH,HAZLET TWP,10/11/2019,FR,1411,02,NEW JERSEY STATE POLICE,HOLMDEL - SQUAD,0,1,0,0,I,B,N,N,01,2,GARDEN STATE PARKWAY,N,444,,00000444__,118.60,03,,03,06,02,01,01,01,01,01,,,,,,,,65,,26,40.425200,74.202580,N,,7382
20191339E050-2019-02059A,MONMOUTH,HAZLET TWP,10/15/2019,TU,0750,02,NEW JERSEY STATE POLICE,HOLMDEL - SQUAD,0,0,0,0,P,B,N,N,12,2,GARDEN STATE PARKWAY,N,444,,00000444__,118.30,03,,03,04,02,01,01,01,01,01,,,,,,,,65,,24,40.417620,74.204750,N,,7373
20191339E050-2019-02060A,MONMOUTH,HAZLET TWP,10/15/2019,TU,1359,02,NEW JERSEY STATE POLICE,HOLMDEL - SQUAD,0,0,0,0,P,B,N,N,01,2,GARDEN STATE PARKWAY,S,444,,00000444__,118.70,03,,01,04,02,01,01,01,01,01,,,,,T,ROUTE 36,SB,65,,26,40.420930,74.213840,N,,7373
20191339E050-2019-02069A,MONMOUTH,HAZLET TWP,10/16/2019,WE,0805,02,NEW JERSEY STATE POLICE,HOLMDEL - SQUAD,0,0,0,0,P,B,N,N,01,2,GARDEN STATE PARKWAY,S,444,,00000444__,118.40,03,,01,04,02,01,01,01,01,01,,,,,,,,65,,26,40.418100,74.209110,N,,7852
20191339E050-2019-02161A,MONMOUTH,HAZLET TWP,10/25/2019,FR,2132,02,NEW JERSEY STATE POLICE,HOLMDEL - SQUAD,0,0,0,0,P,B,N,N,12,1,GARDEN STATE PARKWAY,N,444,,00000444__,117.60,03,,01,04,02,01,06,01,01,01,,,,,,,,65,,24,40.386550,74.177130,N,,7471
20191339E050-2019-02196A,MONMOUTH,HAZLET TWP,10/30/2019,WE,1755,02,NEW JERSEY STATE POLICE,HOLMDEL - SQUAD,0,0,0,0,P,B,N,N,11,1,GARDEN STATE PARKWAY,S,444,,00000444__,118.50,03,,02,05,02,02,03,02,01,01,,,,,,,,65,,46,40.419000,74.210650,N,NJTA Guardrail,7852
20191339E050-2019-02223A,MONMOUTH,HAZLET TWP,11/02/2019,SA,1847,02,NEW JERSEY STATE POLICE,HOLMDEL - SQUAD,0,0,0,0,P,B,N,N,01,2,GARDEN STATE PARKWAY,N,444,,00000444__,118.00,03,,01,06,02,01,06,01,01,01,,,,,F,SH 35,NB,25,,26,40.321320,74.013610,N,,7470
20191339E050-2019-02272A,MONMOUTH,HAZLET TWP,11/07/2019,TH,1807,02,NEW JERSEY STATE POLICE,HOLMDEL - SQUAD,0,0,0,0,P,B,N,N,01,2,GARDEN STATE PARKWAY,S,444,,00000444__,118.60,03,,03,04,02,01,01,01,05,01,,,,,,,,25,,26,40.420930,74.213840,N,,7361