Year(4)-CountyCode(2)-MunicipalityCode(2)-CaseNumber(9),County Name,Municipality Name,Crash Date,Crash Day of Week,Crash Time,Police Department Code,Police Department,Police Station,Total Killed,Total Injured,Pedestrians Killed,Pedestrians Injured,Severity,Intersection,Alcohol Involved,Hazmat Involved,Crash Type,Total Vehicles,Location,Location Direction,Route,Route Suffix,Std Rte Identifier,MilePost,Road System,Road Character,Road Horizontal Alignment,Road Grade,Road Surface Type,Surface Condition,Light Condition,Environmental Condition,Road Divided By,Temporary Traffic Control Zone,Distance To Cross Street,Unit Of Measurement,Direction From Cross Street,Cross Street Name,Is Ramp,Ramp To/From Route Name,Ramp To/From Route Direction,Posted Speed,Posted Speed Cross Street,First Harmful Event,Latitude,Longitude,Cell Phone In Use Flag,Other Property Damage,Reporting Badge No.
20191339E050-2019-02322A,MONMOUTH,HAZLET TWP,11/12/2019,TU,1558,02,NEW JERSEY STATE POLICE,HOLMDEL - SQUAD,0,1,0,0,I,B,N,N,01,2,GARDEN STATE PARKWAY,N,444,,00000444__,118.00,03,,01,06,02,01,01,01,01,01,,,,,,,,25,,26,40.425240,74.205830,N,,7199
20191339E050-2019-02398A,MONMOUTH,HAZLET TWP,11/25/2019,MO,1543,02,NEW JERSEY STATE POLICE,HOLMDEL - SQUAD,0,1,0,0,I,B,N,N,01,2,GARDEN STATE PARKWAY,N,444,,00000444__,118.00,03,,01,04,02,01,01,01,01,01,,,,,,,,65,,26,40.386550,74.177130,N,,7411
20191339E050-2019-02415A,MONMOUTH,HAZLET TWP,11/29/2019,FR,1050,02,NEW JERSEY STATE POLICE,HOLMDEL - SQUAD,0,0,0,0,P,B,N,N,02,2,GARDEN STATE PARKWAY,N,444,,00000444__,117.61,03,,01,04,02,01,01,01,01,01,,,,,F,STATE HIGHWAY 35,NB,65,,26,40.422000,74.206000,N,,7501
20191339E050-2019-02429A,MONMOUTH,HAZLET TWP,11/20/2019,WE,1628,02,NEW JERSEY STATE POLICE,HOLMDEL - SQUAD,0,0,0,0,P,B,N,N,01,2,GARDEN STATE PARKWAY,S,444,,00000444__,118.00,03,,01,04,02,01,01,01,01,01,,,,,,,,25,,26,40.420930,74.213840,N,,7199
20191339E050-2019-02462A,MONMOUTH,HAZLET TWP,12/01/2019,SU,1554,02,NEW JERSEY STATE POLICE,HOLMDEL - SQUAD,0,1,0,0,I,B,N,N,11,1,GARDEN STATE PARKWAY,S,444,,00000444__,118.00,03,,03,04,02,02,01,07,01,01,,,,,F,LLOYD RD,EB,65,,46,40.420400,74.214200,N,NJTA GUARDRAIL,7501
20191339E050-2019-02468A,MONMOUTH,HAZLET TWP,12/05/2019,TH,1315,02,NEW JERSEY STATE POLICE,HOLMDEL - SQUAD,0,0,0,0,P,B,N,N,15,1,GARDEN STATE PARKWAY,N,444,,00000444__,117.80,03,,01,04,02,01,01,01,01,02,,,,,,,,65,,39,40.411800,74.199340,N,,7794
20191339E050-2019-02486A,MONMOUTH,HAZLET TWP,12/05/2019,TH,0942,02,NEW JERSEY STATE POLICE,HOLMDEL - SQUAD,0,0,0,0,P,B,N,N,01,2,GARDEN STATE PARKWAY,S,444,,00000444__,118.40,03,,01,04,02,01,01,01,03,01,,,,,,,,65,,26,40.424780,74.202650,N,,7129
20191339E050-2019-02566A,MONMOUTH,HAZLET TWP,12/17/2019,TU,,02,NEW JERSEY STATE POLICE,HOLMDEL - SQUAD,0,0,0,0,P,B,N,N,11,1,GARDEN STATE PARKWAY,S,444,,00000444__,117.80,03,,03,04,02,02,05,02,01,01,,,,,,,,65,,46,40.411500,74.202100,N,Guardrail Damage.,8068
20191339E050-2019-02619A,MONMOUTH,HAZLET TWP,12/23/2019,MO,1804,02,NEW JERSEY STATE POLICE,HOLMDEL - SQUAD,0,1,0,0,I,B,N,N,01,2,GARDEN STATE PARKWAY,S,444,,00000444__,118.00,03,,03,04,02,01,06,01,01,01,,,,,T,SH 35,SB,35,,26,40.316510,74.365160,N,,7470
20191339E050-2019-02658A,MONMOUTH,HAZLET TWP,12/31/2019,TU,1428,02,NEW JERSEY STATE POLICE,HOLMDEL - SQUAD,0,1,0,0,I,B,N,N,01,2,GARDEN STATE PARKWAY,N,444,,00000444__,118.20,03,,01,04,02,01,01,01,03,01,,,,,T,35,SB,65,,26,40.417040,74.202490,N,,7852
2019134010-10104,MONMOUTH,RED BANK BORO,07/03/2019,WE,1309,01,RED BANK PD,,0,0,0,0,P,I,N,N,03,2,ROUTE 520,W,520,,00000520__,16.56,05,,01,04,02,01,01,01,05,01,,AT,,HENRY ST,,,,30,,26,,,N,,215
2019134010-19555,MONMOUTH,RED BANK BORO,12/12/2019,TH,1634,01,RED BANK PD,,0,0,0,0,P,B,N,N,06,2,MONMOUTH COUNTY 13,N,13,,13000013__,,05,,01,04,02,01,01,01,05,,,,,,,,,35,,26,,,N,,216
2019134019-.7023,MONMOUTH,RED BANK BORO,05/11/2019,SA,0906,01,RED BANK PD,RED BANK,0,0,0,0,P,B,N,N,02,2,MONMOUTH ST,W,,,13401057__,.57,07,,01,04,01,01,01,01,,,150,FE,W,CR 11 I / BROAD ST,,,,25,30,,,,N,,217
2019134019-00075,MONMOUTH,RED BANK BORO,01/02/2019,WE,1538,01,RED BANK PD,,0,0,0,0,P,B,N,N,02,2,MONMOUTH COUNTY 11 I,N,11,1,130000111_,.47,05,,01,04,02,01,01,01,05,,50,FE,S,CR 34 / HARDING RD / RECKLESS PL,,,,30,25,26,,,N,,200
2019134019-00135,MONMOUTH,RED BANK BORO,01/03/2019,TH,1255,01,RED BANK PD,,0,0,0,0,P,B,N,N,02,2,MONMOUTH COUNTY 10,E,10,,13000010__,.93,05,,01,04,02,01,01,01,,,40,FE,W,GLOBE CT,,,,25,25,26,,,N,,205
2019134019-00187,MONMOUTH,RED BANK BORO,01/04/2019,FR,1211,01,RED BANK PD,RED BANK POLICE,0,0,0,0,P,I,N,N,01,2,MONMOUTH COUNTY 10,E,10,,13000010__,.27,05,,01,04,02,01,01,01,02,,,AT,,CR 13 / RECTOR PL / SHREWSBURY AVE,,,,25,25,,,,N,,226
2019134019-00257,MONMOUTH,RED BANK BORO,01/05/2019,SA,1847,01,RED BANK PD,,0,0,0,0,P,I,N,N,03,2,NJ 35,N,35,,00000035__,33.61,02,,01,04,02,02,07,02,,01,,AT,,PETERS PL,,,,30,25,26,,,N,,200
2019134019-00311,MONMOUTH,RED BANK BORO,01/06/2019,SU,1956,01,RED BANK PD,,0,0,0,0,P,I,N,N,03,2,MONMOUTH COUNTY 13,S,13,,13000013__,2.31,05,,01,04,02,01,06,01,04,,,AT,,RIVER ST,,,,35,25,26,,,N,,227
2019134019-00315,MONMOUTH,RED BANK BORO,01/06/2019,SU,2048,01,RED BANK PD,,0,0,0,0,P,B,N,N,06,2,MONMOUTH COUNTY 10,,10,,13000010__,.44,05,,01,04,02,01,06,01,05,01,100,FE,W,WEST ST,,,,30,25,28,,,N,,212
2019134019-00360,MONMOUTH,RED BANK BORO,01/07/2019,MO,1223,01,RED BANK PD,RED BANK,0,1,0,0,I,B,N,N,01,3,NJ 35,S,35,,00000035__,33.55,02,,01,04,02,01,01,01,05,01,30,FE,N,RECKLESS PL,,,,,,26,,,N,,211
2019134019-00365,MONMOUTH,RED BANK BORO,01/07/2019,MO,1328,01,RED BANK PD,RED BANK PD,0,0,0,0,P,B,N,N,02,2,MONMOUTH COUNTY 13,S,13,,13000013__,,05,,01,04,02,01,01,01,,,,,,,,,,30,,,,,N,,219
2019134019-00373,MONMOUTH,RED BANK BORO,01/07/2019,MO,1448,01,RED BANK PD,,0,0,0,0,P,I,N,N,03,2,WALLACE ST **,,,,13401090__,.26,07,,01,05,02,01,01,01,05,01,,AT,,SPRING ST,,,,25,25,26,,,N,,228
2019134019-00374,MONMOUTH,RED BANK BORO,01/07/2019,MO,1453,01,RED BANK PD,,0,0,0,0,P,B,N,N,05,2,MONMOUTH COUNTY 10,N,10,,13000010__,.33,05,,01,04,02,01,01,01,05,01,50,FE,W,BRIDGE AVE,,,,25,,26,,,N,,215
2019134019-00388,MONMOUTH,RED BANK BORO,01/07/2019,MO,1822,01,RED BANK PD,,0,0,0,0,P,B,N,N,08,2,LEROY PL **,,,,13401003__,.07,07,,01,04,02,01,07,01,05,01,350,FE,E,NJ 35 / MAPLE AVE,,,,25,30,28,,,N,,228
2019134019-00458,MONMOUTH,RED BANK BORO,01/08/2019,TU,1934,01,RED BANK PD,,0,1,0,0,I,I,N,N,01,2,MONMOUTH COUNTY 13,N,13,,13000013__,2.01,05,,01,04,02,01,01,01,05,,,AT,,WESTSIDE AVE,,,,30,,26,,,N,,200
2019134019-00459,MONMOUTH,RED BANK BORO,01/08/2019,TU,1938,01,RED BANK PD,RED BANK,0,0,0,0,P,I,N,N,02,2,ROUTE 520,W,520,,00000520__,16.30,05,,01,04,02,02,06,02,05,,,AT,,S BRIDGE AVE,,,,35,25,26,,,N,,204
2019134019-00466,MONMOUTH,RED BANK BORO,01/08/2019,TU,2234,01,RED BANK PD,,0,0,0,0,P,B,N,N,08,2,ENGLISH PLZ PARKING LOT,S,,,,,09,,01,04,02,02,06,01,,,,,,,,,,15,,26,,,N,,227
2019134019-00477,MONMOUTH,RED BANK BORO,01/09/2019,WE,0829,01,RED BANK PD,RED BANK,0,0,0,0,P,B,N,N,06,2,MONMOUTH COUNTY 11 II,S,11,2,130000112_,,05,,01,04,01,01,01,01,,,,,,,,,,30,,,,,N,,217
2019134019-00510,MONMOUTH,RED BANK BORO,01/09/2019,WE,1630,01,RED BANK PD,,0,0,0,0,P,I,N,N,02,2,NJ 35,E,35,,00000035__,33.84,02,,03,04,02,01,01,01,05,01,,AT,,CR 10 / MAPLE AVE / W FRONT,,,,30,30,26,,,N,,200
2019134019-00614,MONMOUTH,RED BANK BORO,01/11/2019,FR,1351,01,RED BANK PD,,0,0,0,0,P,I,N,N,02,2,NJ 35,S,35,,00000035__,34.19,02,,02,06,02,01,01,01,,,,AT,,CR 13 / BRIDGE AVE / RECTOR PL,,,,30,25,26,,,N,,205
2019134019-00619,MONMOUTH,RED BANK BORO,01/11/2019,FR,1431,01,RED BANK PD,,0,1,0,0,I,B,N,N,01,3,MONMOUTH COUNTY 34,W,34,,13000034__,.00,05,,01,04,02,01,01,01,,,25,FE,E,CR 11 / BROAD ST,,,,25,25,26,,,N,,205
2019134019-00638,MONMOUTH,RED BANK BORO,01/11/2019,FR,1746,01,RED BANK PD,,0,0,0,0,P,B,N,N,06,2,MONMOUTH COUNTY 11 I,S,11,1,130000111_,.42,05,,01,04,02,01,07,01,05,,50,FE,N,LEROY PL,,,,30,25,26,,,N,,200
2019134019-00679,MONMOUTH,RED BANK BORO,01/12/2019,SA,1247,01,RED BANK PD,RED BANK,0,0,0,0,P,B,N,N,01,2,DRS JAMES PARKER BLVD / E BERGEN PL,E,,,13401113__,.42,07,,01,04,02,01,01,01,,01,20,FE,W,NJ 35 / MAPLE AVE,,,,,,26,,,N,,211
2019134019-00696,MONMOUTH,RED BANK BORO,01/12/2019,SA,2012,01,RED BANK PD,,0,1,0,1,I,I,N,N,13,1,WHARF AVE **,N,,,13401074__,.14,07,,01,05,02,01,01,01,05,,,AT,,CR 10 / E FRONT ST,,,,25,30,22,,,N,,200
2019134019-00702,MONMOUTH,RED BANK BORO,01/12/2019,SA,2137,01,RED BANK PD,,0,0,0,0,P,I,N,N,01,2,MONMOUTH COUNTY 11 I,S,11,1,130000111_,.66,07,,01,04,02,01,07,01,05,,,AT,,MONMOUTH ST,,,,30,30,26,,,N,,200
2019134019-00749,MONMOUTH,RED BANK BORO,01/13/2019,SU,1842,01,RED BANK PD,,0,1,0,0,I,B,N,N,08,2,WHITE ST LOT,,,,,,09,,01,04,02,01,07,01,05,01,,,,,,,,15,,26,,,N,,228
2019134019-00806,MONMOUTH,RED BANK BORO,01/15/2019,TU,2031,01,RED BANK PD,,0,2,0,0,I,I,N,N,03,2,NJ 35,S,35,,00000035__,33.84,02,,01,04,02,01,06,01,04,,,AT,,CR 10 / MAPLE AVE / W FRONT,,,,,,26,,,N,,230
2019134019-00822,MONMOUTH,RED BANK BORO,01/15/2019,TU,0857,01,RED BANK PD,,0,0,0,0,P,B,N,N,03,2,NJ 35,E,35,,00000035__,33.70,02,,01,04,02,01,01,01,05,,75,FE,E,PEARL ST,,,,30,30,26,,,N,,200
2019134019-00838,MONMOUTH,RED BANK BORO,01/15/2019,TU,1256,01,RED BANK PD,RED BANK,0,0,0,0,P,B,N,N,06,2,90 MONMOUTH ST  PK LOT,E,,,,,09,,01,04,02,01,01,01,,,,,,,,,,5,,26,,,N,,217
2019134019-00861,MONMOUTH,RED BANK BORO,01/15/2019,TU,2013,01,RED BANK PD,,0,0,0,0,P,B,N,N,08,2,SPRING ST **,N,,,13231042__,.51,07,,01,04,02,01,06,01,,,75,FE,N,CR 34 / HARDING RD,,,,25,25,28,,,N,,205
2019134019-00878,MONMOUTH,RED BANK BORO,01/16/2019,WE,0655,01,RED BANK PD,,0,1,0,0,I,B,N,N,11,1,MONMOUTH COUNTY 10,,10,,13000010__,1.26,05,,02,06,02,04,02,01,05,01,10,FE,W,THROCKMORTEN AVE,,,,35,25,52,,,N,TELEPHONE POLE # VZ60336,228
2019134019-01072,MONMOUTH,RED BANK BORO,01/18/2019,FR,1811,01,RED BANK PD,,0,0,0,0,P,B,N,N,02,2,MONMOUTH COUNTY 11 I,S,11,1,130000111_,.40,05,,01,04,02,01,06,01,,,50,FE,S,LEROY PL,,,,30,25,26,,,N,,205
2019134019-01112,MONMOUTH,RED BANK BORO,01/19/2019,SA,1319,01,RED BANK PD,,0,0,0,0,P,B,N,N,02,2,MONMOUTH COUNTY 10,E,10,,13000010__,.86,05,,01,04,02,01,01,01,,,100,FE,W,CR 11 / BROAD ST,,,,25,,26,,,N,,223
2019134019-01198,MONMOUTH,RED BANK BORO,01/21/2019,MO,0856,01,RED BANK PD,,0,0,0,0,P,I,N,N,99,2,MONMOUTH COUNTY 10,E,10,,13000010__,.27,05,,01,05,02,01,01,01,05,01,,AT,,CR 13 / RECTOR PL / SHREWSBURY AVE,,,,30,30,26,,,N,,200
2019134019-01244,MONMOUTH,RED BANK BORO,01/22/2019,TU,1108,01,RED BANK PD,,0,0,0,0,P,B,N,N,03,2,NJ 35,,35,,00000035__,33.12,02,,01,04,02,01,01,01,05,01,300,FE,N,WIKOFF PL,,,,30,25,26,,,N,,228
2019134019-01254,MONMOUTH,RED BANK BORO,01/22/2019,TU,1254,01,RED BANK PD,,0,0,0,0,P,B,N,N,06,2,MONMOUTH COUNTY 13,,13,,13000013__,2.59,05,,01,04,02,01,01,01,05,01,40,FE,N,LOCUST AVE,,,,30,25,28,,,N,,228
2019134019-01272,MONMOUTH,RED BANK BORO,01/22/2019,TU,1650,01,RED BANK PD,,0,0,0,0,P,I,N,N,02,2,MONMOUTH COUNTY 11 I,,11,1,130000111_,.54,07,,01,04,02,01,03,01,05,01,,AT,,PETERS PL,,,,25,25,26,,,N,,228
2019134019-01277,MONMOUTH,RED BANK BORO,01/22/2019,TU,1811,01,RED BANK PD,,0,0,0,0,P,B,N,N,01,2,MONMOUTH COUNTY 13,,13,,13000013__,2.81,05,,01,04,02,01,07,01,05,01,250,FE,S,CR 10 / W FRONT ST,,,,30,30,26,,,N,,228
2019134019-01278,MONMOUTH,RED BANK BORO,01/22/2019,TU,1841,01,RED BANK PD,,0,1,0,1,I,I,N,N,13,2,MONMOUTH COUNTY 13,,13,,13000013__,2.39,05,,01,04,02,01,07,01,05,01,,AT,,CATHERINE ST,,,,30,25,22,,,N,,
2019134019-01332,MONMOUTH,RED BANK BORO,01/23/2019,WE,2111,01,RED BANK PD,,0,0,0,0,P,B,N,N,01,2,MONMOUTH COUNTY 10,W,10,,13000010__,.61,05,,01,04,02,01,06,01,05,01,10,FE,E,NJ 35 / RIVERSIDE AVE,,,,30,40,26,,,N,,207
2019134019-01356,MONMOUTH,RED BANK BORO,01/24/2019,TH,0947,01,RED BANK PD,RED BANK,0,0,0,0,P,B,Y,N,06,2,MONMOUTH COUNTY 11 I,N,11,1,130000111_,,07,,01,04,01,01,01,01,04,01,,,,,,,,30,,,,,N,,217
2019134019-01405,MONMOUTH,RED BANK BORO,01/25/2019,FR,1026,01,RED BANK PD,,0,0,0,0,P,B,N,N,06,2,MONMOUTH COUNTY 10,,10,,13000010__,.81,05,,01,04,02,01,01,01,05,01,30,FE,E,ENGLISH PLZ,,,,30,15,28,,,N,,228
2019134019-01420,MONMOUTH,RED BANK BORO,01/25/2019,FR,1215,01,RED BANK PD,,0,0,0,0,P,B,N,N,11,1,MONMOUTH COUNTY 10,,10,,13000010__,.26,05,,01,06,02,01,01,01,05,01,75,FE,W,CR 13 / RECTOR PL / SHREWSBURY AVE,,,,30,30,42,,,N,,228
2019134019-01434,MONMOUTH,RED BANK BORO,01/25/2019,FR,1649,01,RED BANK PD,,0,0,0,0,P,B,N,N,11,2,SPRING ST **,S,,,13231042__,.65,07,,01,04,02,01,01,01,,,25,FE,N,MCLAREN ST,,,,25,25,50,,,N,SIGN POST  TWO (2) UTILITY POLES  TREE IN FRONT YARD OF 107 LINDEN PL,205
2019134019-01492,MONMOUTH,RED BANK BORO,01/27/2019,SU,1214,01,RED BANK PD,,0,1,0,0,I,I,N,N,03,2,NJ 35,,35,,00000035__,33.84,02,,01,04,02,01,01,01,05,01,,AT,,CR 10 / MAPLE AVE / W FRONT,,,,30,30,26,,,N,,228
2019134019-01537,MONMOUTH,RED BANK BORO,01/28/2019,MO,1328,01,RED BANK PD,,0,0,0,0,P,I,N,N,01,2,NJ 35,E,35,,00000035__,34.19,02,,01,04,02,01,01,01,05,01,,AT,,CR 13 / BRIDGE AVE / RECTOR PL,,,,30,25,26,,,N,,198
2019134019-01607,MONMOUTH,RED BANK BORO,01/29/2019,TU,1337,01,RED BANK PD,,0,1,0,0,I,B,N,N,01,2,ROUTE 520,W,520,,00000520__,16.81,05,,01,04,02,01,01,01,,,5,FE,E,NJ 35 / BROAD ST,,,,35,,26,,,N,,205
2019134019-01610,MONMOUTH,RED BANK BORO,01/28/2019,MO,1718,01,RED BANK PD,RED BANK POLICE,0,0,0,0,P,I,N,N,06,2,MONMOUTH COUNTY 13,W,13,,13000013__,2.25,05,,01,04,02,01,01,01,02,,,AT,,BANK ST,,,,30,25,28,,,N,,226
2019134019-01611,MONMOUTH,RED BANK BORO,01/29/2019,TU,1452,01,RED BANK PD,,0,0,0,0,P,I,N,N,01,2,MONMOUTH COUNTY 10,W,10,,13000010__,.88,05,,01,04,02,01,01,01,,,,AT,,CR 11 / BROAD ST,,,,25,25,26,,,N,,223
2019134019-01618,MONMOUTH,RED BANK BORO,01/29/2019,TU,1642,01,RED BANK PD,,0,0,0,0,P,B,N,N,06,2,PROSPECT AVE,N,,,,,07,,01,04,02,01,01,01,05,01,35,FE,N,MCLAREN ST,,,,25,25,28,,,N,,198
2019134019-01642,MONMOUTH,RED BANK BORO,01/30/2019,WE,0857,01,RED BANK PD,,0,0,0,0,P,B,N,N,03,2,MONMOUTH COUNTY 10,W,10,,13000010__,.33,05,,01,04,02,01,01,01,,,75,FE,W,BRIDGE AVE,,,,25,25,26,,,N,,205
2019134019-01650,MONMOUTH,RED BANK BORO,01/30/2019,WE,1013,01,RED BANK PD,,0,0,0,0,P,I,N,N,03,2,MONMOUTH COUNTY 11 II,N,11,2,130000112_,3.00,05,,01,04,02,01,01,01,,,,AT,,E BERGEN PL,,,,30,25,26,,,N,,205
2019134019-01708,MONMOUTH,RED BANK BORO,01/31/2019,TH,1036,01,RED BANK PD,,0,0,0,0,P,B,N,N,01,2,MONMOUTH COUNTY 13,S,13,,13000013__,2.07,05,,01,04,02,01,01,01,05,01,10,FE,S,SUNSET AVE,,,,30,25,26,,,N,,207
2019134019-017310,MONMOUTH,RED BANK BORO,11/01/2019,FR,1605,01,RED BANK PD,,0,0,0,0,P,B,N,N,06,2,MONMOUTH COUNTY 11 I,,11,1,130000111_,.71,07,,01,04,02,01,01,01,05,01,90,FE,S,WHITE ST,,,,25,25,28,,,N,,228
2019134019-01778,MONMOUTH,RED BANK BORO,01/30/2019,WE,1400,01,RED BANK PD,,0,0,0,0,P,B,N,N,11,1,75 CHESTNUT ST,,,,,,09,,01,04,03,01,01,01,,,,,,,,,,,,69,,,N,GARAGE AT 75 CHESTNUT ST,205
2019134019-01867,MONMOUTH,RED BANK BORO,02/02/2019,SA,1951,01,RED BANK PD,,0,0,0,0,P,I,N,N,02,2,MONMOUTH COUNTY 11 I,,11,1,130000111_,.83,05,,01,04,02,01,07,01,05,01,,AT,,CR 10 / FRONT ST,,,,,30,26,,,N,,200
2019134019-01868,MONMOUTH,RED BANK BORO,02/02/2019,SA,2026,01,RED BANK PD,,0,0,0,0,P,I,N,N,01,2,MONMOUTH COUNTY 10,W,10,,13000010__,.64,05,,01,04,02,01,06,01,04,,,AT,,NJ 35 / MAPLE AVE,,,,,,26,,,N,,230
2019134019-01871,MONMOUTH,RED BANK BORO,02/02/2019,SA,2117,01,RED BANK PD,,0,0,0,0,P,B,N,N,06,2,WHITE ST LOT,,,,,,09,,01,04,02,01,06,01,,,,,,,,,,,,28,,,N,,200
2019134019-01909,MONMOUTH,RED BANK BORO,02/03/2019,SU,1351,01,RED BANK PD,RED BANK POLICE,0,0,0,0,P,B,N,N,06,2,WHITE STREET LOT,N,,,,,09,,01,04,02,01,01,01,02,,,,,WHITE STREET,,,,25,25,,,,N,,226
2019134019-01941,MONMOUTH,RED BANK BORO,02/04/2019,MO,1205,01,RED BANK PD,,0,0,0,0,P,B,N,N,01,2,MONMOUTH COUNTY 13,,13,,13000013__,2.30,05,,01,04,02,01,01,01,05,01,50,FE,S,RIVER ST,,,,30,,26,,,N,,220
2019134019-01952,MONMOUTH,RED BANK BORO,02/04/2019,MO,1331,01,RED BANK PD,,0,0,0,0,P,B,N,N,06,2,MONMOUTH COUNTY 10,W,10,,13000010__,.35,05,,01,04,02,01,01,01,,,75,FE,E,BRIDGE AVE,,,,30,25,28,,,N,,205
2019134019-01989,MONMOUTH,RED BANK BORO,02/05/2019,TU,0849,01,RED BANK PD,,0,0,0,0,P,I,N,N,03,2,MONMOUTH COUNTY 13,S,13,,13000013__,2.31,05,,01,04,02,01,01,01,,,,AT,,RIVER ST,,,,30,25,26,,,N,,205
2019134019-01994,MONMOUTH,RED BANK BORO,02/05/2019,TU,0938,01,RED BANK PD,,0,0,0,0,P,B,N,N,11,1,66 RIVERSIDE AVE,,,,,,09,,01,05,02,01,01,01,,,,,,,,,,,,69,,,N,SURFACE DAMAGE TO BRICK RETAINING WALL,205
2019134019-02010,MONMOUTH,RED BANK BORO,02/05/2019,TU,1309,01,RED BANK PD,,0,0,0,0,P,B,N,N,06,2,390 SHREWSBURY AVE,,,,,,09,,01,04,02,01,01,01,,,,,,,,,,,,28,,,N,,205
2019134019-02096,MONMOUTH,RED BANK BORO,02/06/2019,WE,1619,01,RED BANK PD,,0,0,0,0,P,B,N,N,02,2,WHITE ST **,W,,,13401059__,.06,07,,01,04,02,01,01,01,,,25,FE,E,ENGLISH PLZ,,,,25,,26,,,N,,205
2019134019-02130,MONMOUTH,RED BANK BORO,02/07/2019,TH,1047,01,RED BANK PD,,0,1,0,0,I,I,N,N,03,2,NJ 35,N,35,,00000035__,33.73,02,,01,04,02,01,01,01,05,01,,AT,,MONMOUTH ST,,,,,,26,,,N,,221
2019134019-02213,MONMOUTH,RED BANK BORO,02/08/2019,FR,1752,01,RED BANK PD,RED BANK,0,0,0,0,P,I,N,N,02,2,NJ 35,N,35,,00000035__,33.84,02,,01,04,02,01,01,01,05,,,AT,,CR 10 / MAPLE AVE / W FRONT,,,,30,30,26,,,N,,203
2019134019-02351,MONMOUTH,RED BANK BORO,02/11/2019,MO,1454,01,RED BANK PD,,0,0,0,0,P,I,N,N,02,2,DRS JAMES PARKER BLVD / E BERGEN PL,E,,,13401113__,.78,07,,01,04,02,01,01,01,,,,AT,,SOUTH ST,,,,25,25,26,,,N,,378
2019134019-02365,MONMOUTH,RED BANK BORO,02/11/2019,MO,1952,01,RED BANK PD,RED BANK POLICE,0,1,0,0,I,I,N,N,03,3,DRS JAMES PARKER BLVD / E BERGEN PL,E,,,13401113__,.07,07,,01,04,02,01,06,01,02,02,,AT,,BRIDGE AVE,,,,25,25,26,,,N,,
2019134019-02366,MONMOUTH,RED BANK BORO,02/11/2019,MO,2013,01,RED BANK PD,,0,0,0,0,P,B,N,N,08,2,DRS JAMES PARKER BLVD / E BERGEN PL,,,,13401113__,.07,07,,01,04,02,01,06,01,05,01,15,FE,W,BRIDGE AVE,,,,25,25,28,,,N,,212
2019134019-02418,MONMOUTH,RED BANK BORO,02/13/2019,WE,0951,01,RED BANK PD,RED BANK,0,0,0,0,P,I,N,N,07,2,MONMOUTH COUNTY 13,S,13,,13000013__,2.56,05,,01,04,02,01,01,01,05,01,,AT,,CHESTNUT ST,,,,30,25,26,,,N,,203
2019134019-02448,MONMOUTH,RED BANK BORO,02/13/2019,WE,1458,01,RED BANK PD,,0,0,0,0,P,B,N,N,06,2,WALLACE ST PARKING LOT,,,,,,09,,01,04,02,01,01,01,05,01,,,,,,,,,,26,,,N,,220
2019134019-02456,MONMOUTH,RED BANK BORO,02/13/2019,WE,1651,01,RED BANK PD,,0,0,0,0,P,I,N,N,02,2,MONMOUTH COUNTY 11 I,S,11,1,130000111_,.66,07,,01,04,02,01,01,01,,,,AT,,MONMOUTH ST,,,,30,25,26,,,N,,205
2019134019-02489,MONMOUTH,RED BANK BORO,02/14/2019,TH,0731,01,RED BANK PD,,0,0,0,0,P,I,N,N,99,4,ROUTE 520,S,520,,00000520__,16.84,05,,01,04,02,01,01,01,05,,,AT,,NJ 35 / MAPLE AVE / RUMSON PL,,,,30,30,26,,,N,,
2019134019-02522,MONMOUTH,RED BANK BORO,02/14/2019,TH,1745,01,RED BANK PD,RED BANK,0,0,0,0,P,B,N,N,06,2,BRIDGE AVE,,,,,,07,,01,04,02,01,01,01,05,01,50,FE,N,CR 10,,,,25,25,28,,,N,,195
2019134019-02526,MONMOUTH,RED BANK BORO,02/14/2019,TH,1849,01,RED BANK PD,,0,0,0,0,P,B,N,N,06,2,MONMOUTH ST,W,,,13401057__,.37,07,,01,04,02,01,06,01,05,01,50,FE,W,NJ 35 / MAPLE AVE,,,,25,,28,,,N,,215
2019134019-02543,MONMOUTH,RED BANK BORO,02/14/2019,TH,2344,01,RED BANK PD,,0,0,0,0,P,B,N,N,08,2,HERBERT ST **,,,,13401047__,.18,07,,01,04,02,01,07,01,05,01,150,FE,E,CR 13 / SCHREWSBURY AVE,,,,25,30,28,,,N,,228
2019134019-02555,MONMOUTH,RED BANK BORO,02/15/2019,FR,1002,01,RED BANK PD,,0,0,0,0,P,B,N,N,03,2,MONMOUTH COUNTY 10,E,10,,13000010__,,05,,01,04,02,01,01,01,05,01,,,,PEARL ST,,,,30,30,26,,,N,,200
2019134019-02568,MONMOUTH,RED BANK BORO,02/15/2019,FR,1451,01,RED BANK PD,,0,0,0,0,P,I,N,N,01,2,NJ 35,S,35,,00000035__,33.35,02,,01,04,02,01,01,01,,,,AT,,IRVING PL,,,,30,25,26,,,N,,205
2019134019-02590,MONMOUTH,RED BANK BORO,02/15/2019,FR,1935,01,RED BANK PD,,0,0,0,0,P,B,N,N,06,2,WHITE ST PARKING LOT,,,,,,07,,01,04,02,01,06,01,,,,,,,,,,,,28,,,N,,205
2019134019-02641,MONMOUTH,RED BANK BORO,02/16/2019,SA,1646,01,RED BANK PD,,0,0,0,0,P,B,N,N,06,3,SPRING ST **,S,,,13231042__,.35,07,,01,05,02,01,01,01,,,150,FE,S,HIGHLAND AVE,,,,25,25,26,,,N,,205