Year(4)-CountyCode(2)-MunicipalityCode(2)-CaseNumber(9),County Name,Municipality Name,Crash Date,Crash Day of Week,Crash Time,Police Department Code,Police Department,Police Station,Total Killed,Total Injured,Pedestrians Killed,Pedestrians Injured,Severity,Intersection,Alcohol Involved,Hazmat Involved,Crash Type,Total Vehicles,Location,Location Direction,Route,Route Suffix,Std Rte Identifier,MilePost,Road System,Road Character,Road Horizontal Alignment,Road Grade,Road Surface Type,Surface Condition,Light Condition,Environmental Condition,Road Divided By,Temporary Traffic Control Zone,Distance To Cross Street,Unit Of Measurement,Direction From Cross Street,Cross Street Name,Is Ramp,Ramp To/From Route Name,Ramp To/From Route Direction,Posted Speed,Posted Speed Cross Street,First Harmful Event,Latitude,Longitude,Cell Phone In Use Flag,Other Property Damage,Reporting Badge No.
2019134019-02802,MONMOUTH,RED BANK BORO,02/19/2019,TU,1831,01,RED BANK PD,RED BANK,0,0,0,0,P,I,N,N,03,2,MONMOUTH COUNTY 11 II,S,11,2,130000112_,3.00,05,,01,04,02,01,04,01,05,,,AT,,E BERGEN PL,,,,30,25,26,,,N,,203
2019134019-03035,MONMOUTH,RED BANK BORO,02/23/2019,SA,2316,01,RED BANK PD,,0,0,0,0,P,B,N,N,02,2,NJ 35,,35,,00000035__,34.19,02,,02,04,02,02,07,01,05,01,20,FE,E,CR 13 / BRIDGE AVE / RECTOR PL,,,,30,25,26,,,N,,228
2019134019-03126,MONMOUTH,RED BANK BORO,02/25/2019,MO,1846,01,RED BANK PD,,0,0,0,0,P,B,N,N,08,2,DEFORREST LN / OAKLAND AVE **,,,,,,07,,01,04,02,01,06,01,05,,,,,,,,,25,,26,,,N,,222
2019134019-03245,MONMOUTH,RED BANK BORO,02/28/2019,TH,0723,01,RED BANK PD,RED BANK,0,0,0,0,P,I,N,N,03,2,MONMOUTH COUNTY 11 I,S,11,1,130000111_,.00,05,,01,04,02,01,01,01,05,,,AT,,ROUTE 520 / PINCKNEY RD,,,,30,25,26,,,N,,204
2019134019-03280,MONMOUTH,RED BANK BORO,02/28/2019,TH,1718,01,RED BANK PD,,0,0,0,0,P,I,N,N,01,2,NJ 35,N,35,,00000035__,33.54,02,,01,04,02,01,01,01,05,,,AT,,RECKLESS PL,,,,30,25,26,,,N,,200
2019134019-03283,MONMOUTH,RED BANK BORO,02/28/2019,TH,1743,01,RED BANK PD,,0,0,0,0,P,B,N,N,06,2,WHITE ST LOT,,,,,,09,,01,04,02,01,01,01,,,,,,,,,,,,28,,,N,,200
2019134019-03399,MONMOUTH,RED BANK BORO,03/02/2019,SA,1400,01,RED BANK PD,,0,0,0,0,P,I,N,N,03,2,CHESTNUT AVE **,,,,13401007__,.09,07,,01,04,02,01,01,01,,,,AT,,PEARL ST,,,,25,25,26,,,N,,218
2019134019-03450,MONMOUTH,RED BANK BORO,03/03/2019,SU,1747,01,RED BANK PD,,0,0,0,0,P,B,N,N,03,2,ROUTE 520,S,520,,00000520__,16.88,05,,01,04,02,02,06,03,05,01,15,FE,S,GARFIELD PL,,,,30,25,26,,,N,,207
2019134019-03549,MONMOUTH,RED BANK BORO,03/05/2019,TU,1105,01,RED BANK PD,,0,0,0,0,P,I,N,N,03,2,NJ 35,,35,,00000035__,33.35,02,,01,04,02,01,01,01,05,01,,AT,,IRVING PL,,,,35,25,26,,,N,,228
2019134019-03554,MONMOUTH,RED BANK BORO,03/05/2019,TU,1224,01,RED BANK PD,,0,0,0,0,P,B,N,N,06,2,S BRIDGE AVE **,S,,,13401018__,.13,07,,01,04,02,01,01,01,05,01,50,FE,N,E SUNSET AVE,,,,25,,26,,,N,,215
2019134019-03560,MONMOUTH,RED BANK BORO,03/05/2019,TU,1351,01,RED BANK PD,,0,0,0,0,P,B,N,N,01,2,PETERS PL **,,,,13401005__,.20,07,,01,04,02,01,01,01,05,01,20,FE,W,CR 11 I / BROAD ST,,,,25,25,26,,,N,,228
2019134019-03584,MONMOUTH,RED BANK BORO,03/05/2019,TU,2148,01,RED BANK PD,RED BANK,0,0,0,0,P,B,N,N,06,2,SPRING ST **,S,,,13231042__,,07,,01,07,02,01,06,01,05,,80,FE,N,AMBASSADOR DR,,,,25,25,28,,,N,,203
2019134019-03602,MONMOUTH,RED BANK BORO,03/06/2019,WE,0831,01,RED BANK PD,,0,0,0,0,P,B,N,N,06,2,TOWER HILL AVE,W,,,,,07,,01,04,02,01,01,01,,,25,FE,W,SPRING ST,,,,25,25,28,,,N,,205
2019134019-03626,MONMOUTH,RED BANK BORO,03/06/2019,WE,1634,01,RED BANK PD,,0,0,0,0,P,B,N,N,06,2,PEARL ST / WALL ST **,S,,,13401045__,.32,07,,01,04,02,01,01,01,05,,60,FE,N,CHESTNUT ST,,,,25,25,28,,,N,,200
2019134019-03632,MONMOUTH,RED BANK BORO,03/06/2019,WE,2022,01,RED BANK PD,,0,1,0,1,I,B,N,N,13,1,CHESTNUT AVE **,E,,,13401007__,.33,07,,01,04,02,01,07,01,,,50,FE,E,BRIDGE AVE,,,,25,25,,,,N,,200
2019134019-03644,MONMOUTH,RED BANK BORO,03/07/2019,TH,0956,01,RED BANK PD,,0,0,0,0,P,B,N,N,06,2,PEARL ST / WALL ST **,,,,13401045__,.25,07,,01,04,02,01,01,01,05,01,40,FE,N,OAKLAND ST,,,,25,25,28,,,N,,212
2019134019-03701,MONMOUTH,RED BANK BORO,03/08/2019,FR,0942,01,RED BANK PD,,0,0,0,0,P,B,N,N,11,1,MONMOUTH COUNTY 10,,10,,13000010__,.25,05,,01,06,02,01,01,01,05,01,100,FE,W,CR 13 / RECTOR PL / SHREWSBURY AVE,,,,30,30,42,,,N,,228
2019134019-03719,MONMOUTH,RED BANK BORO,03/08/2019,FR,1250,01,RED BANK PD,,0,0,0,0,P,B,N,N,06,2,MONMOUTH COUNTY 11 I,,11,1,130000111_,.83,07,,01,04,02,01,01,01,05,01,10,FE,S,CR 10 / FRONT ST,,,,25,30,28,,,N,,228
2019134019-03761,MONMOUTH,RED BANK BORO,03/09/2019,SA,0058,01,RED BANK PD,RED BANK,0,0,0,0,P,I,Y,N,99,1,GRANT PL **,,,,13401049__,.07,07,,01,04,02,01,06,01,05,,,AT,,GARFIELD PL,,,,25,25,56,,,N,FENCE AND BUSHES ON THE PROPERTY OF 31 GIANT PL.,203
2019134019-03795,MONMOUTH,RED BANK BORO,03/09/2019,SA,1559,01,RED BANK PD,,0,0,0,0,P,B,N,N,01,2,NJ 35,,35,,00000035__,33.55,02,,01,04,02,01,01,01,05,01,30,FE,N,RECKLESS PL,,,,35,25,26,,,N,,228
2019134019-03804,MONMOUTH,RED BANK BORO,03/09/2019,SA,1753,01,RED BANK PD,,0,0,0,0,P,I,N,N,03,2,MONMOUTH COUNTY 13,,13,,13000013__,2.58,05,,01,04,02,01,03,01,05,01,,AT,,LOCUST AVE,,,,30,25,26,,,N,,228
2019134019-03892,MONMOUTH,RED BANK BORO,03/11/2019,MO,1517,01,RED BANK PD,RED BANK POLICE,0,0,0,0,P,I,N,N,03,2,MONMOUTH COUNTY 10,N,10,,13000010__,1.32,05,,01,04,02,01,01,01,02,,,AT,,N PROSPECT AVE / PROSPECT AVE,,,,25,25,,,,N,,226
2019134019-03907,MONMOUTH,RED BANK BORO,03/12/2019,TU,0305,01,RED BANK PD,,0,0,0,0,P,B,N,N,06,2,1 RIVERVIEW PLZA,,,,,,09,,01,04,02,01,06,01,,,,,,,,,,,,26,,,N,,230
2019134019-04019,MONMOUTH,RED BANK BORO,03/14/2019,TH,1520,01,RED BANK PD,,0,1,0,0,I,B,N,N,08,2,NJ 35,,35,,00000035__,33.70,02,,01,04,02,01,01,01,05,01,10,FE,N,GOLD ST,,,,30,25,26,,,N,,228
2019134019-04022,MONMOUTH,RED BANK BORO,03/14/2019,TH,1633,01,RED BANK PD,,0,1,0,0,I,B,N,N,01,3,MONMOUTH COUNTY 34,,34,,13000034__,.01,05,,01,04,02,01,01,01,05,01,75,FE,E,CR 11 / BROAD ST,,,,25,25,26,,,N,,
2019134019-04023,MONMOUTH,RED BANK BORO,03/14/2019,TH,1720,01,RED BANK PD,,0,0,0,0,P,B,N,N,02,2,DRS JAMES PARKER BLVD / E BERGEN PL,,,,13401113__,.29,07,,01,04,02,01,01,01,,01,20,FE,E,S PEARL ST,,,,25,25,26,,,N,,228
2019134019-04045,MONMOUTH,RED BANK BORO,03/15/2019,FR,0718,01,RED BANK PD,RED BANK POLICE,0,0,0,0,P,I,N,N,03,2,ROUTE 520,W,520,,00000520__,17.09,05,,01,04,02,01,01,01,02,,,AT,,GRANT PL,,,,40,25,,,,N,,226
2019134019-04137,MONMOUTH,RED BANK BORO,03/16/2019,SA,1423,01,RED BANK PD,,0,0,0,0,P,B,N,N,02,2,DRS JAMES PARKER BLVD / E BERGEN PL,,,,13401113__,.00,07,,01,04,02,01,01,01,05,01,35,FE,W,CR 13 / SCHREWSBURY AVE,,,,25,30,26,,,N,,212
2019134019-04140,MONMOUTH,RED BANK BORO,03/16/2019,SA,1642,01,RED BANK PD,,0,0,0,0,P,I,N,N,03,2,S BRIDGE AVE **,E,,,13401018__,,07,,01,04,02,01,01,01,05,01,,AT,,CHESTNUT ST,,,,25,25,26,,,N,,198
2019134019-04217,MONMOUTH,RED BANK BORO,03/18/2019,MO,1049,01,RED BANK PD,RED BANK PD,0,0,0,0,P,B,N,N,03,2,ROUTE 520,W,520,,00000520__,,05,,01,04,02,01,01,01,,,,,,,,,,40,,,,,N,,219
2019134019-04237,MONMOUTH,RED BANK BORO,03/18/2019,MO,1445,01,RED BANK PD,,0,0,0,0,P,B,N,N,02,2,WHITE ST PARKING LOT,,,,,,09,,01,04,02,01,01,01,05,01,60,FE,N,MONMOUTH ST,,,,15,25,26,,,N,,228
2019134019-04309,MONMOUTH,RED BANK BORO,03/19/2019,TU,1914,01,RED BANK PD,RED BANK PD,0,0,0,0,P,B,N,N,03,2,MONMOUTH ST,W,,,13401057__,.38,07,,01,04,02,01,06,01,05,01,25,FE,E,NJ 35 / MAPLE AVE,,,,25,30,26,,,N,,204
2019134019-04317,MONMOUTH,RED BANK BORO,03/19/2019,TU,2238,01,RED BANK PD,,0,0,0,0,P,I,N,N,07,2,MONMOUTH COUNTY 10,W,10,,13000010__,.27,05,,01,04,01,01,06,01,,,,AT,,CR 13 / RECTOR PL / SHREWSBURY AVE,,,,30,,26,,,N,,392
2019134019-04343,MONMOUTH,RED BANK BORO,03/20/2019,WE,1307,01,RED BANK PD,,0,0,0,0,P,B,N,N,02,2,MONMOUTH COUNTY 13,S,13,,13000013__,1.92,05,,01,04,02,01,01,01,05,,75,FE,S,ROUTE 520 / NEWMAN SPRINGS RD,,,,30,30,26,,,N,,200
2019134019-04402,MONMOUTH,RED BANK BORO,03/21/2019,TH,2153,01,RED BANK PD,RED BANK PD,0,2,0,0,I,I,N,N,01,2,CHESTNUT AVE **,E,,,13401007__,.00,07,,01,04,02,02,06,02,05,,,AT,,NJ 35 / MAPLE AVE,,,,25,30,26,,,N,,204
2019134019-04475,MONMOUTH,RED BANK BORO,03/23/2019,SA,1330,01,RED BANK PD,,0,1,0,0,I,B,N,N,03,2,N BRIDGE AVE,,,,,,07,,01,04,02,01,01,01,05,01,100,FE,N,CR 10,,,,25,30,26,,,N,,228
2019134019-04510,MONMOUTH,RED BANK BORO,03/24/2019,SU,0955,01,RED BANK PD,,0,0,0,0,P,B,N,N,01,2,MONMOUTH COUNTY 10,,10,,13000010__,.79,05,,01,04,02,01,01,01,05,01,40,FE,W,ENGLISH PLZ,,,,30,15,26,,,N,,228
2019134019-04581,MONMOUTH,RED BANK BORO,03/25/2019,MO,1723,01,RED BANK PD,,0,0,0,0,P,I,N,N,01,2,MONMOUTH COUNTY 13,S,13,,13000013__,2.14,05,,01,04,02,01,01,01,,,,AT,,ST MARYS PL,,,,30,,26,,,N,,223
2019134019-04625,MONMOUTH,RED BANK BORO,03/26/2019,TU,1156,01,RED BANK PD,,0,0,0,0,P,I,N,N,06,2,MONMOUTH COUNTY 11 I,S,11,1,130000111_,.83,07,,01,04,02,01,01,01,,,,AT,,CR 10 / FRONT ST,,,,25,25,26,,,N,,223
2019134019-04644,MONMOUTH,RED BANK BORO,03/26/2019,TU,1746,01,RED BANK PD,,0,0,0,0,P,I,N,N,02,2,MONMOUTH COUNTY 13,S,13,,13000013__,2.20,05,,01,04,02,01,01,01,05,,,AT,,W BERGEN PL,,,,30,25,26,,,N,,200
2019134019-04684,MONMOUTH,RED BANK BORO,03/27/2019,WE,1152,01,RED BANK PD,,0,0,0,0,P,B,N,N,08,2,90 MONMOUTH ST,,,,,,09,,01,04,02,01,01,01,05,01,,,,,,,,15,,26,,,N,,228
2019134019-04750,MONMOUTH,RED BANK BORO,03/28/2019,TH,1100,01,RED BANK PD,,0,0,0,0,P,B,N,N,01,2,MONMOUTH COUNTY 10,,10,,13000010__,1.44,05,,01,04,02,01,01,01,05,01,25,FE,E,BUENA PL / HIGH ST,,,,30,25,26,,,N,,228
2019134019-04788,MONMOUTH,RED BANK BORO,03/28/2019,TH,2121,01,RED BANK PD,,0,0,0,0,P,B,N,N,04,2,WHITE ST LOT,,,,,,08,,01,04,02,01,07,01,,01,,,,,,,,,,26,,,N,,200
2019134019-04811,MONMOUTH,RED BANK BORO,03/29/2019,FR,1106,01,RED BANK PD,,0,0,0,0,P,B,N,N,02,2,MONMOUTH COUNTY 13,S,13,,13000013__,1.93,05,,01,04,02,01,01,01,05,01,30,FE,N,ROUTE 520 / NEWMAN SPRINGS RD,,,,30,40,26,,,N,,198
2019134019-04826,MONMOUTH,RED BANK BORO,03/29/2019,FR,1437,01,RED BANK PD,,0,0,0,0,P,B,N,N,06,2,MONMOUTH ST,E,,,13401057__,.45,07,,01,04,02,01,01,01,,,25,FE,W,DRUMMOND PL EXT / DRUMMOND PL,,,,25,25,26,,,N,,205
2019134019-04847,MONMOUTH,RED BANK BORO,03/29/2019,FR,2034,01,RED BANK PD,,0,0,0,0,P,I,N,N,05,2,MONMOUTH COUNTY 11 I,,11,1,130000111_,.66,07,,01,04,99,01,06,01,,,,AT,,MONMOUTH ST,,,,25,25,26,,,N,,218
2019134019-04931,MONMOUTH,RED BANK BORO,03/31/2019,SU,1731,01,RED BANK PD,,0,1,0,0,I,B,N,N,01,2,MONMOUTH COUNTY 11 I,,11,1,130000111_,.49,07,,01,04,02,02,01,01,05,01,40,FE,N,CR 34 / HARDING RD / RECKLESS PL,,,,25,25,26,,,N,,212
2019134019-04957,MONMOUTH,RED BANK BORO,04/01/2019,MO,0702,01,RED BANK PD,,0,0,0,0,P,I,N,N,03,2,MONMOUTH COUNTY 10,E,10,,13000010__,.61,05,,01,04,02,01,01,01,,,,AT,,NJ 35 / RIVERSIDE AVE,,,,30,30,26,,,N,,205
2019134019-05030,MONMOUTH,RED BANK BORO,04/02/2019,TU,1108,01,RED BANK PD,,0,0,0,0,P,B,N,N,01,2,DRS JAMES PARKER BLVD / E BERGEN PL,E,,,13401113__,.41,07,,01,04,02,01,01,01,,,50,FE,W,NJ 35 / MAPLE AVE,,,,25,30,26,,,N,,205
2019134019-05061,MONMOUTH,RED BANK BORO,04/02/2019,TU,2050,01,RED BANK PD,,0,0,0,0,P,B,N,N,02,2,NJ 35,N,35,,00000035__,33.82,02,,01,04,02,02,07,02,,,,,,WATER ST,,,,30,30,26,,,N,,200
2019134019-05062,MONMOUTH,RED BANK BORO,04/02/2019,TU,2140,01,RED BANK PD,RED BANK PD,0,0,0,0,P,B,N,N,06,3,MONMOUTH COUNTY 11 II,S,11,2,130000112_,,05,,01,04,02,02,06,02,,,,,,,,,,30,,26,,,N,,
2019134019-05097,MONMOUTH,RED BANK BORO,04/03/2019,WE,1324,01,RED BANK PD,,0,0,0,0,P,B,N,N,08,2,MONMOUTH COUNTY 10,,10,,13000010__,,05,,01,04,02,01,01,01,,,,,,,,,,,,26,,,N,,205
2019134019-05113,MONMOUTH,RED BANK BORO,04/03/2019,WE,1708,01,RED BANK PD,,0,0,0,0,P,I,N,N,03,2,DRS JAMES PARKER BLVD / E BERGEN PL,W,,,13401113__,.07,07,,01,04,02,01,01,01,05,,,AT,,BRIDGE AVE,,,,25,25,26,,,N,,200
2019134019-05163,MONMOUTH,RED BANK BORO,04/04/2019,TH,1629,01,RED BANK PD,,0,0,0,0,P,I,N,N,01,2,IRVING PL **,E,,,13401001__,.18,07,,01,04,02,01,01,01,05,,,AT,,CR 11 I / BROAD ST,,,,25,,26,,,N,,200
2019134019-05166,MONMOUTH,RED BANK BORO,04/04/2019,TH,1815,01,RED BANK PD,,0,0,0,0,P,I,N,N,01,4,MONMOUTH COUNTY 10,E,10,,13000010__,,05,,01,04,02,01,01,01,05,01,,AT,,PEARL ST,,,,30,30,26,,,N,,
2019134019-05167,MONMOUTH,RED BANK BORO,04/04/2019,TH,1944,01,RED BANK PD,,0,0,0,0,P,B,N,N,06,2,WASHINGTON ST **,S,,,13401095__,.19,07,,01,04,02,01,07,01,,,25,FE,N,WALLACE ST,,,,25,25,28,,,N,,200
2019134019-05245,MONMOUTH,RED BANK BORO,04/06/2019,SA,1124,01,RED BANK PD,,0,1,0,0,I,I,N,N,01,2,NJ 35,N,35,,00000035__,34.00,02,,01,04,01,01,01,01,04,,,AT,,ALLEN PL,,,,35,,26,,,N,,392
2019134019-05247,MONMOUTH,RED BANK BORO,04/06/2019,SA,1419,01,RED BANK PD,RED BANK,0,0,0,0,P,B,N,N,06,2,W BERGEN PL,W,,,,,07,,01,04,02,01,01,01,05,,,,,,,,,25,,28,,,N,,204
2019134019-05294,MONMOUTH,RED BANK BORO,04/07/2019,SU,1350,01,RED BANK PD,,0,0,0,0,P,I,N,N,06,2,DRUMMOND ST **,E,,,13401006__,.03,07,,01,04,01,01,01,01,,,,AT,,GOLD ST,,,,,,26,,,N,,392
2019134019-05297,MONMOUTH,RED BANK BORO,04/07/2019,SU,1411,01,RED BANK PD,RED BANK,0,0,0,0,P,B,N,N,03,2,TOWERHILL DR,E,,,,,07,,01,04,02,01,01,01,05,01,,,,,,,,25,,26,,,N,,204
2019134019-05347,MONMOUTH,RED BANK BORO,04/08/2019,MO,1545,01,RED BANK PD,,0,0,0,0,P,I,N,N,01,2,MONMOUTH COUNTY 10,,10,,13000010__,.61,05,,01,04,02,01,01,01,05,,,AT,,NJ 35 / RIVERSIDE AVE,,,,30,25,26,,,N,,218
2019134019-05352,MONMOUTH,RED BANK BORO,04/08/2019,MO,1640,01,RED BANK PD,,0,0,0,0,P,I,N,N,01,2,DRS JAMES PARKER BLVD / E BERGEN PL,E,,,13401113__,.42,07,,01,04,02,01,01,01,04,,,AT,,NJ 35 / MAPLE AVE,,,,,,26,,,N,,230
2019134019-05428,MONMOUTH,RED BANK BORO,04/09/2019,TU,2255,01,RED BANK PD,RED BANK POLICE,0,0,0,0,P,B,Y,N,06,2,ELM PL **,E,,,13401102__,.11,07,,01,04,02,01,06,01,02,,75,FE,W,HORACE PL,,,,25,25,28,,,N,,226
2019134019-05436,MONMOUTH,RED BANK BORO,04/10/2019,WE,0742,01,RED BANK PD,,0,0,0,0,P,B,N,N,06,2,1 RIVERVIEW PLAZA,,,,,,09,,01,00,02,01,01,01,,,,,,,,,,,,28,,,N,,200
2019134019-05464,MONMOUTH,RED BANK BORO,04/10/2019,WE,1621,01,RED BANK PD,,0,1,0,0,I,I,N,N,03,2,MONMOUTH COUNTY 13,S,13,,13000013__,2.52,05,,01,04,02,01,01,01,,,,AT,,HERBERT ST,,,,30,25,26,,,N,,205
2019134019-05472,MONMOUTH,RED BANK BORO,04/10/2019,WE,1857,01,RED BANK PD,,0,0,0,0,P,I,N,N,03,2,MONMOUTH COUNTY 11 I,N,11,1,130000111_,.48,05,,01,04,02,01,01,01,,,,AT,,CR 34 / HARDING RD / RECKLESS PL,,,,30,25,26,,,N,,205
2019134019-05496,MONMOUTH,RED BANK BORO,04/11/2019,TH,1156,01,RED BANK PD,,0,0,0,0,P,I,N,N,06,2,MONMOUTH ST,,,,13401057__,.60,07,,01,04,02,01,01,01,05,,,AT,,CR 11 I / BROAD ST,,,,,,26,,,N,,200
2019134019-05578,MONMOUTH,RED BANK BORO,04/12/2019,FR,1652,01,RED BANK PD,,0,0,0,0,P,B,N,N,02,2,MONMOUTH COUNTY 11 I,S,11,1,130000111_,.70,07,,01,04,02,01,01,01,,,10,FE,N,WALLACE ST,,,,25,25,26,,,N,,205
2019134019-05616,MONMOUTH,RED BANK BORO,04/13/2019,SA,1000,01,RED BANK PD,,0,0,0,0,P,I,N,N,02,2,NJ 35,S,35,,00000035__,34.19,02,,01,04,02,01,01,01,04,,,AT,,CR 13 / BRIDGE AVE / RECTOR PL,,,,,,26,,,N,,230
2019134019-05617,MONMOUTH,RED BANK BORO,04/13/2019,SA,1020,01,RED BANK PD,,0,0,0,0,P,B,N,N,03,2,ROUTE 520,,520,,00000520__,16.27,05,,01,04,02,02,01,01,05,,300,FE,E,CR 13 / SHREWSBURY AVE,,,,40,30,26,,,N,,218
2019134019-05621,MONMOUTH,RED BANK BORO,04/13/2019,SA,1122,01,RED BANK PD,,0,0,0,0,P,I,N,N,02,2,MONMOUTH ST,,,,13401057__,.60,07,,01,04,02,01,01,01,05,,,AT,,CR 11 I / BROAD ST,,,,25,30,26,,,N,,218
2019134019-05792,MONMOUTH,RED BANK BORO,04/16/2019,TU,0802,01,RED BANK PD,RED BANK,0,0,0,0,P,I,N,N,01,2,S BRIDGE AVE **,S,,,13401018__,.28,07,,01,04,02,01,01,01,05,,,AT,,ROUTE 520 / NEWMAN SPRING RD,,,,25,35,26,,,N,,203
2019134019-05906,MONMOUTH,RED BANK BORO,04/18/2019,TH,0832,01,RED BANK PD,,0,1,0,0,I,I,N,N,14,1,ROUTE 520,W,520,,00000520__,16.21,05,,01,04,02,01,01,01,,,,AT,,CR 13 / SHREWSBURY AVE,,,,35,30,21,,,N,,205
2019134019-05907,MONMOUTH,RED BANK BORO,04/18/2019,TH,0844,01,RED BANK PD,,0,0,0,0,P,B,N,N,01,2,ROUTE 520,,520,,00000520__,16.92,05,,01,04,02,01,01,01,,01,200,FE,N,GARFIELD PL,,,,30,25,26,,,N,,218
2019134019-05919,MONMOUTH,RED BANK BORO,04/18/2019,TH,1348,01,RED BANK PD,,0,0,0,0,P,B,N,N,06,2,MONMOUTH ST,E,,,13401057__,.18,07,,01,04,02,01,01,01,05,,25,FE,E,WEST ST,,,,30,,26,,,N,,200
2019134019-05944,MONMOUTH,RED BANK BORO,04/18/2019,TH,1836,01,RED BANK PD,,0,0,0,0,P,B,N,N,06,2,NJ 35,N,35,,00000035__,33.35,02,,01,04,02,01,01,01,04,01,,,,,,,,35,,26,,,N,,222
2019134019-06075,MONMOUTH,RED BANK BORO,04/22/2019,MO,0832,01,RED BANK PD,,0,0,0,0,P,B,N,N,06,2,WEST WESTSIDE AVE **,,,,13401013__,.01,07,,01,04,02,01,01,01,,,25,FE,E,CLIFFORD PL,,,,25,25,28,,,N,,205
2019134019-06077,MONMOUTH,RED BANK BORO,04/22/2019,MO,0843,01,RED BANK PD,,0,0,0,0,P,I,N,N,03,2,MONMOUTH COUNTY 10,W,10,,13000010__,.27,05,,01,06,02,01,01,01,,,,AT,,CR 13 / RECTOR PL / SHREWSBURY AVE,,,,30,25,26,,,N,,205
2019134019-06101,MONMOUTH,RED BANK BORO,04/22/2019,MO,2002,01,RED BANK PD,RED BANK,0,2,0,0,I,I,N,N,03,3,CHESTNUT AVE **,S,,,13401007__,.09,07,,01,04,02,01,06,01,02,,,AT,,PEARL ST,,,,25,25,,,,N,,226
2019134019-06126,MONMOUTH,RED BANK BORO,04/23/2019,TU,1005,01,RED BANK PD,,0,0,0,0,P,I,N,N,02,2,MRFORD PL **,S,,,13401117__,.09,07,,01,04,02,01,01,01,,,,AT,,ALLAN PL,,,,25,25,26,,,N,,205
2019134019-06187,MONMOUTH,RED BANK BORO,04/24/2019,WE,1755,01,RED BANK PD,RED BANK,0,0,0,0,P,I,N,N,01,3,MONMOUTH COUNTY 10,E,10,,13000010__,,05,,01,04,02,01,01,01,05,,,AT,W,PEARL ST,,,,30,25,26,,,N,,
2019134019-06223,MONMOUTH,RED BANK BORO,04/25/2019,TH,0908,01,RED BANK PD,,0,0,0,0,P,B,N,N,08,2,PROSPECT AVENUE,,,,,,05,,01,05,02,01,01,01,05,01,100,FE,S,MCLAREN STREET,,,,,,28,,,N,,220
2019134019-06239,MONMOUTH,RED BANK BORO,04/25/2019,TH,1615,01,RED BANK PD,,0,0,0,0,P,B,N,N,06,2,GOLD STREET LOT,,,,,,09,,01,04,02,02,01,02,05,01,,,,,,,,,,28,,,N,,220
2019134019-06252,MONMOUTH,RED BANK BORO,04/26/2019,FR,0339,01,RED BANK PD,,0,1,0,0,I,B,N,N,11,2,BRIDGE AVE,,,,,,07,,01,04,02,02,07,02,05,01,25,FE,N,CEDAR ST,,,,25,25,50,,,N,DAMAGE TO TWO BOROUGH OWNED STREET SIGNS AND A FIRE HYDRANT,228
2019134019-06316,MONMOUTH,RED BANK BORO,04/28/2019,SU,0042,01,RED BANK PD,RED BANK,0,0,0,0,P,I,N,N,06,2,MONMOUTH ST,W,,,13401057__,.45,07,,01,04,02,01,06,01,,,,AT,,DRUMMOND PL EXT / DRUMMOND PL,,,,25,25,28,,,N,,226
2019134019-06375,MONMOUTH,RED BANK BORO,04/29/2019,MO,1336,01,RED BANK PD,,0,0,0,0,P,B,N,N,06,2,MONMOUTH COUNTY 10,E,10,,13000010__,.86,05,,01,04,02,01,01,01,,,100,FE,W,CR 11 / BROAD ST,,,,30,25,28,,,N,,205
2019134019-06379,MONMOUTH,RED BANK BORO,04/29/2019,MO,1419,01,RED BANK PD,,0,0,0,0,P,B,N,N,06,2,MONMOUTH COUNTY 13,N,13,,13000013__,2.62,05,,01,04,02,01,01,01,,,75,FE,S,DEFOREST LN / OAKLAND ST,,,,30,25,26,,,N,,205
2019134019-06381,MONMOUTH,RED BANK BORO,04/29/2019,MO,1445,01,RED BANK PD,,0,0,0,0,P,B,N,N,07,2,MONMOUTH COUNTY 10,,10,,13000010__,.27,05,,01,04,02,01,01,01,,01,25,FE,E,CR 13 / RECTOR PL / SHREWSBURY AVE,,,,30,30,26,,,N,,228
2019134019-06407,MONMOUTH,RED BANK BORO,04/30/2019,TU,0842,01,RED BANK PD,,0,0,0,0,P,B,N,N,01,2,MONMOUTH COUNTY 10,W,10,,13000010__,.29,05,,01,05,02,02,01,05,,,100,FE,E,CR 13 / RECTOR PL / SHREWSBURY AVE,,,,30,30,26,,,N,,205
2019134019-06463,MONMOUTH,RED BANK BORO,05/01/2019,WE,1054,01,RED BANK PD,RED BANK POLICE,0,0,0,0,P,I,N,N,06,2,MONMOUTH COUNTY 11 I,N,11,1,130000111_,.77,07,,01,04,02,01,01,01,02,,,AT,,MECHANIC ST,,,,25,25,28,,,N,,226
2019134019-06468,MONMOUTH,RED BANK BORO,05/01/2019,WE,1230,01,RED BANK PD,RED BANK POLICE,0,0,0,0,P,I,N,N,01,2,MONMOUTH COUNTY 10,E,10,,13000010__,.64,05,,01,04,02,01,01,01,02,,,AT,,NJ 35 / MAPLE AVE,,,,30,25,,,,N,,226
2019134019-06494,MONMOUTH,RED BANK BORO,05/01/2019,WE,1832,01,RED BANK PD,,0,0,0,0,P,B,N,N,01,2,ROUTE 520,W,520,,00000520__,16.22,05,,01,04,02,02,01,02,05,,75,FE,E,CR 13 / SHREWSBURY AVE,,,,30,,26,,,N,,200