Year(4)-CountyCode(2)-MunicipalityCode(2)-CaseNumber(9),County Name,Municipality Name,Crash Date,Crash Day of Week,Crash Time,Police Department Code,Police Department,Police Station,Total Killed,Total Injured,Pedestrians Killed,Pedestrians Injured,Severity,Intersection,Alcohol Involved,Hazmat Involved,Crash Type,Total Vehicles,Location,Location Direction,Route,Route Suffix,Std Rte Identifier,MilePost,Road System,Road Character,Road Horizontal Alignment,Road Grade,Road Surface Type,Surface Condition,Light Condition,Environmental Condition,Road Divided By,Temporary Traffic Control Zone,Distance To Cross Street,Unit Of Measurement,Direction From Cross Street,Cross Street Name,Is Ramp,Ramp To/From Route Name,Ramp To/From Route Direction,Posted Speed,Posted Speed Cross Street,First Harmful Event,Latitude,Longitude,Cell Phone In Use Flag,Other Property Damage,Reporting Badge No.
2019134019-06498,MONMOUTH,RED BANK BORO,05/01/2019,WE,1941,01,RED BANK PD,,0,0,0,0,P,I,N,N,09,2,MONMOUTH COUNTY 11 I,,11,1,130000111_,.83,07,,01,04,02,02,03,02,05,,,AT,,CR 10 / FRONT ST,,,,30,30,26,,,N,,200
2019134019-06607,MONMOUTH,RED BANK BORO,05/03/2019,FR,1617,01,RED BANK PD,,0,1,0,0,I,B,N,N,03,2,NJ 35,,35,,00000035__,33.94,02,,01,04,02,01,01,05,05,01,300,FE,S,ALLEN PL,,,,30,25,26,,,N,,228
2019134019-06610,MONMOUTH,RED BANK BORO,05/03/2019,FR,1130,01,RED BANK PD,,0,0,0,0,P,B,N,N,08,2,335 SHREWSBURY AVE,,,,,,09,,01,04,02,01,01,01,05,01,,,,,,,,15,,28,,,N,,228
2019134019-06616,MONMOUTH,RED BANK BORO,05/03/2019,FR,2039,01,RED BANK PD,RED BANK,0,0,0,0,P,B,N,N,08,2,ENGLISH PLAZA,N,,,,,08,,01,04,02,01,06,01,05,,,,,,,,,15,,28,,,N,,203
2019134019-06659,MONMOUTH,RED BANK BORO,05/04/2019,SA,1736,01,RED BANK PD,,0,0,0,0,P,B,N,N,08,2,EDMUND WILSON PLAZA,N,,,,,07,,01,04,02,01,01,01,05,,,,,,,,,,,26,,,N,,200
2019134019-06702,MONMOUTH,RED BANK BORO,05/05/2019,SU,1633,01,RED BANK PD,,0,0,0,0,P,B,N,N,01,2,MONMOUTH COUNTY 13,,13,,13000013__,2.70,05,,01,04,02,02,01,02,05,01,25,FE,S,MONMOUTH ST,,,,30,25,26,,,N,,228
2019134019-06727,MONMOUTH,RED BANK BORO,05/06/2019,MO,0900,01,RED BANK PD,,0,0,0,0,P,I,N,N,99,2,WEST ST **,,,,13401037__,.06,07,,01,04,02,01,01,,05,,,AT,,WALL ST,,,,,,26,,,N,,200
2019134019-06754,MONMOUTH,RED BANK BORO,05/06/2019,MO,1510,01,RED BANK PD,,0,0,0,0,P,B,N,N,06,2,COUNT BASIE FIELD LOT,,,,,,08,,01,04,02,01,01,01,,01,,,,,,,,,,28,,,N,,212
2019134019-06826,MONMOUTH,RED BANK BORO,05/07/2019,TU,1805,01,RED BANK PD,,0,0,0,0,P,B,N,N,02,2,MONMOUTH COUNTY 10,W,10,,13000010__,.80,05,,01,04,02,01,01,01,,,10,FE,E,ENGLISH PLZ,,,,25,,26,,,N,,223
2019134019-06830,MONMOUTH,RED BANK BORO,05/07/2019,TU,1954,01,RED BANK PD,,0,0,0,0,P,I,N,N,02,2,NJ 35,E,35,,00000035__,,02,,02,04,02,01,01,01,05,01,,AT,,PEARL ST,,,,25,25,26,,,N,,207
2019134019-06843,MONMOUTH,RED BANK BORO,05/08/2019,WE,2208,01,RED BANK PD,,0,0,0,0,P,B,N,N,03,2,MONMOUTH ST,E,,,13401057__,,07,,01,04,02,01,06,01,05,01,,,,,,,,25,,26,,,N,,207
2019134019-06864,MONMOUTH,RED BANK BORO,05/08/2019,WE,1113,01,RED BANK PD,,0,1,0,0,I,B,N,N,01,3,MONMOUTH COUNTY 10,,10,,13000010__,.81,05,,01,04,02,01,01,01,05,01,40,FE,E,ENGLISH PLZ,,,,30,15,26,,,N,,228
2019134019-06895,MONMOUTH,RED BANK BORO,05/09/2019,TH,0133,01,RED BANK PD,,0,1,0,0,I,B,N,N,06,2,S BRIDGE AVE **,S,,,13401018__,,07,,01,04,01,01,07,01,04,01,,,,,,,,25,,26,,,N,,392
2019134019-06923,MONMOUTH,RED BANK BORO,05/09/2019,TH,1709,01,RED BANK PD,,0,0,0,0,P,B,N,N,06,2,WHITE ST **,,,,13401059__,.07,07,,01,04,02,01,01,05,05,01,35,FE,E,ENGLISH PLZ,,,,25,15,28,,,N,,228
2019134019-06972,MONMOUTH,RED BANK BORO,05/10/2019,FR,1512,01,RED BANK PD,,0,0,0,0,P,B,N,N,08,2,DRS JAMES PARKER BLVD / E BERGEN PL,,,,13401113__,.07,07,,01,04,02,01,01,01,05,01,20,FE,W,BRIDGE AVE,,,,25,25,28,,,N,,212
2019134019-06984,MONMOUTH,RED BANK BORO,05/10/2019,FR,1739,01,RED BANK PD,,0,1,0,0,I,B,N,N,01,2,MONMOUTH ST,,,,13401057__,.11,07,,01,04,02,01,01,01,05,01,125,FE,E,GRANT SQ,,,,25,25,26,,,N,,212
2019134019-07013,MONMOUTH,RED BANK BORO,05/11/2019,SA,0100,01,RED BANK PD,,0,1,0,0,I,B,N,N,06,2,NJ 35,N,35,,00000035__,33.84,02,,03,04,02,01,07,01,05,02,15,FE,N,CR 10 / MAPLE AVE / W FRONT,,,,,,28,,,N,,221
2019134019-07024,MONMOUTH,RED BANK BORO,05/11/2019,SA,0909,01,RED BANK PD,,0,0,0,0,P,B,N,N,02,2,MONMOUTH COUNTY 11 I,,11,1,130000111_,.77,07,,01,04,02,01,01,01,05,01,25,FE,S,MECHANIC ST,,,,25,25,26,,,N,,212
2019134019-07029,MONMOUTH,RED BANK BORO,05/11/2019,SA,1037,01,RED BANK PD,,0,1,0,0,I,I,N,N,03,2,MONMOUTH COUNTY 11 II,,11,2,130000112_,3.15,05,,01,04,02,01,01,01,05,01,,AT,,TOWERHILL AVE,,,,30,25,26,,,N,FENCE AT 84 BRANCH AVENUE,212
2019134019-07131,MONMOUTH,RED BANK BORO,05/13/2019,MO,2017,01,RED BANK PD,,0,0,0,0,P,I,N,N,08,2,MONMOUTH COUNTY 13,N,13,,13000013__,2.86,05,,01,04,01,02,03,02,04,,,AT,,CR 10 / W FRONT ST,,,,30,,26,,,N,,231
2019134019-07153,MONMOUTH,RED BANK BORO,05/14/2019,TU,1040,01,RED BANK PD,,0,0,0,0,P,B,N,N,06,2,MONMOUTH COUNTY 13,,13,,13000013__,2.61,05,,01,04,02,02,01,05,05,01,85,FE,S,DEFOREST LN / OAKLAND ST,,,,30,25,28,,,N,,228
2019134019-07182,MONMOUTH,RED BANK BORO,05/14/2019,TU,1632,01,RED BANK PD,,0,1,0,0,I,I,N,N,03,2,LEIGHTON AVE **,N,,,13401010__,.38,07,,01,04,02,02,01,02,,,,AT,,WEST BUREGEN PL,,,,25,25,26,,,N,,205
2019134019-07205,MONMOUTH,RED BANK BORO,05/14/2019,TU,2317,01,RED BANK PD,,0,0,0,0,P,I,N,N,06,2,CATHERINE ST / TILTON AVE **,W,,,13401017__,.56,07,,01,04,02,01,06,01,05,01,,AT,W,CR 13 / SCHREWSBURY AVE,,,,25,30,28,,,N,,232
2019134019-07215,MONMOUTH,RED BANK BORO,05/15/2019,WE,0752,01,RED BANK PD,,0,0,0,0,P,I,N,N,03,2,MONMOUTH COUNTY 11 I,N,11,1,130000111_,.00,05,,01,04,02,01,01,01,,,,AT,,ROUTE 520 / PINCKNEY RD,,,,30,30,26,,,N,,200
2019134019-07218,MONMOUTH,RED BANK BORO,05/15/2019,WE,0841,01,RED BANK PD,,0,0,0,0,P,B,N,N,11,1,MONMOUTH COUNTY 10,,10,,13000010__,.25,05,,03,06,02,01,01,01,05,01,125,FE,W,CR 13 / RECTOR PL / SHREWSBURY AVE,,,,30,30,42,,,N,NJ TRANSIT TRAIN BRIDGE,212
2019134019-07258,MONMOUTH,RED BANK BORO,05/15/2019,WE,1453,01,RED BANK PD,,0,0,0,0,P,B,N,N,01,2,MONMOUTH COUNTY 10,W,10,,13000010__,.69,05,,01,04,02,01,01,01,05,01,250,FE,E,NJ 35 / MAPLE AVE,,,,30,30,26,,,N,,198
2019134019-07260,MONMOUTH,RED BANK BORO,05/15/2019,WE,1520,01,RED BANK PD,,0,0,0,0,P,B,N,N,03,2,ROUTE 520,W,520,,00000520__,16.85,05,,01,04,02,01,01,01,,,200,FE,E,NJ 35 / BROAD ST,,,,35,30,26,,,N,,205
2019134019-07269,MONMOUTH,RED BANK BORO,05/15/2019,WE,1728,01,RED BANK PD,,0,0,0,0,P,B,N,N,01,2,MONMOUTH COUNTY 34,E,34,,13000034__,,05,,01,04,02,01,01,01,,,15,FE,W,PROSPECT AVE,,,,35,25,26,,,N,,205
2019134019-07281,MONMOUTH,RED BANK BORO,05/15/2019,WE,2038,01,RED BANK PD,,0,0,0,0,P,I,N,N,01,3,MONMOUTH COUNTY 13,S,13,,13000013__,2.70,05,,01,04,02,01,06,01,,,,AT,,MONMOUTH ST,,,,30,25,26,,,N,,205
2019134019-07303,MONMOUTH,RED BANK BORO,05/16/2019,TH,0755,01,RED BANK PD,RED BANK,0,0,0,0,P,B,N,N,06,2,MECHANIC ST **,W,,,13401092__,.61,07,,01,04,01,01,00,01,05,01,150,FE,W,GLOBE CT,,,,25,25,,,,N,,217
2019134019-07305,MONMOUTH,RED BANK BORO,05/16/2019,TH,0929,01,RED BANK PD,,0,0,0,0,P,I,N,N,01,2,MONMOUTH COUNTY 10,E,10,,13000010__,.34,05,,01,04,02,01,01,01,05,01,,AT,,BRIDGE AVE,,,,30,25,26,,,N,,198
2019134019-07316,MONMOUTH,RED BANK BORO,05/16/2019,TH,1427,01,RED BANK PD,,0,0,0,0,P,B,N,N,06,2,WHITE ST PARKING LOT,,,,,,08,,01,05,02,01,01,01,05,,,,,,,,,,,28,,,N,,200
2019134019-07321,MONMOUTH,RED BANK BORO,05/16/2019,TH,1626,01,RED BANK PD,,0,0,0,0,P,B,N,N,08,2,MONMOUTH ST,W,,,13401057__,.07,07,,01,04,02,01,01,01,,,15,FE,E,BRIDGE AVE,,,,25,25,26,,,N,,205
2019134019-07326,MONMOUTH,RED BANK BORO,05/16/2019,TH,1748,01,RED BANK PD,,0,0,0,0,P,B,N,N,08,2,MAPLE COVE PARKING LOT,,,,,,09,,01,05,02,01,03,01,,01,,,,,,,,,,28,,,N,,212
2019134019-07361,MONMOUTH,RED BANK BORO,05/17/2019,FR,1300,01,RED BANK PD,,0,0,0,0,P,B,N,N,08,2,MONMOUTH COUNTY 11 I,,11,1,130000111_,.43,05,,01,04,02,01,01,01,05,,100,FE,N,LEROY PL,,,,,,26,,,N,,200
2019134019-07368,MONMOUTH,RED BANK BORO,05/17/2019,FR,1504,01,RED BANK PD,,0,0,0,0,P,B,N,N,01,2,LEIGHTON AVE **,S,,,13401010__,.67,07,,01,04,02,01,01,01,,,10,FE,N,ROUTE 520 / NEWMAN SPRINGS RD,,,,30,40,26,,,N,,205
2019134019-07371,MONMOUTH,RED BANK BORO,05/17/2019,FR,1639,01,RED BANK PD,,0,0,0,0,P,B,N,N,02,2,NJ 35,N,35,,00000035__,33.84,02,,03,04,02,01,01,01,,02,25,FE,N,CR 10 / MAPLE AVE / W FRONT,,,,30,30,26,,,N,,205
2019134019-07383,MONMOUTH,RED BANK BORO,05/17/2019,FR,1915,01,RED BANK PD,,0,0,0,0,P,B,N,N,02,2,MONMOUTH COUNTY 13,N,13,,13000013__,2.52,05,,01,04,02,01,01,01,,,5,FE,S,HERBERT ST,,,,30,25,26,,,N,,205
2019134019-07420,MONMOUTH,RED BANK BORO,05/18/2019,SA,0700,01,RED BANK PD,,0,0,0,0,P,B,N,N,06,2,MONMOUTH COUNTY 13,,13,,13000013__,2.28,05,,01,04,02,01,01,01,05,01,150,FE,N,BANK ST,,,,30,25,28,,,N,,228
2019134019-07430,MONMOUTH,RED BANK BORO,05/18/2019,SA,1624,01,RED BANK PD,,0,0,0,0,P,B,N,N,02,2,MONMOUTH COUNTY 11 I,S,11,1,130000111_,.77,07,,01,04,02,01,01,01,,,10,FE,N,MECHANIC ST,,,,25,25,26,,,N,,205
2019134019-07486,MONMOUTH,RED BANK BORO,05/19/2019,SU,1523,01,RED BANK PD,,0,0,0,0,P,B,N,N,06,3,MECHANIC ST PARKING LOT,,,,,,09,,01,04,02,01,01,01,00,01,,,,,,,,15,,28,,,N,,228
2019134019-07535,MONMOUTH,RED BANK BORO,05/20/2019,MO,1013,01,RED BANK PD,RED BANK,0,1,0,1,I,I,N,N,13,1,MONMOUTH COUNTY 11 I,S,11,1,130000111_,.00,05,,01,04,02,01,01,01,04,,,AT,,ROUTE 520 / PINCKNEY RD,,,,30,35,22,,,N,,217
2019134019-07574,MONMOUTH,RED BANK BORO,05/20/2019,MO,1624,01,RED BANK PD,,0,0,0,0,P,I,N,N,01,2,LEIGHTON AVE **,N,,,13401010__,.67,07,,01,04,02,01,01,01,05,,,AT,,ROUTE 520 / NEWMAN SPRINGS RD,,,,25,40,26,,,N,,222
2019134019-07636,MONMOUTH,RED BANK BORO,05/21/2019,TU,1552,01,RED BANK PD,RED BANK POLICE,0,1,0,1,I,I,N,N,13,1,MONMOUTH COUNTY 10,E,10,,13000010__,.34,05,,01,04,02,01,01,01,05,01,,AT,,BRIDGE AVE,,,,25,25,26,,,N,,226
2019134019-07702,MONMOUTH,RED BANK BORO,05/22/2019,WE,1754,01,RED BANK PD,,0,0,0,0,P,B,N,N,06,2,MECHANIC ST **,W,,,13401092__,.72,07,,01,04,01,01,01,01,,,100,FE,E,BROAD ST,,,,25,25,26,,,N,,231
2019134019-07760,MONMOUTH,RED BANK BORO,05/23/2019,TH,1508,01,RED BANK PD,,0,1,0,0,I,B,N,N,01,2,MONMOUTH COUNTY 10,,10,,13000010__,.64,05,,01,04,02,01,01,01,05,01,25,FE,W,NJ 35 / MAPLE AVE,,,,30,30,26,,,N,,228
2019134019-07766,MONMOUTH,RED BANK BORO,05/23/2019,TH,1639,01,RED BANK PD,,0,0,0,0,P,I,N,N,04,2,MONMOUTH COUNTY 10,,10,,13000010__,1.21,05,,02,05,02,02,01,02,05,01,,AT,,HUBBARD PK,,,,35,25,26,,,N,(1) FERRIS IS-3000 61 INCH MOWER DAMAGED,228
2019134019-07771,MONMOUTH,RED BANK BORO,05/23/2019,TH,1938,01,RED BANK PD,RED BANK,0,0,0,0,P,B,N,N,06,2,WHITE ST PARKINGLOT,E,,,,,09,,01,04,02,01,01,01,05,,,,,,,,,25,,26,,,N,,204
2019134019-07803,MONMOUTH,RED BANK BORO,05/24/2019,FR,1132,01,RED BANK PD,,0,0,0,0,P,I,N,N,01,2,MONMOUTH COUNTY 13,N,13,,13000013__,2.70,05,,01,04,02,01,01,01,05,01,,AT,,MONMOUTH ST,,,,30,25,26,,,N,,198
2019134019-07811,MONMOUTH,RED BANK BORO,05/24/2019,FR,1302,01,RED BANK PD,,0,0,0,0,P,B,N,N,03,2,NJ 35,,35,,00000035__,33.71,02,,01,04,02,01,01,01,,01,50,FE,E,PEARL STREET,,,,25,25,26,,,N,,212
2019134019-07819,MONMOUTH,RED BANK BORO,05/24/2019,FR,1525,01,RED BANK PD,RED BANK,0,0,0,0,P,B,N,N,03,2,N BRIDGE AVE,N,,,,,07,,01,04,01,01,01,01,04,01,100,FE,N,CR 10,,,,25,25,26,,,N,,217
2019134019-07821,MONMOUTH,RED BANK BORO,05/24/2019,FR,1546,01,RED BANK PD,,0,0,0,0,P,B,N,N,02,2,NJ 35,S,35,,00000035__,33.85,02,,03,04,02,01,01,01,03,01,75,FE,N,CR 10 / MAPLE AVE / W FRONT,,,,30,30,26,,,N,,212
2019134019-07834,MONMOUTH,RED BANK BORO,05/24/2019,FR,1840,01,RED BANK PD,,0,0,0,0,P,B,N,N,08,2,89 W FRONT ST,E,,,,,10,,01,04,02,01,01,01,,,,,,,,,,,,26,,,N,,223
2019134019-07864,MONMOUTH,RED BANK BORO,05/25/2019,SA,1025,01,RED BANK PD,,0,0,0,0,P,B,N,N,06,2,MONMOUTH ST,,,,13401057__,.39,07,,01,04,02,01,01,01,05,01,75,FE,E,NJ 35 / MAPLE AVE,,,,25,30,28,,,N,,212
2019134019-07910,MONMOUTH,RED BANK BORO,05/26/2019,SU,0816,01,RED BANK PD,,0,0,0,0,P,I,N,N,03,2,SPRING ST **,S,,,13231042__,,07,,01,04,02,01,01,01,,,,AT,,TOWERHILL AVENUE,,,,25,25,26,,,N,,223
2019134019-07988,MONMOUTH,RED BANK BORO,05/27/2019,MO,2139,01,RED BANK PD,,0,3,0,0,I,I,N,N,03,2,ROUTE 520,,520,,00000520__,16.21,05,,01,04,02,01,07,01,05,01,,AT,,CR 13 / SHREWSBURY AVE,,,,35,30,26,,,N,,228
2019134019-08000,MONMOUTH,RED BANK BORO,05/28/2019,TU,0143,01,RED BANK PD,,0,2,0,0,I,I,Y,N,11,1,SPRING ST **,,,,13231042__,.72,07,,01,04,02,01,07,01,05,01,,AT,,WALLACE ST,,,,25,25,52,,,N,TELEPHONE POLE #60343RBK,228
2019134019-08002,MONMOUTH,RED BANK BORO,05/28/2019,TU,0805,01,RED BANK PD,,0,0,0,0,P,B,N,N,06,2,MONMOUTH COUNTY 11 I,N,11,1,130000111_,.58,07,,01,04,02,01,01,01,,,75,FE,N,CANAL ST,,,,25,25,26,,,N,,205
2019134019-08021,MONMOUTH,RED BANK BORO,05/28/2019,TU,1205,01,RED BANK PD,,0,0,0,0,P,B,N,N,03,2,NJ 35,S,35,,00000035__,33.17,02,,01,04,02,01,01,01,,,200,FE,S,BERGEN PL,,,,35,25,26,,,N,,397
2019134019-08035,MONMOUTH,RED BANK BORO,05/28/2019,TU,1818,01,RED BANK PD,,0,0,0,0,P,I,Y,N,06,2,LEIGHTON AVE **,S,,,13401010__,.38,07,,01,04,03,01,01,01,05,01,,AT,,WEST BUREGEN PL,,,,25,25,26,,,N,,200
2019134019-08037,MONMOUTH,RED BANK BORO,05/28/2019,TU,1849,01,RED BANK PD,,0,1,0,0,I,I,Y,N,03,2,LEIGHTON AVE **,S,,,13401010__,.50,07,,01,04,02,01,01,01,05,,,AT,,SUNSET AVE,,,,,25,26,,,N,,200
2019134019-08071,MONMOUTH,RED BANK BORO,05/29/2019,WE,0850,01,RED BANK PD,,0,0,0,0,P,B,N,N,06,2,DRUMMOND PL,S,,,,,07,,01,04,02,01,01,01,05,01,100,FE,N,PETERS PL,,,,,,26,,,N,,221
2019134019-08094,MONMOUTH,RED BANK BORO,05/29/2019,WE,1503,01,RED BANK PD,,0,0,0,0,P,B,N,N,01,2,NJ 35,N,35,,00000035__,33.59,02,,01,04,02,01,01,01,05,,25,FE,S,CHESTNUT ST,,,,30,30,26,,,N,,398
2019134019-08099,MONMOUTH,RED BANK BORO,05/29/2019,WE,1559,01,RED BANK PD,,0,0,0,0,P,B,N,N,06,2,SPRING ST **,N,,,13231042__,.66,07,,01,04,02,01,01,01,05,01,25,FE,N,LINDEN PL,,,,25,,28,,,N,,398
2019134019-08102,MONMOUTH,RED BANK BORO,05/29/2019,WE,1759,01,RED BANK PD,,0,3,0,0,I,I,N,N,03,2,ROUTE 520,W,520,,00000520__,16.07,05,,01,04,02,02,03,02,05,01,,AT,,LEIGHTON AVE,,,,35,25,26,,,N,,200
2019134019-08143,MONMOUTH,RED BANK BORO,05/30/2019,TH,1808,01,RED BANK PD,,0,0,0,0,P,I,N,N,01,2,MONMOUTH COUNTY 13,,13,,13000013__,2.20,05,,01,04,02,02,01,02,05,,,AT,,W BERGEN PL,,,,,,26,,,N,,200
2019134019-08165,MONMOUTH,RED BANK BORO,05/31/2019,FR,0738,01,RED BANK PD,,0,0,0,0,P,B,N,N,01,2,TOUNGE HILL AVE **,E,,,13401104__,.24,07,,03,06,01,01,01,01,,,25,FE,S,CR 34 / HARDING AVE,,,,25,35,26,,,N,,231
2019134019-08216,MONMOUTH,RED BANK BORO,05/31/2019,FR,2206,01,RED BANK PD,RED BANK,0,0,0,0,P,B,N,N,06,2,SPRING ST **,S,,,13231042__,.77,07,,01,04,02,01,04,01,05,,15,FE,N,OLDFIELD PL,,,,,,26,,,N,,211
2019134019-08253,MONMOUTH,RED BANK BORO,06/01/2019,SA,1440,01,RED BANK PD,,0,0,0,0,P,B,N,N,02,2,MONMOUTH COUNTY 10,,10,,13000010__,.67,05,,01,04,02,01,01,01,04,01,150,FE,E,NJ 35 / MAPLE AVE,,,,,,26,,,N,,220
2019134019-08281,MONMOUTH,RED BANK BORO,06/01/2019,SA,2228,01,RED BANK PD,,0,2,0,0,I,B,N,N,01,2,MONMOUTH COUNTY 10,,10,,13000010__,,05,,01,04,02,01,07,01,05,01,50,FE,W,PEARL ST,,,,30,30,26,,,N,,228
2019134019-08371,MONMOUTH,RED BANK BORO,06/03/2019,MO,1709,01,RED BANK PD,,0,0,0,0,P,B,N,N,01,2,MONMOUTH COUNTY 34,W,34,,13000034__,.01,05,,01,04,02,01,01,01,05,01,50,FE,E,CR 11 / BROAD ST,,,,,,26,,,N,,221
2019134019-08398,MONMOUTH,RED BANK BORO,06/04/2019,TU,0921,01,RED BANK PD,,0,0,0,0,P,I,N,N,01,4,MONMOUTH COUNTY 10,E,10,,13000010__,.80,05,,01,04,02,01,01,01,05,,,AT,,ENGLISH PLZ,,,,30,,26,,,N,,200
2019134019-08415,MONMOUTH,RED BANK BORO,06/04/2019,TU,1312,01,RED BANK PD,,0,0,0,0,P,B,N,N,01,2,MONMOUTH COUNTY 34,W,34,,13000034__,.00,05,,01,04,02,01,01,01,05,,5,FE,E,CR 11 / BROAD ST,,,,25,25,26,,,N,,397
2019134019-08487,MONMOUTH,RED BANK BORO,06/05/2019,WE,1954,01,RED BANK PD,,0,0,0,0,P,B,N,N,08,2,MONMOUTH ST,,,,13401057__,,07,,01,04,02,02,03,05,,,,,,,,,,,,26,,,N,,205
2019134019-08521,MONMOUTH,RED BANK BORO,06/06/2019,TH,1147,01,RED BANK PD,RED BANK,0,0,0,0,P,I,N,N,08,2,WALLACE ST **,W,,,13401090__,.00,07,,01,04,02,01,01,01,05,01,,AT,,BROAD ST,,,,25,25,26,,,N,,204
2019134019-08596,MONMOUTH,RED BANK BORO,06/07/2019,FR,1513,01,RED BANK PD,,0,0,0,0,P,I,N,N,01,2,MONMOUTH COUNTY 13,N,13,,13000013__,2.63,05,,01,04,02,01,01,01,,,,AT,,DEFOREST LN / OAKLAND ST,,,,30,25,26,,,N,,205
2019134019-08599,MONMOUTH,RED BANK BORO,06/07/2019,FR,1544,01,RED BANK PD,,0,0,0,0,P,B,N,N,02,2,MONMOUTH COUNTY 11 I,N,11,1,130000111_,.48,05,,01,04,02,01,01,01,,,25,FE,S,CR 34 / HARDING RD / RECKLESS PL,,,,25,25,26,,,N,,398
2019134019-08604,MONMOUTH,RED BANK BORO,06/07/2019,FR,1634,01,RED BANK PD,,0,0,0,0,P,B,N,N,06,2,WHITE ST **,W,,,13401059__,.22,07,,01,04,02,01,00,01,,,250,FE,E,NJ 35 / MAPLE AVE,,,,25,35,28,,,N,,205
2019134019-08616,MONMOUTH,RED BANK BORO,06/07/2019,FR,2044,01,RED BANK PD,RED BANK,0,0,0,0,P,B,N,N,06,2,NJ TRANSIT PARKING LOT,E,,,,,09,,01,04,01,01,07,01,,,,,,,,,,5,,28,,,N,,217
2019134019-08643,MONMOUTH,RED BANK BORO,06/08/2019,SA,1151,01,RED BANK PD,,0,0,0,0,P,B,N,N,08,2,GOLD STREET PARKING LOT,,,,,,09,,01,04,02,01,01,01,,,,,,,,,,10,,26,,,N,,218
2019134019-08698,MONMOUTH,RED BANK BORO,06/09/2019,SU,2135,01,RED BANK PD,,0,0,0,0,P,B,N,N,11,1,MONMOUTH COUNTY 10,,10,,13000010__,,05,,01,04,02,01,06,01,05,01,20,FE,E,BOAT CLUB COURT,,,,30,25,69,,,N,BUILDING AT 22-24 WEST FRONT ST.,212
2019134019-08720,MONMOUTH,RED BANK BORO,06/10/2019,MO,1120,01,RED BANK PD,,0,0,0,0,P,B,N,N,06,2,MONMOUTH COUNTY 11 I,N,11,1,130000111_,.42,05,,01,04,02,02,01,02,05,,50,FE,N,LEROY PL,,,,30,25,28,,,N,,397
2019134019-08746,MONMOUTH,RED BANK BORO,06/10/2019,MO,1731,01,RED BANK PD,RED BANK,0,0,0,0,P,I,N,N,03,2,NJ 35,,35,,00000035__,33.35,02,,01,04,02,02,01,01,05,,,AT,,IRVING PL,,,,35,25,,,,N,,195
2019134019-08782,MONMOUTH,RED BANK BORO,06/11/2019,TU,1701,01,RED BANK PD,,0,3,0,0,I,I,N,N,03,2,NJ 35,,35,,00000035__,33.66,02,,01,04,02,01,01,01,05,01,,AT,,OAKLAND ST,,,,30,25,26,,,N,,220
2019134019-08790,MONMOUTH,RED BANK BORO,06/11/2019,TU,1904,01,RED BANK PD,,0,1,0,0,I,B,N,N,03,2,NJ 35,S,35,,00000035__,33.98,02,,01,04,02,01,01,01,,,100,FE,S,ALLEN PL,,,,30,25,26,,,N,,205
2019134019-08914,MONMOUTH,RED BANK BORO,06/13/2019,TH,1924,01,RED BANK PD,,0,0,0,0,P,B,N,N,06,2,BOAT CLUB LN / RIVERVIEW PLAZA / UNION ST **,,,,,,07,,01,04,02,01,01,01,,,50,FE,E,BOAT CLUB CT,,,,25,25,28,,,N,,398
2019134019-08965,MONMOUTH,RED BANK BORO,06/14/2019,FR,1514,01,RED BANK PD,,0,0,0,0,P,B,N,N,03,2,N BRIDGE AVE,S,,,,,07,,01,04,02,01,01,01,,,75,FE,S,NJ 35,,,,25,30,26,,,N,,205
2019134019-08975,MONMOUTH,RED BANK BORO,06/14/2019,FR,1654,01,RED BANK PD,,0,0,0,0,P,B,N,N,06,3,WALLACE ST **,E,,,13401090__,.01,07,,01,04,02,01,01,01,,,50,FE,E,BROAD ST,,,,25,25,26,,,N,,205
2019134019-08981,MONMOUTH,RED BANK BORO,06/14/2019,FR,1801,01,RED BANK PD,,0,0,0,0,P,B,N,N,06,2,MONMOUTH COUNTY 10,E,10,,13000010__,.87,05,,01,04,02,01,01,01,,,50,FE,W,CR 11 / BROAD ST,,,,25,25,28,,,N,,205
2019134019-08982,MONMOUTH,RED BANK BORO,06/14/2019,FR,1814,01,RED BANK PD,RED BANK,0,0,0,0,P,I,N,N,07,2,MONMOUTH ST,N,,,13401057__,.07,07,,01,04,02,01,01,01,,00,,AT,,BRIDGE AVE,,,,30,25,26,,,N,,214
2019134019-08984,MONMOUTH,RED BANK BORO,06/14/2019,FR,1904,01,RED BANK PD,,0,0,0,0,P,I,N,N,11,1,MONMOUTH ST,W,,,13401057__,.60,07,,01,04,02,01,01,01,,,,AT,,CR 11 I / BROAD ST,,,,25,25,51,,,N,PEDESTRIAN SIGNAL KNOCKED OUT OF ALLIGNMENT,205
2019134019-09026,MONMOUTH,RED BANK BORO,06/15/2019,SA,1237,01,RED BANK PD,,0,0,0,0,P,B,N,N,11,1,MONMOUTH COUNTY 10,E,10,,13000010__,.26,05,,01,06,02,01,01,01,,,50,FE,W,CR 13 / RECTOR PL / SHREWSBURY AVE,,,,30,30,42,,,N,,205
2019134019-09142,MONMOUTH,RED BANK BORO,06/17/2019,MO,1134,01,RED BANK PD,,0,0,0,0,P,B,N,N,08,2,1 MARINE PARK,S,,,,,08,,01,04,02,01,01,01,05,01,,,,,,,,5,,28,,,N,,207