Year(4)-CountyCode(2)-MunicipalityCode(2)-CaseNumber(9),County Name,Municipality Name,Crash Date,Crash Day of Week,Crash Time,Police Department Code,Police Department,Police Station,Total Killed,Total Injured,Pedestrians Killed,Pedestrians Injured,Severity,Intersection,Alcohol Involved,Hazmat Involved,Crash Type,Total Vehicles,Location,Location Direction,Route,Route Suffix,Std Rte Identifier,MilePost,Road System,Road Character,Road Horizontal Alignment,Road Grade,Road Surface Type,Surface Condition,Light Condition,Environmental Condition,Road Divided By,Temporary Traffic Control Zone,Distance To Cross Street,Unit Of Measurement,Direction From Cross Street,Cross Street Name,Is Ramp,Ramp To/From Route Name,Ramp To/From Route Direction,Posted Speed,Posted Speed Cross Street,First Harmful Event,Latitude,Longitude,Cell Phone In Use Flag,Other Property Damage,Reporting Badge No.
2019134019-09163,MONMOUTH,RED BANK BORO,06/17/2019,MO,1745,01,RED BANK PD,,0,0,0,0,P,B,N,N,01,2,MONMOUTH COUNTY 11 I,,11,1,130000111_,.20,05,,01,04,02,01,01,01,,,300,FE,N,BERGEN PL,,,,30,25,26,,,N,,218
2019134019-09181,MONMOUTH,RED BANK BORO,06/18/2019,TU,0740,01,RED BANK PD,,0,0,0,0,P,B,N,N,06,2,DRUMMOND ST **,S,,,13401006__,.12,07,,01,04,02,01,01,01,,,50,FE,N,PETERS PL,,,,25,25,28,,,N,,205
2019134019-09191,MONMOUTH,RED BANK BORO,06/18/2019,TU,1221,01,RED BANK PD,,0,0,0,0,P,B,N,N,08,2,WEST BERGEN PL,,,,,,07,,01,04,02,01,01,01,05,01,5,FE,W,LEIGHTON AVE,,,,25,25,26,,,N,,218
2019134019-09209,MONMOUTH,RED BANK BORO,06/18/2019,TU,1714,01,RED BANK PD,,0,0,0,0,P,I,N,N,99,3,MONMOUTH COUNTY 13,S,13,,13000013__,,05,,01,04,02,02,01,02,,,,AT,,,,,,30,,26,,,N,,
2019134019-09231,MONMOUTH,RED BANK BORO,06/19/2019,WE,1015,01,RED BANK PD,,0,0,0,0,P,B,N,N,03,2,GARFIELD PL **,E,,,13401023__,.02,07,,01,04,02,02,01,05,,,100,FE,E,ROUTE 520 / BROAD ST,,,,25,30,26,,,N,,205
2019134019-09242,MONMOUTH,RED BANK BORO,06/19/2019,WE,1337,01,RED BANK PD,,0,0,0,0,P,B,N,N,06,2,WHITE ST LOT,,,,,,08,,01,04,02,01,01,01,,,,,,,,,,,,26,,,N,,205
2019134019-09246,MONMOUTH,RED BANK BORO,06/19/2019,WE,1435,01,RED BANK PD,RED BANK,0,0,0,0,P,I,N,N,01,2,ELM PL **,E,,,13401102__,.19,07,,01,04,02,01,01,01,,,,AT,,SPRING ST,,,,25,25,26,,,N,,203
2019134019-09251,MONMOUTH,RED BANK BORO,06/19/2019,WE,1637,01,RED BANK PD,,0,1,0,0,I,B,N,N,01,2,MONMOUTH COUNTY 13,,13,,13000013__,2.31,05,,01,04,02,02,01,02,05,01,25,FE,,RIVER ST,,,,30,25,26,,,N,,220
2019134019-09318,MONMOUTH,RED BANK BORO,06/20/2019,TH,1725,01,RED BANK PD,,0,0,0,0,P,B,N,N,01,2,S BRIDGE AVE **,,,,13401018__,,07,,01,04,02,02,01,01,05,,50,FE,S,W BERGEN PL,,,,25,25,26,,,N,,397
2019134019-09325,MONMOUTH,RED BANK BORO,06/20/2019,TH,1843,01,RED BANK PD,,0,0,0,0,P,B,N,N,03,2,SPRING ST **,N,,,13231042__,,07,,01,04,02,01,01,01,05,,,,,TOWER HILL AVE,,,,25,25,26,,,N,,200
2019134019-09363,MONMOUTH,RED BANK BORO,06/21/2019,FR,1125,01,RED BANK PD,,0,0,0,0,P,I,N,N,08,2,ENGLISH PLZ **,,,,13401063__,.00,07,,01,04,02,01,01,01,,,,AT,,WHITE ST,,,,,,26,,,N,,230
2019134019-09365,MONMOUTH,RED BANK BORO,06/21/2019,FR,1214,01,RED BANK PD,,0,0,0,0,P,B,N,N,01,2,MONMOUTH COUNTY 10,,10,,13000010__,.90,05,,01,04,02,02,01,02,,,50,FE,,WHARF AVE,,,,30,25,26,,,N,,218
2019134019-09371,MONMOUTH,RED BANK BORO,06/21/2019,FR,1524,01,RED BANK PD,,0,0,0,0,P,B,N,N,02,2,NJ 35,S,35,,00000035__,34.10,02,,01,04,02,01,01,01,,,,,,,,,,30,,26,,,N,,200
2019134019-09393,MONMOUTH,RED BANK BORO,06/21/2019,FR,1956,01,RED BANK PD,,0,0,0,0,P,I,N,N,03,2,SPRING ST **,,,,13231042__,,07,,01,04,02,01,01,01,05,,,AT,,TOWER HILL AVE,,,,25,25,26,,,N,,397
2019134019-09437,MONMOUTH,RED BANK BORO,06/22/2019,SA,1055,01,RED BANK PD,RED BANK,0,0,0,0,P,B,N,N,03,2,MONMOUTH COUNTY 13,S,13,,13000013__,1.92,05,,01,04,02,01,01,01,04,01,25,FE,N,ROUTE 520 / NEWMAN SPRINGS RD,,,,30,35,26,,,N,,232
2019134019-09461,MONMOUTH,RED BANK BORO,06/22/2019,SA,1703,01,RED BANK PD,,0,1,0,0,I,I,N,N,01,2,MONMOUTH COUNTY 11 I,S,11,1,130000111_,.48,07,,01,04,02,01,01,01,,,,AT,,CR 34 / HARDING RD / RECKLESS PL,,,,30,,26,,,N,,200
2019134019-09464,MONMOUTH,RED BANK BORO,06/22/2019,SA,1727,01,RED BANK PD,,0,0,0,0,P,B,N,N,06,2,MANOR DR,E,,,,,07,,01,04,02,01,01,01,,,25,FE,E,SPRING ST,,,,25,,28,,,N,,200
2019134019-09468,MONMOUTH,RED BANK BORO,06/22/2019,SA,1832,01,RED BANK PD,,0,0,0,0,P,B,N,N,06,2,WHARF AVE **,S,,,13401074__,.11,07,,01,06,02,01,01,01,,,125,FE,N,RIVERVIEW PLAZA / UNION ST,,,,,,28,,,N,,200
2019134019-09501,MONMOUTH,RED BANK BORO,06/23/2019,SU,0929,01,RED BANK PD,RED BANK,0,0,0,0,P,B,N,N,02,2,WATER STREET,E,,,,,07,,01,04,02,01,01,01,05,01,,,,,,,,25,,26,,,N,,232
2019134019-09505,MONMOUTH,RED BANK BORO,06/23/2019,SU,1113,01,RED BANK PD,,0,0,0,0,P,I,N,N,01,2,NJ 35,S,35,,00000035__,33.84,02,,02,04,02,01,01,01,,,,AT,,CR 10 / MAPLE AVE / W FRONT,,,,30,25,26,,,N,,218
2019134019-09518,MONMOUTH,RED BANK BORO,06/23/2019,SU,1707,01,RED BANK PD,,0,0,0,0,P,B,N,N,06,2,MECHANIC ST **,W,,,13401092__,.72,07,,01,04,02,01,01,01,,,300,FE,E,BROAD ST,,,,,,26,,,N,,230
2019134019-09523,MONMOUTH,RED BANK BORO,06/23/2019,SU,1829,01,RED BANK PD,,0,0,0,0,P,I,N,N,01,2,ROUTE 520,W,520,,00000520__,15.64,05,,01,04,02,01,01,01,05,01,,AT,,ROUTE 537 / CR 51 / HANCE AVE,,,,40,35,26,,,N,,207
2019134019-09555,MONMOUTH,RED BANK BORO,06/24/2019,MO,1420,01,RED BANK PD,,0,0,0,0,P,I,N,N,99,2,MONMOUTH COUNTY 11 I,S,11,1,130000111_,.00,05,,01,04,02,01,01,01,05,01,,AT,,ROUTE 520 / PINCKNEY RD,,,,30,25,26,,,N,,200
2019134019-09599,MONMOUTH,RED BANK BORO,06/25/2019,TU,0957,01,RED BANK PD,,0,0,0,0,P,I,N,N,06,2,MONMOUTH COUNTY 13,N,13,,13000013__,2.58,05,,01,04,02,01,01,01,05,01,,AT,,LOCUST AVE,,,,25,,26,,,N,,215
2019134019-09664,MONMOUTH,RED BANK BORO,06/26/2019,WE,1158,01,RED BANK PD,,0,0,0,0,P,B,N,N,08,2,MARINE PARK LOT,,,,,,09,,01,04,02,01,01,01,05,01,,,,,,,,15,,26,,,N,,198
2019134019-09665,MONMOUTH,RED BANK BORO,06/26/2019,WE,1234,01,RED BANK PD,,0,0,0,0,P,B,N,N,08,2,PEARL ST / WALL ST **,S,,,13401045__,.25,07,,01,04,02,01,01,01,05,01,300,FE,S,CHESTNUT ST,,,,25,25,26,,,N,,198
2019134019-09672,MONMOUTH,RED BANK BORO,06/26/2019,WE,1644,01,RED BANK PD,,0,0,0,0,P,B,N,N,01,3,WHITE ST **,W,,,13401059__,.22,07,,01,04,02,01,01,01,,,100,FE,E,NJ 35 / MAPLE AVE,,,,25,30,26,,,N,,
2019134019-09726,MONMOUTH,RED BANK BORO,06/27/2019,TH,1152,01,RED BANK PD,,0,0,0,0,P,B,N,N,01,2,MONMOUTH COUNTY 13,S,13,,13000013__,2.56,05,,01,04,02,01,01,01,05,,,,,,,CHESTNUT ST,,30,,26,,,N,,200
2019134019-09745,MONMOUTH,RED BANK BORO,06/27/2019,TH,1619,01,RED BANK PD,,0,0,0,0,P,B,N,N,01,2,MONMOUTH COUNTY 10,,10,,13000010__,1.32,05,,01,04,02,01,01,01,05,01,20,FE,W,N PROSPECT AVE / PROSPECT AVE,,,,35,25,26,,,N,,212
2019134019-09748,MONMOUTH,RED BANK BORO,06/27/2019,TH,1731,01,RED BANK PD,RED BANK POLICE,0,0,0,0,P,I,N,N,01,2,ROUTE 520,W,520,,00000520__,15.64,05,,01,04,02,01,01,01,02,,,AT,,ROUTE 537 / CR 51 / HANCE AVE,,,,40,30,,,,N,,226
2019134019-09964,MONMOUTH,RED BANK BORO,07/01/2019,MO,1429,01,RED BANK PD,,0,0,0,0,P,B,N,N,08,2,LEIGHTON AVE **,,,,13401010__,.00,07,,01,04,02,01,01,01,05,01,20,FE,S,LOCUST AVE,,,,25,25,26,,,N,,212
2019134019-09967,MONMOUTH,RED BANK BORO,07/01/2019,MO,1619,01,RED BANK PD,,0,0,0,0,P,R,N,N,11,1,MONMOUTH COUNTY 13,N,13,,13000013__,2.85,05,,01,04,02,01,01,01,,,50,FE,S,CR 10 / W FRONT ST,,,,25,25,26,,,N,NJ TRANSIT RAIL ROAD CROSS ARM,223
2019134019-10127,MONMOUTH,RED BANK BORO,07/03/2019,WE,1528,01,RED BANK PD,,0,0,0,0,P,B,N,N,02,2,NJ 35,,35,,00000035__,33.83,02,,01,04,02,02,01,02,05,01,40,FE,W,CR 10 / MAPLE AVE / W FRONT,,,,25,30,26,,,N,,228
2019134019-10165,MONMOUTH,RED BANK BORO,07/04/2019,TH,0238,01,RED BANK PD,,0,0,0,0,P,B,N,N,01,2,RECKLESS PL,W,,,13401004__,.18,07,,01,04,01,01,06,01,,,50,FE,W,NJ 35 / MAPLE AVE,,,,25,30,26,,,N,,231
2019134019-10182,MONMOUTH,RED BANK BORO,07/04/2019,TH,1200,01,RED BANK PD,,0,1,0,0,I,I,N,N,04,2,MONMOUTH COUNTY 10,,10,,13000010__,.27,05,,01,06,02,01,01,01,05,01,,AT,,CR 13 / RECTOR PL / SHREWSBURY AVE,,,,30,30,26,,,N,,228
2019134019-10196,MONMOUTH,RED BANK BORO,07/04/2019,TH,1631,01,RED BANK PD,,0,0,0,0,P,B,N,N,02,2,NJ 35,,35,,00000035__,33.85,02,,01,04,02,01,01,01,05,01,60,FE,N,CR 10 / MAPLE AVE / W FRONT,,,,30,30,26,,,N,,228
2019134019-10288,MONMOUTH,RED BANK BORO,07/06/2019,SA,0005,01,RED BANK PD,,0,0,0,0,P,B,N,N,06,2,MONMOUTH ST,W,,,13401057__,.38,07,,01,04,02,01,07,01,05,01,25,FE,E,NJ 35 / MAPLE AVE,,,,,,26,,,N,,232
2019134019-10438,MONMOUTH,RED BANK BORO,07/08/2019,MO,1809,01,RED BANK PD,,0,0,0,0,P,B,N,N,01,2,NJ 35,,35,,00000035__,33.79,02,,01,04,02,01,01,01,05,01,25,FE,S,WHITE ST,,,,30,25,26,,,Y,,228
2019134019-10476,MONMOUTH,RED BANK BORO,07/09/2019,TU,1106,01,RED BANK PD,,0,0,0,0,P,B,N,N,01,2,MONMOUTH COUNTY 34,W,34,,13000034__,.00,05,,01,04,02,01,01,01,05,01,5,FE,E,CR 11 / BROAD ST,,,,25,,26,,,N,,215
2019134019-10487,MONMOUTH,RED BANK BORO,07/09/2019,TU,1248,01,RED BANK PD,,0,0,0,0,P,B,N,N,11,1,MONMOUTH COUNTY 10,,10,,13000010__,.96,05,,01,04,02,01,01,01,05,01,90,FE,E,GLOBE CT,,,,30,25,62,,,N,FIRE HYDRANT ON E FRONT ST,228
2019134019-10633,MONMOUTH,RED BANK BORO,07/11/2019,TH,0947,01,RED BANK PD,RED BANK POLICE,0,0,0,0,P,B,N,N,01,2,MONMOUTH COUNTY 10,E,10,,13000010__,,05,,01,04,02,01,01,01,02,,,,,,,,,25,,,,,N,,226
2019134019-10650,MONMOUTH,RED BANK BORO,07/11/2019,TH,1715,01,RED BANK PD,,0,0,0,0,P,B,N,N,01,2,MONMOUTH COUNTY 11 I,N,11,1,130000111_,.48,05,,01,04,02,01,01,01,,,50,FE,N,CR 34 / HARDING RD / RECKLESS PL,,,,25,25,26,,,N,,223
2019134019-10666,MONMOUTH,RED BANK BORO,07/12/2019,FR,0645,01,RED BANK PD,,0,2,0,0,I,I,N,N,04,3,ROUTE 520,,520,,00000520__,16.30,05,,01,04,02,01,01,01,05,01,,AT,,S BRIDGE AVE,,,,35,25,26,,,N,,
2019134019-10673,MONMOUTH,RED BANK BORO,07/12/2019,FR,1101,01,RED BANK PD,,0,1,0,0,I,I,N,N,01,2,MONMOUTH COUNTY 13,,13,,13000013__,2.01,05,,01,04,02,01,01,01,05,01,,AT,,WESTSIDE AVE,,,,30,25,26,,,N,,228
2019134019-10683,MONMOUTH,RED BANK BORO,07/12/2019,FR,1205,01,RED BANK PD,,0,0,0,0,P,B,N,N,01,2,MONMOUTH COUNTY 34,W,34,,13000034__,.00,05,,01,04,02,01,01,01,05,01,25,FE,E,CR 11 / BROAD ST,,,,25,,26,,,N,,215
2019134019-10688,MONMOUTH,RED BANK BORO,07/12/2019,FR,1312,01,RED BANK PD,,0,0,0,0,P,B,N,N,08,2,ENGLISH PLAZA LOT,,,,,,09,,01,04,02,01,01,01,05,01,75,FE,N,WHITE ST,,,,15,25,26,,,N,,228
2019134019-10892,MONMOUTH,RED BANK BORO,07/15/2019,MO,1256,01,RED BANK PD,RED BANK,0,0,0,0,P,I,N,N,01,2,ROUTE 520,S,520,,00000520__,16.84,05,,01,04,01,01,01,01,04,01,,AT,,NJ 35 / MAPLE AVE / RUMSON PL,,,,30,30,26,,,N,,217
2019134019-10899,MONMOUTH,RED BANK BORO,07/15/2019,MO,1411,01,RED BANK PD,,0,0,0,0,P,I,N,N,03,2,MONMOUTH COUNTY 11 I,N,11,1,130000111_,.00,05,,01,04,02,01,01,01,,,,AT,,ROUTE 520 / PINCKNEY RD,,,,25,35,26,,,N,,223
2019134019-10920,MONMOUTH,RED BANK BORO,07/15/2019,MO,1916,01,RED BANK PD,,0,0,0,0,P,B,N,N,06,2,CHESTNUT AVE **,W,,,13401007__,.00,07,,01,04,02,01,01,01,05,,50,FE,,NJ 35 / MAPLE AVE,,,,,,26,,,N,,230
2019134019-10973,MONMOUTH,RED BANK BORO,07/16/2019,TU,1238,01,RED BANK PD,RED BANK POLICE,0,0,0,0,P,I,N,N,03,2,NJ 35,N,35,,00000035__,34.00,02,,01,04,02,01,01,01,02,,,AT,,ALLEN PL,,,,30,25,,,,N,,226
2019134019-10976,MONMOUTH,RED BANK BORO,07/16/2019,TU,1333,01,RED BANK PD,,0,0,0,0,P,I,N,N,11,1,MONMOUTH COUNTY 10,E,10,,13000010__,1.26,05,,02,04,02,01,01,01,05,,,AT,,THROCKMORTEN AVE,,,,30,,52,,,N,ONE UTILITY POLE NUMBER VZ60387RBK,200
2019134019-10988,MONMOUTH,RED BANK BORO,07/16/2019,TU,1807,01,RED BANK PD,,0,0,0,0,P,B,N,N,01,2,RECKLESS PL,,,,13401004__,.00,07,,01,04,02,01,01,01,05,01,125,FE,W,CR 11 I / BROAD ST,,,,25,25,26,,,N,,212
2019134019-11006,MONMOUTH,RED BANK BORO,07/17/2019,WE,0820,01,RED BANK PD,,0,0,0,0,P,B,N,N,01,3,MONMOUTH COUNTY 10,E,10,,13000010__,.56,05,,01,04,02,01,01,01,05,01,30,FE,W,NJ 35,,,,25,,26,,,N,,
2019134019-11024,MONMOUTH,RED BANK BORO,07/17/2019,WE,1314,01,RED BANK PD,,0,0,0,0,P,R,N,N,01,2,CHESTNUT AVE **,,,,13401007__,.19,07,,01,06,02,01,01,01,05,01,125,FE,W,WEST ST,,,,25,25,26,,,N,,228
2019134019-11064,MONMOUTH,RED BANK BORO,07/18/2019,TH,0853,01,RED BANK PD,,0,0,0,0,P,B,N,N,01,2,MONMOUTH COUNTY 10,,10,,13000010__,.37,05,,01,04,02,01,01,05,05,01,140,FE,E,BRIDGE AVE,,,,30,25,26,,,N,,228
2019134019-11087,MONMOUTH,RED BANK BORO,07/18/2019,TH,1406,01,RED BANK PD,,0,0,0,0,P,B,N,N,01,2,NJ 35,S,35,,00000035__,34.19,02,,01,06,02,01,01,01,05,01,60,FE,N,RIVERSIDE AVE,,,,30,30,26,,,N,,228
2019134019-11090,MONMOUTH,RED BANK BORO,07/18/2019,TH,1507,01,RED BANK PD,,0,0,0,0,P,I,N,N,01,2,NJ 35,S,35,,00000035__,33.54,02,,01,04,02,01,01,01,05,01,,AT,,RECKLESS PL,,,,30,,26,,,N,,215
2019134019-11092,MONMOUTH,RED BANK BORO,07/18/2019,TH,1521,01,RED BANK PD,,0,0,0,0,P,B,N,N,01,3,MONMOUTH COUNTY 10,,10,,13000010__,1.42,05,,01,04,02,01,01,01,05,01,85,FE,W,BUENA PL / HIGH ST,,,,35,25,26,,,N,,
2019134019-11101,MONMOUTH,RED BANK BORO,07/18/2019,TH,1719,01,RED BANK PD,,0,1,0,0,I,B,N,N,06,2,MONMOUTH ST,,,,13401057__,.43,07,,01,04,02,02,01,02,05,01,120,FE,W,DRUMMOND PL EXT / DRUMMOND PL,,,,25,25,28,,,N,,228
2019134019-11197,MONMOUTH,RED BANK BORO,07/20/2019,SA,0948,01,RED BANK PD,,0,0,0,0,P,I,N,N,13,1,MONMOUTH COUNTY 10,W,10,,13000010__,.88,05,,01,04,02,01,01,01,,,,AT,,CR 11 / BROAD ST,,,,25,25,26,,,N,,223
2019134019-11317,MONMOUTH,RED BANK BORO,07/22/2019,MO,1007,01,RED BANK PD,,0,0,0,0,P,B,N,N,08,2,MAPLE AVE **,,,,13401065__,,07,,01,05,02,01,01,01,,,,,,,,,,,,26,,,N,,200
2019134019-11339,MONMOUTH,RED BANK BORO,07/22/2019,MO,1537,01,RED BANK PD,RED BANK,0,0,0,0,P,B,N,N,01,2,MONMOUTH COUNTY 10,W,10,,13000010__,,05,,01,04,02,01,01,01,05,,,,W,,,,,30,,26,,,N,,203
2019134019-11341,MONMOUTH,RED BANK BORO,07/22/2019,MO,1626,01,RED BANK PD,RED BANK,0,0,0,0,P,B,N,N,01,2,MONMOUTH COUNTY 34,W,34,,13000034__,.01,05,,01,04,02,01,01,01,05,01,50,FE,E,CR 11 / BROAD ST,,,,30,25,26,,,N,,203
2019134019-11349,MONMOUTH,RED BANK BORO,07/22/2019,MO,1849,01,RED BANK PD,RED BANK,0,0,0,0,P,B,N,N,99,1,PROSPECT AVE,N,,,,,07,,01,05,02,02,03,02,05,01,30,FE,N,SPINNAKER LN,,,,25,25,99,,,N,,203
2019134019-11444,MONMOUTH,RED BANK BORO,07/24/2019,WE,1113,01,RED BANK PD,,0,0,0,0,P,B,N,N,06,2,MONMOUTH COUNTY 10,W,10,,13000010__,,05,,01,04,02,01,01,01,05,01,,,,,,,,25,,28,,,N,,207
2019134019-11449,MONMOUTH,RED BANK BORO,07/24/2019,WE,1202,01,RED BANK PD,,0,0,0,0,P,B,N,N,02,2,WATER STREET,E,,,,,07,,01,04,02,01,01,01,05,01,100,FE,E,PEARL STREET,,,,,,26,,,N,,221
2019134019-11451,MONMOUTH,RED BANK BORO,07/24/2019,WE,1210,01,RED BANK PD,,0,0,0,0,P,I,N,N,08,2,MECHANIC ST **,E,,,13401092__,.47,07,,01,04,02,01,01,01,05,,,AT,,SPRING ST,,,,,,26,,,N,,230
2019134019-11513,MONMOUTH,RED BANK BORO,07/25/2019,TH,1000,01,RED BANK PD,,0,0,0,0,P,B,N,N,01,2,DRS JAMES PARKER BLVD / E BERGEN PL,E,,,13401113__,.36,07,,01,04,02,01,01,01,05,01,50,FE,W,PARK ST,,,,,,26,,,N,,221
2019134019-11529,MONMOUTH,RED BANK BORO,07/25/2019,TH,1238,01,RED BANK PD,,0,0,0,0,P,I,N,N,08,2,DRS JAMES PARKER BLVD / E BERGEN PL,E,,,13401113__,.15,07,,01,04,02,01,01,01,05,01,,AT,,WILLOW ST,,,,25,25,26,,,N,,232
2019134019-11554,MONMOUTH,RED BANK BORO,07/25/2019,TH,1557,01,RED BANK PD,,0,0,0,0,P,I,N,N,02,2,NJ 35,,35,,00000035__,34.19,02,,02,04,02,01,01,01,05,,,AT,,CR 13 / BRIDGE AVE / RECTOR PL,,,,30,25,26,,,N,,218
2019134019-11556,MONMOUTH,RED BANK BORO,07/25/2019,TH,1618,01,RED BANK PD,,0,0,0,0,P,B,N,N,06,2,WHITE ST **,S,,,13401059__,,07,,01,04,02,01,01,01,05,01,,,,,,,,5,,26,,,N,,207
2019134019-11580,MONMOUTH,RED BANK BORO,07/26/2019,FR,1038,01,RED BANK PD,RED BANK,0,0,0,0,P,I,N,N,07,2,MONMOUTH COUNTY 10,W,10,,13000010__,.27,05,,01,04,02,01,01,01,05,01,,AT,,CR 13 / RECTOR PL / SHREWSBURY AVE,,,,30,30,26,,,N,,203
2019134019-11586,MONMOUTH,RED BANK BORO,07/26/2019,FR,1227,01,RED BANK PD,,0,0,0,0,P,I,N,N,01,2,MONMOUTH COUNTY 13,S,13,,13000013__,1.92,05,,01,04,02,01,01,01,05,,,AT,,ROUTE 520 / NEWMAN SPRINGS RD,,,,30,30,26,,,N,,200
2019134019-11604,MONMOUTH,RED BANK BORO,07/26/2019,FR,1703,01,RED BANK PD,,0,0,0,0,P,I,N,N,02,2,NJ 35,N,35,,00000035__,33.84,02,,03,04,01,01,01,01,,01,,AT,N,CR 10 / MAPLE AVE / W FRONT,,,,35,30,26,,,N,,231
2019134019-11605,MONMOUTH,RED BANK BORO,07/26/2019,FR,1725,01,RED BANK PD,,0,0,0,0,P,I,N,N,11,1,NJ 35,W,35,,00000035__,34.00,02,,01,04,02,01,01,01,04,01,,AT,,ALLEN PL,,,,,,26,,,N,A WOODEN SIGN  VALUED AT APPROXIMATELY $1 500 BY THE OWNER OF THE PROPERTY.,220
2019134019-11624,MONMOUTH,RED BANK BORO,07/27/2019,SA,0010,01,RED BANK PD,,0,0,0,0,P,B,N,N,11,1,MONMOUTH COUNTY 10,,10,,13000010__,.98,05,,01,04,02,01,07,01,04,01,195,FE,E,GLOBE CT,,,,30,25,50,,,N,"DAMAGE TO BORO """"NO PARKING ANY TIME"""" SIGN AND POST",228
2019134019-11791,MONMOUTH,RED BANK BORO,07/29/2019,MO,1543,01,RED BANK PD,,0,0,0,0,P,I,N,N,01,2,RECKLESS PL,W,,,13401004__,.19,07,,01,04,02,01,01,01,05,01,,AT,,NJ 35 / MAPLE AVE,,,,25,30,26,,,N,,207
2019134019-11808,MONMOUTH,RED BANK BORO,07/29/2019,MO,1841,01,RED BANK PD,,0,0,0,0,P,B,N,N,01,2,S BRIDGE AVE **,N,,,13401018__,,07,,01,04,02,01,01,01,04,,,,,MONMOUTH ST,,,,25,25,26,,,N,,222
2019134019-11859,MONMOUTH,RED BANK BORO,07/30/2019,TU,1325,01,RED BANK PD,,0,0,0,0,P,I,N,N,01,2,CANAL ST **,W,,,13401100__,.00,07,,01,04,02,01,01,01,05,,,AT,,CR 11 I / BROAD ST,,,,25,,26,,,N,,200
2019134019-11883,MONMOUTH,RED BANK BORO,07/30/2019,TU,1721,01,RED BANK PD,,0,1,0,1,I,B,N,N,13,1,NJ 35,N,35,,00000035__,34.00,02,,01,04,02,01,01,01,04,,,,,,,,,30,,22,,,N,,222
2019134019-11888,MONMOUTH,RED BANK BORO,07/30/2019,TU,1927,01,RED BANK PD,,0,0,0,0,P,I,Y,N,01,2,NJ 35,S,35,,00000035__,33.54,02,,01,04,02,01,01,01,,,,AT,,RECKLESS PL,,,,30,25,26,,,N,,223
2019134019-11929,MONMOUTH,RED BANK BORO,07/31/2019,WE,1551,01,RED BANK PD,,0,1,0,0,I,I,N,N,01,3,NJ 35,N,35,,00000035__,33.66,02,,01,04,02,02,01,02,05,,,AT,N,OAKLAND ST,,,,30,25,26,,,N,,
2019134019-11930,MONMOUTH,RED BANK BORO,07/31/2019,WE,1559,01,RED BANK PD,RED BANK,0,0,0,0,P,B,N,N,02,2,NJ 35,S,35,,00000035__,,02,,01,04,02,02,01,02,05,01,,,,W BERGEN PLACE,,,,35,25,26,,,N,,204
2019134019-11933,MONMOUTH,RED BANK BORO,07/31/2019,WE,1626,01,RED BANK PD,RED BANK,0,0,0,0,P,B,N,N,08,2,WHITE ST PARKING LOT,,,,,,09,,01,04,02,02,01,01,05,01,,,,,,,,15,,26,,,N,,203
2019134019-11974,MONMOUTH,RED BANK BORO,08/01/2019,TH,1112,01,RED BANK PD,RED BANK,0,0,0,0,P,B,N,N,08,2,ENGLISH PLZ **,S,,,13401063__,,07,,01,04,02,01,01,01,05,01,,,,,,,,15,,26,,,N,,203
2019134019-11990,MONMOUTH,RED BANK BORO,08/01/2019,TH,1525,01,RED BANK PD,RED BANK,0,0,0,0,P,B,N,N,01,3,MONMOUTH COUNTY 13,N,13,,13000013__,2.63,05,,01,04,02,01,01,01,05,,25,FE,N,DEFOREST LN / OAKLAND ST,,,,30,25,26,,,N,,214
2019134019-12121,MONMOUTH,RED BANK BORO,08/03/2019,SA,1419,01,RED BANK PD,,0,2,0,0,I,B,N,N,06,2,MONMOUTH COUNTY 10,E,10,,13000010__,1.32,05,,01,04,02,01,01,01,05,01,25,FE,W,N PROSPECT AVE / PROSPECT AVE,,,,30,25,26,,,N,,207
2019134019-12186,MONMOUTH,RED BANK BORO,08/04/2019,SU,1417,01,RED BANK PD,,0,0,0,0,P,I,N,N,03,2,MONMOUTH COUNTY 34,E,34,,13000034__,,05,,01,04,02,01,01,01,05,01,,AT,,PROSPECT AVE,,,,30,30,26,,,N,,207
2019134019-12189,MONMOUTH,RED BANK BORO,08/04/2019,SU,1633,01,RED BANK PD,,0,0,0,0,P,I,N,N,06,2,WEST ST **,S,,,13401037__,.66,07,,01,04,02,01,01,01,,,,AT,,CR 10 / WEST FRONT ST,,,,,,26,,,N,,230
2019134019-12196,MONMOUTH,RED BANK BORO,08/04/2019,SU,1952,01,RED BANK PD,RED BANK,0,0,0,0,P,I,N,N,03,2,MONMOUTH COUNTY 11 I,E,11,1,130000111_,.00,05,,01,04,02,01,03,01,02,,,AT,,ROUTE 520 / PINCKNEY RD,,,,25,40,,,,N,,226
2019134019-12273,MONMOUTH,RED BANK BORO,07/21/2019,SU,1307,01,RED BANK PD,,0,0,0,0,P,B,N,N,06,2,WHITE ST PARKING LOT,S,,,,,09,,01,04,02,01,01,01,,,,,,WHITE ST.,,,,,,26,,,N,,223
2019134019-12298,MONMOUTH,RED BANK BORO,08/06/2019,TU,0902,01,RED BANK PD,,0,0,0,0,P,B,N,N,06,2,BANK ST **,,,,13401034__,,07,,01,04,02,00,00,00,05,01,,,,,,,,,,26,,,N,,220
2019134019-12300,MONMOUTH,RED BANK BORO,08/06/2019,TU,0947,01,RED BANK PD,,0,0,0,0,P,B,N,N,06,2,WHITE ST **,,,,13401059__,,07,,01,04,02,01,01,01,05,01,,,,,,,,,,26,,,N,,220