Year(4)-CountyCode(2)-MunicipalityCode(2)-CaseNumber(9),County Name,Municipality Name,Crash Date,Crash Day of Week,Crash Time,Police Department Code,Police Department,Police Station,Total Killed,Total Injured,Pedestrians Killed,Pedestrians Injured,Severity,Intersection,Alcohol Involved,Hazmat Involved,Crash Type,Total Vehicles,Location,Location Direction,Route,Route Suffix,Std Rte Identifier,MilePost,Road System,Road Character,Road Horizontal Alignment,Road Grade,Road Surface Type,Surface Condition,Light Condition,Environmental Condition,Road Divided By,Temporary Traffic Control Zone,Distance To Cross Street,Unit Of Measurement,Direction From Cross Street,Cross Street Name,Is Ramp,Ramp To/From Route Name,Ramp To/From Route Direction,Posted Speed,Posted Speed Cross Street,First Harmful Event,Latitude,Longitude,Cell Phone In Use Flag,Other Property Damage,Reporting Badge No.
2019134019-12308,MONMOUTH,RED BANK BORO,08/06/2019,TU,1223,01,RED BANK PD,RED BANK,0,0,0,0,P,B,N,N,11,1,MONMOUTH COUNTY 10,W,10,,13000010__,.25,05,,02,05,02,01,01,01,05,01,100,FE,W,CR 13 / RECTOR PL / SHREWSBURY AVE,,,,30,30,50,,,N,PEDESTRIAN CROSSING SIGN,203
2019134019-12325,MONMOUTH,RED BANK BORO,08/10/2019,SA,1832,01,RED BANK PD,RED BANK,0,0,0,0,P,I,N,N,04,2,MONMOUTH COUNTY 10,N,10,,13000010__,.34,05,,01,04,02,01,01,01,05,01,,AT,,BRIDGE AVE,,,,30,30,26,,,N,,203
2019134019-12335,MONMOUTH,RED BANK BORO,08/07/2019,WE,0020,01,RED BANK PD,,0,0,0,0,P,B,N,N,08,2,ROUTE 520,,520,,00000520__,16.86,05,,01,04,02,01,07,01,05,01,80,FE,N,NJ 35 / MAPLE AVE / RUMSON PL,,,,30,35,26,,,N,,228
2019134019-12339,MONMOUTH,RED BANK BORO,08/07/2019,WE,0729,01,RED BANK PD,,0,0,0,0,P,B,N,N,04,2,HENRY ST,N,,,,,07,,02,04,02,01,02,05,05,,500,FE,,ROUTE 520,,,,,,26,,,N,,230
2019134019-12378,MONMOUTH,RED BANK BORO,08/07/2019,WE,1424,01,RED BANK PD,,0,1,0,0,I,B,N,N,03,2,NJ 35,S,35,,00000035__,,02,,01,04,02,02,01,02,05,01,,,,,,,,40,,26,,,N,,207
2019134019-12382,MONMOUTH,RED BANK BORO,08/07/2019,WE,1443,01,RED BANK PD,,0,0,0,0,P,I,N,N,04,2,DRS JAMES PARKER BLVD / E BERGEN PL,,,,13401113__,.00,07,,01,04,02,02,01,02,04,,,AT,,CR 13 / SCHREWSBURY AVE,,,,,,26,,,N,,230
2019134019-12434,MONMOUTH,RED BANK BORO,08/08/2019,TH,1609,01,RED BANK PD,,0,0,0,0,P,R,N,N,03,2,CHESTNUT AVE **,E,,,13401007__,.38,07,,01,04,02,01,01,01,05,01,300,FE,E,BRIDGE AVE,,,,,,26,,,N,,221
2019134019-12466,MONMOUTH,RED BANK BORO,08/09/2019,FR,1053,01,RED BANK PD,RED BANK,0,0,0,0,P,I,N,N,01,2,MONMOUTH COUNTY 13,N,13,,13000013__,2.58,05,,01,04,02,01,01,01,05,01,,AT,,LOCUST AVE,,,,35,25,26,,,N,,204
2019134019-12476,MONMOUTH,RED BANK BORO,08/09/2019,FR,1437,01,RED BANK PD,,0,1,0,1,I,I,N,N,13,1,MONMOUTH COUNTY 11 I,S,11,1,130000111_,.14,05,,01,04,02,01,01,01,05,,,AT,,BERGEN PL,,,,30,25,22,,,N,,200
2019134019-12481,MONMOUTH,RED BANK BORO,08/09/2019,FR,1544,01,RED BANK PD,,0,0,0,0,P,I,N,N,06,2,MONMOUTH COUNTY 10,E,10,,13000010__,.88,05,,01,04,01,01,01,01,,,,AT,,CR 11 / BROAD ST,,,,25,25,26,,,N,,231
2019134019-12483,MONMOUTH,RED BANK BORO,08/09/2019,FR,1620,01,RED BANK PD,,0,0,0,0,P,I,N,N,02,2,MONMOUTH COUNTY 13,N,13,,13000013__,2.31,05,,01,04,02,01,01,01,05,01,,AT,,RIVER ST,,,,35,25,26,,,N,,216
2019134019-12485,MONMOUTH,RED BANK BORO,08/09/2019,FR,1639,01,RED BANK PD,RED BANK,0,0,0,0,P,I,N,N,02,2,NJ 35,S,35,,00000035__,34.19,02,,02,04,02,01,01,01,05,,,AT,,CR 13 / BRIDGE AVE / RECTOR PL,,,,35,30,26,,,N,,204
2019134019-12542,MONMOUTH,RED BANK BORO,08/10/2019,SA,1847,01,RED BANK PD,RED BANK,0,0,0,0,P,B,N,N,01,2,MONMOUTH COUNTY 11 I,S,11,1,130000111_,.00,05,,01,04,02,01,01,01,05,01,100,FE,S,ROUTE 520 / PINCKNEY RD,,,,30,30,26,,,N,,203
2019134019-12544,MONMOUTH,RED BANK BORO,08/10/2019,SA,1931,01,RED BANK PD,,0,0,0,0,P,B,N,N,08,2,LEONARD ST **,,,,13401053__,.12,07,,01,04,02,01,03,01,05,01,250,FE,E,BRIDGE AVE,,,,25,25,28,,,N,,228
2019134019-12614,MONMOUTH,RED BANK BORO,08/11/2019,SU,2244,01,RED BANK PD,,0,0,0,0,P,B,N,N,02,2,MONMOUTH COUNTY 11 I,,11,1,130000111_,.62,07,,01,05,02,01,07,01,05,01,50,FE,S,LINDEN PL,,,,25,25,26,,,N,,228
2019134019-12635,MONMOUTH,RED BANK BORO,08/12/2019,MO,1215,01,RED BANK PD,,0,0,0,0,P,I,N,N,02,2,NJ 35,N,35,,00000035__,33.84,02,,03,04,02,01,01,01,05,,,AT,,CR 10 / MAPLE AVE / W FRONT,,,,30,,26,,,N,,200
2019134019-12644,MONMOUTH,RED BANK BORO,08/12/2019,MO,1338,01,RED BANK PD,,0,0,0,0,P,B,N,N,06,2,188 E BERGEN PLACE,,,,,,09,,01,04,02,01,01,01,05,01,,,,,,,,10,,28,,,N,,218
2019134019-12652,MONMOUTH,RED BANK BORO,08/12/2019,MO,1515,01,RED BANK PD,,0,0,0,0,P,B,N,N,06,2,ENGLISH PLZ **,W,,,13401063__,,07,,01,04,02,01,01,01,05,,,,,,,,,25,,26,,,N,,222
2019134019-12675,MONMOUTH,RED BANK BORO,08/13/2019,TU,0602,01,RED BANK PD,,0,1,0,0,I,I,N,N,03,2,NJ 35,,35,,00000035__,33.21,02,,01,04,02,01,02,01,05,01,,AT,,BERGEN PL,,,,35,25,26,,,N,DAMAGE TO NORTHEAST CORNER OF 300 MAPLE AVE,228
2019134019-12694,MONMOUTH,RED BANK BORO,08/13/2019,TU,1208,01,RED BANK PD,,0,0,0,0,P,B,N,N,06,2,MONMOUTH ST,E,,,13401057__,.51,07,,01,04,02,02,01,02,,01,300,FE,E,DRUMMOND PL EXT / DRUMMOND PL,,,,30,,28,,,N,,200
2019134019-12719,MONMOUTH,RED BANK BORO,08/14/2019,WE,2058,01,RED BANK PD,,0,0,0,0,P,I,N,N,03,2,LEIGHTON AVE **,N,,,13401010__,.27,07,,01,04,02,01,06,01,05,01,,AT,,RIVER ST,,,,25,25,26,,,N,,198
2019134019-12733,MONMOUTH,RED BANK BORO,08/14/2019,WE,0924,01,RED BANK PD,RED BANK,0,0,0,0,P,I,N,N,02,2,LEONARD ST **,W,,,13401053__,.07,07,,01,04,02,01,01,05,05,01,,AT,,BRIDGE AVE,,,,25,25,26,,,N,,204
2019134019-12756,MONMOUTH,RED BANK BORO,08/14/2019,WE,1438,01,RED BANK PD,RED BANK,0,0,0,0,P,B,N,N,06,2,W BERGEN PL,E,,,,,07,,01,04,02,01,01,01,05,,,,,S BRIDGE AVENUE,,,,25,25,28,,,N,,204
2019134019-12803,MONMOUTH,RED BANK BORO,08/15/2019,TH,2118,01,RED BANK PD,RED BANK,0,0,0,0,P,I,N,N,07,2,SPRING ST **,N,,,13231042__,.91,07,,01,04,02,01,06,01,05,01,,AT,,CR 10 / RIVER RD,,,,,,26,,,N,,211
2019134019-12853,MONMOUTH,RED BANK BORO,08/16/2019,FR,1222,01,RED BANK PD,,0,0,0,0,P,B,N,N,06,2,84 MAPLE AVENUE,,,,,,09,,01,04,02,01,01,01,,,,,,,,,,,,26,,,N,,230
2019134019-12866,MONMOUTH,RED BANK BORO,08/16/2019,FR,1555,01,RED BANK PD,,0,0,0,0,P,B,N,N,06,2,SPRING ST **,S,,,13231042__,.38,07,,01,04,02,01,01,01,05,01,10,FE,N,HIGHLAND AVE,,,,25,25,28,,,N,,207
2019134019-12880,MONMOUTH,RED BANK BORO,08/16/2019,FR,1855,01,RED BANK PD,,0,0,0,0,P,B,N,N,06,2,RIVER ST **,E,,,13401035__,,07,,01,04,02,01,01,01,05,,,,,,,,,25,,28,,,N,,222
2019134019-12901,MONMOUTH,RED BANK BORO,08/17/2019,SA,1001,01,RED BANK PD,,0,0,0,0,P,I,N,N,02,2,WATER STREET,E,,,,,07,,01,04,02,01,01,01,04,,,AT,,NJ 35,,,,,,26,,,N,,230
2019134019-12944,MONMOUTH,RED BANK BORO,08/17/2019,SA,2232,01,RED BANK PD,RED BANK,0,0,0,0,P,B,N,N,08,2,CEDAR CROSSING,S,,,,,07,,01,04,01,01,07,01,,,,,,,,,,5,,28,,,N,,217
2019134019-12984,MONMOUTH,RED BANK BORO,08/18/2019,SU,2039,01,RED BANK PD,,0,0,0,0,P,B,N,N,11,1,CATHERINE ST / TILTON AVE **,,,,13401017__,.54,07,,01,00,02,01,06,01,05,01,85,FE,W,CR 13 / SCHREWSBURY AVE,,,,25,30,52,,,N,UTILITY POLE #BT768RBK  AND JC`22RBK; GOUGES IN PAVEMENT,212
2019134019-12987,MONMOUTH,RED BANK BORO,08/18/2019,SU,2118,01,RED BANK PD,,0,3,0,0,I,I,N,N,03,3,NJ 35,N,35,,00000035__,33.79,02,,01,04,02,01,06,01,04,,,AT,,WHITE ST,,,,30,25,26,,,N,,222
2019134019-13029,MONMOUTH,RED BANK BORO,08/19/2019,MO,1631,01,RED BANK PD,RED BANK,0,0,0,0,P,B,N,N,08,2,MONTGOMERY TERR,,,,,,07,,01,04,02,02,01,02,05,,,,,,,,,,,26,,,N,,211
2019134019-13083,MONMOUTH,RED BANK BORO,08/20/2019,TU,1624,01,RED BANK PD,,0,0,0,0,P,B,N,N,01,2,MONMOUTH COUNTY 10,W,10,,13000010__,.26,05,,01,04,02,01,01,01,05,01,30,FE,W,CR 13 / RECTOR PL / SHREWSBURY AVE,,,,25,,26,,,N,,215
2019134019-13088,MONMOUTH,RED BANK BORO,08/20/2019,TU,1744,01,RED BANK PD,,0,0,0,0,P,I,N,N,01,2,ENGLISH PLZ **,N,,,13401063__,.09,07,,01,04,02,01,01,01,05,01,,AT,,CR 10 / WEST FRONT ST,,,,,,26,,,N,,215
2019134019-13091,MONMOUTH,RED BANK BORO,08/20/2019,TU,1841,01,RED BANK PD,RED NBANK,0,0,0,0,P,B,N,N,11,2,MONMOUTH COUNTY 10,E,10,,13000010__,.26,05,,03,06,02,01,01,01,,,40,FE,W,CR 13 / RECTOR PL / SHREWSBURY AVE,,,,30,30,42,,,N,,214
2019134019-13125,MONMOUTH,RED BANK BORO,08/21/2019,WE,1201,01,RED BANK PD,,0,0,0,0,P,B,N,N,06,2,PEARL ST / WALL ST **,,,,13401045__,.25,07,,01,04,02,01,01,01,05,01,40,FE,N,OAKLAND ST,,,,25,25,28,,,N,,212
2019134019-13257,MONMOUTH,RED BANK BORO,08/23/2019,FR,1448,01,RED BANK PD,,0,0,0,0,P,I,N,N,02,2,NJ 35,,35,,00000035__,34.19,02,,03,05,02,01,01,05,05,01,,AT,S,CR 13 / BRIDGE AVE / RECTOR PL,,,,30,25,26,,,N,,228
2019134019-13309,MONMOUTH,RED BANK BORO,08/24/2019,SA,1455,01,RED BANK PD,,0,0,0,0,P,I,N,N,03,2,MONMOUTH COUNTY 10,,10,,13000010__,.80,05,,01,04,02,01,01,01,05,01,,AT,,ENGLISH PLZ,,,,30,15,26,,,N,,228
2019134019-13375,MONMOUTH,RED BANK BORO,08/25/2019,SU,1633,01,RED BANK PD,,0,0,0,0,P,B,Y,N,15,1,BOAT CLUB LN / RIVERVIEW PLAZA / UNION ST **,,,,13401066__,.03,07,,01,06,02,01,01,01,05,01,170,FE,N,CR 10 / FRONT ST,,,,15,30,39,,,Y,REAR OF 26 W FRONT ST  ELECTRICAL SERVICE  CONCRETE BOLLARD & 2 GARBAGE CANS,228
2019134019-13423,MONMOUTH,RED BANK BORO,08/26/2019,MO,1742,01,RED BANK PD,,0,0,0,0,P,B,N,N,06,2,MONMOUTH COUNTY 13,,13,,13000013__,2.42,05,,01,04,02,01,01,01,05,01,35,FE,S,LEONARD ST,,,,30,25,28,,,N,,212
2019134019-13464,MONMOUTH,RED BANK BORO,08/27/2019,TU,1038,01,RED BANK PD,RED BANK,0,0,0,0,P,B,N,N,06,2,WEST ST **,W,,,13401037__,.51,07,,01,04,01,01,01,01,05,01,40,FE,N,MONMOUTH ST,,,,25,25,28,,,N,,217
2019134019-13472,MONMOUTH,RED BANK BORO,08/27/2019,TU,1337,01,RED BANK PD,,0,0,0,0,P,B,N,N,06,2,WHITE ST LOT,S,,,,,09,,01,04,02,01,01,01,,,,,,,,,,,,28,,,N,,200
2019134019-13473,MONMOUTH,RED BANK BORO,08/27/2019,TU,1329,01,RED BANK PD,,0,0,0,0,P,B,N,N,06,2,PARKING LOT 105 BROAD ST,,,,,,09,,01,04,02,01,01,05,,01,,,,,,,,,,28,,,N,,212
2019134019-13603,MONMOUTH,RED BANK BORO,08/29/2019,TH,1737,01,RED BANK PD,,0,0,0,0,P,B,N,N,06,2,MONMOUTH COUNTY 13,,13,,13000013__,2.28,05,,01,04,02,01,01,01,05,01,150,FE,N,BANK ST,,,,30,25,28,,,N,,228
2019134019-13636,MONMOUTH,RED BANK BORO,08/30/2019,FR,0955,01,RED BANK PD,,0,0,0,0,P,B,N,N,06,2,CHESTNUT AVE **,E,,,13401007__,.21,07,,01,04,02,01,01,01,,,25,FE,E,WEST ST,,,,25,,26,,,N,,223
2019134019-13709,MONMOUTH,RED BANK BORO,08/31/2019,SA,1234,01,RED BANK PD,RED BANK POLICE,0,1,0,0,I,I,N,N,01,2,MONMOUTH COUNTY 13,N,13,,13000013__,2.56,05,,01,04,02,01,01,01,02,,,AT,,CHESTNUT ST,,,,25,25,,,,N,,226
2019134019-13710,MONMOUTH,RED BANK BORO,08/31/2019,SA,1259,01,RED BANK PD,,0,0,0,0,P,B,N,N,01,2,NJ 35,N,35,,00000035__,34.19,02,,03,05,02,01,01,01,04,01,20,FE,S,CR 13 / BRIDGE AVE / RECTOR PL,,,,30,25,26,,,N,,212
2019134019-13717,MONMOUTH,RED BANK BORO,08/31/2019,SA,1645,01,RED BANK PD,,0,0,0,0,P,B,N,N,01,2,MONMOUTH COUNTY 10,,10,,13000010__,.95,05,,01,04,01,01,01,01,05,01,30,FE,E,GLOBE CT,,,,30,25,26,,,N,TRAILER WITH NJ REG TNH30P; YAMAHA VX CRUISER JET SKI NJ HULL # 3521HE,212
2019134019-13723,MONMOUTH,RED BANK BORO,08/31/2019,SA,2107,01,RED BANK PD,,0,0,0,0,P,I,N,N,03,2,MONMOUTH COUNTY 11 I,S,11,1,130000111_,.00,05,,01,04,02,01,07,01,05,01,,AT,,ROUTE 520 / PINCKNEY RD,,,,,,26,,,N,,221
2019134019-13753,MONMOUTH,RED BANK BORO,09/01/2019,SU,1640,01,RED BANK PD,,0,5,0,0,I,I,N,N,03,2,ROUTE 520,W,520,,00000520__,16.07,05,,01,04,02,01,01,01,,,,AT,,LEIGHTON AVE,,,,40,25,26,,,N,FENCING ON THE PROPERTY OF 64 NEWMAN SPRINGS ROAD,223
2019134019-13787,MONMOUTH,RED BANK BORO,09/02/2019,MO,1143,01,RED BANK PD,,0,1,0,0,I,I,N,N,14,1,PEARL ST / WALL ST **,S,,,13401045__,.00,07,,01,04,02,02,01,02,05,01,,AT,,WEST ST,,,,25,,26,,,N,,215
2019134019-13865,MONMOUTH,RED BANK BORO,09/03/2019,TU,1555,01,RED BANK PD,,0,0,0,0,P,B,N,N,01,2,NJ 35,,35,,00000035__,33.74,02,,01,04,02,01,01,01,05,01,30,FE,N,MONMOUTH ST,,,,30,25,26,,,N,,228
2019134019-13901,MONMOUTH,RED BANK BORO,09/04/2019,WE,0840,01,RED BANK PD,,0,0,0,0,P,I,N,N,02,2,WATER ST,E,,,,,07,,02,04,02,01,01,01,,,,AT,,PEARL ST,,,,25,25,26,,,N,,223
2019134019-13921,MONMOUTH,RED BANK BORO,09/04/2019,WE,1307,01,RED BANK PD,,0,0,0,0,P,B,N,N,01,2,MONMOUTH COUNTY 10,,10,,13000010__,.66,05,,01,04,02,01,01,01,05,01,125,FE,E,NJ 35 / MAPLE AVE,,,,30,30,26,,,N,,212
2019134019-13927,MONMOUTH,RED BANK BORO,09/04/2019,WE,1359,01,RED BANK PD,,0,0,0,0,P,I,N,N,99,2,NJ 35,N,35,,00000035__,33.54,02,,01,04,02,01,01,01,,01,,AT,,RECKLESS PL,,,,30,25,26,,,N,,200
2019134019-13976,MONMOUTH,RED BANK BORO,09/05/2019,TH,1343,01,RED BANK PD,RED BANK,0,0,0,0,P,I,N,N,06,2,BUENA PL **,N,,,13401075__,,07,,01,04,01,01,01,01,03,01,,AT,,VISTA PLACE,,,,25,25,28,,,N,,219
2019134019-13991,MONMOUTH,RED BANK BORO,09/05/2019,TH,2012,01,RED BANK PD,,0,0,0,0,P,I,N,N,01,2,MONMOUTH COUNTY 10,,10,,13000010__,.80,05,,01,04,02,01,06,01,,,,AT,,ENGLISH PLZ,,,,30,10,26,,,N,,218
2019134019-14006,MONMOUTH,RED BANK BORO,09/06/2019,FR,0538,01,RED BANK PD,,0,0,0,0,P,B,N,N,11,1,MONMOUTH COUNTY 10,,10,,13000010__,.25,05,,01,06,02,01,02,01,,,100,FE,W,CR 13 / RECTOR PL / SHREWSBURY AVE,,,,30,30,42,,,N,,218
2019134019-14016,MONMOUTH,RED BANK BORO,09/06/2019,FR,1000,01,RED BANK PD,,0,1,0,0,I,I,N,N,03,2,NJ 35,,35,,00000035__,33.59,02,,01,04,02,01,01,05,05,01,,AT,,CHESTNUT ST,,,,30,25,26,,,N,,228
2019134019-14020,MONMOUTH,RED BANK BORO,09/06/2019,FR,1052,01,RED BANK PD,,0,0,0,0,P,I,N,N,03,2,SPRING ST **,,,,13231042__,.72,07,,01,04,02,01,01,01,05,,,AT,,WALLACE ST,,,,25,25,26,,,N,,200
2019134019-14024,MONMOUTH,RED BANK BORO,09/06/2019,FR,1144,01,RED BANK PD,,0,1,0,0,I,B,N,N,06,2,MONMOUTH ST,,,,,,07,,03,04,02,02,01,02,05,01,,,,,,,,15,,26,,,N,,
2019134019-14033,MONMOUTH,RED BANK BORO,09/06/2019,FR,1441,01,RED BANK PD,RED BANK POLICE,0,0,0,0,P,I,N,N,06,2,MONMOUTH COUNTY 34,E,34,,13000034__,.06,05,,01,04,02,01,01,01,01,,,AT,,CLAY ST,,,,25,25,,,,N,,226
2019134019-14037,MONMOUTH,RED BANK BORO,09/06/2019,FR,1526,01,RED BANK PD,RED BANK,0,0,0,0,P,I,N,N,02,2,MONMOUTH COUNTY 11 I,,11,1,130000111_,.14,05,,01,04,02,01,01,01,05,01,,AT,,BERGEN PL,,,,,,26,,,N,BOX 55 UTICA INTERNATIONAL FLAGSHIP INS. TEL #(508) 994-9688,211
2019134019-14041,MONMOUTH,RED BANK BORO,09/06/2019,FR,1715,01,RED BANK PD,,0,0,0,0,P,B,N,N,07,2,ROUTE 520,,520,,00000520__,16.91,05,,01,04,02,02,01,02,04,01,145,FE,S,CR 11 / PINCKNEY RD,,,,30,25,26,,,N,,228
2019134019-14063,MONMOUTH,RED BANK BORO,09/07/2019,SA,0650,01,RED BANK PD,,0,0,0,0,P,B,N,N,06,2,PARKING LOT 171 BROAD ST,,,,,,10,,01,04,02,01,02,01,,,,,,,,,,,,28,,,N,,212
2019134019-14064,MONMOUTH,RED BANK BORO,09/07/2019,SA,0743,01,RED BANK PD,,0,0,0,0,P,B,N,N,06,2,TILTON AVE,,,,,,07,,01,04,02,01,00,01,05,01,60,FE,S,CATHERINE ST,,,,25,,26,,,N,,215
2019134019-14081,MONMOUTH,RED BANK BORO,09/07/2019,SA,1656,01,RED BANK PD,,0,0,0,0,P,B,N,N,02,2,NJ 35,,35,,00000035__,33.84,02,,01,04,02,01,01,01,05,01,25,FE,W,CR 10 / MAPLE AVE / W FRONT,,,,30,30,26,,,N,,228
2019134019-14236,MONMOUTH,RED BANK BORO,09/10/2019,TU,2105,01,RED BANK PD,,0,0,0,0,P,B,N,N,08,2,LEIGHTON AVE **,N,,,13401010__,.38,07,,01,04,02,01,05,01,05,01,25,FE,S,WEST BUREGEN PL,,,,,,26,,,N,,221
2019134019-14294,MONMOUTH,RED BANK BORO,09/11/2019,WE,1554,01,RED BANK PD,,0,0,0,0,P,B,N,N,11,1,MONMOUTH COUNTY 10,,10,,13000010__,.24,05,,01,06,02,01,01,01,05,01,140,FE,W,CR 13 / RECTOR PL / SHREWSBURY AVE,,,,30,30,42,,,N,,228
2019134019-14305,MONMOUTH,RED BANK BORO,09/11/2019,WE,1758,01,RED BANK PD,,0,0,0,0,P,B,N,N,02,2,NJ 35,S,35,,00000035__,32.90,02,,03,04,02,01,01,01,02,01,50,FE,W,CR 11 / ROUTE 520 / BROAD ST / RUMS,,,,25,25,26,,,N,,216
2019134019-14316,MONMOUTH,RED BANK BORO,09/11/2019,WE,2222,01,RED BANK PD,,0,0,0,0,P,I,N,N,02,2,CHESTNUT AVE **,E,,,13401007__,.09,07,,01,04,01,01,07,01,05,,,AT,,PEARL ST,,,,25,25,26,,,N,,231
2019134019-14370,MONMOUTH,RED BANK BORO,09/12/2019,TH,2010,01,RED BANK PD,,0,0,0,0,P,I,N,N,11,1,DEFORREST LN / OAKLAND AVE **,,,,13401118__,.07,07,,01,04,02,02,06,02,05,01,,AT,,CR 13 / SCHREWSBURY AVE,,,,,,26,,,N,STOP SIGN,220
2019134019-14412,MONMOUTH,RED BANK BORO,09/13/2019,FR,1252,01,RED BANK PD,,0,0,0,0,P,B,N,N,08,2,WHITE ST LOT,E,,,,,09,,01,04,02,01,01,01,05,01,,,,,,,,,,26,,,N,,215
2019134019-14433,MONMOUTH,RED BANK BORO,09/13/2019,FR,2020,01,RED BANK PD,,0,0,0,0,P,B,N,N,06,2,WHARF AVE **,S,,,13401074__,,07,,01,06,02,01,01,01,04,,,,,,,,,,,26,,,N,,230
2019134019-14483,MONMOUTH,RED BANK BORO,09/14/2019,SA,1609,01,RED BANK PD,RED BANK,0,0,0,0,P,B,N,N,01,2,ROUTE 520,W,520,,00000520__,16.85,05,,01,04,01,01,01,01,05,,200,FE,E,NJ 35 / BROAD ST,,,,30,,26,,,N,,217
2019134019-14484,MONMOUTH,RED BANK BORO,09/14/2019,SA,1620,01,RED BANK PD,RED BANK POLICE,0,0,0,0,P,I,N,N,01,2,MONMOUTH COUNTY 11 I,S,11,1,130000111_,.00,05,,01,04,02,01,01,01,02,,,AT,,ROUTE 520 / PINCKNEY RD,,,,25,40,,,,N,,226
2019134019-14485,MONMOUTH,RED BANK BORO,09/14/2019,SA,1710,01,RED BANK PD,,0,0,0,0,P,B,N,N,01,2,S BRIDGE AVE **,,,,13401018__,,07,,01,04,02,01,01,01,05,01,10,FE,N,WEST BERGEN PLACE,,,,25,25,26,,,N,,212
2019134019-14531,MONMOUTH,RED BANK BORO,09/15/2019,SU,1812,01,RED BANK PD,,0,1,0,0,I,B,N,N,14,1,BROWER PL **,,,,13401039__,,07,,01,04,02,01,03,01,05,01,45,FE,E,NORTH BRIDGE AVENUE,,,,25,30,26,,,N,,212
2019134019-14545,MONMOUTH,RED BANK BORO,09/16/2019,MO,0106,01,RED BANK PD,RED BANK,0,0,0,0,P,I,N,N,06,2,MONMOUTH COUNTY 10,E,10,,13000010__,,05,,01,04,02,01,06,01,04,01,,AT,E,BOAT CLUB COURT,,,,30,25,26,,,N,,232
2019134019-14686,MONMOUTH,RED BANK BORO,09/18/2019,WE,1134,01,RED BANK PD,,0,0,0,0,P,B,N,N,01,2,MONMOUTH COUNTY 10,,10,,13000010__,,05,,01,04,02,01,01,01,05,,,,,,,RIVERVIEW PLAZA,,,,26,,,N,,200
2019134019-14736,MONMOUTH,RED BANK BORO,09/19/2019,TH,0743,01,RED BANK PD,,0,2,0,0,I,I,N,N,03,2,MONMOUTH COUNTY 10,,10,,13000010__,.64,05,,01,04,02,01,02,01,,,,AT,,NJ 35 / MAPLE AVE,,,,30,30,26,,,N,,218
2019134019-14738,MONMOUTH,RED BANK BORO,09/19/2019,TH,0801,01,RED BANK PD,,0,0,0,0,P,I,N,N,01,2,RECKLESS PL,E,,,13401004__,.00,07,,01,04,02,01,01,01,04,,,AT,,CR 11 I / BROAD ST,,,,,,26,,,N,,230
2019134019-14775,MONMOUTH,RED BANK BORO,09/19/2019,TH,1504,01,RED BANK PD,,0,0,0,0,P,B,N,N,06,2,GOLD ST PARKING LOT,S,,,,,09,,01,04,02,01,01,01,05,01,,,,,,,,5,,26,,,N,,207
2019134019-14791,MONMOUTH,RED BANK BORO,09/19/2019,TH,1805,01,RED BANK PD,,0,0,0,0,P,I,N,N,01,2,MONMOUTH COUNTY 10,W,10,,13000010__,.61,05,,01,04,02,01,01,01,04,01,,AT,W,NJ 35 / RIVERSIDE AVE,,,,30,25,26,,,N,,232
2019134019-14827,MONMOUTH,RED BANK BORO,09/20/2019,FR,1158,01,RED BANK PD,,0,0,0,0,P,B,N,N,02,2,MONMOUTH COUNTY 13,S,13,,13000013__,1.92,05,,01,04,02,01,01,01,05,,,,,ROUTE 520,,,,30,,26,,,N,,200
2019134019-14832,MONMOUTH,RED BANK BORO,09/20/2019,FR,1239,01,RED BANK PD,,0,0,0,0,P,B,N,N,08,2,185 MONMOUTH ST,,,,,,09,,01,04,02,01,01,01,05,01,,,,,,,,,,26,,,N,,397
2019134019-14891,MONMOUTH,RED BANK BORO,09/21/2019,SA,1149,01,RED BANK PD,,0,0,0,0,P,B,N,N,02,2,DRS JAMES PARKER BLVD / E BERGEN PL,,,,13401113__,.00,07,,01,04,02,01,01,01,05,01,25,FE,W,CR 13 / SCHREWSBURY AVE,,,,,,26,,,N,,220
2019134019-14900,MONMOUTH,RED BANK BORO,09/21/2019,SA,1549,01,RED BANK PD,,0,0,0,0,P,B,N,N,02,2,MONMOUTH ST,E,,,13401057__,.60,07,,01,04,01,01,01,01,04,,25,FE,W,CR 11 I / BROAD ST,,,,25,25,26,,,N,,231
2019134019-14906,MONMOUTH,RED BANK BORO,09/21/2019,SA,1924,01,RED BANK PD,,0,1,0,0,I,B,Y,N,01,4,MONMOUTH COUNTY 13,,13,,13000013__,2.40,05,,01,04,02,01,03,01,05,01,40,FE,N,CATHERINE ST,,,,30,25,26,,,N,,
2019134019-14927,MONMOUTH,RED BANK BORO,09/22/2019,SU,0946,01,RED BANK PD,,0,0,0,0,P,I,N,N,01,2,NJ 35,N,35,,00000035__,33.79,02,,01,04,02,01,01,01,04,01,,AT,N,WHITE ST,,,,30,25,26,,,N,,232
2019134019-14933,MONMOUTH,RED BANK BORO,09/22/2019,SU,1334,01,RED BANK PD,RED BANK PD,0,0,0,0,P,B,N,N,02,2,WATER ST,E,,,,,07,,02,04,02,01,01,01,05,,,,,PEARL ST,,,,25,25,26,,,N,,204
2019134019-14984,MONMOUTH,RED BANK BORO,09/23/2019,MO,1029,01,RED BANK PD,,0,0,0,0,P,B,N,N,06,2,CHESTNUT AVE **,W,,,13401007__,.40,07,,01,04,02,01,00,01,05,01,50,FE,E,CR 13 / SCHREWSBURY AVE,,,,,,28,,,N,,221