Year(4)-CountyCode(2)-MunicipalityCode(2)-CaseNumber(9),County Name,Municipality Name,Crash Date,Crash Day of Week,Crash Time,Police Department Code,Police Department,Police Station,Total Killed,Total Injured,Pedestrians Killed,Pedestrians Injured,Severity,Intersection,Alcohol Involved,Hazmat Involved,Crash Type,Total Vehicles,Location,Location Direction,Route,Route Suffix,Std Rte Identifier,MilePost,Road System,Road Character,Road Horizontal Alignment,Road Grade,Road Surface Type,Surface Condition,Light Condition,Environmental Condition,Road Divided By,Temporary Traffic Control Zone,Distance To Cross Street,Unit Of Measurement,Direction From Cross Street,Cross Street Name,Is Ramp,Ramp To/From Route Name,Ramp To/From Route Direction,Posted Speed,Posted Speed Cross Street,First Harmful Event,Latitude,Longitude,Cell Phone In Use Flag,Other Property Damage,Reporting Badge No.
2019134219-6431-AC,MONMOUTH,RUMSON BORO,06/30/2019,SU,1340,01,RUMSON PD,,0,0,0,0,P,B,N,N,01,2,ROUTE 520,E,520,,00000520__,22.14,05,,01,04,04,01,01,01,05,01,200,FE,E,RUMSON RD / SHREWSBURY AVE / WARD A,,,,35,25,26,,,N,,69
2019134219-6433-AC,MONMOUTH,RUMSON BORO,06/30/2019,SU,1713,01,RUMSON PD,,0,0,0,0,P,B,N,N,06,2,WASHINGTON AVE **,W,,,13421021__,.01,07,,01,04,01,01,01,01,05,01,20,FE,W,PACKER AVE,,,,25,25,28,,,N,,69
2019134219-6558-AC,MONMOUTH,RUMSON BORO,07/04/2019,TH,0925,01,RUMSON PD,,0,1,0,0,I,I,N,N,03,2,ROUTE 520,W,520,,00000520__,21.00,05,,01,04,02,01,01,01,04,01,,AT,,CR 8A / BINGHAM AVE,,,,40,35,26,,,N,BRICK WALL DAMAGED -- ALEXANDER B MULHEREN - 99 RUMSON RD RUMSON NJ 07760-1240,77
2019134219-6676-AC,MONMOUTH,RUMSON BORO,07/07/2019,SU,1017,01,RUMSON PD,,0,0,0,0,P,I,N,N,06,2,SECOND ST **,,,,13421115__,.23,07,,01,06,02,01,01,01,05,01,,AT,,CHURCH ST,,,,25,25,26,,,N,,74
2019134219-6743-AC,MONMOUTH,RUMSON BORO,07/09/2019,TU,1426,01,RUMSON PD,,0,0,0,0,P,I,N,N,99,1,ROUTE 520,E,520,,00000520__,22.10,05,,01,04,02,01,01,01,04,01,,AT,E,RUMSON RD / SHREWSBURY AVE / WARD A,,,,35,,60,,,N,,77
2019134219-6847-AC,MONMOUTH,RUMSON BORO,07/12/2019,FR,1652,01,RUMSON PD,,0,1,0,0,I,I,Y,N,11,1,ROUTE 520,W,520,,00000520__,20.07,05,,02,04,02,01,01,01,04,01,,AT,,BUENA VISTA AVE,,,,40,35,26,,,N,RETAINING WALL - JAMES J LOBIONDO - 144 RUMSON RD RUMSON NJ 07760-1029,77
2019134219-6882-AC,MONMOUTH,RUMSON BORO,07/13/2019,SA,1221,01,RUMSON PD,RUMSON POL,0,0,0,0,P,B,N,N,08,2,MONMOUTH COUNTY 8 A,N,8,A,13000008A_,1.21,05,,01,04,01,01,01,01,04,01,5,FE,N,CR 10 / RIVER RD,,,,35,30,26,,,N,,
2019134219-6889-AC,MONMOUTH,RUMSON BORO,07/13/2019,SA,1819,01,RUMSON PD,,0,0,0,0,P,I,N,N,03,2,AVE TWO RIVERS S **,,,,13421010__,.00,07,,01,04,02,01,01,01,,01,,AT,,SCHREWSBURY DR,,,,25,25,26,,,N,,71
2019134219-6927-AC,MONMOUTH,RUMSON BORO,07/14/2019,SU,2157,01,RUMSON PD,,0,1,0,0,I,I,N,N,99,1,ROUTE 520,,520,,00000520__,21.00,05,,01,04,02,02,06,01,05,,,AT,,CR 8A / BINGHAM AVE,,,,40,30,,,,N,,60
2019134219-6978-AC,MONMOUTH,RUMSON BORO,07/16/2019,TU,0758,01,RUMSON PD,,0,0,0,0,P,B,N,N,01,2,ROUTE 520,,520,,00000520__,21.74,05,,01,04,02,01,01,01,04,01,200,FE,E,NAVESINK AVE,,,,35,25,26,,,N,,74
2019134219-6992-AC,MONMOUTH,RUMSON BORO,07/16/2019,TU,1709,01,RUMSON PD,,0,0,0,0,P,I,N,N,01,2,FAIRHAVEN RD **,,,,13421101__,.40,07,,01,04,02,01,01,01,04,01,,AT,,RIDGE RD,,,,35,40,26,,,N,,74
2019134219-7022-AC,MONMOUTH,RUMSON BORO,07/17/2019,WE,1102,01,RUMSON PD,,0,0,0,0,P,B,N,N,08,2,BELLVUE AVE **,,,,13421062__,1.16,07,,01,04,02,01,01,01,05,01,,,S,ROUTE 520 / RUMSON RD,,,,35,40,26,,,N,,76
2019134219-719-AC,MONMOUTH,RUMSON BORO,01/22/2019,TU,1156,01,RUMSON PD,,0,0,0,0,P,I,N,N,07,2,MONMOUTH COUNTY 34,W,34,,13000034__,2.16,05,,01,04,02,01,01,01,04,01,,AT,,FAIR HAVEN RD,,,,40,35,26,,,N,,513
2019134219-7190-AC,MONMOUTH,RUMSON BORO,07/22/2019,MO,0732,01,RUMSON PD,,0,0,0,0,P,I,N,N,08,2,MONMOUTH COUNTY 10,,10,,13000010__,4.07,05,,01,04,02,02,01,01,04,01,,AT,,FIRST ST,,,,30,25,26,,,N,,76
2019134219-72-AC,MONMOUTH,RUMSON BORO,01/03/2019,TH,1705,01,RUMSON PD,RUMSON POL,0,0,0,0,P,B,N,N,03,2,ROUTE 520,,520,,00000520__,,05,,01,04,02,01,03,01,04,01,,,,,,,,40,,26,,,N,,
2019134219-7289-AC,MONMOUTH,RUMSON BORO,07/24/2019,WE,0037,01,RUMSON PD,,0,0,0,0,P,B,N,N,04,2,MONMOUTH COUNTY 10,E,10,,13000010__,,05,,01,04,01,02,06,05,05,,,,,,,,,35,,26,,,N,MAILBOX DAMAGE 71 WEST RIVER - ROBERT GABRIEL - 71 WEST RIVER RD RUMSON NJ 0776?,69
2019134219-7304-AC,MONMOUTH,RUMSON BORO,07/24/2019,WE,0925,01,RUMSON PD,,0,1,0,0,I,I,N,N,07,2,ROUTE 520,E,520,,00000520__,21.49,05,,02,04,02,01,01,01,05,01,,AT,,CR 34 / AVE OF TWO RIVERS,,,,40,35,26,,,N,,70
2019134219-7326-AC,MONMOUTH,RUMSON BORO,07/25/2019,TH,0857,01,RUMSON PD,,0,0,0,0,P,B,N,N,01,2,ROUTE 520,E,520,,00000520__,19.04,05,,01,04,02,01,01,01,05,01,30,FE,W,WOODS END RD,,,,40,25,26,,,N,,70
2019134219-7416-AC,MONMOUTH,RUMSON BORO,07/28/2019,SU,0035,01,RUMSON PD,,0,1,0,0,I,B,Y,N,11,1,ROUTE 520,,520,,00000520__,22.08,05,,03,04,02,01,06,01,04,01,90,FE,W,RUMSON RD / SHREWSBURY AVE / WARD A,,,,35,25,60,,,N,40FT OF LANDSCAPE DAMAGE AND ADDRESS PLAQUE - WILLIAM G KENNEY - 27 RUMSON RD R?,515
2019134219-7558-AC,MONMOUTH,RUMSON BORO,08/01/2019,TH,0930,01,RUMSON PD,,0,0,0,0,P,B,N,N,01,2,MONMOUTH COUNTY 34,,34,,13000034__,4.54,05,,01,04,02,01,01,01,,,100,FE,N,ROUTE 520 / RUMSON RD,,,,35,40,,,,N,,66
2019134219-7754-AC,MONMOUTH,RUMSON BORO,08/06/2019,TU,0955,01,RUMSON PD,,0,0,0,0,P,I,N,N,06,2,GRANT AVE **,,,,13421020__,.03,07,,01,04,01,01,01,01,04,,,AT,,WARREN ST,,,,25,25,26,,,N,,
2019134219-7868-AC,MONMOUTH,RUMSON BORO,08/09/2019,FR,1122,01,RUMSON PD,,0,0,0,0,P,I,N,N,01,2,ROUTE 520,S,520,,00000520__,21.00,05,,01,05,01,01,01,01,05,01,,AT,,CR 8A / BINGHAM AVE,,,,40,35,26,,,N,,69
2019134219-7981-AC,MONMOUTH,RUMSON BORO,08/11/2019,SU,1726,01,RUMSON PD,,0,0,0,0,P,B,N,N,06,2,OAKWOOD LN,,,,,,07,,03,07,02,01,00,01,,01,,,,,,,,25,,28,,,N,,60
2019134219-8123-AC,MONMOUTH,RUMSON BORO,08/15/2019,TH,1308,01,RUMSON PD,,0,0,0,0,P,I,N,N,07,3,MONMOUTH COUNTY 8 A,S,8,A,13000008A_,.00,05,,01,04,02,01,01,01,05,,,AT,,ROUTE 520 / RUMSON RD,,,,35,40,26,,,N,COUNTY 8A SIGN - MONMOUTH COUNTY HWY - CENTER ST FREEHOLD NJ,
2019134219-8342-AC,MONMOUTH,RUMSON BORO,08/21/2019,WE,1406,01,RUMSON PD,,0,0,0,0,P,B,N,N,12,1,ROUTE 520,E,520,,00000520__,20.89,05,,01,04,02,01,01,01,05,01,600,FE,W,CR 8A / BINGHAM AVE,,,,40,35,24,,,N,,75
2019134219-8434-AC,MONMOUTH,RUMSON BORO,08/24/2019,SA,1117,01,RUMSON PD,,0,0,0,0,P,B,N,N,12,1,ROUTE 520,E,520,,00000520__,,05,,01,04,01,01,01,01,05,,,,,,,,,40,,24,,,N,,69
2019134219-8435-AC,MONMOUTH,RUMSON BORO,08/24/2019,SA,1138,01,RUMSON PD,,0,0,0,0,P,B,N,N,06,2,DOGWOOD LN,S,,,,,07,,03,05,01,01,01,01,05,01,100,FE,S,NORTH CHERRY LN,,,,25,25,28,,,N,,69
2019134219-8570-AC,MONMOUTH,RUMSON BORO,08/28/2019,WE,2158,01,RUMSON PD,RUMSON POL,0,0,0,0,P,B,N,N,08,2,MAPLEWOOD AVE **,,,,13421044__,.00,07,,01,04,01,02,05,01,05,01,,,,CR 10 / RIVER RD,,,,25,30,26,,,N,,
2019134219-8620-AC,MONMOUTH,RUMSON BORO,08/30/2019,FR,1023,01,RUMSON PD,,0,0,0,0,P,B,N,N,06,2,LINCOLN AVE **,W,,,13421009__,.88,07,,01,04,02,01,01,01,05,01,90,FE,W,WATERMAN AVE,,,,25,25,28,,,N,,75
2019134219-8762-AC,MONMOUTH,RUMSON BORO,09/03/2019,TU,1733,01,RUMSON PD,RUMSON,0,0,0,0,P,I,N,N,01,2,ROUTE 520,,520,,00000520__,19.02,05,,01,04,02,01,01,01,04,01,,AT,,RIVERSIDE DR,,,,40,25,26,,,N,,76
2019134219-8829-AC,MONMOUTH,RUMSON BORO,09/05/2019,TH,1450,01,RUMSON PD,,0,0,0,0,P,B,N,N,08,2,FOREST AVE **,,,,13421051__,.01,07,,01,05,02,01,01,01,05,,75,FE,N,CR 34 / RIDGE RD,,,,25,35,26,,,N,,68
2019134219-8856-AC,MONMOUTH,RUMSON BORO,09/06/2019,FR,1123,01,RUMSON PD,,0,0,0,0,P,I,N,N,06,2,GRANT AVE **,,,,13421020__,.15,07,,01,04,02,01,01,01,05,01,,AT,S,WATERMAN AVE,,,,25,25,28,,,N,,76
2019134219-8884-AC,MONMOUTH,RUMSON BORO,09/07/2019,SA,1018,01,RUMSON PD,,0,0,0,0,P,I,N,N,03,2,MONMOUTH COUNTY 34,,34,,13000034__,2.16,05,,01,07,02,01,01,01,05,,,AT,,FAIR HAVEN RD,,,,40,,26,,,N,,67
2019134219-9087-A-AC,MONMOUTH,RUMSON BORO,09/13/2019,FR,1615,01,RUMSON PD,,0,0,0,0,P,I,N,N,01,3,MONMOUTH COUNTY 10,E,10,,13000010__,4.24,05,,01,04,02,01,01,01,05,01,,AT,,WASHINGTON ST,,,,30,25,26,,,N,,
2019134219-9138-AC,MONMOUTH,RUMSON BORO,09/15/2019,SU,1019,01,RUMSON PD,,0,0,0,0,P,B,N,N,12,1,ROUTE 520,W,520,,00000520__,21.38,05,,01,04,02,01,01,01,05,01,600,FE,W,CR 34 / AVE OF TWO RIVERS,,,,40,35,24,,,N,,70
2019134219-9356-AC,MONMOUTH,RUMSON BORO,09/21/2019,SA,1807,01,RUMSON PD,,0,0,0,0,P,B,N,N,03,2,MONMOUTH COUNTY 8 A,,8,A,13000008A_,1.23,05,,01,04,02,01,01,01,04,01,100,FE,N,CR 10 / RIVER RD,,,,35,20,26,,,N,,71
2019134219-936-AC,MONMOUTH,RUMSON BORO,01/26/2019,SA,1922,01,RUMSON PD,,0,0,0,0,P,B,N,N,06,2,2 WEST RIVER RD,,,,,,09,,,04,02,01,06,01,,01,,,,,,,,,,26,,,N,,516
2019134219-9402-AC,MONMOUTH,RUMSON BORO,09/23/2019,MO,1226,01,RUMSON PD,,0,0,0,0,P,B,N,N,08,2,MONMOUTH COUNTY 10,,10,,13000010__,4.07,05,,01,04,02,01,01,01,05,01,25,FE,W,FIRST ST,,,,30,25,26,,,N,,75
2019134219-9423-AC,MONMOUTH,RUMSON BORO,09/24/2019,TU,0844,01,RUMSON PD,,0,1,0,0,I,B,N,N,14,1,ROUTE 520,,520,,00000520__,19.25,05,,01,04,02,01,01,01,05,01,60,FE,W,BUTTONWOOD LN,,,,40,25,21,,,N,,75
2019134219-9735-AC,MONMOUTH,RUMSON BORO,10/04/2019,FR,1525,01,RUMSON PD,,0,0,0,0,P,I,N,N,02,2,MONMOUTH COUNTY 34,,34,,13000034__,2.16,05,,01,04,02,01,01,01,,,,AT,,FAIR HAVEN RD,,,,40,25,,,,N,,66
2019134219-9758-AC,MONMOUTH,RUMSON BORO,10/05/2019,SA,1019,01,RUMSON PD,,0,0,0,0,P,B,N,N,01,3,MONMOUTH COUNTY 34,E,34,,13000034__,1.63,05,,01,04,02,01,01,01,05,01,500,FE,E,HANCE RD,,,,35,25,,,,N,,
2019134219-9911-AC,MONMOUTH,RUMSON BORO,10/10/2019,TH,1110,01,RUMSON PD,,0,0,0,0,P,I,N,N,03,2,MONMOUTH COUNTY 34,,34,,13000034__,2.16,05,,01,04,02,01,01,01,05,01,,AT,,FAIR HAVEN RD,,,,40,25,26,,,N,,60
2019134219-9950-AC,MONMOUTH,RUMSON BORO,10/11/2019,FR,1502,01,RUMSON PD,,0,2,0,0,I,B,N,N,10,1,MONMOUTH COUNTY 34,,34,,13000034__,1.86,05,,01,04,02,01,01,01,05,01,600,FE,W,HARDING LN,,,,40,25,,,,N,WOOD FENCE POSTS  TREE  STREET SIGN - BOROUGH OF RUMSON - 80 EAST RIVER RD RUMS?,75
2019134219-9995-AC,MONMOUTH,RUMSON BORO,10/12/2019,SA,1711,01,RUMSON PD,,0,0,0,0,P,B,N,N,08,2,WEST ST **,,,,13421056__,.08,07,,01,04,02,01,01,01,05,01,175,FE,W,CR 10 / E RIVER RD,,,,25,30,26,,,N,,75
2019134319SB00005,MONMOUTH,SEA BRIGHT BORO,01/01/2019,TU,0720,01,SEA BRIGHT PD,SEA BRIGHT PD,0,0,0,0,P,B,N,N,11,2,NJ 36,S,36,,00000036__,11.17,02,,01,04,02,01,01,01,04,01,25,FE,N,VIA RIPA WAY,,,,40,25,,40.394530,73.975930,N,WOOD PILING,43166
2019134319SB00053,MONMOUTH,SEA BRIGHT BORO,01/06/2019,SU,1902,01,SEA BRIGHT PD,SEA BRIGHT PD,0,0,0,0,P,B,N,N,11,2,SHREWSBURY WAY **,W,,,13431023__,.00,07,,01,04,02,01,07,01,05,01,,,W,NJ 36 / OCEAN AVE,,,,25,40,50,40.379650,73.974550,N,"STRUCK A """"NO PARKING FIRE ZONE"""" SIGN  RESIDENTIAL MAILBOX  & A CEMENT PILLAR",43166
2019134319SB000668,MONMOUTH,SEA BRIGHT BORO,03/07/2019,TH,1321,01,SEA BRIGHT PD,SEA BRIGHT PD,0,1,0,0,I,B,N,N,01,2,NJ 36,S,36,,00000036__,9.37,02,,01,04,02,01,06,01,04,01,20,FE,S,ROUTE 520 / RUMSON RD,,,,30,35,26,,,N,,43189
2019134319SB000675,MONMOUTH,SEA BRIGHT BORO,03/02/2019,SA,0953,01,SEA BRIGHT PD,NJ0134300,0,1,0,0,I,I,N,N,01,2,NJ 36,N,36,,00000036__,8.96,02,,01,04,02,01,01,01,04,01,,AT,,CENTER ST / E CENTER ST,,,,30,15,26,40.359530,73.973070,N,,43171
2019134319SB00099,MONMOUTH,SEA BRIGHT BORO,01/12/2019,SA,0045,01,SEA BRIGHT PD,NJ0134300,0,0,0,0,P,B,Y,N,05,2,EAST OCEAN AVE **,,,,13431013__,.03,07,,01,04,02,01,07,01,05,01,15,FE,N,SURF DR / WAYNE ST,,,,15,15,26,40.360760,73.973870,N,,43188
2019134319SB00154,MONMOUTH,SEA BRIGHT BORO,01/17/2019,TH,2255,01,SEA BRIGHT PD,NJ0134300,0,0,0,0,P,B,N,N,11,2,26 CENTER ST,,,,,,09,,01,04,02,01,06,01,05,01,500,FE,W,OCEAN AVE,,,,15,30,00,40.359570,73.975830,N,DAMAGE TO WHITE PLASTIC FENCE AND FENCE POSTS ON NORTH WEST SIDE OF PROPERTY.,43171
2019134319SB00258,MONMOUTH,SEA BRIGHT BORO,01/27/2019,SU,1436,01,SEA BRIGHT PD,SEA BRIGHT,0,1,0,0,I,I,N,N,01,2,NJ 36,S,36,,00000036__,9.37,02,,01,04,02,01,01,01,04,,,AT,,ROUTE 520 / RUMSON RD,,,,40,40,26,40.365150,73.974560,N,,43183
2019134319SB00291,MONMOUTH,SEA BRIGHT BORO,01/31/2019,TH,1622,01,SEA BRIGHT PD,,0,0,0,0,P,B,N,N,01,2,NJ 36,,36,,00000036__,,02,,01,04,02,01,01,01,04,,,,,,,,,35,,,40.390230,73.976080,N,,43105
2019134319SB00389,MONMOUTH,SEA BRIGHT BORO,02/08/2019,FR,0653,01,SEA BRIGHT PD,SEA BRIGHT,0,0,0,0,P,B,N,N,02,2,NJ 36,,36,,00000036__,9.37,02,,01,04,02,01,01,01,04,01,0,FE,S,ROUTE 520 / RUMSON RD,,,,30,35,26,40.367130,73.974330,N,,43122
2019134319SB00568,MONMOUTH,SEA BRIGHT BORO,02/22/2019,FR,1655,01,SEA BRIGHT PD,SBPD,0,0,0,0,P,B,N,N,01,2,NJ 36,N,36,,00000036__,9.38,02,,01,04,01,01,01,01,04,01,75,FE,N,ROUTE 520 / RUMSON RD,,,,30,30,26,,,N,,43189
2019134319SB01058,MONMOUTH,SEA BRIGHT BORO,03/27/2019,WE,1753,01,SEA BRIGHT PD,,0,0,0,0,P,B,N,N,11,1,NJ 36,,36,,00000036__,,02,,01,04,02,01,01,01,,01,,,,,,,,40,,54,,,N,DAMAGE TO CONCRETE COLUMN AT 746 OCEAN AVENUE,43188
2019134319SB01107,MONMOUTH,SEA BRIGHT BORO,03/30/2019,SA,1955,01,SEA BRIGHT PD,SEA BRIGHT,0,0,0,0,P,I,Y,N,01,2,NJ 36,N,36,,00000036__,9.37,02,,01,04,02,01,06,01,04,,,AT,W,ROUTE 520 / RUMSON RD,,,,30,40,26,,,N,,43183
2019134319SB01109,MONMOUTH,SEA BRIGHT BORO,03/30/2019,SA,2330,01,SEA BRIGHT PD,SEA BRIGHT PD,0,0,0,0,P,I,N,N,01,3,NJ 36,N,36,,00000036__,9.37,02,,01,04,02,01,06,01,04,01,,AT,,ROUTE 520 / RUMSON RD,,,,30,40,26,40.365690,73.974110,N,,
2019134319SB01169,MONMOUTH,SEA BRIGHT BORO,04/04/2019,TH,2016,01,SEA BRIGHT PD,NJ0134300,0,0,0,0,P,B,N,N,12,2,NJ 36,N,36,,00000036__,,02,,01,04,02,01,07,01,04,,,,,,,,,40,,25,40.384150,73.974810,N,DOG WAS STRUCK BY VEHICLE,43160
2019134319SB01313,MONMOUTH,SEA BRIGHT BORO,04/15/2019,MO,1731,01,SEA BRIGHT PD,SEA BRIGHT,0,0,0,0,P,B,N,N,11,2,NJ 36,N,36,,00000036__,,02,,01,04,02,01,01,01,04,,,,,,,,,40,,26,40.373710,73.974650,N,4 SMALL WOODEN PILINGS  ATTACHED WITH ROPE,43183
2019134319SB01440,MONMOUTH,SEA BRIGHT BORO,04/25/2019,TH,1055,01,SEA BRIGHT PD,NJ0134300,0,0,0,0,P,I,N,N,01,2,NJ 36,N,36,,00000036__,9.37,02,,01,04,02,01,01,01,04,04,,AT,,ROUTE 520 / RUMSON RD,,,,30,35,26,40.365690,73.974110,N,,43171
2019134319SB01491,MONMOUTH,SEA BRIGHT BORO,04/28/2019,SU,1507,01,SEA BRIGHT PD,SEA BRIGHT PD,0,0,0,0,P,I,N,N,01,2,NJ 36,N,36,,00000036__,9.02,02,,03,04,02,01,01,01,05,01,,AT,,BEACH ST / SURF ST,,,,30,25,26,40.361020,73.974130,N,,43129
2019134319SB01516,MONMOUTH,SEA BRIGHT BORO,04/30/2019,TU,1313,01,SEA BRIGHT PD,SEA BRIGHT,0,1,0,0,I,B,N,N,02,2,NJ 36,S,36,,00000036__,,02,,01,04,02,01,01,05,04,,150,FE,,OCEAN AVNEUE,,,,35,25,26,,,N,,43145
2019134319SB01782,MONMOUTH,SEA BRIGHT BORO,05/17/2019,FR,1837,01,SEA BRIGHT PD,NJ0134300,0,0,0,0,P,I,N,N,01,2,NJ 36,,36,,00000036__,9.02,02,,02,04,02,01,01,01,04,,,AT,,BEACH ST / SURF ST,,,,30,30,26,40.361660,73.973880,N,,43105
2019134319SB01803,MONMOUTH,SEA BRIGHT BORO,05/19/2019,SU,1711,01,SEA BRIGHT PD,NJ0134300,0,0,0,0,P,B,N,N,06,2,NJ 36,,36,,00000036__,9.17,02,,01,04,02,01,01,01,04,05,300,FE,S,PENINSULA AVE,,,,30,15,28,40.362960,73.974240,N,,43171
2019134319SB01970,MONMOUTH,SEA BRIGHT BORO,05/26/2019,SU,0838,01,SEA BRIGHT PD,SEA BRIGHT,0,0,0,0,P,B,N,N,01,2,NJ 36,,36,,00000036__,9.37,02,,03,05,02,01,01,01,04,01,0,FE,S,ROUTE 520 / RUMSON RD,,,,30,35,26,40.365150,73.974560,N,,43122
2019134319SB02020,MONMOUTH,SEA BRIGHT BORO,05/27/2019,MO,1902,01,SEA BRIGHT PD,SEA BRIGHT,0,0,0,0,P,B,N,N,14,2,NJ 36,,36,,00000036__,,02,,01,04,02,01,01,01,04,01,,,,,,,,25,,03,,,N,,43196
2019134319SB02114,MONMOUTH,SEA BRIGHT BORO,06/01/2019,SA,1856,01,SEA BRIGHT PD,SBPD,0,0,0,0,P,B,N,N,01,2,NJ 36,N,36,,00000036__,,02,,01,04,02,01,01,01,04,01,,,,,,,,35,,26,,,N,,43189
2019134319SB02149,MONMOUTH,SEA BRIGHT BORO,06/02/2019,SU,1641,01,SEA BRIGHT PD,SBPD,0,0,0,0,P,B,N,N,02,2,NJ 36,N,36,,00000036__,,02,,01,04,02,01,01,01,04,01,,,,,,,,30,,26,,,N,,43189
2019134319SB02256,MONMOUTH,SEA BRIGHT BORO,06/10/2019,MO,2150,01,SEA BRIGHT PD,SEA BRIGHT,0,0,0,0,P,B,Y,N,06,2,BEACH ST **,E,,,13431011__,.00,07,,01,04,02,02,07,04,05,,0,FE,W,OCEAN AVE,,,,25,,26,,,N,,43188
2019134319SB0251,MONMOUTH,SEA BRIGHT BORO,07/27/2019,SA,1129,01,SEA BRIGHT PD,,0,0,0,0,P,B,N,N,08,2,OCEAN AVE **,W,,,,,07,,01,04,03,01,01,01,,01,,,,,,,,15,,26,40.362610,73.973610,N,,43132
2019134319SB02530,MONMOUTH,SEA BRIGHT BORO,06/25/2019,TU,0756,01,SEA BRIGHT PD,SBPD,0,0,0,0,P,B,N,N,01,2,NJ 36,S,36,,00000036__,9.38,02,,01,04,02,01,01,01,04,01,50,FE,E,ROUTE 520 / RUMSON RD,,,,35,35,26,,,N,,43189
2019134319SB02533,MONMOUTH,SEA BRIGHT BORO,06/22/2019,SA,1557,01,SEA BRIGHT PD,NJ0134300,0,0,0,0,P,I,N,N,01,4,NJ 36,N,36,,00000036__,9.37,02,,01,04,02,01,01,01,04,01,,AT,,ROUTE 520 / RUMSON RD,,,,30,30,26,40.365150,73.974560,N,,43105
2019134319SB02534,MONMOUTH,SEA BRIGHT BORO,06/22/2019,SA,1708,01,SEA BRIGHT PD,NJ0134300,0,0,0,0,P,I,N,N,01,2,NJ 36,S,36,,00000036__,9.37,02,,01,04,02,01,01,01,04,01,,AT,,ROUTE 520 / RUMSON RD,,,,35,30,26,40.371340,73.974710,N,,43105
2019134319SB02535,MONMOUTH,SEA BRIGHT BORO,06/22/2019,SA,1804,01,SEA BRIGHT PD,NJ0134300,0,0,0,0,P,I,N,N,01,3,NJ 36,N,36,,00000036__,11.17,02,,01,04,02,01,01,01,05,01,,AT,,VIA RIPA WAY,,,,35,15,26,40.391700,73.975890,N,,43129
2019134319SB02624,MONMOUTH,SEA BRIGHT BORO,06/27/2019,TH,1214,01,SEA BRIGHT PD,SEA BRIGHT,0,1,0,0,I,B,N,N,01,2,NJ 36,S,36,,00000036__,11.32,02,,03,05,02,01,01,01,01,01,0,FE,N,MOUNTAINVIEW WAY,,,,35,15,26,40.394250,73.976720,N,,43122
2019134319SB02694,MONMOUTH,SEA BRIGHT BORO,06/30/2019,SU,0941,01,SEA BRIGHT PD,SEA BRIGHT PD,0,0,0,0,P,B,N,N,02,2,NJ 36,S,36,,00000036__,,02,,01,04,01,01,01,01,01,01,,,,,,,,40,,26,40.396270,73.978860,N,,43166
2019134319SB02794,MONMOUTH,SEA BRIGHT BORO,07/04/2019,TH,1142,01,SEA BRIGHT PD,SEA BRIGHT PD,0,0,0,0,P,B,N,N,02,2,NJ 36,N,36,,00000036__,,02,,02,04,02,01,01,01,04,,,,,,,,,35,,26,,,N,,43189
2019134319SB02842,MONMOUTH,SEA BRIGHT BORO,07/05/2019,FR,2240,01,SEA BRIGHT PD,NJ0134300,0,1,0,1,I,B,Y,N,13,1,NJ 36,S,36,,00000036__,8.85,02,,01,04,02,01,06,01,04,01,384,FE,S,OSBORN ST,,,,35,15,26,40.358290,73.973990,N,,43171
2019134319SB03033,MONMOUTH,SEA BRIGHT BORO,07/15/2019,MO,1102,01,SEA BRIGHT PD,,0,0,0,0,P,B,N,N,06,2,RIVER ST **,N,,,13431017__,,07,,01,04,02,01,01,01,,,10,FE,E,POPPINGER PLACE,,,,25,25,26,40.362680,73.975180,N,,43132
2019134319SB03038,MONMOUTH,SEA BRIGHT BORO,07/15/2019,MO,1646,01,SEA BRIGHT PD,SEA BRIGHT PD,0,0,0,0,P,B,N,N,02,2,NJ 36,S,36,,00000036__,9.16,02,,01,04,02,01,01,01,,01,75,FE,N,RIVER ST,,,,30,25,26,40.362840,73.974400,N,,43129
2019134319SB03126,MONMOUTH,SEA BRIGHT BORO,07/20/2019,SA,1622,01,SEA BRIGHT PD,SEA BRIGHT PD,0,0,0,0,P,B,N,N,01,3,NJ 36,N,36,,00000036__,,02,,01,04,02,01,01,01,04,,,,N,,,,,35,,26,,,N,,
2019134319SB03130,MONMOUTH,SEA BRIGHT BORO,07/20/2019,SA,1813,01,SEA BRIGHT PD,SEA BRIGHT PD,0,0,0,0,P,B,N,N,01,2,NJ 36,N,36,,00000036__,8.83,02,,01,04,02,01,01,01,04,,50,FE,N,MARIUS LN,,,,35,25,26,,,N,,43189
2019134319SB03176,MONMOUTH,SEA BRIGHT BORO,07/22/2019,MO,1335,01,SEA BRIGHT PD,SEA BRIGHT PD,0,0,0,0,P,B,N,N,01,2,NJ 36,N,36,,00000036__,,02,,01,04,02,01,01,01,05,,,,,,,,,35,,26,,,N,,43189
2019134319SB03269,MONMOUTH,SEA BRIGHT BORO,07/28/2019,SU,0146,01,SEA BRIGHT PD,,0,0,0,0,P,B,N,N,08,2,RIVER ST **,S,,,,,07,,01,04,02,01,06,01,05,01,,,,NJ 36 / OCEAN AVE,,,,25,,26,,,N,,43188
2019134319SB03290,MONMOUTH,SEA BRIGHT BORO,08/05/2019,MO,2034,01,SEA BRIGHT PD,,0,0,0,0,P,B,N,N,11,2,OCEAN AVE **,S,,,,,07,,01,04,05,01,01,01,,,,,,,,,,15,,26,,,N,,43188
2019134319SB03389,MONMOUTH,SEA BRIGHT BORO,08/04/2019,SU,1242,01,SEA BRIGHT PD,SEA BRIGHT PD,0,0,0,0,P,B,N,N,01,2,NJ 36,N,36,,00000036__,9.46,02,,01,04,02,01,01,01,04,,500,FE,N,ROUTE 520 / RUMSON RD,,,,35,35,26,40.367720,73.973260,N,,43189
2019134319SB03390,MONMOUTH,SEA BRIGHT BORO,08/04/2019,SU,1255,01,SEA BRIGHT PD,,0,3,0,0,I,B,N,N,01,4,NJ 36,S,36,,00000036__,9.46,02,,01,04,02,01,01,01,05,01,450,FE,N,ROUTE 520 / RUMSON RD,,,,35,35,26,40.367720,73.973260,N,,43171