Year(4)-CountyCode(2)-MunicipalityCode(2)-CaseNumber(9),County Name,Municipality Name,Crash Date,Crash Day of Week,Crash Time,Police Department Code,Police Department,Police Station,Total Killed,Total Injured,Pedestrians Killed,Pedestrians Injured,Severity,Intersection,Alcohol Involved,Hazmat Involved,Crash Type,Total Vehicles,Location,Location Direction,Route,Route Suffix,Std Rte Identifier,MilePost,Road System,Road Character,Road Horizontal Alignment,Road Grade,Road Surface Type,Surface Condition,Light Condition,Environmental Condition,Road Divided By,Temporary Traffic Control Zone,Distance To Cross Street,Unit Of Measurement,Direction From Cross Street,Cross Street Name,Is Ramp,Ramp To/From Route Name,Ramp To/From Route Direction,Posted Speed,Posted Speed Cross Street,First Harmful Event,Latitude,Longitude,Cell Phone In Use Flag,Other Property Damage,Reporting Badge No.
2019134319SB03440,MONMOUTH,SEA BRIGHT BORO,08/08/2019,TH,1338,01,SEA BRIGHT PD,SEA BRIGHT PD,0,2,0,0,I,B,N,N,02,4,NJ 36,N,36,,00000036__,,02,,01,04,02,01,01,01,04,,,,,,,,,30,,26,40.364140,73.974480,N,,
2019134319SB03467,MONMOUTH,SEA BRIGHT BORO,08/09/2019,FR,1320,01,SEA BRIGHT PD,,0,0,0,0,P,B,N,N,01,2,NJ 36,N,36,,00000036__,9.17,02,,01,04,02,01,01,01,04,01,100,FE,N,RIVER ST,,,,30,25,26,40.361980,73.974160,N,,43189
2019134319SB03526,MONMOUTH,SEA BRIGHT BORO,08/12/2019,MO,0827,01,SEA BRIGHT PD,SEA BRIGHT,0,1,0,0,I,I,N,N,14,1,NJ 36,,36,,00000036__,10.41,02,,01,04,02,01,01,01,04,01,,AT,,ATLANTIC WAY,,,,35,15,21,40.380580,73.974610,N,,43122
2019134319SB03558,MONMOUTH,SEA BRIGHT BORO,07/14/2019,SU,1845,01,SEA BRIGHT PD,SEA BRIGHT,0,0,0,0,P,B,N,N,01,2,NJ 36,N,36,,00000036__,9.36,02,,01,04,02,01,01,01,05,01,50,FE,S,ROUTE 520 / RUMSON RD,,,,30,40,26,40.365150,73.974560,N,,43193
2019134319SB03616,MONMOUTH,SEA BRIGHT BORO,08/18/2019,SU,1616,01,SEA BRIGHT PD,,0,0,0,0,P,B,N,N,01,2,NJ 36,,36,,00000036__,,02,,01,04,02,01,01,01,05,01,,,,,,,,35,,26,40.367660,73.974350,N,,43160
2019134319SB03647,MONMOUTH,SEA BRIGHT BORO,08/20/2019,TU,1505,01,SEA BRIGHT PD,SEA BRIGHT PD,0,0,0,0,P,B,N,N,07,2,NJ 36,N,36,,00000036__,9.36,02,,01,04,02,01,01,01,05,01,75,FE,S,ROUTE 520 / RUMSON RD,,,,35,35,26,40.365590,73.973210,N,,43193
2019134319SB03654,MONMOUTH,SEA BRIGHT BORO,08/20/2019,TU,2046,01,SEA BRIGHT PD,SEA BRIGHT,0,1,0,0,I,B,N,N,03,2,NJ 36,N,36,,00000036__,,02,,01,04,02,01,06,01,05,01,,,,,,,,35,,26,40.365800,73.975140,N,,43145
2019134319SB03739,MONMOUTH,SEA BRIGHT BORO,08/26/2019,MO,1259,01,SEA BRIGHT PD,SEA BRIGHT,0,0,0,0,P,I,N,N,03,2,NJ 36,N,36,,00000036__,9.08,02,,01,04,02,01,01,01,05,,,AT,,CHURCH ST,,,,30,25,26,40.362470,73.974160,N,,43145
2019134319SB03813,MONMOUTH,SEA BRIGHT BORO,08/31/2019,SA,1716,01,SEA BRIGHT PD,,0,1,0,0,I,B,N,N,01,2,NJ 36,,36,,00000036__,8.29,02,,01,04,02,01,01,01,05,01,,,,IMBRIE PL,,,,35,,26,40.350530,73.973220,N,,43160
2019134319SB03827,MONMOUTH,SEA BRIGHT BORO,09/01/2019,SU,1818,01,SEA BRIGHT PD,,0,0,0,0,P,B,N,N,01,2,NJ 36,,36,,00000036__,,02,,01,04,02,01,01,01,05,01,,,,,,,,35,,26,,,N,,43188
2019134319SB03830,MONMOUTH,SEA BRIGHT BORO,09/01/2019,SU,2021,01,SEA BRIGHT PD,,0,3,0,1,I,B,Y,N,01,3,NJ 36,N,36,,00000036__,9.87,02,,01,04,02,01,07,01,05,01,2640,FE,N,ROUTE 520 / RUMSON RD,,,,35,40,26,,,Y,,43171
2019134319SB03875,MONMOUTH,SEA BRIGHT BORO,09/05/2019,TH,0746,01,SEA BRIGHT PD,SBPD,0,0,0,0,P,B,N,N,01,2,NJ 36,S,36,,00000036__,,02,,03,04,02,01,01,01,05,,,,,,,,,35,,26,,,N,,43112
2019134319SB03891,MONMOUTH,SEA BRIGHT BORO,09/05/2019,TH,1218,01,SEA BRIGHT PD,SEA BRIGHT PD,0,0,0,0,P,B,N,N,08,2,NJ 36,,36,,00000036__,,02,,01,04,02,01,01,01,,,,,,,,,,15,,26,40.362600,73.973610,N,,43189
2019134319SB03913,MONMOUTH,SEA BRIGHT BORO,09/07/2019,SA,1315,01,SEA BRIGHT PD,SEA BRIGHT,0,1,0,0,I,B,N,N,01,2,NJ 36,,36,,00000036__,9.23,02,,01,04,02,01,01,01,04,01,,FE,S,PENINSULA AVE,,,,30,15,26,40.361850,73.974170,N,,43122
2019134319SB04150,MONMOUTH,SEA BRIGHT BORO,09/25/2019,WE,1152,01,SEA BRIGHT PD,SEA BRIGHT,0,0,0,0,P,B,N,N,06,2,NJ 36,,36,,00000036__,9.08,02,,01,04,02,01,01,01,04,01,,FE,N,CHURCH ST,,,,30,15,26,40.361850,73.974170,N,,43122
2019134319SB04202,MONMOUTH,SEA BRIGHT BORO,09/29/2019,SU,1311,01,SEA BRIGHT PD,SEA BRIGHT PD,0,1,0,0,I,B,N,N,01,2,NJ 36,N,36,,00000036__,,02,,01,04,02,01,01,01,04,,,FE,,,,,,30,,26,40.368750,73.974280,N,,43189
2019134319SB04316,MONMOUTH,SEA BRIGHT BORO,10/10/2019,TH,1633,01,SEA BRIGHT PD,SEA BRIGHT,0,0,0,0,P,I,N,N,07,2,NJ 36,,36,,00000036__,9.15,02,,01,04,01,01,01,01,04,,,AT,,RIVER ST,,,,30,25,26,,,N,,43188
2019134319SB04369,MONMOUTH,SEA BRIGHT BORO,10/13/2019,SU,1919,01,SEA BRIGHT PD,,0,0,0,0,P,B,N,N,01,2,NEW ST / SURF DR **,E,,,,,07,,01,04,02,01,07,01,05,01,50,FE,E,FRONT STREET,,,,25,25,26,40.360630,73.974570,N,,43183
2019134319SB04425,MONMOUTH,SEA BRIGHT BORO,10/18/2019,FR,1840,01,SEA BRIGHT PD,,0,0,0,0,P,I,N,N,01,2,ROUTE 520,,520,,00000520__,22.39,05,,03,05,01,01,03,01,,,,AT,,NJ 36 / OCEAN AVE,,,,40,30,26,40.365150,73.974560,N,,43183
2019134319SB04430,MONMOUTH,SEA BRIGHT BORO,10/19/2019,SA,0336,01,SEA BRIGHT PD,SEA BRIGHT,0,0,0,0,P,B,N,N,06,2,1002 OCEAN AVE; DUNKIN DO,,,,,,09,,01,04,02,01,07,01,,,,,,,,,,,,28,40.365150,73.974560,N,,43183
2019134319SB04433,MONMOUTH,SEA BRIGHT BORO,10/19/2019,SA,0839,01,SEA BRIGHT PD,SEA BRIGHT,0,1,0,0,I,B,N,N,01,2,NJ 36,S,36,,00000036__,10.24,02,,01,04,02,01,01,01,,,25,FE,S,RIVERVIEW PL,,,,35,25,26,40.377710,73.975010,N,,43145
2019134319SB04434,MONMOUTH,SEA BRIGHT BORO,10/19/2019,SA,0840,01,SEA BRIGHT PD,SEA BRIGHT,0,0,0,0,P,B,N,N,01,2,ROUTE 520,E,520,,00000520__,22.39,05,,01,05,01,01,01,01,04,01,,,W,NJ 36 / OCEAN AVE,,,,40,30,26,40.365150,73.974560,N,,43122
2019134319SB04437,MONMOUTH,SEA BRIGHT BORO,10/19/2019,SA,1937,01,SEA BRIGHT PD,SEA BRIGHT,0,0,0,0,P,I,N,N,01,2,NJ 36,S,36,,00000036__,9.23,02,,01,04,02,01,03,01,04,,,AT,,PENINSULA AVE,,,,30,25,26,40.361930,73.973420,N,,43183
2019134319SB04463,MONMOUTH,SEA BRIGHT BORO,10/23/2019,WE,0813,01,SEA BRIGHT PD,SEA BRIGHT PD,0,0,0,0,P,B,N,N,01,2,NJ 36,S,36,,00000036__,8.29,02,,01,04,02,02,01,01,04,01,,FE,S,IMBRIE PL,,,,40,25,26,40.349170,73.974150,N,,43166
2019134319SB04502,MONMOUTH,SEA BRIGHT BORO,10/26/2019,SA,2117,01,SEA BRIGHT PD,,0,1,0,1,I,B,N,N,13,1,NJ 36,,36,,00000036__,8.96,02,,01,04,02,01,06,01,05,01,20,FE,S,CENTER ST / E CENTER ST,,,,30,25,22,40.359660,73.974180,N,,43171
2019134319SB04504,MONMOUTH,SEA BRIGHT BORO,10/27/2019,SU,0210,01,SEA BRIGHT PD,,0,2,0,0,I,I,N,N,11,1,NJ 36,,36,,00000036__,,02,,03,06,02,01,07,01,01,01,,AT,,ROUTE 36,,,,35,35,47,40.396270,73.978860,N,GUARD RAIL TO THE NORTHBOUND SANDY HOOK ENTRANCE RAMP (OCEAN AVE) WEST SIDE.,43171
2019134319SB04582,MONMOUTH,SEA BRIGHT BORO,11/02/2019,SA,1643,01,SEA BRIGHT PD,SEA BRIGHT PD,0,0,0,0,P,B,N,N,03,2,NJ 36,N,36,,00000036__,,02,,01,04,01,01,01,01,04,01,,,,,,,,40,,26,,,N,,43189
2019134319SB04607,MONMOUTH,SEA BRIGHT BORO,11/05/2019,TU,0710,01,SEA BRIGHT PD,,0,0,0,0,P,B,N,N,01,2,ROUTE 520,E,520,,00000520__,22.36,05,,01,07,04,02,01,01,,01,150,FE,W,NJ 36 / OCEAN AVE,,,,30,30,26,40.365810,73.975150,N,,43132
2019134319SB04802,MONMOUTH,SEA BRIGHT BORO,11/21/2019,TH,1539,01,SEA BRIGHT PD,SEA BRIGHT PD,0,1,0,0,I,B,N,N,07,2,NJ 36,,36,,00000036__,,02,,02,08,02,01,01,01,04,01,,,,,,,,40,,26,,,N,,43189
2019134319SB04963,MONMOUTH,SEA BRIGHT BORO,12/06/2019,FR,1945,01,SEA BRIGHT PD,SEA BRIGHT,0,0,0,0,P,B,N,N,06,4,NEW ST / SURF DR **,,,,13431034__,.00,07,,01,04,02,01,07,01,05,01,,FE,W,NJ 36 / OCEAN AVE,,,,25,30,26,40.361050,73.975540,N,,
2019134319SB04970,MONMOUTH,SEA BRIGHT BORO,12/07/2019,SA,1554,01,SEA BRIGHT PD,,0,0,0,0,P,I,N,N,08,2,SOUTH WAY **,W,,,13431030__,.00,07,,03,04,01,01,01,01,,,,AT,,VIA RIPA,,,,25,,26,,,N,,43189
2019134319SB05010,MONMOUTH,SEA BRIGHT BORO,12/11/2019,WE,1815,01,SEA BRIGHT PD,NJ0134300,0,0,0,0,P,B,Y,N,01,2,NJ 36,S,36,,00000036__,,02,,01,04,02,02,06,01,04,,,,,,,,,30,,26,40.363010,73.974410,N,,43160
2019134319SB05218,MONMOUTH,SEA BRIGHT BORO,12/31/2019,TU,1744,01,SEA BRIGHT PD,SEA BRIGHT PD,0,0,0,0,P,B,N,N,03,2,NJ 36,S,36,,00000036__,,02,,01,04,02,01,06,01,04,,,,,,,,,40,,26,40.322840,73.977420,N,,43129
2019134419SG02489,MONMOUTH,SEA GIRT BORO,05/17/2019,FR,1009,01,SEA GIRT PD,1344,0,0,0,0,P,I,N,N,01,2,MONMOUTH COUNTY 49,W,49,,13000049__,.00,05,,01,04,02,01,01,01,05,01,,AT,N,CR 20 / 8TH AVE / BROAD ST,,,,25,35,26,,,N,,44562
2019134419SG02606,MONMOUTH,SEA GIRT BORO,05/21/2019,TU,1518,01,SEA GIRT PD,SEA GIRT PD,0,0,0,0,P,I,N,N,01,2,NJ 71,N,71,,00000071__,1.86,02,,01,04,02,01,01,01,04,,,AT,,BOSTON BLVD,,,,25,25,26,40.132490,74.043160,N,,44573
2019134419SG02993,MONMOUTH,SEA GIRT BORO,05/28/2019,TU,1649,01,SEA GIRT PD,,0,0,0,0,P,I,N,N,11,2,FIFTH AVE / THE TER **,E,,,13441019__,.16,07,,01,04,03,01,01,01,05,01,,AT,,SECOND AVE,,,,25,,26,40.133780,74.035860,N,SEA GIRT TELEPHONE POLE JC-785G WAS INVOLVED NO DAMAGE.,44043
2019134419SG02994,MONMOUTH,SEA GIRT BORO,05/28/2019,TU,1651,01,SEA GIRT PD,P44,0,0,0,0,P,I,N,N,06,2,MONMOUTH COUNTY 49,,49,,13000049__,.23,05,,01,04,02,01,01,01,05,01,,AT,N,PLAZA,,,,25,25,26,40.124990,74.039600,N,,44573
2019134419SG03506,MONMOUTH,SEA GIRT BORO,06/16/2019,SU,1940,01,SEA GIRT PD,,0,0,0,0,P,B,N,N,08,2,NEW YORK BLVD / OCEAN AVE **,N,,,13441002__,.10,07,,01,04,02,01,01,01,05,01,300,FE,N,CHICAGO BLVD,,,,25,25,26,,,N,,44582
2019134419SG03807,MONMOUTH,SEA GIRT BORO,06/28/2019,FR,1504,01,SEA GIRT PD,P44,0,0,0,0,P,B,N,N,08,2,FIRST AVE **,W,,,13441029__,,07,,01,04,02,01,01,01,05,02,100,FE,S,TRENTON BOULEVARD,,,,25,25,26,,,N,,44583
2019134419SG04050,MONMOUTH,SEA GIRT BORO,07/03/2019,WE,1721,01,SEA GIRT PD,,0,0,0,0,P,B,N,N,08,2,MONMOUTH COUNTY 49,N,49,,13000049__,.38,05,,01,04,02,01,01,01,05,01,200,FE,W,5TH AVE,,,,25,25,26,40.130080,74.040700,N,,44044
2019134419SG04587,MONMOUTH,SEA GIRT BORO,07/14/2019,SU,1917,01,SEA GIRT PD,SGPD,0,0,0,0,P,I,N,N,13,1,MONMOUTH COUNTY 49,W,49,,13000049__,1.43,05,,01,04,02,01,01,01,05,01,,AT,W,TERRACE BLVD,,,,25,25,22,40.130100,74.042170,N,,4443
2019134419SG04591,MONMOUTH,SEA GIRT BORO,07/14/2019,SU,2154,01,SEA GIRT PD,P44,0,0,0,0,P,I,N,N,14,1,BALTIMORE BLVD **,W,,,13441008__,.53,07,,01,04,02,01,06,01,,01,,AT,,CR 49 / FIRST AVE,,,,25,25,26,40.125230,74.031800,N,,44573
2019134419SG04644,MONMOUTH,SEA GIRT BORO,07/18/2019,TH,1337,01,SEA GIRT PD,,0,0,0,0,P,B,N,N,08,2,MONMOUTH COUNTY 49,,49,,13000049__,.30,05,,01,04,02,01,01,01,05,01,400,FE,W,5TH AVE,,,,25,25,,,,N,,44018
2019134419SG04693,MONMOUTH,SEA GIRT BORO,07/20/2019,SA,0217,01,SEA GIRT PD,,0,1,0,0,I,I,Y,N,11,1,NJ 71,N,71,,00000071__,2.29,02,,01,05,02,01,06,01,04,01,,AT,,BEACON BLVD,,,,35,25,60,,,N,,44045
2019134419SG04770,MONMOUTH,SEA GIRT BORO,07/22/2019,MO,1110,01,SEA GIRT PD,1344,0,0,0,0,P,I,N,N,01,2,SIXTH AVE **,N,,,13441005__,.43,07,,01,04,02,01,01,01,05,01,,AT,,BEACON,,,,25,25,26,,,N,,44562
2019134419SG04852,MONMOUTH,SEA GIRT BORO,07/25/2019,TH,1208,01,SEA GIRT PD,P44,0,0,0,0,P,I,N,N,03,2,NJ 71,S,71,,00000071__,2.29,02,,01,04,02,01,01,01,05,01,,AT,,BEACON BLVD,,,,35,25,26,40.138730,74.042190,N,,44573
2019134419SG04908,MONMOUTH,SEA GIRT BORO,07/27/2019,SA,1316,01,SEA GIRT PD,,0,0,0,0,P,I,N,N,01,2,NJ 71,S,71,,00000071__,1.78,02,,01,04,02,01,01,01,05,01,,AT,,CRESCENT PLACE,,,,35,25,26,,,N,,44039
2019134419SG04973,MONMOUTH,SEA GIRT BORO,07/28/2019,SU,1637,01,SEA GIRT PD,1344,0,0,0,0,P,R,N,N,01,2,MONMOUTH COUNTY 49,W,49,,13000049__,,05,,01,04,02,01,01,01,05,01,15,FE,W,THE PLAZA,,,,25,25,26,,,N,,44562
2019134419SG05076,MONMOUTH,SEA GIRT BORO,08/03/2019,SA,1156,01,SEA GIRT PD,,0,0,0,0,P,I,N,N,01,2,NJ 71,S,71,,00000071__,1.93,02,,01,04,02,01,01,01,05,01,,AT,,PHILADELPHIA BLVD,,,,35,25,26,,,N,,4440
2019134419SG05176,MONMOUTH,SEA GIRT BORO,08/04/2019,SU,1722,01,SEA GIRT PD,SEA GIRT,0,0,0,0,P,B,N,N,06,2,NEW YORK BLVD / OCEAN AVE **,W,,,13441002__,.36,07,,01,04,02,01,01,01,05,01,100,FE,E,CR 49 / FIRST AVE,,,,25,,,40.133740,74.029150,N,,44043
2019134419SG05215,MONMOUTH,SEA GIRT BORO,08/06/2019,TU,1420,01,SEA GIRT PD,1344,0,0,0,0,P,B,N,N,08,2,MONMOUTH COUNTY 49,W,49,,13000049__,.30,05,,01,04,02,01,01,05,05,01,120,FE,W,THE PLAZA,,,,25,25,26,,,N,,44562
2019134419SG05311,MONMOUTH,SEA GIRT BORO,08/09/2019,FR,2114,01,SEA GIRT PD,1344,0,0,0,0,P,B,N,N,08,2,CHICAGO BLVD **,N,,,13441004__,.00,07,,01,04,02,01,06,01,05,01,200,FE,W,OCEAN AVE,,,,25,25,26,,,N,,44582
2019134419SG05401,MONMOUTH,SEA GIRT BORO,08/11/2019,SU,1203,01,SEA GIRT PD,1344,0,0,0,0,P,B,N,N,06,2,PHILADELPHIA BLVD **,W,,,13441007__,.08,07,,01,04,02,01,01,01,05,01,150,FE,E,CR 49 / FIRST AVE,,,,25,25,26,,,N,,44562
2019134419SG05860,MONMOUTH,SEA GIRT BORO,08/29/2019,TH,1524,01,SEA GIRT PD,,0,0,0,0,P,I,N,N,01,2,NJ 71,S,71,,00000071__,2.29,02,,01,04,02,01,01,01,05,01,,AT,,BEACON BOULEVARD,,,,35,25,26,,,N,,44583
2019134419SG05954,MONMOUTH,SEA GIRT BORO,08/31/2019,SA,1817,01,SEA GIRT PD,P44,0,0,0,0,P,I,N,N,06,2,2 OCEAN AVE,,,,,,09,,01,04,02,01,01,01,05,01,,AT,,BEACON BLVD,,,,25,25,26,40.136370,74.027260,N,,44573
2019134419SG06038,MONMOUTH,SEA GIRT BORO,09/03/2019,TU,1053,01,SEA GIRT PD,P44,0,0,0,0,P,B,N,N,06,3,TRENTON BLVD,S,,,,,07,,01,04,02,01,01,01,,01,,,,,,,,25,,28,,,N,,
2019134419SG06411,MONMOUTH,SEA GIRT BORO,09/22/2019,SU,1018,01,SEA GIRT PD,,0,1,0,0,I,I,N,N,07,1,MONMOUTH COUNTY 49,W,49,,13000049__,.59,05,,01,04,02,01,01,01,05,01,,AT,,THIRD AVENUE,,,,25,25,21,40.129022,74.035455,N,,44032
2019134419SG06613,MONMOUTH,SEA GIRT BORO,10/02/2019,WE,2136,01,SEA GIRT PD,,0,0,0,0,P,B,N,N,06,2,BELL PL,N,,,,,07,,01,04,02,02,05,02,,,35,FE,N,BALTIMORE BLVD,,,,25,25,28,,,N,,44045
2019134419SG07110,MONMOUTH,SEA GIRT BORO,10/28/2019,MO,1517,01,SEA GIRT PD,P44,0,0,0,0,P,B,N,N,06,2,FIFTH AVE / THE TER **,N,,,13441019__,1.03,07,,01,04,02,01,01,01,05,01,200,FE,N,BOSTON BLVD,,,,25,25,28,,,N,,44583
2019134419SG07338,MONMOUTH,SEA GIRT BORO,11/08/2019,FR,1943,01,SEA GIRT PD,,0,0,0,0,P,B,N,N,06,2,THIRD AVE **,N,,,13441032__,.37,07,,01,04,02,01,05,01,05,01,25,FE,S,BALTIMORE AVE,,,,25,25,26,40.129040,74.035440,N,,44046
2019134419SG08117,MONMOUTH,SEA GIRT BORO,12/22/2019,SU,1129,01,SEA GIRT PD,1344,0,0,0,0,P,B,N,N,08,2,BOSTON BLVD **,E,,,13441006__,.00,07,,01,04,02,01,01,01,05,01,25,FE,W,CR 20 / EIGHTH AVE,,,,25,35,26,,,N,,44562
20191345C060-2019-01761A,MONMOUTH,SHREWSBURY BORO,11/17/2019,SU,1101,02,NEW JERSEY STATE POLICE,HAMILTON-SUB -,0,0,0,0,P,B,N,N,01,2,BARKER AV,S,,,,,07,,01,04,02,01,01,01,02,01,50,FE,E,SHREWSBURY AVE,,,,25,35,26,40.316880,74.071120,N,,8144
20191345C060-2019-01800A,MONMOUTH,SHREWSBURY BORO,11/22/2019,FR,1733,02,NEW JERSEY STATE POLICE,HAMILTON-SUB -,0,0,0,0,P,B,N,N,02,2,MONMOUTH COUNTY 13,W,13,,13000013__,.45,05,,01,04,02,01,06,01,04,01,100,FE,W,BARKER AVE,,,,40,40,26,40.138450,74.136140,N,,8342
20191345I-2019-00115,MONMOUTH,SHREWSBURY BORO,01/04/2019,FR,1510,01,SHREWSBURY PD,MUNICIPAL,0,0,0,0,P,B,N,N,02,2,MONMOUTH COUNTY 13,N,13,,13000013__,.74,05,,01,04,02,01,01,01,05,01,1000,FE,S,CR 13A / SYCAMORE AVE,,,,40,40,26,,,N,,4535
20191345I-2019-00159,MONMOUTH,SHREWSBURY BORO,01/05/2019,SA,1453,01,SHREWSBURY PD,,0,0,0,0,P,B,N,N,01,2,MONMOUTH COUNTY 13 A,W,13,A,13000013A_,2.65,05,,01,04,,02,03,02,03,01,75,FE,E,NJ 35 / BROAD ST,,,,40,40,26,,,N,,4540
20191345I-2019-00265,MONMOUTH,SHREWSBURY BORO,01/07/2019,MO,1622,01,SHREWSBURY PD,,0,0,0,0,P,I,N,N,07,2,MONMOUTH COUNTY 13 A,E,13,A,13000013A_,3.49,05,,01,04,02,01,01,01,05,01,,AT,,MANSION PL / TRAFALGAR PL,,,,40,,26,,,N,,4529
20191345I-2019-00301,MONMOUTH,SHREWSBURY BORO,01/08/2019,TU,0850,01,SHREWSBURY PD,,0,0,0,0,P,B,N,N,02,2,MONMOUTH COUNTY 13,N,13,,13000013__,.00,05,,01,04,02,01,01,01,05,01,10,FE,S,NJ 35,,,,40,,26,,,N,,4529
20191345I-2019-00302,MONMOUTH,SHREWSBURY BORO,01/08/2019,TU,0855,01,SHREWSBURY PD,,0,1,0,0,I,I,N,N,01,2,MONMOUTH COUNTY 13 A,W,13,A,13000013A_,2.86,05,,01,04,02,02,01,02,04,01,,AT,,COLONIAL DR,,,,40,25,26,,,N,,4534
20191345I-2019-00356,MONMOUTH,SHREWSBURY BORO,01/09/2019,WE,1422,01,SHREWSBURY PD,SHREWSBURY BOR?,0,0,0,0,P,B,N,N,01,2,NJ 35,N,35,,00000035__,31.43,02,,01,04,02,01,01,01,04,01,100,FE,S,AVE OF THE COMMON / THORNBROOKE DR,,,,40,25,26,,,N,,4541
20191345I-2019-00362,MONMOUTH,SHREWSBURY BORO,01/09/2019,WE,1720,01,SHREWSBURY PD,,0,0,0,0,P,B,N,N,02,2,MONMOUTH COUNTY 13,S,13,,13000013__,.92,05,,01,04,02,01,04,01,04,01,50,FE,S,CR 13A / SYCAMORE AVE,,,,40,40,26,,,N,,4540
20191345I-2019-00387,MONMOUTH,SHREWSBURY BORO,01/10/2019,TH,1101,01,SHREWSBURY PD,SHREWSBURY BOR?,0,0,0,0,P,B,N,N,02,2,NJ 35,N,35,,00000035__,32.83,02,,01,04,02,01,01,01,04,01,100,FE,S,ROUTE 520 / NEWMAN SPRINGS RD,,,,35,35,26,,,N,,4541
20191345I-2019-00429,MONMOUTH,SHREWSBURY BORO,01/11/2019,FR,0951,01,SHREWSBURY PD,,0,0,0,0,P,B,N,N,02,2,NJ 35,N,35,,00000035__,31.06,02,,01,04,02,01,01,01,04,01,100,FE,S,CR 13 / SHREWSBURY AVE,,,,40,,26,,,N,,4534
20191345I-2019-00504,MONMOUTH,SHREWSBURY BORO,01/12/2019,SA,1419,01,SHREWSBURY PD,,0,0,0,0,P,B,N,N,08,2,WHITE ST,N,,,,,07,,01,04,02,01,01,01,05,01,50,FE,E,ROBINSON PLACE,,,,25,25,28,,,N,,4534
20191345I-2019-00537,MONMOUTH,SHREWSBURY BORO,01/13/2019,SU,1205,01,SHREWSBURY PD,,0,0,0,0,P,B,N,N,08,2,ROIDAN PL **,W,,,13451046__,.00,07,,01,04,02,01,01,01,05,01,10,FE,E,CR 13 / SCHREWSBURY AVE,,,,25,40,26,,,N,,4534
20191345I-2019-00570,MONMOUTH,SHREWSBURY BORO,01/14/2019,MO,1734,01,SHREWSBURY PD,,0,1,0,0,I,B,N,N,01,2,NJ 35,S,35,,00000035__,31.30,02,,01,04,02,01,06,01,04,01,250,FE,N,AVE OF THE COMMON,,,,40,25,26,,,N,,4542
20191345I-2019-00600,MONMOUTH,SHREWSBURY BORO,01/15/2019,TU,0811,01,SHREWSBURY PD,,0,0,0,0,P,I,N,N,03,2,NJ 35,S,35,,00000035__,32.85,02,,01,04,02,01,01,01,04,01,,AT,,ROUTE 520 / NEWMAN SPRINGS RD,,,,35,35,26,,,N,,4542
20191345I-2019-00694,MONMOUTH,SHREWSBURY BORO,01/17/2019,TH,1237,01,SHREWSBURY PD,,0,0,0,0,P,B,N,N,01,2,NJ 35,N,35,,00000035__,31.25,02,,01,04,02,01,01,01,05,01,25,FE,S,AVE OF THE COMMON,,,,40,25,26,,,N,,4529
20191345I-2019-00741,MONMOUTH,SHREWSBURY BORO,01/18/2019,FR,1732,01,SHREWSBURY PD,,0,2,0,0,I,I,N,N,07,2,MONMOUTH COUNTY 13,N,13,,13000013__,1.67,05,,01,04,02,02,06,01,04,01,,AT,N,PATTERSON AVE,,,,40,,26,,,N,A STOP SIGN LOCATED ON THE PROPERTY OF 471 SHREWSBURY AVENUE WAS KNOCKED DOWN B?,4538
20191345I-2019-00807,MONMOUTH,SHREWSBURY BORO,01/19/2019,SA,2320,01,SHREWSBURY PD,SHREWSBURY BOR?,0,0,0,0,P,B,N,N,06,2,SICKLES PL **,W,,,13451020__,.23,07,,01,04,02,02,05,02,05,01,100,FE,N,WHITE ST,,,,25,25,26,,,N,,4541
20191345I-2019-00832,MONMOUTH,SHREWSBURY BORO,01/20/2019,SU,2222,01,SHREWSBURY PD,SHREWSBURY BOR?,0,0,0,0,P,I,N,N,15,1,NJ 35,N,35,,00000035__,31.25,02,,01,04,02,01,06,10,04,01,,AT,N,AVE OF THE COMMON,,,,35,25,39,,,N,,4541
20191345I-2019-00853,MONMOUTH,SHREWSBURY BORO,01/21/2019,MO,1212,01,SHREWSBURY PD,,0,0,0,0,P,B,N,N,01,2,NJ 35,N,35,,00000035__,32.72,02,,01,04,02,01,01,01,04,01,10,FE,S,WHITE RD,,,,35,25,26,,,N,,4531
20191345I-2019-00881,MONMOUTH,SHREWSBURY BORO,01/22/2019,TU,0716,01,SHREWSBURY PD,,0,0,0,0,P,I,N,N,02,2,ROUTE 520,E,520,,00000520__,16.56,05,,01,04,02,01,01,01,04,01,,AT,,HENRY ST,,,,40,,26,,,N,,4539
20191345I-2019-00891,MONMOUTH,SHREWSBURY BORO,01/22/2019,TU,1303,01,SHREWSBURY PD,,0,0,0,0,P,B,N,N,02,2,MONMOUTH COUNTY 13,N,13,,13000013__,1.90,05,,01,05,02,01,01,01,04,01,100,FE,S,ROUTE 520 / NEWMAN SPRINGS RD,,,,40,,26,,,N,,4539
20191345I-2019-01129,MONMOUTH,SHREWSBURY BORO,01/28/2019,MO,1006,01,SHREWSBURY PD,1345,0,0,0,0,P,I,N,N,02,2,MONMOUTH COUNTY 13 A,E,13,A,13000013A_,2.70,05,,01,04,02,01,01,01,04,01,,AT,W,BROAD ST.,,STATE RT.35,,40,35,26,,,N,,4537
20191345I-2019-01210,MONMOUTH,SHREWSBURY BORO,01/30/2019,WE,1036,01,SHREWSBURY PD,,0,0,0,0,P,I,N,N,01,2,MONMOUTH COUNTY 13 A,W,13,A,13000013A_,2.64,05,,01,04,02,01,01,01,02,01,,AT,,NJ 35 / BROAD ST,,,,40,,26,,,N,,4539
20191345I-2019-01211,MONMOUTH,SHREWSBURY BORO,01/30/2019,WE,1115,01,SHREWSBURY PD,SHREWSBURY,0,0,0,0,P,B,N,N,02,2,NJ 35,S,35,,00000035__,32.10,02,,01,04,02,01,01,01,05,01,,,,,,,,40,,26,,,N,,4543