Year(4)-CountyCode(2)-MunicipalityCode(2)-CaseNumber(9),County Name,Municipality Name,Crash Date,Crash Day of Week,Crash Time,Police Department Code,Police Department,Police Station,Total Killed,Total Injured,Pedestrians Killed,Pedestrians Injured,Severity,Intersection,Alcohol Involved,Hazmat Involved,Crash Type,Total Vehicles,Location,Location Direction,Route,Route Suffix,Std Rte Identifier,MilePost,Road System,Road Character,Road Horizontal Alignment,Road Grade,Road Surface Type,Surface Condition,Light Condition,Environmental Condition,Road Divided By,Temporary Traffic Control Zone,Distance To Cross Street,Unit Of Measurement,Direction From Cross Street,Cross Street Name,Is Ramp,Ramp To/From Route Name,Ramp To/From Route Direction,Posted Speed,Posted Speed Cross Street,First Harmful Event,Latitude,Longitude,Cell Phone In Use Flag,Other Property Damage,Reporting Badge No.
20191345I-2019-01472,MONMOUTH,SHREWSBURY BORO,02/05/2019,TU,1525,01,SHREWSBURY PD,SHREWSBURY BOR?,0,0,0,0,P,B,N,N,11,1,MONMOUTH COUNTY 13 A,W,13,A,13000013A_,2.05,05,,01,04,02,01,01,01,04,01,100,FE,E,CR 13 / SHREWSBURY AVE,,,,40,40,52,,,N,,4541
20191345I-2019-01517,MONMOUTH,SHREWSBURY BORO,02/06/2019,WE,2048,01,SHREWSBURY PD,,0,0,0,0,P,B,N,N,02,2,ROUTE 520,W,520,,00000520__,16.79,05,,01,04,02,02,05,02,04,01,100,FE,W,NJ 35 / BROAD ST,,,,35,35,26,,,N,,4540
20191345I-2019-01548,MONMOUTH,SHREWSBURY BORO,02/07/2019,TH,1540,01,SHREWSBURY PD,1345,0,0,0,0,P,B,N,N,06,2,20 OBRE PL,S,,,,,09,,01,04,02,02,01,01,05,01,,,,,,,,15,,28,,,N,,4537
20191345I-2019-01552,MONMOUTH,SHREWSBURY BORO,02/07/2019,TH,1755,01,SHREWSBURY PD,,0,0,0,0,P,I,N,N,01,2,NJ 35,N,35,,00000035__,32.30,02,,01,04,02,01,06,01,04,01,,AT,,QUEEN ANN DR,,,,35,25,26,,,N,,4542
20191345I-2019-01567,MONMOUTH,SHREWSBURY BORO,02/08/2019,FR,1203,01,SHREWSBURY PD,SHREWSBURY,0,1,0,0,I,I,N,N,04,2,NJ 35,S,35,,00000035__,31.25,02,,01,04,02,02,01,02,05,01,,AT,,AVE OF THE COMMON,,,,40,,26,,,N,AFTER V1 CRASHED INTO V2  V2 CONTINUED FORWARD AND CRASHED INTO THE EXIT SIGN A?,4543
20191345I-2019-01575,MONMOUTH,SHREWSBURY BORO,02/08/2019,FR,1616,01,SHREWSBURY PD,SHREWSBURY,0,0,0,0,P,B,N,N,01,2,NJ 35,S,35,,00000035__,31.09,02,,01,04,02,01,01,01,05,01,50,FE,N,CR 13 / SHREWSBURY AVE,,,,40,,26,,,N,,4543
20191345I-2019-01648,MONMOUTH,SHREWSBURY BORO,02/10/2019,SU,1351,01,SHREWSBURY PD,,0,0,0,0,P,I,N,N,01,2,NJ 35,N,35,,00000035__,31.87,02,,03,04,02,01,01,01,05,01,,AT,,CR 13A / SYCAMORE AVE,,,,40,40,26,,,N,,4531
20191345I-2019-01725,MONMOUTH,SHREWSBURY BORO,02/12/2019,TU,0920,01,SHREWSBURY PD,SHREWSBURY BOR?,0,0,0,0,P,B,N,N,01,2,WHITE RD,W,,,13451114__,.05,07,,01,04,02,05,01,07,04,01,250,FE,E,NJ 35 / BROAD ST,,,,25,35,26,,,N,,4541
20191345I-2019-01742,MONMOUTH,SHREWSBURY BORO,02/12/2019,TU,1606,01,SHREWSBURY PD,,0,0,0,0,P,B,N,N,13,1,AVE AT THE COMMONS **,,,,13451042__,.00,07,,01,04,02,02,03,02,05,01,10,FE,E,NJ 35 / BROAD ST,,,,25,40,,,,N,,4540
20191345I-2019-01768,MONMOUTH,SHREWSBURY BORO,02/13/2019,WE,1320,01,SHREWSBURY PD,,0,1,0,0,I,B,N,N,03,2,MONMOUTH COUNTY 13,N,13,,13000013__,.39,05,,01,04,02,01,01,01,05,01,400,FE,S,BARKER AVE,,,,40,25,26,,,N,,4531
20191345I-2019-01903,MONMOUTH,SHREWSBURY BORO,02/16/2019,SA,1305,01,SHREWSBURY PD,SHREWSBURY BOR?,0,0,0,0,P,I,N,N,02,2,NJ 35,S,35,,00000035__,31.08,02,,01,04,02,01,01,01,04,01,,AT,,CR 13 / SHREWSBURY AVE,,,,40,40,26,,,N,,4541
20191345I-2019-01907,MONMOUTH,SHREWSBURY BORO,02/16/2019,SA,1436,01,SHREWSBURY PD,,0,0,0,0,P,B,N,N,01,2,NJ 35,S,35,,00000035__,32.79,02,,01,04,02,01,01,01,04,01,50,FE,S,HADDON AVE,,,,35,25,26,,,N,,4540
20191345I-2019-01953,MONMOUTH,SHREWSBURY BORO,02/17/2019,SU,1422,01,SHREWSBURY PD,SHREWSBURY BOR?,0,0,0,0,P,B,N,N,01,2,MONMOUTH COUNTY 13 A,W,13,A,13000013A_,3.44,05,,01,04,02,01,01,01,04,01,150,FE,E,EAST END AVE,,,,40,25,26,,,N,,4541
20191345I-2019-01982,MONMOUTH,SHREWSBURY BORO,02/18/2019,MO,1820,01,SHREWSBURY PD,,0,0,0,0,P,B,N,N,02,2,NJ 35,S,35,,00000035__,32.74,02,,01,04,02,01,06,01,05,01,15,FE,N,THOMAS AVE,,,,35,25,26,,,N,,4529
20191345I-2019-02052,MONMOUTH,SHREWSBURY BORO,02/20/2019,WE,1215,01,SHREWSBURY PD,SHREWSBURY BOR?,0,0,0,0,P,B,N,N,01,2,AVE AT THE COMMONS **,W,,,13451042__,.02,07,,01,04,02,03,01,03,04,01,100,FE,E,NJ 35 / BROAD ST,,,,25,40,26,,,N,,4541
20191345I-2019-02054,MONMOUTH,SHREWSBURY BORO,02/20/2019,WE,1233,01,SHREWSBURY PD,SHREWSBURY BOR?,0,0,0,0,P,B,N,N,01,2,PATTERSON AVE,E,,,13451049__,.19,07,,01,04,02,03,01,03,04,01,100,FE,W,BIRCH ST / CRAFFORE ST,,,,25,25,26,,,N,,4541
20191345I-2019-02143,MONMOUTH,SHREWSBURY BORO,02/22/2019,FR,1914,01,SHREWSBURY PD,,0,1,0,0,I,I,Y,N,11,1,MEADOW DR **,S,,,13451039__,.12,07,,01,04,02,01,07,01,05,01,,AT,W,MAPLE RD,,,,25,,26,,,N,THE DRIVER OF V1 CRASHED INTO THE MAILBOX AT 15 MEADOW DRIVE  KNOCKING IT OVER.?,4539
20191345I-2019-02185,MONMOUTH,SHREWSBURY BORO,02/24/2019,SU,1604,01,SHREWSBURY PD,,0,1,0,0,I,B,Y,N,07,2,MONMOUTH COUNTY 13,N,13,,13000013__,.04,05,,01,04,02,01,01,01,04,01,200,FE,N,NJ 35,,,,40,40,26,,,N,,4534
20191345I-2019-02213,MONMOUTH,SHREWSBURY BORO,02/25/2019,MO,0929,01,SHREWSBURY PD,SHREWSBURY BOR?,0,0,0,0,P,B,N,N,01,2,NJ 35,N,35,,00000035__,32.74,02,,01,04,02,01,01,01,04,01,100,FE,N,WHITE RD,,,,35,25,26,,,N,,4541
20191345I-2019-02231,MONMOUTH,SHREWSBURY BORO,02/25/2019,MO,1517,01,SHREWSBURY PD,,0,0,0,0,P,I,N,N,03,2,MONMOUTH COUNTY 13,N,13,,13000013__,.20,05,,01,04,02,,01,01,04,,,AT,N,TINTON FALLS PLAZA DR,,,,40,,26,,,N,,4540
20191345I-2019-02386,MONMOUTH,SHREWSBURY BORO,02/28/2019,TH,1758,01,SHREWSBURY PD,,0,0,0,0,P,B,N,N,02,2,MONMOUTH COUNTY 13,S,13,,13000013__,.04,05,,01,04,02,01,07,01,04,01,200,FE,N,NJ 35,,,,40,40,26,,,N,,4534
20191345I-2019-02438,MONMOUTH,SHREWSBURY BORO,03/01/2019,FR,1824,01,SHREWSBURY PD,SHREWSBURY BOR?,0,0,0,0,P,I,N,N,03,2,NJ 35,N,35,,00000035__,31.87,02,,01,04,02,02,06,02,05,01,,AT,,CR 13A / SYCAMORE AVE,,,,35,40,26,,,N,,4541
20191345I-2019-02593,MONMOUTH,SHREWSBURY BORO,03/05/2019,TU,1642,01,SHREWSBURY PD,,0,0,0,0,P,I,N,N,02,2,MONMOUTH COUNTY 13,N,13,,13000013__,1.67,05,,01,04,02,01,01,01,05,01,,AT,,PATTERSON AVE,,,,40,,26,,,N,,4529
20191345I-2019-02622,MONMOUTH,SHREWSBURY BORO,03/06/2019,WE,2125,01,SHREWSBURY PD,1345,0,0,0,0,P,I,N,N,08,2,ROUTE 520,E,520,,00000520__,16.81,05,,01,04,02,01,06,01,02,01,,AT,,NJ 35 / BROAD ST,,,,35,35,26,,,N,,4537
20191345I-2019-02673,MONMOUTH,SHREWSBURY BORO,03/08/2019,FR,1056,01,SHREWSBURY PD,,0,0,0,0,P,B,N,N,03,2,PATTERSON AVE,N,,,13451049__,.02,07,,01,05,02,01,01,01,05,01,100,FE,E,CR 13 / SCHREWSBURY AVE,,,,25,40,26,,,N,,4529
20191345I-2019-02817,MONMOUTH,SHREWSBURY BORO,03/12/2019,TU,1207,01,SHREWSBURY PD,,0,0,0,0,P,B,N,N,03,2,PATTERSON AVE,W,,,13451049__,.57,07,,01,04,02,01,01,01,04,01,125,FE,W,NJ 35 / BROAD ST,,,,25,35,26,,,N,,4542
20191345I-2019-02820,MONMOUTH,SHREWSBURY BORO,03/12/2019,TU,1224,01,SHREWSBURY PD,1345,0,0,0,0,P,B,N,N,01,2,ROUTE 520,E,520,,00000520__,16.80,05,,01,04,02,01,01,01,04,01,50,FE,W,NJ 35 / BROAD ST,,,,35,35,26,,,N,,4537
20191345I-2019-02821,MONMOUTH,SHREWSBURY BORO,03/12/2019,TU,1254,01,SHREWSBURY PD,,0,0,0,0,P,B,N,N,12,1,NJ 35,S,35,,00000035__,31.76,02,,01,04,02,01,01,01,04,01,585,FE,S,CR 13A / SYCAMORE AVE,,,,40,40,24,,,N,,4542
20191345I-2019-02887,MONMOUTH,SHREWSBURY BORO,03/14/2019,TH,0728,01,SHREWSBURY PD,,0,1,0,0,I,I,N,N,14,1,NJ 35,N,35,,00000035__,31.25,02,,01,04,02,01,01,01,05,01,,AT,,AVE OF THE COMMON,,,,40,,26,,,N,DAMAGE TO BICYCLE OF PEDALCYCLIST #2,4529
20191345I-2019-02932,MONMOUTH,SHREWSBURY BORO,03/15/2019,FR,0903,01,SHREWSBURY PD,1345,0,1,0,0,I,I,N,N,01,2,NJ 35,N,35,,00000035__,32.74,02,,01,04,02,01,01,01,04,01,,AT,,THOMAS AVE,,,,35,25,26,,,N,,4537
20191345I-2019-02958,MONMOUTH,SHREWSBURY BORO,03/15/2019,FR,1716,01,SHREWSBURY PD,1345,0,0,0,0,P,I,N,N,01,2,MONMOUTH COUNTY 13,S,13,,13000013__,,05,,01,04,02,01,01,01,04,01,,AT,,TINTON FALLS PLAZA DR,,,,40,25,26,,,N,,4537
20191345I-2019-03158,MONMOUTH,SHREWSBURY BORO,03/20/2019,WE,1919,01,SHREWSBURY PD,MUNICIPAL,0,0,0,0,P,B,N,N,12,1,NJ 35,S,35,,00000035__,31.81,02,,01,04,02,01,07,01,05,01,300,FE,S,CR 13A / SYCAMORE AVE,,,,40,40,24,,,N,,4535
20191345I-2019-03175,MONMOUTH,SHREWSBURY BORO,03/21/2019,TH,0806,01,SHREWSBURY PD,,0,0,0,0,P,I,N,N,02,2,NJ 35,N,35,,00000035__,32.74,02,,01,04,02,01,01,01,04,01,,AT,,THOMAS AVE,,,,35,25,26,,,N,,4542
20191345I-2019-03321,MONMOUTH,SHREWSBURY BORO,03/25/2019,MO,1013,01,SHREWSBURY PD,1345,0,1,0,0,I,B,N,N,01,2,WHITE RD,W,,,13451114__,.02,07,,01,04,02,01,01,01,04,01,100,FE,E,NJ 35 / BROAD ST,,,,25,35,26,,,N,,4537
20191345I-2019-04782,MONMOUTH,SHREWSBURY BORO,05/03/2019,FR,1345,01,SHREWSBURY PD,1345,0,1,0,0,I,I,N,N,14,1,NJ 35,N,35,,00000035__,32.45,02,,01,04,02,01,01,01,04,01,,AT,,MEADOW,,,,35,25,26,,,N,,4537
20191345I-2019-04961,MONMOUTH,SHREWSBURY BORO,05/09/2019,TH,1237,01,SHREWSBURY PD,,0,0,0,0,P,I,N,N,03,2,PATTERSON AVE,W,,,13451049__,.21,07,,01,04,02,01,01,01,04,01,,AT,,BIRCH ST / CRAFFORE ST,,,,25,25,26,,,N,,4534
20191345I-2019-05005,MONMOUTH,SHREWSBURY BORO,05/10/2019,FR,1622,01,SHREWSBURY PD,,0,0,0,0,P,B,N,N,01,3,MONMOUTH COUNTY 13 A,W,13,A,13000013A_,2.05,05,,01,04,02,01,01,01,04,01,100,FE,E,CR 13 / SHREWSBURY AVE,,,,40,40,26,,,N,,4542
20191345I-2019-05006,MONMOUTH,SHREWSBURY BORO,05/10/2019,FR,1805,01,SHREWSBURY PD,,0,0,0,0,P,I,N,N,07,2,MONMOUTH COUNTY 13,N,13,,13000013__,1.67,05,,01,04,02,01,01,01,04,01,,AT,,PATTERSON AVE,,,,40,25,26,,,N,,4542
20191345I-2019-05032,MONMOUTH,SHREWSBURY BORO,05/11/2019,SA,1502,01,SHREWSBURY PD,,0,0,0,0,P,B,N,N,02,2,NJ 35,S,35,,00000035__,32.64,02,,01,04,02,01,01,01,04,01,100,FE,N,PATTERSON AVE,,,,35,,26,,,N,,4538
20191345I-2019-05073,MONMOUTH,SHREWSBURY BORO,05/13/2019,MO,1449,01,SHREWSBURY PD,,0,0,0,0,P,B,N,N,01,2,MONMOUTH COUNTY 13,N,13,,13000013__,1.21,05,,01,06,02,02,01,02,04,01,100,FE,N,N GILBERT ST,,,,40,,26,,,N,,4539
20191345I-2019-05077,MONMOUTH,SHREWSBURY BORO,05/13/2019,MO,1836,01,SHREWSBURY PD,SHREWSBURY,0,0,0,0,P,B,N,N,01,2,NJ 35,N,35,,00000035__,32.71,02,,01,04,02,02,01,02,05,01,50,FE,S,WHITE RD,,,,35,,26,,,N,,4543
20191345I-2019-05112,MONMOUTH,SHREWSBURY BORO,05/14/2019,TU,1603,01,SHREWSBURY PD,,0,0,0,0,P,I,N,N,01,2,MONMOUTH COUNTY 13 A,E,13,A,13000013A_,3.41,05,,01,04,02,02,01,01,04,01,,AT,,EAST END AVE,,,,40,,26,,,N,,4539
20191345I-2019-05143,MONMOUTH,SHREWSBURY BORO,05/15/2019,WE,1853,01,SHREWSBURY PD,SHREWSBURY,0,0,0,0,P,I,N,N,07,2,NJ 35,N,35,,00000035__,32.72,02,,01,04,02,01,01,01,05,01,,AT,,WHITE RD,,,,35,,26,,,N,THE SOUTH BOUND TRAFFIC SIGNAL AT THE INTERSECTION OF BROAD STREET AND THOMAS A?,4543
20191345I-2019-05387,MONMOUTH,SHREWSBURY BORO,05/22/2019,WE,0723,01,SHREWSBURY PD,SHREWSBURY,0,0,0,0,P,I,N,N,02,2,MONMOUTH COUNTY 13 A,W,13,A,13000013A_,2.03,05,,01,04,02,01,01,01,05,01,,AT,E,CR 13 / SHREWSBURY AVE,,,,35,,26,,,N,,4543
20191345I-2019-05436,MONMOUTH,SHREWSBURY BORO,05/23/2019,TH,1204,01,SHREWSBURY PD,SHREWSBURY,0,0,0,0,P,B,N,N,01,2,MONMOUTH COUNTY 13,N,13,,13000013__,.50,05,,01,04,02,01,01,01,05,01,,,,,,,,40,,26,,,N,,4543
20191345I-2019-05785,MONMOUTH,SHREWSBURY BORO,06/03/2019,MO,1711,01,SHREWSBURY PD,SHREWSBURY BOR?,0,0,0,0,P,B,N,N,01,2,NJ 35,S,35,,00000035__,31.89,02,,01,04,02,01,01,01,04,01,100,FE,N,CR 13A / SYCAMORE AVE,,,,35,40,26,,,N,,4541
20191345I-2019-05887,MONMOUTH,SHREWSBURY BORO,06/05/2019,WE,1402,01,SHREWSBURY PD,SHREWSBURY,0,0,0,0,P,B,N,N,01,2,MONMOUTH COUNTY 13 A,E,13,A,13000013A_,2.20,05,,01,04,02,01,01,01,05,01,,,,,,,,40,,26,,,N,,4543
20191345I-2019-05918,MONMOUTH,SHREWSBURY BORO,06/06/2019,TH,1203,01,SHREWSBURY PD,SHREWSBURY,0,0,0,0,P,B,N,N,01,2,MONMOUTH COUNTY 13,N,13,,13000013__,1.92,05,,01,04,02,01,01,01,05,01,20,FE,S,ROUTE 520 / NEWMAN SPRINGS RD,,,,40,,26,,,N,,4543
20191345I-2019-05924,MONMOUTH,SHREWSBURY BORO,06/06/2019,TH,1345,01,SHREWSBURY PD,,0,0,0,0,P,I,N,N,01,2,NJ 35,S,35,,00000035__,32.45,02,,01,04,02,01,01,01,04,01,,AT,,MEADOW,,,,35,25,26,,,N,,4542
20191345I-2019-05952,MONMOUTH,SHREWSBURY BORO,06/07/2019,FR,1746,01,SHREWSBURY PD,,0,0,0,0,P,B,N,N,06,2,681 SHREWSBURY AVENUE,E,,,,,09,,01,04,02,01,01,01,05,01,,,,,,,,,,28,,,N,,4542
20191345I-2019-05953,MONMOUTH,SHREWSBURY BORO,06/07/2019,FR,1757,01,SHREWSBURY PD,,0,0,0,0,P,B,N,N,03,2,MONMOUTH COUNTY 13,N,13,,13000013__,.10,05,,01,04,02,01,01,01,04,01,500,FE,N,TINTON FALLS PLAZA DRIVE,,,,40,,26,,,N,,4540
20191345I-2019-06014,MONMOUTH,SHREWSBURY BORO,06/09/2019,SU,1319,01,SHREWSBURY PD,,0,0,0,0,P,B,N,N,01,2,ROUTE 520,W,520,,00000520__,16.63,05,,01,04,02,01,01,01,04,01,25,FE,E,LAUREL ST,,,,35,25,26,,,N,,4540
20191345I-2019-06199,MONMOUTH,SHREWSBURY BORO,06/14/2019,FR,1037,01,SHREWSBURY PD,,0,0,0,0,P,I,N,N,01,2,MONMOUTH COUNTY 13 A,,13,A,13000013A_,2.86,05,,01,04,02,01,01,01,05,01,,AT,W,COLONIAL DR,,,,40,25,26,,,N,,4535
20191345I-2019-06285,MONMOUTH,SHREWSBURY BORO,06/16/2019,SU,2136,01,SHREWSBURY PD,,0,0,0,0,P,B,N,N,12,1,MONMOUTH COUNTY 13,N,13,,13000013__,.91,05,,01,06,02,02,07,01,04,01,100,FE,S,CR 13A / SYCAMORE AVE,,,,40,,24,,,N,,4539
20191345I-2019-06313,MONMOUTH,SHREWSBURY BORO,06/17/2019,MO,1258,01,SHREWSBURY PD,,0,1,0,0,I,B,N,N,01,3,MONMOUTH COUNTY 13 A,W,13,A,13000013A_,2.59,05,,,04,02,01,01,05,04,01,250,FE,W,NJ 35 / BROAD ST,,,,35,40,26,,,N,,4540
20191345I-2019-06360,MONMOUTH,SHREWSBURY BORO,06/18/2019,TU,1352,01,SHREWSBURY PD,SHREWSBURY BOR?,0,1,0,0,I,B,N,N,03,2,NJ 35,S,35,,00000035__,31.92,02,,01,04,02,02,01,02,04,01,250,FE,N,CR 13A / SYCAMORE AVE,,,,35,40,26,,,N,,4541
20191345I-2019-06395,MONMOUTH,SHREWSBURY BORO,06/19/2019,WE,1014,01,SHREWSBURY PD,,0,0,0,0,P,B,N,N,06,2,423 SHREWSBURY AVENUE,N,,,,,09,,01,04,02,01,01,01,05,01,,,,,,,,25,,28,,,N,,4529
20191345I-2019-06397,MONMOUTH,SHREWSBURY BORO,06/19/2019,WE,1102,01,SHREWSBURY PD,,0,0,0,0,P,B,N,N,06,2,WHITE RD,E,,,13451114__,.01,07,,01,04,02,01,01,01,05,01,50,FE,E,NJ 35 / BROAD ST,,,,25,,28,,,N,,4529
20191345I-2019-06442,MONMOUTH,SHREWSBURY BORO,06/20/2019,TH,1818,01,SHREWSBURY PD,,0,0,0,0,P,I,N,N,03,2,NJ 35,N,35,,00000035__,32.62,02,,01,04,02,01,01,01,04,01,,AT,,PATTERSON AVE,,,,35,25,26,,,N,,4534
20191345I-2019-06475,MONMOUTH,SHREWSBURY BORO,06/21/2019,FR,1620,01,SHREWSBURY PD,SHREWSBURY BOR?,0,0,0,0,P,B,N,N,02,2,MONMOUTH COUNTY 13,N,13,,13000013__,1.91,05,,01,04,02,01,01,01,04,01,50,FE,S,ROUTE 520 / NEWMAN SPRINGS RD,,,,40,35,26,,,N,,4541
20191345I-2019-06550,MONMOUTH,SHREWSBURY BORO,06/23/2019,SU,1518,01,SHREWSBURY PD,SHREWSBURY BOR?,0,0,0,0,P,I,N,N,03,2,NJ 35,S,35,,00000035__,32.62,02,,01,04,02,01,01,01,04,01,,AT,,PATTERSON AVE,,,,35,25,26,,,N,,4541
20191345I-2019-06626,MONMOUTH,SHREWSBURY BORO,06/25/2019,TU,0859,01,SHREWSBURY PD,,0,0,0,0,P,I,N,N,02,2,NJ 35,S,35,,00000035__,32.72,02,,01,04,02,01,01,01,04,01,,AT,,WHITE RD,,,,35,25,26,,,N,,4534
20191345I-2019-06639,MONMOUTH,SHREWSBURY BORO,06/25/2019,TU,1625,01,SHREWSBURY PD,,0,1,0,0,I,B,N,N,07,2,MONMOUTH COUNTY 13,N,13,,13000013__,1.07,05,,01,04,02,01,01,01,05,01,50,FE,N,GILBERT ST S,,,,35,25,26,,,N,,4529
20191345I-2019-06642,MONMOUTH,SHREWSBURY BORO,06/25/2019,TU,1729,01,SHREWSBURY PD,,0,0,0,0,P,B,N,N,02,2,MONMOUTH COUNTY 13 A,,13,A,13000013A_,2.64,05,,03,04,02,01,01,01,05,01,10,FE,N,NJ 35 / BROAD ST,,,,35,40,26,,,N,,4529
20191345I-2019-06676,MONMOUTH,SHREWSBURY BORO,06/26/2019,WE,1711,01,SHREWSBURY PD,,0,0,0,0,P,B,N,N,99,1,ELM AVE **,W,,,13451007__,.18,07,,01,04,02,01,01,01,05,01,100,FE,W,OLD FARM RD,,,,25,25,,,,N,,4540
20191345I-2019-06703,MONMOUTH,SHREWSBURY BORO,06/27/2019,TH,0813,01,SHREWSBURY PD,SHREWSBURY POL?,0,0,0,0,P,B,N,N,03,2,ROUTE 520,E,520,,00000520__,16.80,05,,01,04,02,01,01,01,04,01,50,FE,W,NJ 35 / BROAD ST,,,,35,35,26,,,N,,4541
20191345I-2019-06712,MONMOUTH,SHREWSBURY BORO,06/27/2019,TH,1309,01,SHREWSBURY PD,,0,0,0,0,P,B,N,N,02,2,MONMOUTH COUNTY 13 A,E,13,A,13000013A_,2.76,05,,01,04,02,01,01,01,04,01,15,FE,E,BUTTONWOOD DR,,,,40,25,26,,,N,,450
20191345I-2019-06751,MONMOUTH,SHREWSBURY BORO,06/28/2019,FR,0959,01,SHREWSBURY PD,,0,0,0,0,P,B,N,N,08,2,WHITE RD,S,,,13451114__,.05,07,,01,04,02,01,01,01,05,01,250,FE,E,NJ 35 / BROAD ST,,,,25,,28,,,N,,4529
20191345I-2019-06756,MONMOUTH,SHREWSBURY BORO,06/28/2019,FR,1501,01,SHREWSBURY PD,,0,0,0,0,P,B,N,N,03,2,NJ 35,S,35,,00000035__,32.12,02,,01,04,02,01,01,01,05,01,1320,FE,N,CR 13A / SYCAMORE AVE,,,,35,,26,,,N,,4529
20191345I-2019-06898,MONMOUTH,SHREWSBURY BORO,07/02/2019,TU,1353,01,SHREWSBURY PD,1345,0,0,0,0,P,I,N,N,02,2,NJ 35,S,35,,00000035__,32.74,02,,01,04,02,01,01,01,04,01,,AT,,THOMAS AVE,,,,35,25,26,,,N,,4537
20191345I-2019-06934,MONMOUTH,SHREWSBURY BORO,07/03/2019,WE,1248,01,SHREWSBURY PD,,0,0,0,0,P,B,N,N,08,2,NJ 35,N,35,,00000035__,32.00,02,,01,04,02,01,01,01,05,01,1320,FE,S,OBRE PL / WHITE ST,,,,35,25,26,,,N,,4529
20191345I-2019-06944,MONMOUTH,SHREWSBURY BORO,07/03/2019,WE,1737,01,SHREWSBURY PD,,0,0,0,0,P,I,N,N,01,2,MONMOUTH COUNTY 13 A,W,13,A,13000013A_,2.64,05,,01,04,02,01,01,01,02,01,,AT,,NJ 35 / BROAD ST,,,,40,35,26,,,N,,4531
20191345I-2019-06988,MONMOUTH,SHREWSBURY BORO,07/05/2019,FR,1738,01,SHREWSBURY PD,,0,0,0,0,P,B,N,N,02,2,NJ 35,N,35,,00000035__,31.08,02,,01,04,02,01,01,01,05,01,20,FE,S,CR 13 / SHREWSBURY AVE,,,,40,40,26,,,N,,4535
20191345I-2019-07051,MONMOUTH,SHREWSBURY BORO,07/08/2019,MO,0934,01,SHREWSBURY PD,,0,2,0,0,I,B,N,N,01,2,MONMOUTH COUNTY 13 A,E,13,A,13000013A_,3.22,05,,00,04,02,02,01,02,05,01,15,FE,W,WEST END AVE,,,,40,25,26,,,N,,4531
20191345I-2019-07054,MONMOUTH,SHREWSBURY BORO,07/08/2019,MO,1004,01,SHREWSBURY PD,,0,0,0,0,P,B,N,N,01,2,WHITE RD,W,,,13451114__,.03,07,,01,04,02,02,01,02,04,01,150,FE,E,NJ 35 / BROAD ST,,,,25,,26,,,N,,4539
20191345I-2019-07141,MONMOUTH,SHREWSBURY BORO,07/11/2019,TH,1049,01,SHREWSBURY PD,,0,0,0,0,P,I,N,N,03,2,NJ 35,S,35,,00000035__,32.62,02,,01,04,02,01,01,01,04,01,,AT,,PATTERSON AVE,,,,35,25,26,,,N,,4542
20191345I-2019-07143,MONMOUTH,SHREWSBURY BORO,07/11/2019,TH,1240,01,SHREWSBURY PD,1345,0,0,0,0,P,B,N,N,06,2,PATTERSON AVE,E,,,13451049__,,07,,01,04,02,01,01,01,04,01,50,FE,W,YALE BLVD,,,,25,25,26,,,N,,4537
20191345I-2019-07180,MONMOUTH,SHREWSBURY BORO,07/12/2019,FR,1618,01,SHREWSBURY PD,SHREWSBURY,0,0,0,0,P,B,N,N,02,2,MONMOUTH COUNTY 13,N,13,,13000013__,1.91,05,,01,04,02,01,01,01,05,02,50,FE,S,ROUTE 520 / NEWMAN SPRINGS RD,,,,40,,26,,,N,,4543
20191345I-2019-07381,MONMOUTH,SHREWSBURY BORO,07/18/2019,TH,0816,01,SHREWSBURY PD,SHREWSBURY,0,0,0,0,P,I,N,N,02,2,NJ 35,S,35,,00000035__,31.87,02,,01,04,02,01,01,01,05,01,,AT,,CR 13A / SYCAMORE AVE,,,,40,,26,,,N,,4543
20191345I-2019-07395,MONMOUTH,SHREWSBURY BORO,07/18/2019,TH,1304,01,SHREWSBURY PD,SHREWSBURY,0,0,0,0,P,I,N,N,01,3,NJ 35,N,35,,00000035__,31.87,02,,01,04,02,01,01,01,05,01,,AT,,CR 13A / SYCAMORE AVE,,,,40,,26,,,N,,4543
20191345I-2019-07426,MONMOUTH,SHREWSBURY BORO,07/19/2019,FR,1323,01,SHREWSBURY PD,1345,0,0,0,0,P,I,N,N,03,2,MONMOUTH COUNTY 13,N,13,,13000013__,,05,,01,04,02,01,01,01,04,01,,AT,,WINDING BROOK,,,,40,25,26,,,N,,4537
20191345I-2019-07451,MONMOUTH,SHREWSBURY BORO,07/20/2019,SA,1045,01,SHREWSBURY PD,1345,0,2,0,0,I,I,N,N,03,2,NJ 35,N,35,,00000035__,31.87,02,,01,04,02,01,01,01,04,01,,AT,,CR 13A / SYCAMORE AVE,,,,40,40,26,,,N,,4537
20191345I-2019-07454,MONMOUTH,SHREWSBURY BORO,07/20/2019,SA,1353,01,SHREWSBURY PD,1345,0,0,0,0,P,B,N,N,01,2,ROUTE 520,E,520,,00000520__,16.38,05,,01,04,02,01,01,01,04,01,950,FE,W,HENRY ST,,,,35,25,26,,,N,,4537
20191345I-2019-07623,MONMOUTH,SHREWSBURY BORO,07/25/2019,TH,1338,01,SHREWSBURY PD,,0,0,0,0,P,I,N,N,04,3,NJ 35,S,35,,00000035__,31.87,02,,01,04,02,01,01,01,04,01,,AT,,CR 13A / SYCAMORE AVE,,,,35,40,26,,,N,,4542
20191345I-2019-07660,MONMOUTH,SHREWSBURY BORO,07/26/2019,FR,1245,01,SHREWSBURY PD,,0,0,0,0,P,B,N,N,08,2,555 SHREWSBURY AVENUE,S,,,,,09,,01,04,02,01,01,01,05,01,,,,,,,,15,,26,,,N,,4539