Year(4)-CountyCode(2)-MunicipalityCode(2)-CaseNumber(9),County Name,Municipality Name,Crash Date,Crash Day of Week,Crash Time,Police Department Code,Police Department,Police Station,Total Killed,Total Injured,Pedestrians Killed,Pedestrians Injured,Severity,Intersection,Alcohol Involved,Hazmat Involved,Crash Type,Total Vehicles,Location,Location Direction,Route,Route Suffix,Std Rte Identifier,MilePost,Road System,Road Character,Road Horizontal Alignment,Road Grade,Road Surface Type,Surface Condition,Light Condition,Environmental Condition,Road Divided By,Temporary Traffic Control Zone,Distance To Cross Street,Unit Of Measurement,Direction From Cross Street,Cross Street Name,Is Ramp,Ramp To/From Route Name,Ramp To/From Route Direction,Posted Speed,Posted Speed Cross Street,First Harmful Event,Latitude,Longitude,Cell Phone In Use Flag,Other Property Damage,Reporting Badge No.
20191345I-2019-07665,MONMOUTH,SHREWSBURY BORO,07/26/2019,FR,1456,01,SHREWSBURY PD,,0,1,0,0,I,I,N,N,03,2,MONMOUTH COUNTY 13,N,13,,13000013__,1.67,05,,01,04,02,01,01,01,04,01,,AT,,PATTERSON AVE,,,,40,,26,,,N,,4539
20191345I-2019-07808,MONMOUTH,SHREWSBURY BORO,07/31/2019,WE,1441,01,SHREWSBURY PD,SHREWSBURY,0,0,0,0,P,I,N,N,01,2,NJ 35,N,35,,00000035__,32.62,02,,01,04,02,02,01,02,05,01,,AT,,PATTERSON AVE,,,,35,,26,,,N,,4543
20191345I-2019-07985,MONMOUTH,SHREWSBURY BORO,08/05/2019,MO,1210,01,SHREWSBURY PD,,0,0,0,0,P,B,N,N,01,2,WHITE RD,W,,,13451114__,.00,07,,01,04,02,01,01,01,05,01,15,FE,E,NJ 35 / BROAD ST,,,,25,35,26,,,N,,4535
20191345I-2019-08037,MONMOUTH,SHREWSBURY BORO,08/07/2019,WE,1351,01,SHREWSBURY PD,SHREWSBURY BORO,0,0,0,0,P,B,N,N,10,1,MONMOUTH COUNTY 13,N,13,,13000013__,1.08,05,,01,04,02,02,01,02,04,01,100,FE,N,GILBERT ST S,,,,40,25,01,,,N,FORD EXPLORER (VIN # 1HVBBABL4VH505476)  AND A LINCOLN MKX (VIN # 2LMTJ8KP2GBL3?,4541
20191345I-2019-08083,MONMOUTH,SHREWSBURY BORO,08/09/2019,FR,1301,01,SHREWSBURY PD,,0,0,0,0,P,B,N,N,08,2,NJ 35,S,35,,00000035__,32.73,02,,01,04,02,01,01,01,04,,40,FE,N,WHITE RD,,,,35,25,26,,,N,,4534
20191345I-2019-08185,MONMOUTH,SHREWSBURY BORO,08/12/2019,MO,1311,01,SHREWSBURY PD,,0,0,0,0,P,B,N,N,02,2,NJ 35,N,35,,00000035__,32.45,02,,01,04,02,01,01,01,04,01,15,FE,N,MEADOW,,,,35,,26,,,N,,4540
20191345I-2019-08186,MONMOUTH,SHREWSBURY BORO,08/12/2019,MO,1712,01,SHREWSBURY PD,,0,0,0,0,P,B,N,N,01,2,NJ 35,S,35,,00000035__,31.88,02,,01,04,02,01,01,01,05,01,50,FE,N,CR 13A / SYCAMORE AVE,,,,35,40,,,,N,,4535
20191345I-2019-08220,MONMOUTH,SHREWSBURY BORO,08/13/2019,TU,0805,01,SHREWSBURY PD,,0,0,0,0,P,B,N,N,02,2,NJ 35,N,35,,00000035__,31.62,02,,01,04,02,01,01,01,05,01,100,FE,N,SILVERBROOK RD,,,,40,25,26,,,N,,4535
20191345I-2019-08285,MONMOUTH,SHREWSBURY BORO,08/15/2019,TH,1110,01,SHREWSBURY PD,,0,0,0,0,P,I,N,N,03,2,ROUTE 520,E,520,,00000520__,16.30,05,,01,04,02,01,01,01,04,01,,AT,,S BRIDGE AVE,,,,35,25,26,,,N,,4534
20191345I-2019-08291,MONMOUTH,SHREWSBURY BORO,08/15/2019,TH,1611,01,SHREWSBURY PD,,0,0,0,0,P,B,N,N,04,2,NJ 35,S,35,,00000035__,32.81,02,,01,04,02,01,01,01,04,01,200,FE,S,ROUTE 520 / NEWMAN SPRINGS RD,,,,35,35,27,,,N,,4534
20191345I-2019-08324,MONMOUTH,SHREWSBURY BORO,08/16/2019,FR,1255,01,SHREWSBURY PD,SHREWSBURY BOR?,0,0,0,0,P,B,N,N,03,2,MONMOUTH COUNTY 13,N,13,,13000013__,.38,05,,03,04,02,01,01,01,04,01,500,FE,S,BARKER AVE,,,,40,25,26,,,N,,4541
20191345I-2019-08449,MONMOUTH,SHREWSBURY BORO,08/19/2019,MO,1135,01,SHREWSBURY PD,,0,1,0,0,I,B,N,N,01,2,WHITE RD,W,,,13451114__,.04,07,,01,04,02,01,01,01,04,01,200,FE,E,NJ 35 / BROAD ST,,,,35,35,26,,,N,,4534
20191345I-2019-08450,MONMOUTH,SHREWSBURY BORO,08/19/2019,MO,1217,01,SHREWSBURY PD,,0,0,0,0,P,B,N,N,03,2,MONMOUTH COUNTY 13 A,W,13,A,13000013A_,2.05,05,,01,04,02,01,01,01,04,01,100,FE,E,CR 13 / SHREWSBURY AVE,,,,40,40,26,,,N,,4534
20191345I-2019-08453,MONMOUTH,SHREWSBURY BORO,08/19/2019,MO,1506,01,SHREWSBURY PD,,0,0,0,0,P,B,N,N,08,2,575 SHREWSBURY AVENUE,N,,,,,09,,01,04,03,01,01,01,05,01,,,,,,,,15,,28,,,N,,4534
20191345I-2019-08466,MONMOUTH,SHREWSBURY BORO,08/19/2019,MO,1755,01,SHREWSBURY PD,,0,1,0,0,I,I,N,N,01,2,MONMOUTH COUNTY 13 A,E,13,A,13000013A_,3.23,05,,01,04,02,02,01,01,04,01,,AT,,ELM LN,,,,40,25,26,,,N,,4534
20191345I-2019-08568,MONMOUTH,SHREWSBURY BORO,08/22/2019,TH,1621,01,SHREWSBURY PD,,0,0,0,0,P,B,N,N,02,2,NJ 35,S,35,,00000035__,32.74,02,,01,04,02,01,01,01,04,01,25,FE,N,THOMAS AVE,,,,40,,26,,,N,,4540
20191345I-2019-08697,MONMOUTH,SHREWSBURY BORO,08/26/2019,MO,1436,01,SHREWSBURY PD,1345,0,0,0,0,P,B,N,N,06,2,OBRE ST **,E,,,13451016__,.21,07,,01,04,02,01,01,01,05,01,300,FE,W,NJ 35 / BROAD ST,,,,25,35,26,,,N,,4537
20191345I-2019-08745,MONMOUTH,SHREWSBURY BORO,08/28/2019,WE,1114,01,SHREWSBURY PD,,0,0,0,0,P,B,N,N,02,2,AVE AT THE COMMONS **,W,,,13451042__,.02,07,,01,04,02,01,01,02,05,01,100,FE,E,NJ 35 / BROAD ST,,,,25,,26,,,N,,4538
20191345I-2019-08751,MONMOUTH,SHREWSBURY BORO,08/28/2019,WE,1454,01,SHREWSBURY PD,,0,0,0,0,P,B,N,N,01,2,NJ 35,S,35,,00000035__,32.20,02,,01,04,02,01,01,01,05,01,,,,,,,,40,,26,,,N,,4529
20191345I-2019-08943,MONMOUTH,SHREWSBURY BORO,09/03/2019,TU,1531,01,SHREWSBURY PD,SHREWSBURY,0,0,0,0,P,B,N,N,06,2,MONROE AVE **,E,,,,,07,,01,04,02,01,01,01,05,01,,,,,,,,25,,26,,,N,,4543
20191345I-2019-09020,MONMOUTH,SHREWSBURY BORO,09/06/2019,FR,1553,01,SHREWSBURY PD,,0,0,0,0,P,B,N,N,03,2,NJ 35,S,35,,00000035__,32.59,02,,01,04,02,02,01,02,04,01,100,FE,S,MONROE AVE,,,,35,,26,,,N,,4539
20191345I-2019-09056,MONMOUTH,SHREWSBURY BORO,09/07/2019,SA,1900,01,SHREWSBURY PD,,0,0,0,0,P,B,N,N,01,3,ROUTE 520,E,520,,00000520__,16.77,05,,01,04,02,01,01,01,04,01,200,FE,W,NJ 35 / BROAD ST,,,,35,35,26,,,N,,4534
20191345I-2019-09153,MONMOUTH,SHREWSBURY BORO,09/11/2019,WE,1711,01,SHREWSBURY PD,SHREWSBURY,0,0,0,0,P,B,N,N,01,2,NJ 35,N,35,,00000035__,32.70,02,,01,04,02,01,01,01,05,01,100,FE,S,WHITE RD,,,,35,,26,,,N,,4543
20191345I-2019-09359,MONMOUTH,SHREWSBURY BORO,09/18/2019,WE,1904,01,SHREWSBURY PD,,0,1,0,0,I,B,N,N,01,2,NJ 35,S,35,,00000035__,31.89,02,,01,04,02,01,03,01,05,01,100,FE,N,CR 13A / SYCAMORE AVE,,,,35,40,26,,,N,,4535
20191345I-2019-09395,MONMOUTH,SHREWSBURY BORO,09/19/2019,TH,1739,01,SHREWSBURY PD,,0,1,0,0,I,I,N,N,01,2,NJ 35,N,35,,00000035__,32.61,02,,01,04,02,01,01,01,04,01,,AT,,MONROE AVE,,,,35,25,26,,,N,,4542
20191345I-2019-09421,MONMOUTH,SHREWSBURY BORO,09/20/2019,FR,1542,01,SHREWSBURY PD,,0,1,0,0,I,B,N,N,03,1,NJ 35,N,35,,00000035__,32.19,02,,01,04,02,01,01,01,04,01,300,FE,S,OBRE PL / WHITE ST,,,,35,,26,,,N,,4539
20191345I-2019-09498,MONMOUTH,SHREWSBURY BORO,09/23/2019,MO,0926,01,SHREWSBURY PD,,0,0,0,0,P,B,N,N,03,2,ROUTE 520,E,520,,00000520__,16.77,05,,01,04,02,01,00,01,04,01,200,FE,W,NJ 35 / BROAD ST,,,,35,35,26,,,N,,4540
20191345I-2019-09569,MONMOUTH,SHREWSBURY BORO,09/25/2019,WE,1752,01,SHREWSBURY PD,,0,0,0,0,P,B,N,N,12,1,NJ 35,N,35,,00000035__,32.19,02,,01,04,02,01,01,01,04,01,300,FE,S,OBRE PL / WHITE ST,,,,35,,24,,,N,,4539
20191345I-2019-09572,MONMOUTH,SHREWSBURY BORO,09/25/2019,WE,1937,01,SHREWSBURY PD,,0,0,0,0,P,I,Y,N,03,2,MONMOUTH COUNTY 13,N,13,,13000013__,.00,05,,02,04,02,01,07,01,05,01,,AT,,TINTON FALLS PLAZA DR.,,,,25,,26,,,N,,4535
20191345I-2019-10621,MONMOUTH,SHREWSBURY BORO,10/29/2019,TU,1049,01,SHREWSBURY PD,,0,1,0,1,I,I,N,N,13,1,NJ 35,N,35,,00000035__,32.74,02,,01,04,02,02,01,02,04,01,,AT,,THOMAS AVE,,,,35,,26,,,N,,45105
20191345I-2019-10810,MONMOUTH,SHREWSBURY BORO,11/04/2019,MO,1148,01,SHREWSBURY PD,1345,0,0,0,0,P,B,N,N,03,2,MEADOW DR **,E,,,13451039__,.20,07,,01,04,02,01,01,01,05,01,75,FE,E,NJ 35 / BROAD ST,,,,25,35,26,,,N,,4537
20191345I-2019-10868,MONMOUTH,SHREWSBURY BORO,11/05/2019,TU,1317,01,SHREWSBURY PD,,0,0,0,0,P,I,N,N,02,2,MONMOUTH COUNTY 13,S,13,,13000013__,.00,05,,03,04,02,01,01,01,04,01,,AT,,NJ 35,,,,40,40,26,,,N,,4542
20191345I-2019-10963,MONMOUTH,SHREWSBURY BORO,11/07/2019,TH,1514,01,SHREWSBURY PD,SHREWSBURY,0,0,0,0,P,B,N,N,01,2,NJ 35,N,35,,00000035__,31.84,02,,01,04,02,01,01,01,05,01,180,FE,S,CR 13A / SYCAMORE AVE,,,,40,,26,,,N,,4543
20191345I-2019-11067,MONMOUTH,SHREWSBURY BORO,11/09/2019,SA,2308,01,SHREWSBURY PD,,0,0,0,0,P,B,N,N,12,1,MONMOUTH COUNTY 13 A,E,13,A,13000013A_,2.41,05,,01,04,02,01,05,01,04,01,100,FE,N,BEECH TREE LN,,,,40,25,24,,,N,,4540
20191345I-2019-11068,MONMOUTH,SHREWSBURY BORO,11/10/2019,SU,0105,01,SHREWSBURY PD,,0,0,0,0,P,B,N,N,12,1,NJ 35,S,35,,00000035__,31.46,02,,01,04,02,01,06,01,04,01,75,FE,N,AVE OF THE COMMON / THORNBROOKE DR,,,,35,25,24,,,N,,4540
20191345I-2019-11279,MONMOUTH,SHREWSBURY BORO,11/15/2019,FR,1117,01,SHREWSBURY PD,,0,1,0,0,I,I,N,N,03,2,ROUTE 520,E,520,,00000520__,16.63,05,,01,04,02,01,01,01,04,01,,AT,,LAUREL ST,,,,40,,26,,,N,,4539
20191345I-2019-11295,MONMOUTH,SHREWSBURY BORO,11/15/2019,FR,1746,01,SHREWSBURY PD,,0,0,0,0,P,I,N,N,02,2,MONMOUTH COUNTY 13,W,13,,13000013__,.00,05,,01,04,02,01,01,01,04,01,,AT,,NJ 35,,,,40,,26,,,N,,4539
20191345I-2019-11427,MONMOUTH,SHREWSBURY BORO,11/19/2019,TU,1516,01,SHREWSBURY PD,SHREWSBURY BOR?,0,0,0,0,P,B,N,N,01,2,MONMOUTH COUNTY 13 A,W,13,A,13000013A_,2.65,05,,01,04,02,01,01,01,01,01,50,FE,E,NJ 35 / BROAD ST,,,,40,40,26,,,N,,4541
20191345I-2019-11548,MONMOUTH,SHREWSBURY BORO,11/22/2019,FR,0714,01,SHREWSBURY PD,,0,0,0,0,P,I,N,N,03,2,NJ 35,N,35,,00000035__,32.72,02,,01,04,02,01,01,01,04,01,,AT,S,WHITE RD,,,,35,,26,,,N,,4540
20191345I-2019-11554,MONMOUTH,SHREWSBURY BORO,11/22/2019,FR,1130,01,SHREWSBURY PD,SHREWSBURY BOR?,0,0,0,0,P,B,N,N,08,2,MONMOUTH COUNTY 13,N,13,,13000013__,1.76,05,,01,04,02,01,01,05,04,01,500,FE,N,PATTERSON AVE,,,,40,25,26,,,N,,4541
20191345I-2019-11560,MONMOUTH,SHREWSBURY BORO,11/22/2019,FR,1457,01,SHREWSBURY PD,SHREWSBURY BOR?,0,0,0,0,P,B,N,N,11,1,PATTERSON AVE,E,,,13451049__,.58,07,,01,04,02,02,01,02,04,01,50,FE,W,NJ 35 / BROAD ST,,,,25,35,60,,,N,,4541
20191345I-2019-11647,MONMOUTH,SHREWSBURY BORO,11/23/2019,SA,1914,01,SHREWSBURY PD,1345,0,0,0,0,P,I,N,N,05,2,NJ 35,N,35,,00000035__,32.25,02,,01,04,02,01,06,01,04,01,,AT,,OBRE PL / WHITE ST,,,,35,25,26,,,N,,4537
20191345I-2019-11827,MONMOUTH,SHREWSBURY BORO,11/27/2019,WE,1104,01,SHREWSBURY PD,SHREWSBURY BOR?,0,0,0,0,P,B,N,N,02,2,NJ 35,S,35,,00000035__,31.46,02,,01,04,02,01,01,05,04,01,50,FE,N,AVE OF THE COMMON / THORNBROOKE DR,,,,40,25,26,,,N,,4541
20191345I-2019-11852,MONMOUTH,SHREWSBURY BORO,11/27/2019,WE,1801,01,SHREWSBURY PD,SHREWSBURY BOR?,0,0,0,0,P,B,N,N,02,2,MONMOUTH COUNTY 13,N,13,,13000013__,1.45,05,,01,04,02,01,06,01,04,01,100,FE,S,APPLE ST,,,,40,25,26,,,N,,4541
20191345I-2019-11951,MONMOUTH,SHREWSBURY BORO,11/29/2019,FR,1711,01,SHREWSBURY PD,,0,0,0,0,P,B,N,N,12,1,MONMOUTH COUNTY 13 A,W,13,A,13000013A_,2.05,05,,01,04,02,01,07,01,04,01,100,FE,E,CR 13 / SHREWSBURY AVE,,,,40,40,24,,,N,,4534
20191345I-2019-12152,MONMOUTH,SHREWSBURY BORO,12/05/2019,TH,1415,01,SHREWSBURY PD,,0,0,0,0,P,B,N,N,12,1,NJ 35,S,35,,00000035__,31.08,02,,01,04,02,01,01,01,04,01,25,FE,N,CR 13 / SHREWSBURY AVE,,,,40,,24,,,N,,4529
20191345I-2019-12220,MONMOUTH,SHREWSBURY BORO,12/07/2019,SA,0949,01,SHREWSBURY PD,SHREWSBURY PD,0,1,0,0,I,I,N,N,03,2,MONMOUTH COUNTY 13,S,13,,13000013__,1.67,05,,01,04,02,01,01,01,04,01,,AT,W,PATTERSON AVE,,,,40,25,26,,,N,,4541
20191345I-2019-12247,MONMOUTH,SHREWSBURY BORO,12/08/2019,SU,1140,01,SHREWSBURY PD,SHREWSBURY BOR?,0,0,0,0,P,B,N,N,06,2,MONMOUTH COUNTY 13 A,W,13,A,13000013A_,2.73,05,,01,04,02,01,01,01,04,01,500,FE,E,NJ 35 / BROAD ST,,,,40,35,26,,,N,,4541
20191345I-2019-12270,MONMOUTH,SHREWSBURY BORO,12/09/2019,MO,0938,01,SHREWSBURY PD,,0,0,0,0,P,B,N,N,01,4,NJ 35,N,35,,00000035__,31.88,02,,01,04,02,02,01,02,05,01,50,FE,N,CR 13A / SYCAMORE AVE,,,,35,40,26,,,N,,4529
20191345I-2019-12328,MONMOUTH,SHREWSBURY BORO,12/10/2019,TU,1245,01,SHREWSBURY PD,,0,0,0,0,P,B,N,N,01,2,NJ 35,S,35,,00000035__,31.45,02,,01,04,02,02,01,02,05,01,25,FE,N,AVE OF THE COMMON / THORNBROOKE DR,,,,40,25,26,,,N,,4529
20191345I-2019-12486,MONMOUTH,SHREWSBURY BORO,12/13/2019,FR,1551,01,SHREWSBURY PD,,0,0,0,0,P,I,N,N,03,2,NJ 35,N,35,,00000035__,32.61,02,,01,04,02,02,01,02,04,01,,AT,,MONROE AVE,,,,35,25,26,,,N,,4531
20191345I-2019-12556,MONMOUTH,SHREWSBURY BORO,12/15/2019,SU,1809,01,SHREWSBURY PD,,0,1,0,0,I,B,N,N,01,2,MONMOUTH COUNTY 13,N,13,,13000013__,.92,05,,01,04,02,01,07,01,04,01,50,FE,S,CR 13A / SYCAMORE AVE,,,,40,40,26,,,N,,4534
20191345I-2019-12628,MONMOUTH,SHREWSBURY BORO,12/17/2019,TU,1322,01,SHREWSBURY PD,1345,0,1,0,0,I,B,N,N,01,3,MONMOUTH COUNTY 13 A,W,13,A,13000013A_,2.65,05,,01,04,02,02,01,02,04,01,50,FE,E,NJ 35 / BROAD ST,,,,40,35,26,,,N,,4537
20191345I-2019-12759,MONMOUTH,SHREWSBURY BORO,12/20/2019,FR,1609,01,SHREWSBURY PD,,0,0,0,0,P,I,N,N,07,2,MONMOUTH COUNTY 13,N,13,,13000013__,1.70,05,,01,04,02,01,01,01,04,01,,AT,,HARVARD WAY,,,,40,,26,,,N,,4538
20191345I-2019-12798,MONMOUTH,SHREWSBURY BORO,12/21/2019,SA,1601,01,SHREWSBURY PD,,0,1,0,0,I,B,N,N,14,1,NJ 35,N,35,,00000035__,32.67,02,,01,04,01,01,01,01,04,01,250,FE,S,WHITE RD,,,,35,25,21,,,N,BICYCLE,4542
20191345I-2019-12865,MONMOUTH,SHREWSBURY BORO,12/23/2019,MO,1245,01,SHREWSBURY PD,SHREWSBURY,0,0,0,0,P,I,N,N,03,2,NJ 35,,35,,00000035__,32.62,02,,01,04,02,01,01,01,05,01,,AT,,PATTERSON AVE,,,,35,,26,,,N,,4543
20191345I-2019-12899,MONMOUTH,SHREWSBURY BORO,12/24/2019,TU,1455,01,SHREWSBURY PD,,0,0,0,0,P,I,N,N,01,2,MONMOUTH COUNTY 13 A,E,13,A,13000013A_,3.41,05,,01,04,02,01,01,01,04,01,,AT,,EAST END AVE,,,,40,,26,,,N,,4539
20191345I-2019-12904,MONMOUTH,SHREWSBURY BORO,12/24/2019,TU,1707,01,SHREWSBURY PD,SHREWSBURY,0,0,0,0,P,I,N,N,02,2,NJ 35,S,35,,00000035__,32.74,02,,01,04,02,01,01,01,05,01,,AT,,THOMAS AVE,,,,35,,26,,,N,,4543
20191345I-2019-12994,MONMOUTH,SHREWSBURY BORO,12/27/2019,FR,1209,01,SHREWSBURY PD,,0,0,0,0,P,I,N,N,01,2,MONMOUTH COUNTY 13 A,E,13,A,13000013A_,2.03,05,,01,04,02,01,01,01,05,01,,AT,,CR 13 / SHREWSBURY AVE,,,,40,,26,,,N,,4538
20191345I-2019-13007,MONMOUTH,SHREWSBURY BORO,12/27/2019,FR,1454,01,SHREWSBURY PD,,0,0,0,0,P,I,N,N,03,2,MONMOUTH COUNTY 13 A,W,13,A,13000013A_,2.03,05,,01,04,02,01,01,01,04,01,,AT,,CR 13 / SHREWSBURY AVE,,,,40,40,26,,,N,,4538
20191345I-2019-13130,MONMOUTH,SHREWSBURY BORO,12/31/2019,TU,1521,01,SHREWSBURY PD,,0,0,0,0,P,B,N,N,07,2,MONMOUTH COUNTY 13 A,W,13,A,13000013A_,2.06,05,,01,04,02,01,01,01,04,01,135,FE,E,CR 13 / SHREWSBURY AVE,,,,40,40,26,,,N,,4542
20191346C060-2019-00104A,MONMOUTH,SHREWSBURY TWP,01/24/2019,TH,1820,02,NEW JERSEY STATE POLICE,HAMILTON-SUB -,0,0,0,0,P,B,N,N,01,2,SHREWSBURY AV,N,,,,,07,,01,04,02,01,06,01,05,01,,,S,BARKER AVE,,,,,15,26,40.318650,74.071920,Y,,8118
20191346C060-2019-00346A,MONMOUTH,SHREWSBURY TWP,03/06/2019,WE,1306,02,NEW JERSEY STATE POLICE,HAMILTON-SUB -,0,0,0,0,P,B,N,N,11,1,BARKER AVE **,S,,,13461001__,.12,07,,01,04,02,01,01,01,03,01,154,FE,S,BELSHAW AVE,,,,25,25,69,40.316680,74.071390,N,CABLE WIRE.,8151
20191346C060-2019-00437A,MONMOUTH,SHREWSBURY TWP,04/02/2019,TU,1439,02,NEW JERSEY STATE POLICE,HAMILTON-SUB -,0,0,0,0,P,B,N,N,06,2,CRAWFORD ST **,N,,,,,07,,01,04,02,01,01,01,05,01,,,,BARKER AVE,,,,15,15,00,40.314600,74.069840,N,,8256
20191346C060-2019-00478A,MONMOUTH,SHREWSBURY TWP,04/14/2019,SU,1043,02,NEW JERSEY STATE POLICE,HAMILTON-SUB -,0,0,0,0,P,B,N,N,06,2,CRAWFORD ST **,N,,,13461003__,.01,07,,01,04,02,01,06,01,05,01,,,S,BARKER AVE,,,,25,25,26,40.315710,74.070550,N,,8178
20191346C060-2019-01154A,MONMOUTH,SHREWSBURY TWP,08/11/2019,SU,1534,02,NEW JERSEY STATE POLICE,HAMILTON-SUB -,0,0,0,0,P,B,N,N,06,2,BELSHAW AV,N,,,,,07,,01,04,02,01,04,01,04,01,,,,,,,,15,,28,40.315210,74.072470,N,,8113
20191346C060-2019-01796A,MONMOUTH,SHREWSBURY TWP,11/18/2019,MO,1516,02,NEW JERSEY STATE POLICE,HAMILTON-SUB -,0,2,0,0,I,B,N,N,04,2,CRAWFORD ST **,N,,,13461003__,.01,07,,01,04,02,02,01,02,05,01,50,FE,S,BARKER AVE,,,,30,30,26,40.315710,74.070550,N,,8368
20191346C060-2019-01922A,MONMOUTH,SHREWSBURY TWP,12/10/2019,TU,1829,02,NEW JERSEY STATE POLICE,HAMILTON-SUB -,0,0,0,0,P,B,N,N,08,2,62 BARKER RD,S,,,,,09,,,04,02,02,06,02,05,01,,,,,,,,15,,28,40.314000,74.073340,N,,8111
2019134719BEL-10448-AC,MONMOUTH,LAKE COMO BORO,05/16/2019,TH,1634,01,BELMAR PD,,0,0,0,0,P,I,N,N,03,2,SEVENTEENTH AVE,,,,,,07,,01,04,02,01,01,01,05,01,,AT,,WHITE ST,,,,25,25,26,,,N,,154
2019134719BEL-10714-AC,MONMOUTH,LAKE COMO BORO,05/19/2019,SU,1941,01,BELMAR PD,,0,0,0,0,P,I,N,N,06,2,1ST AVE / 3RD AVE / E LAKE / MAIN ST,,,,13481059__,1.96,07,,01,04,02,01,01,01,04,01,,AT,,N BLVD,,,,25,25,26,,,N,,164
2019134719BEL-11164-AC,MONMOUTH,LAKE COMO BORO,05/24/2019,FR,2328,01,BELMAR PD,,0,0,0,0,P,B,Y,N,06,2,18TH AVE,,,,13471063__,.06,07,,01,04,02,01,04,01,,,50,FE,W,BRIARWOOD RD,,,,25,25,26,,,N,,958
2019134719BEL-14177-AC,MONMOUTH,LAKE COMO BORO,06/22/2019,SA,2234,01,BELMAR PD,,0,0,0,0,P,B,N,N,06,4,NEWMAN ST,,,,,,07,,01,04,02,01,06,01,05,01,150,FE,N,EIGHTEENTH AVE,,,,25,25,28,,,N,,
2019134719BEL-1513-AC,MONMOUTH,LAKE COMO BORO,01/20/2019,SU,1706,01,BELMAR PD,,0,0,0,0,P,B,N,N,08,2,LAUREL TER **,,,,13471025__,.00,07,,01,04,02,01,07,01,05,01,300,FE,S,18TH AVE,,,,25,25,28,,,N,,165
2019134719BEL-16622-AC,MONMOUTH,LAKE COMO BORO,07/14/2019,SU,1416,01,BELMAR PD,,0,0,0,0,P,I,N,N,06,2,NORTH BLVD **,,,,13471054__,.22,07,,01,04,02,01,01,01,05,01,,AT,,RIPLEY LN,,,,25,25,26,,,N,,512
2019134719BEL-17956-A-AC,MONMOUTH,LAKE COMO BORO,07/26/2019,FR,2203,01,BELMAR PD,,0,0,0,0,P,B,N,N,04,2,18TH AVE,,,,13471063__,.23,07,,01,04,02,01,06,01,05,01,20,FE,W,NEWMAN ST,,,,25,25,26,,,N,,525
2019134719BEL-18363-AC,MONMOUTH,LAKE COMO BORO,07/30/2019,TU,0751,01,BELMAR PD,,0,1,0,0,I,I,N,N,14,1,17TH AVE **,,,,13471033__,.00,07,,01,04,02,01,01,01,,01,,AT,E,MAIN ST,,,,25,,26,,,N,,161
2019134719BEL-18368-AC,MONMOUTH,LAKE COMO BORO,07/30/2019,TU,0858,01,BELMAR PD,,0,0,0,0,P,B,N,N,06,2,PARKWAY **,,,,13471021__,.16,07,,01,04,02,01,00,01,03,,50,FE,N,NORTH BLVD,,,,25,25,28,,,N,,159
2019134719BEL-18632-AC,MONMOUTH,LAKE COMO BORO,08/02/2019,FR,0957,01,BELMAR PD,,0,2,0,0,I,B,N,N,02,3,MONMOUTH COUNTY 30 II,S,30,2,130000302_,3.86,05,,01,04,02,01,01,01,04,01,50,FE,N,18TH AVE / MAIN ST,,,,25,25,26,,,N,,
2019134719BEL-21572-AC,MONMOUTH,LAKE COMO BORO,09/02/2019,MO,1222,01,BELMAR PD,,0,0,0,0,P,B,N,N,08,2,18TH AVE,,,,13471063__,.16,07,,01,04,02,02,01,02,05,01,25,FE,W,LAUREL TER,,,,25,25,28,,,N,,158
2019134719BEL-22996-AC,MONMOUTH,LAKE COMO BORO,09/23/2019,MO,1021,01,BELMAR PD,BELMAR PD,0,0,0,0,P,B,N,N,06,2,18TH AVE,,,,13471063__,.03,07,,01,04,02,01,00,01,05,,50,FE,E,FERNWOOD RD,,,,25,25,26,,,N,,161
2019134719BEL-23686-AC,MONMOUTH,LAKE COMO BORO,10/03/2019,TH,1305,01,BELMAR PD,,0,0,0,0,P,I,N,N,03,2,WHITE ST **,,,,13471015__,.13,07,,01,04,02,02,01,02,,,,AT,E,17TH AVE,,,,25,25,26,,,N,,161
2019134719BEL-29098-AC,MONMOUTH,LAKE COMO BORO,12/30/2019,MO,1730,01,BELMAR PD,,0,0,0,0,P,B,N,N,06,2,18TH AVE,,,,13471063__,.16,07,,01,04,02,02,06,02,05,01,150,FE,W,WHITE ST,,,,25,25,28,,,N,,136
2019134719BEL-3085-AC,MONMOUTH,LAKE COMO BORO,02/11/2019,MO,0203,01,BELMAR PD,,0,0,0,0,P,B,N,N,06,2,18TH AVE,,,,13471063__,.23,07,,01,04,02,03,07,03,05,01,25,FE,E,NEWMAN ST,,,,25,25,28,,,N,,158
2019134719BEL-3862-AC,MONMOUTH,LAKE COMO BORO,02/22/2019,FR,1316,01,BELMAR PD,,0,0,0,0,P,I,N,N,03,2,17TH AVE **,,,,13471033__,.11,07,,01,04,02,01,01,01,,02,,AT,,EUCLID AVE,,,,25,25,26,,,N,,512
2019134719BEL-3895-AC,MONMOUTH,LAKE COMO BORO,02/22/2019,FR,1842,01,BELMAR PD,,0,0,0,0,P,I,N,N,03,2,MONMOUTH COUNTY 30 II,,30,2,130000302_,3.85,07,,01,04,02,01,06,01,05,01,,AT,,18TH AVE / MAIN ST,,,,25,25,26,,,N,,164
2019134719BEL-5761-AC,MONMOUTH,LAKE COMO BORO,03/18/2019,MO,0659,01,BELMAR PD,,0,0,0,0,P,B,N,N,08,2,17ST AVE **,,,,13471053__,.00,07,,01,04,02,01,02,01,05,01,50,FE,W,NEW BEDFORD AVE,,,,25,25,26,,,N,,158
2019134719BEL-6602-AC,MONMOUTH,LAKE COMO BORO,03/29/2019,FR,2118,01,BELMAR PD,,0,0,0,0,P,B,N,N,06,2,18TH AVE,,,,13471063__,.20,07,,01,04,02,01,06,01,05,01,125,FE,W,PARKWAY,,,,25,25,28,,,N,,143