Year(4)-CountyCode(2)-MunicipalityCode(2)-CaseNumber(9),County Name,Municipality Name,Crash Date,Crash Day of Week,Crash Time,Police Department Code,Police Department,Police Station,Total Killed,Total Injured,Pedestrians Killed,Pedestrians Injured,Severity,Intersection,Alcohol Involved,Hazmat Involved,Crash Type,Total Vehicles,Location,Location Direction,Route,Route Suffix,Std Rte Identifier,MilePost,Road System,Road Character,Road Horizontal Alignment,Road Grade,Road Surface Type,Surface Condition,Light Condition,Environmental Condition,Road Divided By,Temporary Traffic Control Zone,Distance To Cross Street,Unit Of Measurement,Direction From Cross Street,Cross Street Name,Is Ramp,Ramp To/From Route Name,Ramp To/From Route Direction,Posted Speed,Posted Speed Cross Street,First Harmful Event,Latitude,Longitude,Cell Phone In Use Flag,Other Property Damage,Reporting Badge No.
2019134719BEL-6667-AC,MONMOUTH,LAKE COMO BORO,03/30/2019,SA,1336,01,BELMAR PD,,0,0,0,0,P,B,N,N,06,2,BRAND  PKWY / LEROY PL **,,,,13471007__,.00,07,,01,04,02,01,01,01,05,01,25,FE,N,CR 30 II / 18TH ST,,,,25,25,28,,,N,,160
2019134719BEL-8118-AC,MONMOUTH,LAKE COMO BORO,04/16/2019,TU,0729,01,BELMAR PD,,0,0,0,0,P,B,N,N,08,2,19TH AVE **,,,,13471006__,.06,07,,01,04,02,01,01,01,05,01,300,FE,W,MAIN ST,,,,25,25,26,,,N,,160
2019134719BEL-9627-AC,MONMOUTH,LAKE COMO BORO,05/05/2019,SU,2116,01,BELMAR PD,,0,0,0,0,P,B,Y,N,06,2,MONMOUTH COUNTY 30 II,,30,2,130000302_,3.68,05,,01,04,02,02,06,02,04,01,100,FE,E,MARGERUM AVE,,,,25,,26,,,Y,,164
2019134819SL-12-AC,MONMOUTH,SPRING LAKE BORO,04/17/2019,WE,1632,01,SPRING LAKE PD,,0,0,0,0,P,B,N,N,08,2,3RD AVE **,,,,13481012__,,07,,01,04,02,01,01,01,05,01,75,FE,S,JERSEY AVE,,,,15,25,28,,,N,,#127
2019134819SL-13-AC,MONMOUTH,SPRING LAKE BORO,04/24/2019,WE,1234,01,SPRING LAKE PD,,0,0,0,0,P,B,N,N,08,2,MONMOUTH AVE **,,,,13481019__,.50,07,,01,04,02,01,01,01,05,01,50,FE,W,5TH AVE,,,,25,25,26,,,N,,122
2019134819SL-14-AC,MONMOUTH,SPRING LAKE BORO,05/01/2019,WE,1103,01,SPRING LAKE PD,,0,0,0,0,P,B,N,N,06,3,3RD AVE **,,,,13481012__,,07,,01,04,02,01,01,01,05,01,40,FE,S,JERSEY AVE,,,,25,25,28,,,N,,
2019134819SL-15-AC,MONMOUTH,SPRING LAKE BORO,05/25/2019,SA,1137,01,SPRING LAKE PD,,0,0,0,0,P,B,N,N,08,2,WASHINGTON AVE **,,,,13481035__,.13,07,,01,04,02,01,01,01,05,01,175,FE,E,FIRST AVE,,,,25,25,26,,,N,,126
2019134819SL-16-AC,MONMOUTH,SPRING LAKE BORO,05/25/2019,SA,1157,01,SPRING LAKE PD,,0,0,0,0,P,B,N,N,02,2,MONMOUTH AVE **,,,,13481019__,.38,07,,01,04,02,01,01,01,05,01,50,FE,E,4TH AVE,,,,25,25,26,,,N,,126
2019134819SL-17-AC,MONMOUTH,SPRING LAKE BORO,05/25/2019,SA,1945,01,SPRING LAKE PD,,0,0,0,0,P,I,N,N,14,1,4TH AVE **,,,,13481011__,.50,07,,01,04,02,01,01,01,05,01,,AT,,LUDLOW AVE,,,,25,25,21,,,N,,335
2019134819SL-18-AC,MONMOUTH,SPRING LAKE BORO,05/26/2019,SU,1501,01,SPRING LAKE PD,,0,0,0,0,P,B,N,N,05,2,MONMOUTH COUNTY 18 III,,18,3,130000183_,.90,05,,01,04,02,01,01,01,05,01,50,FE,N,PASSAIC AVE,,,,25,25,26,,,N,,349
2019134819SL-19-AC,MONMOUTH,SPRING LAKE BORO,05/26/2019,SU,2111,01,SPRING LAKE PD,,0,0,0,0,P,I,N,N,02,2,1ST AVE,,,,13481059__,.60,07,,01,04,02,01,06,01,05,01,,AT,,SUSSEX AVE,,,,25,25,26,,,N,,127
2019134819SL-2-AC,MONMOUTH,SPRING LAKE BORO,02/16/2019,SA,1522,01,SPRING LAKE PD,,0,0,0,0,P,B,N,N,03,2,LUDLOW AVE,,,,13491062__,.63,07,,01,04,02,01,01,01,05,01,100,FE,W,1ST AVE,,,,25,25,26,,,N,,115
2019134819SL-20-AC,MONMOUTH,SPRING LAKE BORO,05/27/2019,MO,0337,01,SPRING LAKE PD,,0,0,0,0,P,B,N,N,06,2,SOUTH BLVD,,,,13481009__,2.64,07,,01,04,02,01,06,01,05,01,300,FE,E,1ST AVE,,,,25,25,28,,,N,,127
2019134819SL-21-AC,MONMOUTH,SPRING LAKE BORO,05/27/2019,MO,0802,01,SPRING LAKE PD,,0,1,0,0,I,I,N,N,03,2,4TH AVE **,,,,13481001__,.71,07,,01,04,02,01,01,01,05,01,,AT,,CHURCH ST,,,,25,25,26,,,N,STOP SIGN POLE DAMAGED - BORO OF SPRING LAKE - 423 WARREN AVE SPRING LAKE NJ 07?,124
2019134819SL-22-AC,MONMOUTH,SPRING LAKE BORO,05/31/2019,FR,1631,01,SPRING LAKE PD,,0,0,0,0,P,B,N,N,06,2,FIRST AVE **,N,,,13481030__,.92,07,,01,04,02,01,01,01,05,01,100,FE,S,PASSAIC AVE,,,,25,25,26,,,N,,349
2019134819SL-23-AC,MONMOUTH,SPRING LAKE BORO,06/19/2019,WE,0857,01,SPRING LAKE PD,,0,1,0,0,I,I,N,N,03,2,1ST AVE,,,,13481059__,.21,07,,01,04,02,02,01,02,05,01,,AT,,PENNSYLVANIA AVE,,,,25,25,26,,,N,,128
2019134819SL-25-AC,MONMOUTH,SPRING LAKE BORO,07/05/2019,FR,2143,01,SPRING LAKE PD,SPRING LAK,0,0,0,0,P,B,N,N,06,2,4TH AVE **,,,,13481011__,.05,07,,01,04,02,01,06,01,05,01,125,FE,S,MORRIS AVE,,,,25,25,28,,,N,,347
2019134819SL-26-AC,MONMOUTH,SPRING LAKE BORO,07/09/2019,TU,1628,01,SPRING LAKE PD,,0,2,0,0,I,I,N,N,03,3,3RD AVE **,,,,13481012__,,07,,01,04,02,01,01,01,05,01,,AT,,LUDLOW AVE,,,,25,25,26,,,N,,
2019134819SL-27-AC,MONMOUTH,SPRING LAKE BORO,07/11/2019,TH,0909,01,SPRING LAKE PD,,0,0,0,0,P,B,N,N,06,2,THIRD AVE,,,,,,07,,01,04,02,01,01,01,05,01,175,FE,S,JERSEY AVE,,,,15,25,28,,,N,,123
2019134819SL-29-AC,MONMOUTH,SPRING LAKE BORO,07/13/2019,SA,1433,01,SPRING LAKE PD,,0,0,0,0,P,I,N,N,05,2,MONMOUTH COUNTY 18 III,,18,3,130000183_,1.18,05,,01,04,02,01,01,01,05,01,,AT,,MADISON AVE,,,,25,25,26,,,N,,349
2019134819SL-30-AC,MONMOUTH,SPRING LAKE BORO,07/16/2019,TU,1351,01,SPRING LAKE PD,,0,0,0,0,P,B,N,N,06,2,THIRD AVE,,,,,,08,,01,04,02,01,01,01,05,01,,,,,,,,,,28,,,N,,128
2019134819SL-31-AC,MONMOUTH,SPRING LAKE BORO,07/18/2019,TH,1144,01,SPRING LAKE PD,,0,0,0,0,P,B,N,N,06,2,3RD AVE **,,,,13481012__,,07,,01,04,02,01,01,01,05,01,50,FE,S,WASHINGTON AVE,,,,25,25,26,,,N,,349
2019134819SL-33-AC,MONMOUTH,SPRING LAKE BORO,07/28/2019,SU,1214,01,SPRING LAKE PD,,0,0,0,0,P,B,N,N,06,2,LORRAINE AVE **,,,,13481025__,.13,07,,01,04,02,01,01,01,05,01,150,FE,E,PROSPECT AVE,,,,25,25,28,,,N,,349
2019134819SL-34-AC,MONMOUTH,SPRING LAKE BORO,07/29/2019,MO,1235,01,SPRING LAKE PD,,0,0,0,0,P,B,N,N,06,2,3RD AVE **,,,,13481012__,,07,,01,04,02,01,01,01,05,01,100,FE,S,WASHINGTON AVE,,,,25,25,28,,,N,,349
2019134819SL-35-AC,MONMOUTH,SPRING LAKE BORO,07/29/2019,MO,1424,01,SPRING LAKE PD,,0,0,0,0,P,I,N,N,03,2,3RD AVE **,,,,13481012__,,07,,01,04,02,01,01,01,05,01,,AT,,PITNEY AVE,,,,25,25,26,,,N,,115
2019134819SL-36-AC,MONMOUTH,SPRING LAKE BORO,07/31/2019,WE,1357,01,SPRING LAKE PD,,0,0,0,0,P,I,N,N,03,2,4TH AVE **,,,,13481011__,.22,07,,01,04,02,02,01,02,05,01,,AT,,WASHINGTON AVE,,,,25,25,26,,,N,,128
2019134819SL-37-AC,MONMOUTH,SPRING LAKE BORO,08/02/2019,FR,2232,01,SPRING LAKE PD,,0,0,0,0,P,B,N,N,06,2,MONMOUTH COUNTY 18 III,,18,3,130000183_,1.29,05,,01,04,02,01,06,01,05,01,200,FE,N,NEWARK AVE,,,,25,25,28,,,N,,335
2019134819SL-38-AC,MONMOUTH,SPRING LAKE BORO,08/03/2019,SA,1158,01,SPRING LAKE PD,,0,0,0,0,P,B,N,N,06,2,MONMOUTH COUNTY 18 III,,18,3,130000183_,1.13,05,,01,04,02,01,01,01,05,01,100,FE,N,WASHINGTON,,,,25,25,28,,,N,,128
2019134819SL-39-AC,MONMOUTH,SPRING LAKE BORO,08/07/2019,WE,0844,01,SPRING LAKE PD,,0,0,0,0,P,I,N,N,03,2,1ST AVE,,,,13481059__,1.02,07,,01,04,02,01,01,01,05,01,,AT,,JERSEY AVE,,,,25,25,26,,,N,,125
2019134819SL-4-AC,MONMOUTH,SPRING LAKE BORO,02/20/2019,WE,1257,01,SPRING LAKE PD,,0,0,0,0,P,B,N,N,11,1,1ST AVE,,,,13481059__,.18,07,,01,04,02,03,01,03,05,01,150,FE,S,PENNSYLVANIA AVE,,,,25,25,56,,,N,SEWER CLEAN OUT CAP DAMAGED- BORO OF SPRING LAKE- 423 WARREN AVE SPRING LAKE NJ?,124
2019134819SL-40-AC,MONMOUTH,SPRING LAKE BORO,08/08/2019,TH,1627,01,SPRING LAKE PD,,0,1,0,1,I,B,N,N,13,1,3RD AVE **,,,,13481012__,,07,,01,04,02,01,01,01,05,01,100,FE,S,MORRIS AVE,,,,15,25,22,,,N,,122
2019134819SL-41-AC,MONMOUTH,SPRING LAKE BORO,08/10/2019,SA,0918,01,SPRING LAKE PD,,0,0,0,0,P,I,N,N,03,2,3RD AVE **,,,,13481012__,.29,07,,01,04,02,01,01,01,05,01,,AT,,SALEM AVE,,,,25,25,26,,,N,,124
2019134819SL-42-AC,MONMOUTH,SPRING LAKE BORO,08/11/2019,SU,1126,01,SPRING LAKE PD,,0,0,0,0,P,B,N,N,06,2,1ST AVE / 3RD AVE / E LAKE / MAIN ST,,,,13481059__,1.08,07,,01,04,02,01,01,01,05,01,50,FE,S,WASHINGTON AVE,,,,15,25,28,,,N,,127
2019134819SL-43-AC,MONMOUTH,SPRING LAKE BORO,08/11/2019,SU,1830,01,SPRING LAKE PD,,0,0,0,0,P,B,N,N,06,2,1ST AVE / 3RD AVE / E LAKE / MAIN ST,,,,13481059__,.89,07,,01,04,02,01,01,01,05,01,100,FE,N,PASSAIC AVE,,,,15,25,28,,,N,,127
2019134819SL-44-AC,MONMOUTH,SPRING LAKE BORO,08/14/2019,WE,1853,01,SPRING LAKE PD,,0,0,0,0,P,B,N,N,06,2,CENTRAL AVE **,,,,13481016__,.08,07,,01,04,02,01,01,01,05,01,300,FE,W,SHORE RD,,,,25,25,28,,,N,,335
2019134819SL-45-AC,MONMOUTH,SPRING LAKE BORO,08/17/2019,SA,0955,01,SPRING LAKE PD,,0,0,0,0,P,B,N,N,06,2,1ST AVE / 3RD AVE / E LAKE / MAIN ST,,,,13481059__,1.08,07,,01,04,02,01,01,01,05,01,50,FE,S,WASHINGTON AVE,,,,15,25,28,,,N,,122
2019134819SL-46-AC,MONMOUTH,SPRING LAKE BORO,08/17/2019,SA,1308,01,SPRING LAKE PD,,0,0,0,0,P,I,N,N,03,2,1ST AVE / 3RD AVE / E LAKE / MAIN ST,,,,13481059__,1.68,07,,01,04,02,01,01,01,,01,,AT,,PITNEY AVE,,,,25,25,26,,,N,,126
2019134819SL-47-AC,MONMOUTH,SPRING LAKE BORO,08/20/2019,TU,1941,01,SPRING LAKE PD,,0,3,0,0,I,I,N,N,03,2,4TH AVE **,,,,13481001__,.71,07,,01,04,02,01,03,01,05,01,,AT,,CHURCH ST,,,,25,25,26,,,N,DRAINAGE PIPE AT NORTH WEST CORNER OF INTERSECTION - BORO OF SPRING LAKE - 423 ?,124
2019134819SL-48-AC,MONMOUTH,SPRING LAKE BORO,09/01/2019,SU,0939,01,SPRING LAKE PD,,0,1,0,0,I,I,N,N,14,1,MONMOUTH COUNTY 18 III,,18,3,130000183_,1.44,05,,01,04,02,01,01,01,05,01,,AT,,ST CLAIR AVE,,,,25,25,21,,,N,,347
2019134819SL-49-AC,MONMOUTH,SPRING LAKE BORO,09/03/2019,TU,1802,01,SPRING LAKE PD,,0,0,0,0,P,B,N,N,06,2,LUDLOW AVE,,,,13491062__,.69,07,,01,04,02,01,01,01,05,01,200,FE,E,1ST AVE,,,,25,25,28,,,N,,124
2019134819SL-50-AC,MONMOUTH,SPRING LAKE BORO,09/11/2019,WE,1909,01,SPRING LAKE PD,,0,0,0,0,P,B,N,N,08,2,1ST AVE / 3RD AVE / E LAKE / MAIN ST,,,,13481059__,.91,07,,01,04,02,01,01,01,05,01,150,FE,S,MORRIS AVE,,,,15,25,28,,,N,,124
2019134819SL-51-AC,MONMOUTH,SPRING LAKE BORO,09/18/2019,WE,1217,01,SPRING LAKE PD,,0,1,0,0,I,I,N,N,03,2,1ST AVE / 3RD AVE / E LAKE / MAIN ST,N,,,13481059__,1.09,07,,01,04,02,01,01,01,05,01,,AT,,WASHINGTON AVE,,,,15,25,26,,,N,,128
2019134819SL-54-AC,MONMOUTH,SPRING LAKE BORO,09/29/2019,SU,0933,01,SPRING LAKE PD,,0,0,0,0,P,B,N,N,08,2,WORTHINGTON AVE **,,,,13481047__,.00,07,,01,04,02,01,01,01,05,01,120,FE,W,5TH AVE,,,,25,15,26,,,N,,126
2019134819SL-55-AC,MONMOUTH,SPRING LAKE BORO,10/07/2019,MO,1919,01,SPRING LAKE PD,,0,0,0,0,P,I,N,N,11,1,BRIGHTON AVE **,,,,13481038__,.46,07,,01,04,02,01,07,01,05,01,,AT,,4TH AVE / MADISON AVE,,,,25,25,69,,,N,RAILROAD TRACK DAMAGE ON WEST TRACK - NJ TRANSIT - 1 PENN PLZ E NEWARK NJ 07102,127
2019134819SL-56-AC,MONMOUTH,SPRING LAKE BORO,10/11/2019,FR,1326,01,SPRING LAKE PD,,0,1,0,0,I,B,N,N,11,1,VROOM AVE **,,,,13481063__,.04,07,,01,04,02,01,01,01,05,01,200,FE,E,CR 49 / 3RD AVE,,,,25,25,56,,,N,TREE DAMAGED - BOROUGH OF SPRING LAKE - 423 WARREN AVE SPRING LAKE NJ 07762,115
2019134819SL-57-AC,MONMOUTH,SPRING LAKE BORO,10/11/2019,FR,1334,01,SPRING LAKE PD,,0,0,0,0,P,B,N,N,06,2,LUDLOW AVE,,,,13491062__,.41,07,,01,04,02,01,01,01,05,01,150,FE,E,3RD AVE,,,,25,25,28,,,N,,127
2019134819SL-58-AC,MONMOUTH,SPRING LAKE BORO,10/13/2019,SU,1055,01,SPRING LAKE PD,,0,1,0,0,I,I,N,N,14,1,MONMOUTH COUNTY 18 III,,18,3,130000183_,.38,05,,01,04,02,01,01,01,05,01,,AT,,SALEM AVE,,,,25,25,21,,,N,,121
2019134819SL-59-AC,MONMOUTH,SPRING LAKE BORO,10/24/2019,TH,1611,01,SPRING LAKE PD,,0,1,0,0,I,I,N,N,14,1,MORRIS AVE **,,,,13481033__,.32,07,,01,04,02,01,01,01,05,,,AT,,CR 49 / 3RD AVE,,,,25,15,21,,,N,,127
2019134819SL-6-AC,MONMOUTH,SPRING LAKE BORO,03/13/2019,WE,1454,01,SPRING LAKE PD,,0,0,0,0,P,B,N,N,06,2,1ST AVE / 3RD AVE / E LAKE / MAIN ST,,,,13481059__,.91,07,,01,04,02,01,01,01,05,01,200,FE,N,PASSAIC AVE,,,,25,25,28,,,N,,122
2019134819SL-60-AC,MONMOUTH,SPRING LAKE BORO,11/01/2019,FR,1651,01,SPRING LAKE PD,,0,1,0,0,I,I,N,N,14,1,1ST AVE / 3RD AVE / E LAKE / MAIN ST,,,,13481059__,1.42,07,,01,04,02,01,01,01,05,01,,AT,,LUDLOW AVE,,,,25,25,21,,,N,,122
2019134819SL-63-AC,MONMOUTH,SPRING LAKE BORO,11/20/2019,WE,0810,01,SPRING LAKE PD,,0,0,0,0,P,I,N,N,11,1,MONMOUTH COUNTY 18 III,,18,3,130000183_,2.01,05,,01,04,02,01,04,01,05,01,,AT,,PITNEY AVE / SOUTH BLVD,,,,35,25,,,,N,PEDESTRIAN SIGN - MONMOUTH COUNTY - 33 MECHANIC ST FREEHOLD TWP NJ 07728,113
2019134819SL-64-AC,MONMOUTH,SPRING LAKE BORO,11/30/2019,SA,1405,01,SPRING LAKE PD,,0,0,0,0,P,B,N,N,06,2,5TH AVE / SALEM AVE / SOUTH BLVD,,,,13481009__,1.57,07,,01,04,02,01,01,01,05,,120,FE,N,MORRIS AVE,,,,25,25,28,,,N,,126
2019134819SL-65-AC,MONMOUTH,SPRING LAKE BORO,12/10/2019,TU,1752,01,SPRING LAKE PD,,0,1,0,0,I,I,N,N,03,2,3RD AVE **,,,,13481012__,.07,07,,01,04,02,02,06,02,05,01,,AT,,ESSEX AVE,,,,25,25,26,,,N,,128
2019134819SL-66-AC,MONMOUTH,SPRING LAKE BORO,12/12/2019,TH,1240,01,SPRING LAKE PD,,0,0,0,0,P,I,N,N,01,2,MONMOUTH COUNTY 18 III,,18,3,130000183_,1.68,05,,01,04,02,01,01,01,05,01,,AT,,MONROE AVE,,,,35,25,26,,,N,,126
2019134819SL-67-AC,MONMOUTH,SPRING LAKE BORO,12/13/2019,FR,1153,01,SPRING LAKE PD,,0,0,0,0,P,B,N,N,11,1,1ST AVE / 3RD AVE / E LAKE / MAIN ST,,,,13481059__,.87,07,,01,04,02,02,01,05,05,01,25,FE,N,PASSAIC AVE,,,,15,25,56,,,N,,126
2019134819SL-69-AC,MONMOUTH,SPRING LAKE BORO,12/24/2019,TU,1147,01,SPRING LAKE PD,,0,0,0,0,P,B,N,N,06,2,PASSAIC AVE,E,,,13481032__,.26,07,,01,04,02,01,01,01,05,01,100,FE,E,4TH AVE,,,,25,25,26,,,N,,128
2019134819SL-70-AC,MONMOUTH,SPRING LAKE BORO,12/27/2019,FR,1338,01,SPRING LAKE PD,,0,0,0,0,P,I,N,N,03,2,5TH AVE / SALEM AVE / SOUTH BLVD,E,,,13481009__,1.69,07,,01,04,02,01,01,01,05,01,,AT,,WARREN AVE,,,,25,25,26,,,N,,128
2019134819SL-9-AC,MONMOUTH,SPRING LAKE BORO,04/09/2019,TU,1504,01,SPRING LAKE PD,,0,0,0,0,P,I,N,N,03,2,4TH AVE **,,,,13481011__,.50,07,,01,04,02,01,01,05,05,01,,AT,,LUDLOW AVE,,,,25,25,26,,,N,,115
2019134919SLH-13171-AC,MONMOUTH,SPRING LAKE HEIGHTS BORO,06/12/2019,WE,1159,01,SPRING LAKE PD,,0,0,0,0,P,B,N,N,01,2,NJ 71,,71,,00000071__,3.18,02,,01,04,02,01,01,01,05,01,25,FE,S,MERCER AVE,,,,40,25,26,,,N,,4937
2019134919SLH-1473-AC,MONMOUTH,SPRING LAKE HEIGHTS BORO,01/19/2019,SA,1722,01,SPRING LAKE HEIGHTS PD,,1,0,1,0,F,I,N,N,13,1,NJ 71,S,71,,00000071__,4.00,02,,01,04,02,02,07,02,05,01,,AT,S,WALL RD,,,,35,25,22,,,N,,4925
2019134919SLH-16096-AC,MONMOUTH,SPRING LAKE HEIGHTS BORO,07/09/2019,TU,0949,01,SPRING LAKE HEIGHTS PD,,0,1,0,0,I,B,Y,N,11,1,NJ 71,,71,,00000071__,2.78,02,,01,04,02,01,01,01,04,01,50,FE,N,LAKE AVE,,,,35,25,69,,,N,SINGIFICANT DAMAGE TO LANDSCAPE AND RETAINING WALL - SPRING LAKE MANOR - 415 HW?,4938
2019134919SLH-17927-AC,MONMOUTH,SPRING LAKE HEIGHTS BORO,07/26/2019,FR,1727,01,SPRING LAKE HEIGHTS PD,,0,0,0,0,P,I,N,N,01,2,MONMOUTH COUNTY 47,,47,,13000047__,.39,05,,01,05,02,01,01,01,05,01,,AT,,OLD MILL RD,,,,35,25,26,,,N,,4922
2019134919SLH-18414-AC,MONMOUTH,SPRING LAKE HEIGHTS BORO,07/30/2019,TU,1728,01,SPRING LAKE HEIGHTS PD,,0,1,0,0,I,I,N,N,01,3,NJ 71,,71,,00000071__,2.59,02,,01,04,02,01,01,01,05,01,,AT,,CENTRAL AVE,,,,35,25,26,,,N,,
2019134919SLH-18510-AC,MONMOUTH,SPRING LAKE HEIGHTS BORO,07/31/2019,WE,1512,01,SPRING LAKE HEIGHTS PD,,0,1,0,0,I,I,N,N,14,1,NJ 71,,71,,00000071__,2.65,02,,01,04,02,02,01,02,05,01,,AT,,OCEAN RD,,,,35,25,21,,,N,,4922
2019134919SLH-19995-AC,MONMOUTH,SPRING LAKE HEIGHTS BORO,08/16/2019,FR,2047,01,SPRING LAKE HEIGHTS PD,,0,3,0,0,I,B,N,N,01,3,NJ 71,,71,,00000071__,3.92,02,,01,04,02,01,07,01,05,01,50,FE,S,PITNEY DR,,,,35,25,26,,,N,,
2019134919SLH-20286-AC,MONMOUTH,SPRING LAKE HEIGHTS BORO,08/19/2019,MO,1528,01,SPRING LAKE HEIGHTS PD,,0,0,0,0,P,B,N,N,01,3,NJ 71,,71,,00000071__,2.65,02,,01,04,02,01,01,01,05,01,15,FE,S,OCEAN RD,,,,35,25,26,,,N,,
2019134919SLH-21844-AC,MONMOUTH,SPRING LAKE HEIGHTS BORO,09/06/2019,FR,1513,01,SPRING LAKE HEIGHTS PD,,0,0,0,0,P,B,N,N,01,2,NJ 71,,71,,00000071__,3.04,02,,01,04,02,01,01,01,05,01,50,FE,N,ESSEX AVE,,,,40,25,26,,,N,,4939
2019134919SLH-2658-A-AC,MONMOUTH,SPRING LAKE HEIGHTS BORO,02/04/2019,MO,2213,01,SPRING LAKE HEIGHTS PD,,1,0,0,0,F,B,N,N,11,1,NJ 71,,71,,00000071__,3.76,02,,01,04,02,02,07,01,05,01,125,FE,N,CHURCH ST,,,,35,25,56,,,N,FRONT FENCE & LANDSCAPING -KENNETH G WIGNALL - 2015 HWY 71 SPRING LK HGTS NJ 07?,4926
2019134919SLH-5504-AC,MONMOUTH,SPRING LAKE HEIGHTS BORO,03/15/2019,FR,0134,01,SPRING LAKE HEIGHTS PD,,0,0,0,0,P,B,N,N,11,1,4TH AVE / WALL RD,,,,13491061__,.13,07,,01,04,02,01,06,01,05,01,,,,WOODLAND AVE,,,,25,,56,,,N,GRASS AND BUSHES DESTROYED AND PHONE BOX BROKEN - MICHAEL DUFFY - 1216 WALL RD ?,4922
2019134919SLH-6240-AC,MONMOUTH,SPRING LAKE HEIGHTS BORO,03/25/2019,MO,1514,01,SPRING LAKE HEIGHTS PD,,0,1,0,0,I,B,N,N,01,2,MONMOUTH COUNTY 47,,47,,13000047__,1.01,05,,01,04,02,01,01,01,05,01,15,FE,W,NJ 71,,,,40,40,26,,,N,,4938
2019134919SLH-719-AC,MONMOUTH,SPRING LAKE HEIGHTS BORO,01/10/2019,TH,0853,01,SPRING LAKE HEIGHTS PD,,0,0,0,0,P,B,N,N,06,2,CENTRAL AVE **,,,,13491024__,.20,07,,01,04,02,01,01,01,05,01,200,FE,W,NJ 71,,,,25,35,28,,,N,,4939
2019134919SLH-8487-AC,MONMOUTH,SPRING LAKE HEIGHTS BORO,04/19/2019,FR,1747,01,SPRING LAKE HEIGHTS PD,,0,0,0,0,P,I,N,N,03,2,NJ 71,,71,,00000071__,2.96,02,,01,04,02,01,01,05,05,01,,AT,,MONMOUTH AVE,,,,40,25,26,,,N,,4939
201913502019000146,MONMOUTH,UNION BEACH BORO,01/05/2019,SA,1050,01,UNION BEACH PD,,0,0,0,0,P,I,N,N,01,3,NJ 36,N,36,,00000036__,22.21,02,,01,04,02,02,01,02,01,01,,AT,,CR 39 / UNION AVE,,,,50,30,26,40.447956,74.166867,N,,22
201913502019000204,MONMOUTH,UNION BEACH BORO,01/07/2019,MO,1431,01,UNION BEACH PD,,0,0,0,0,P,B,N,N,02,2,SYDNEY AVE / WILSON AVE / WILSON ST **,,,,13501028__,.05,07,,01,04,02,01,01,01,05,01,50,FE,N,MORNINGSIDE AVE,,,,25,25,28,40.442511,74.176616,N,,27
201913502019000235,MONMOUTH,UNION BEACH BORO,01/08/2019,TU,1534,01,UNION BEACH PD,,0,0,0,0,P,I,N,N,11,1,MONMOUTH COUNTY 39,N,39,,13000039__,1.05,05,,01,04,02,01,01,01,05,01,,AT,,THIRD ST,,,,30,25,62,40.450810,74.173200,N,NJAW CO FIRE HYDRANT,16
201913502019000514,MONMOUTH,UNION BEACH BORO,01/19/2019,SA,0937,01,UNION BEACH PD,,0,1,0,0,I,B,N,N,11,1,MONMOUTH COUNTY 39,,39,,13000039__,2.10,05,,01,04,02,01,01,01,04,01,50,FE,S,AUMACK AVE,,,,30,25,60,40.439352,74.164861,N,,22
2019135020190007398,MONMOUTH,UNION BEACH BORO,08/20/2019,TU,1900,01,UNION BEACH PD,,0,1,0,0,I,I,N,N,03,2,MONMOUTH COUNTY 39,S,39,,13000039__,2.02,05,,01,04,02,01,01,01,04,01,,AT,,MORNINGSIDE AVE,,,,30,25,26,40.441307,74.165271,N,,25
201913502019001067,MONMOUTH,UNION BEACH BORO,02/07/2019,TH,1637,01,UNION BEACH PD,,0,0,0,0,P,B,N,N,11,1,NJ 36,N,36,,00000036__,22.50,02,,01,04,02,01,01,01,01,01,150,FE,N,SEAGATE AVE,,,,50,25,57,40.438046,74.164567,N,,16
201913502019001187,MONMOUTH,UNION BEACH BORO,02/12/2019,TU,1243,01,UNION BEACH PD,,0,1,0,0,I,B,N,N,11,1,NJ 36,W,36,,00000036__,21.76,02,,01,04,02,05,01,06,01,01,100,FE,E,ROSE LN,,,,50,25,52,40.438338,74.159340,N,,22
201913502019001222,MONMOUTH,UNION BEACH BORO,02/13/2019,WE,1743,01,UNION BEACH PD,,0,0,0,0,P,B,N,N,01,3,JERSEY AVE **,E,,,13501039__,.19,07,,01,04,02,01,03,01,05,01,75,FE,W,CR 39 / UNION AVE,,,,25,30,26,40.443223,74.165689,N,,21
201913502019001260,MONMOUTH,UNION BEACH BORO,02/14/2019,TH,1730,01,UNION BEACH PD,,0,0,0,0,P,B,Y,N,11,1,NJ 36,W,36,,00000036__,22.14,02,,01,04,02,01,03,01,02,01,,,,,T,SHORE RD.,NB,50,,56,40.447956,74.166867,N,,21
201913502019001877,MONMOUTH,UNION BEACH BORO,03/05/2019,TU,0713,01,UNION BEACH PD,,0,0,0,0,P,B,N,N,02,2,PARK AVE **,E,,,13501067__,.86,07,,01,04,02,01,01,01,05,01,100,FE,W,POOLE AVE,,,,25,25,26,40.441370,74.181370,N,,26
201913502019001965,MONMOUTH,UNION BEACH BORO,03/08/2019,FR,0635,01,UNION BEACH PD,,0,0,0,0,P,B,N,N,01,2,NJ 36,W,36,,00000036__,22.45,02,,01,04,02,01,02,01,01,01,100,FE,W,SEAGATE AVE,,,,50,25,26,,,N,,
201913502019002146,MONMOUTH,UNION BEACH BORO,03/13/2019,WE,0812,01,UNION BEACH PD,,0,0,0,0,P,B,N,N,06,2,SYDNEY AVE **,E,,,13501034__,.16,07,,01,04,02,01,06,01,05,01,100,FE,E,OCEAN AVE,,,,25,25,28,40.441010,74.167120,N,,16
201913502019002402,MONMOUTH,UNION BEACH BORO,03/20/2019,WE,1151,01,UNION BEACH PD,,0,0,0,0,P,B,N,N,08,2,CAMPBELL ST **,S,,,,,07,,01,04,02,01,01,01,05,01,50,FE,S,STATE ST,,,,25,25,26,40.444488,74.181555,N,,27