Year(4)-CountyCode(2)-MunicipalityCode(2)-CaseNumber(9),County Name,Municipality Name,Crash Date,Crash Day of Week,Crash Time,Police Department Code,Police Department,Police Station,Total Killed,Total Injured,Pedestrians Killed,Pedestrians Injured,Severity,Intersection,Alcohol Involved,Hazmat Involved,Crash Type,Total Vehicles,Location,Location Direction,Route,Route Suffix,Std Rte Identifier,MilePost,Road System,Road Character,Road Horizontal Alignment,Road Grade,Road Surface Type,Surface Condition,Light Condition,Environmental Condition,Road Divided By,Temporary Traffic Control Zone,Distance To Cross Street,Unit Of Measurement,Direction From Cross Street,Cross Street Name,Is Ramp,Ramp To/From Route Name,Ramp To/From Route Direction,Posted Speed,Posted Speed Cross Street,First Harmful Event,Latitude,Longitude,Cell Phone In Use Flag,Other Property Damage,Reporting Badge No.
201913502019002461,MONMOUTH,UNION BEACH BORO,03/22/2019,FR,1221,01,UNION BEACH PD,,0,2,0,0,I,B,N,N,02,2,NJ 36,W,36,,00000036__,22.23,02,,01,04,02,02,01,05,01,01,100,FE,E,CR 39 / UNION AVE,,,,50,30,26,40.447956,74.166867,N,,25
201913502019002648,MONMOUTH,UNION BEACH BORO,03/27/2019,WE,1525,01,UNION BEACH PD,,0,0,0,0,P,B,N,N,08,2,DOCK ST / FRONT ST **,W,,,13501052__,.61,07,,01,04,02,01,01,01,04,01,100,FE,E,CR 39 / FLORANCE AVE,,,,25,30,26,40.452697,74.172548,N,,16
201913502019002781,MONMOUTH,UNION BEACH BORO,03/31/2019,SU,1816,01,UNION BEACH PD,,0,0,0,0,P,I,N,N,03,2,MONMOUTH COUNTY 39,E,39,,13000039__,.59,05,,01,04,02,01,01,01,05,01,,AT,,EDMUNDS AVE,,,,30,25,26,,,N,,21
201913502019003065,MONMOUTH,UNION BEACH BORO,04/08/2019,MO,1306,01,UNION BEACH PD,,0,1,0,0,I,B,N,N,01,2,NJ 36,N,36,,00000036__,22.66,02,,01,04,02,01,01,01,01,01,100,FE,E,CR 6 / STONE RD,,,,50,35,26,,,N,,18
201913502019003216,MONMOUTH,UNION BEACH BORO,04/12/2019,FR,1413,01,UNION BEACH PD,,0,0,0,0,P,B,N,N,06,2,MORNINGSIDE AVE **,E,,,13501030__,.76,07,,01,04,02,01,01,01,05,01,500,FE,E,CR 39 / UNION AVE,,,,25,25,28,40.441690,74.177430,N,,19
201913502019003567,MONMOUTH,UNION BEACH BORO,04/20/2019,SA,0800,01,UNION BEACH PD,,0,0,0,0,P,B,N,N,06,2,MORNINGSIDE AVE **,W,,,13501030__,.59,07,,01,04,02,01,06,01,05,01,250,FE,W,OCEAN AVE,,,,25,25,26,40.440270,74.168360,N,,16
201913502019003705,MONMOUTH,UNION BEACH BORO,04/24/2019,WE,1555,01,UNION BEACH PD,,0,0,0,0,P,B,N,N,08,2,BAYVIEW AVE / LORILLARD AVE **,,,,13501069__,.03,07,,01,04,02,01,01,01,05,01,150,FE,S,POOLE AVE,,,,,25,28,40.444276,74.178384,N,,22
201913502019003755,MONMOUTH,UNION BEACH BORO,04/25/2019,TH,2244,01,UNION BEACH PD,,0,2,0,0,I,I,N,N,03,2,MONMOUTH COUNTY 6 III,E,6,3,130000063_,.30,05,,01,04,02,01,06,01,05,01,,AT,,CR 39 / FLORENCE AVE,,,,35,35,26,40.447407,74.171616,N,,21
201913502019003770,MONMOUTH,UNION BEACH BORO,04/26/2019,FR,1541,01,UNION BEACH PD,,0,0,0,0,P,B,N,N,08,2,COLUMBIA AVE **,,,,13501074__,.11,07,,01,04,02,02,01,01,05,01,50,FE,E,CR 39 / UNION AVE,,,,25,30,28,40.443350,74.165500,N,,22
201913502019003805,MONMOUTH,UNION BEACH BORO,04/27/2019,SA,1516,01,UNION BEACH PD,,0,0,0,0,P,B,N,N,08,2,8TH ST **,,,,13501077__,.13,07,,01,04,02,01,01,01,05,01,500,FE,W,PINE ST,,,,25,25,26,40.446790,74.174080,N,,22
201913502019003880,MONMOUTH,UNION BEACH BORO,04/30/2019,TU,0125,01,UNION BEACH PD,,0,0,0,0,P,B,Y,N,11,1,NJ 36,N,36,,00000036__,21.74,02,,02,04,02,02,06,02,01,01,1500,FE,S,ROSE LN,,,,50,25,26,40.438338,74.159340,N,,26
201913502019004160,MONMOUTH,UNION BEACH BORO,05/07/2019,TU,1936,01,UNION BEACH PD,,0,0,0,0,P,I,N,N,03,2,MONMOUTH COUNTY 39,N,39,,13000039__,2.11,05,,01,04,02,01,01,01,04,01,,AT,,AUMACK AVE,,,,30,25,26,40.440005,74.164997,N,,84
201913502019004249,MONMOUTH,UNION BEACH BORO,05/10/2019,FR,1525,01,UNION BEACH PD,,0,0,0,0,P,B,N,N,05,2,3RD ST / BEACH ST **,E,,,13501056__,.04,07,,02,04,02,01,01,01,05,01,50,FE,W,2ND ST,,,,25,25,26,40.450441,74.173303,N,,82
201913502019004340,MONMOUTH,UNION BEACH BORO,05/14/2019,TU,1207,01,UNION BEACH PD,,0,1,0,0,I,I,N,N,03,2,POOLE AVE,W,,,13391282__,.94,07,,01,04,02,01,01,01,04,01,,AT,,CR 39 / FLORENCE AVE,,,,25,30,26,40.446138,74.178797,N,"MONMOUTH COUNTY SIGN """" COASTAL EVACUATION ROUTE""""",16
201913502019004373,MONMOUTH,UNION BEACH BORO,05/15/2019,WE,0843,01,UNION BEACH PD,,0,1,0,0,I,B,N,N,01,2,NJ 36,E,36,,00000036__,22.20,02,,01,04,02,01,01,01,01,01,300,FE,E,SHORE RD,,,,50,25,26,40.438384,74.158410,N,,16
201913502019004385,MONMOUTH,UNION BEACH BORO,05/15/2019,WE,1646,01,UNION BEACH PD,,0,1,0,0,I,I,N,N,03,2,MONMOUTH COUNTY 39,S,39,,13000039__,2.16,05,,01,04,02,99,01,01,04,01,,AT,,WASHINGTON AVE,,,,30,25,26,40.439352,74.164861,N,,25
201913502019004547,MONMOUTH,UNION BEACH BORO,05/19/2019,SU,1558,01,UNION BEACH PD,,0,0,0,0,P,B,N,N,08,2,2ND ST **,,,,13501057__,.02,07,,01,04,02,01,01,01,05,01,100,FE,S,DOCK ST,,,,25,25,26,40.451898,74.175064,N,,22
201913502019004593,MONMOUTH,UNION BEACH BORO,05/21/2019,TU,2039,01,UNION BEACH PD,,0,1,0,0,I,I,Y,N,14,1,MONMOUTH COUNTY 39,N,39,,13000039__,1.15,05,,01,04,02,01,06,01,05,01,,AT,,FRONT ST,,,,30,30,22,40.451368,74.172129,N,,24
201913502019004843,MONMOUTH,UNION BEACH BORO,05/27/2019,MO,2107,01,UNION BEACH PD,,0,1,0,0,I,B,Y,N,01,2,NJ 36,W,36,,00000036__,22.31,02,,01,04,02,01,06,01,01,01,200,FE,W,OCEAN AVE,,,,50,25,26,40.438113,74.167675,N,,30
201913502019004903,MONMOUTH,UNION BEACH BORO,05/30/2019,TH,1538,01,UNION BEACH PD,,0,0,0,0,P,B,N,N,01,2,MONMOUTH COUNTY 39,S,39,,13000039__,2.20,05,,01,04,02,01,01,01,04,01,20,FE,N,NJ 36,,,,30,50,26,40.447956,74.166867,N,,27
201913502019005065,MONMOUTH,UNION BEACH BORO,06/05/2019,WE,1129,01,UNION BEACH PD,,0,1,0,0,I,B,N,N,02,2,NJ 36,W,36,,00000036__,21.98,02,,01,04,02,01,01,01,01,01,20,FE,E,HARRIS AVE,,,,50,25,26,40.447956,74.166867,N,,22
201913502019005077,MONMOUTH,UNION BEACH BORO,06/05/2019,WE,1736,01,UNION BEACH PD,,0,0,0,0,P,B,N,N,08,2,SYDNEY AVE **,,,,13501034__,.22,07,,01,04,02,01,01,01,05,01,200,FE,W,CR 39 / UNION AVE,,,,25,30,28,40.441450,74.165850,N,,18
201913502019005184,MONMOUTH,UNION BEACH BORO,06/08/2019,SA,1416,01,UNION BEACH PD,,0,0,0,0,P,B,N,N,08,2,POOLE AVE,N,,,13391282__,.47,07,,01,04,02,01,01,01,04,01,200,FE,N,CR 6 III / STONE RD,,,,,,26,40.439210,74.187377,N,,16
201913502019005242,MONMOUTH,UNION BEACH BORO,06/10/2019,MO,1327,01,UNION BEACH PD,,0,0,0,0,P,B,N,N,08,2,6TH ST **,N,,,13501051__,.21,07,,01,04,03,02,01,02,05,01,100,FE,E,CR 39 / FLORENCE AVE,,,,25,30,26,40.448410,74.174550,N,,84
201913502019005318,MONMOUTH,UNION BEACH BORO,06/13/2019,TH,1755,01,UNION BEACH PD,,0,0,0,0,P,I,N,N,03,2,MONMOUTH COUNTY 39,N,39,,13000039__,.00,05,,01,04,02,01,01,01,05,01,,AT,,CR 6 / STONE RD,,,,35,35,26,,,N,,21
201913502019005420,MONMOUTH,UNION BEACH BORO,06/17/2019,MO,1929,01,UNION BEACH PD,,0,0,0,0,P,I,N,N,01,2,POOLE AVE,N,,,13391282__,.54,07,,01,00,02,01,01,01,05,01,,AT,,ORANGE AVE,,,,25,25,26,,,N,,25
201913502019005532,MONMOUTH,UNION BEACH BORO,06/21/2019,FR,1733,01,UNION BEACH PD,,0,0,0,0,P,I,N,N,11,1,NJ 36,N,36,,00000036__,22.47,02,,01,04,02,01,01,01,04,01,,AT,,SEAGATE AVE,,,,50,25,69,40.438046,74.164567,N,DAMAGE TO HOLY FAMILY THRIFT SHOP LOCATED AT THE C/O HIGHWAY 36 NORTH AND SEAGA?,24
201913502019005593,MONMOUTH,UNION BEACH BORO,06/23/2019,SU,1714,01,UNION BEACH PD,,0,0,0,0,P,I,N,N,01,2,NJ 36,W,36,,00000036__,21.74,02,,01,04,02,01,01,01,01,01,,AT,,ROSE LN,,,,50,25,26,40.438377,74.155825,N,,25
201913502019005773,MONMOUTH,UNION BEACH BORO,06/30/2019,SU,1758,01,UNION BEACH PD,,0,0,0,0,P,B,N,N,01,2,NJ 36,N,36,,00000036__,21.73,02,,01,04,02,01,01,01,01,01,50,FE,S,ROSE LN,,,,50,30,26,40.438727,74.157015,N,,23
201913502019005774,MONMOUTH,UNION BEACH BORO,06/30/2019,SU,1836,01,UNION BEACH PD,,0,0,0,0,P,B,N,N,01,2,NJ 36,N,36,,00000036__,22.09,02,,01,04,02,01,01,01,01,01,250,FE,S,SHORE RD,,,,50,25,26,40.447956,74.166867,N,,23
201913502019005776,MONMOUTH,UNION BEACH BORO,06/30/2019,SU,2003,01,UNION BEACH PD,,0,1,0,0,I,B,N,N,01,2,NJ 36,,36,,00000036__,,02,,01,04,02,01,01,01,01,01,,,,,,,,50,,26,40.447956,74.166867,N,,21
201913502019005936,MONMOUTH,UNION BEACH BORO,07/05/2019,FR,0801,01,UNION BEACH PD,,0,0,0,0,P,I,N,N,06,2,OCEAN AVE **,N,,,13501036__,.23,07,,01,04,02,01,00,01,05,01,,AT,,AUMACK AVE,,,,25,25,28,40.439645,74.167421,N,,29
201913502019006079,MONMOUTH,UNION BEACH BORO,07/09/2019,TU,1455,01,UNION BEACH PD,,0,0,0,0,P,B,N,N,08,2,1515NJ  36 PARKING LOT,,,,,,09,,01,04,02,01,01,01,01,01,,,,,,,,,,26,40.438727,74.157015,N,,84
201913502019006082,MONMOUTH,UNION BEACH BORO,07/09/2019,TU,1638,01,UNION BEACH PD,,0,0,0,0,P,B,N,N,06,2,2ND ST **,S,,,13501057__,.02,07,,01,04,02,01,01,01,05,01,100,FE,S,DOCK ST,,,,25,25,26,40.452570,74.174680,N,,25
201913502019006115,MONMOUTH,UNION BEACH BORO,07/10/2019,WE,1725,01,UNION BEACH PD,,0,0,0,0,P,I,N,N,11,1,MONMOUTH COUNTY 6 III,N,6,3,130000063_,.56,05,,01,04,02,01,01,01,04,01,,AT,,POOLE AVE,,,,25,30,52,40.439210,74.187370,N,JCPL POLE  ALL ELECTRIC LINES INCLUDING CABLE OPTIMUM  VERIZON. ALSO A CONCRETE?,16
201913502019006127,MONMOUTH,UNION BEACH BORO,07/11/2019,TH,1349,01,UNION BEACH PD,,0,0,0,0,P,I,N,N,06,2,PATTERSON AVE **,N,,,13501040__,.00,07,,01,04,02,01,01,01,05,01,,AT,,NJ 36,,,,25,50,26,40.438550,74.159020,N,,30
201913502019006298,MONMOUTH,UNION BEACH BORO,07/17/2019,WE,1158,01,UNION BEACH PD,,0,0,0,0,P,B,N,N,02,2,TENTH ST **,E,,,13501071__,.05,07,,03,04,02,01,01,01,05,01,250,FE,N,PINE ST,,,,25,25,26,40.446540,74.175170,N,,16
201913502019006334,MONMOUTH,UNION BEACH BORO,07/18/2019,TH,2012,01,UNION BEACH PD,,0,0,0,0,P,I,N,N,03,2,SULLIVAN PL / WASHINGTON AVE **,W,,,13501033__,.07,07,,01,04,02,02,01,02,05,01,,AT,,CR 39 / UNION AVE,,,,25,30,26,40.439352,74.164861,N,,26
201913502019006624,MONMOUTH,UNION BEACH BORO,07/27/2019,SA,1731,01,UNION BEACH PD,,0,1,0,0,I,I,N,N,14,1,MONMOUTH COUNTY 39,S,39,,13000039__,2.16,05,,01,04,02,01,01,01,05,01,,AT,,WASHINGTON AVE,,,,30,25,26,40.439352,74.164861,N,,25
201913502019006910,MONMOUTH,UNION BEACH BORO,08/04/2019,SU,1718,01,UNION BEACH PD,,0,0,0,0,P,B,N,N,06,2,PARK AVE **,W,,,13501067__,.24,07,,01,04,02,01,01,01,05,01,200,FE,E,CR 39 / UNION AVE,,,,25,30,28,40.444760,74.165060,N,,25
201913502019006968,MONMOUTH,UNION BEACH BORO,08/06/2019,TU,2048,01,UNION BEACH PD,,0,0,0,0,P,I,N,N,01,2,JERSEY AVE **,,,,13501039__,.20,07,,01,04,02,01,06,01,05,01,,AT,,CR 39 / UNION AVE,,,,25,30,26,40.443223,74.165689,N,,18
201913502019007060,MONMOUTH,UNION BEACH BORO,08/09/2019,FR,1642,01,UNION BEACH PD,,0,0,0,0,P,B,N,N,06,2,JERSEY AVE **,,,,13501039__,.20,07,,01,04,02,01,01,01,05,01,25,FE,,CR 39 / UNION AVE,,,,25,30,26,40.443223,74.165689,N,,18
201913502019007183,MONMOUTH,UNION BEACH BORO,05/14/2019,TU,0856,01,UNION BEACH PD,,0,0,0,0,P,I,N,N,11,1,MONMOUTH COUNTY 39,,39,,13000039__,1.88,05,,01,04,02,01,01,01,05,01,,AT,,JERSEY AVE,,,,30,25,50,40.443223,74.165689,N,STREET / STOP SIGN,17
201913502019007188,MONMOUTH,UNION BEACH BORO,08/14/2019,WE,1602,01,UNION BEACH PD,,0,0,0,0,P,I,N,N,09,2,PINE ST **,,,,13501059__,.63,07,,01,04,02,01,01,01,05,01,,AT,,CR 39 / FRONT ST,,,,30,25,26,40.446169,74.175129,N,,22
201913502019007228,MONMOUTH,UNION BEACH BORO,08/15/2019,TH,2356,01,UNION BEACH PD,,0,0,0,0,P,B,N,N,06,2,PINE ST **,,,,13501059__,.58,07,,01,04,03,01,06,01,05,01,10,FE,E,SECOND ST,,,,25,25,26,40.448890,74.172410,N,,29
201913502019007938,MONMOUTH,UNION BEACH BORO,09/05/2019,TH,1052,01,UNION BEACH PD,,0,0,0,0,P,B,N,N,06,2,DOCK ST / FRONT ST **,W,,,13501052__,.61,07,,01,04,02,01,01,01,04,01,100,FE,E,CR 39 / FLORANCE AVE,,,,30,30,26,40.446169,74.175129,N,,16
201913502019007971,MONMOUTH,UNION BEACH BORO,09/06/2019,FR,1708,01,UNION BEACH PD,,0,0,0,0,P,B,N,N,08,2,HARRIS AVE **,S,,,13501042__,.22,07,,01,04,02,02,01,02,05,01,100,FE,N,WILLOW ST,,,,25,25,28,40.440470,74.160260,N,,25
201913502019007997,MONMOUTH,UNION BEACH BORO,09/07/2019,SA,1605,01,UNION BEACH PD,,0,0,0,0,P,I,N,N,04,2,MONMOUTH COUNTY 39,,39,,13000039__,.00,05,,01,04,02,01,01,01,05,01,,AT,,CR 6 / STONE RD,,,,50,30,26,40.447956,74.166867,N,,22
201913502019008120,MONMOUTH,UNION BEACH BORO,09/10/2019,TU,1502,01,UNION BEACH PD,,0,1,0,0,I,I,N,N,14,1,MONMOUTH COUNTY 39,S,39,,13000039__,1.88,05,,01,04,02,01,01,01,05,01,,AT,,JERSEY AVE,,,,30,25,26,,,N,BICYCLE DAMAGED,21
201913502019008368,MONMOUTH,UNION BEACH BORO,09/18/2019,WE,1634,01,UNION BEACH PD,,0,0,0,0,P,B,N,N,08,2,MONMOUTH COUNTY 39,,39,,13000039__,.74,05,,01,04,02,01,01,01,04,01,20,FE,W,NINTH ST,,,,30,25,26,40.447323,74.177274,N,,84
201913502019008824,MONMOUTH,UNION BEACH BORO,10/02/2019,WE,1534,01,UNION BEACH PD,,0,0,0,0,P,B,N,N,02,2,NJ 36,W,36,,00000036__,22.14,02,,01,04,01,01,01,01,01,01,400,FE,E,SHORE ROAD,,,,50,25,26,40.447956,74.166867,N,,22
201913502019008862,MONMOUTH,UNION BEACH BORO,10/03/2019,TH,2029,01,UNION BEACH PD,,0,0,0,0,P,B,N,N,06,2,MONMOUTH COUNTY 39,N,39,,13000039__,.72,05,,01,04,02,02,06,05,04,01,100,FE,S,NINTH ST,,,,30,25,26,40.447323,74.177274,N,,18
201913502019008975,MONMOUTH,UNION BEACH BORO,10/07/2019,MO,1436,01,UNION BEACH PD,,0,0,0,0,P,B,N,N,06,2,CAMBRIDGE AVE **,W,,,13501035__,.18,07,,01,04,02,01,01,01,05,01,400,FE,W,OCEAN AVE,,,,25,25,28,40.441920,74.168580,N,,19
201913502019009063,MONMOUTH,UNION BEACH BORO,10/10/2019,TH,1445,01,UNION BEACH PD,,0,0,0,0,P,B,N,N,08,2,DOCK ST / FRONT ST **,,,,13501052__,.53,07,,02,04,02,01,01,01,05,01,25,FE,E,VISTA SHORES DR,,,,25,25,26,40.452540,74.173120,N,,84
201913502019009798,MONMOUTH,UNION BEACH BORO,11/01/2019,FR,1813,01,UNION BEACH PD,,0,1,0,0,I,I,N,N,04,2,MONMOUTH COUNTY 39,,39,,13000039__,.28,05,,01,04,02,01,03,01,05,01,,AT,,CR 6 / BROADWAY,,,,35,35,26,40.439676,74.183695,N,,26
201913502019010130,MONMOUTH,UNION BEACH BORO,11/13/2019,WE,1459,01,UNION BEACH PD,,0,0,0,0,P,B,N,N,06,2,SYDNEY AVE / WILSON AVE / WILSON ST **,,,,13501028__,.08,07,,01,04,02,01,01,01,05,01,30,FE,S,SYDNEY DR,,,,25,25,28,40.441720,74.178068,N,,17
20191350QQQQ,MONMOUTH,UNION BEACH BORO,02/28/2019,TH,1526,01,UNION BEACH PD,,0,0,0,0,P,B,N,N,06,2,SYDNEY AVE / WILSON AVE / WILSON ST **,N,,,13501028__,.06,07,,01,04,02,01,01,01,05,01,50,FE,N,MORNINGSIDE AVE,,,,25,25,28,,,N,,82
2019135119-36103-AC,MONMOUTH,UPPER FREEHOLD TWP,07/07/2019,SU,0452,01,HOWELL TWP PD,,0,0,0,0,P,B,N,N,11,1,ROUTE 524,,524,,00000524__,11.07,05,,01,04,02,02,02,01,05,01,250,FE,W,WALL BORDER,,,,45,45,60,,,N,,670
20191351C060-2019-00009A,MONMOUTH,UPPER FREEHOLD TWP,01/04/2019,FR,0650,02,NEW JERSEY STATE POLICE,HAMILTON-SUB -,0,0,0,0,P,B,N,N,10,1,SHARON STATION RD **,S,,,13511019__,1.09,07,,02,04,02,02,02,01,05,01,2000,FE,S,ROUTE 526,,,,45,50,01,40.176040,74.572050,N,,8084
20191351C060-2019-00016A,MONMOUTH,UPPER FREEHOLD TWP,01/06/2019,SU,1909,02,NEW JERSEY STATE POLICE,HAMILTON-SUB -,0,0,0,0,P,B,N,N,12,1,I-195,W,195,,00000195__,13.60,01,,01,04,02,01,05,01,01,01,,,,,,,,65,,25,40.157470,74.411100,N,,8120
20191351C060-2019-00017A,MONMOUTH,UPPER FREEHOLD TWP,01/06/2019,SU,1729,02,NEW JERSEY STATE POLICE,HAMILTON-SUB -,0,0,0,0,P,B,Y,N,01,2,I-195,W,195,,00000195__,10.40,01,,01,04,02,01,01,01,01,01,,,,,,,,65,,26,40.286400,74.231940,N,,8178
20191351C060-2019-00018A,MONMOUTH,UPPER FREEHOLD TWP,01/06/2019,SU,2335,02,NEW JERSEY STATE POLICE,HAMILTON-SUB -,0,0,0,0,P,B,N,N,12,1,ROUTE 539,N,539,,00000539__,40.50,05,,01,04,02,01,05,01,05,01,,,S,NEW CANTON- STONE TAVERN,,,,50,45,24,40.341050,74.349860,N,,8120
20191351C060-2019-00024A,MONMOUTH,UPPER FREEHOLD TWP,01/08/2019,TU,0746,02,NEW JERSEY STATE POLICE,HAMILTON-SUB -,0,0,0,0,P,B,N,N,01,2,I-195,W,195,,00000195__,11.00,01,,01,04,02,02,01,01,03,01,,,,,,,,65,,26,40.171300,74.448300,N,,8204
20191351C060-2019-00027A,MONMOUTH,UPPER FREEHOLD TWP,01/08/2019,TU,0759,02,NEW JERSEY STATE POLICE,HAMILTON-SUB -,0,0,0,0,P,B,N,N,01,2,I-195,W,195,,00000195__,11.00,01,,01,04,02,02,01,01,03,01,,,,,,,,65,,26,40.176830,74.526650,N,,8208
20191351C060-2019-00034A,MONMOUTH,UPPER FREEHOLD TWP,01/09/2019,WE,1421,02,NEW JERSEY STATE POLICE,HAMILTON-SUB -,0,0,0,0,P,B,N,N,08,2,ALLENTOWN HIGH SCHOOL PARKING LOT,,,,,,09,,01,04,02,01,01,01,05,01,,,,,,,,15,,26,40.174250,74.587240,N,,7528
20191351C060-2019-00037A,MONMOUTH,UPPER FREEHOLD TWP,01/10/2019,TH,1805,02,NEW JERSEY STATE POLICE,HAMILTON-SUB -,0,3,0,0,I,B,N,N,01,4,ROUTE 539,S,539,,00000539__,37.71,05,,01,05,02,01,07,01,05,01,,,,,,,,50,,26,40.175100,74.541200,N,,8178
20191351C060-2019-00038A,MONMOUTH,UPPER FREEHOLD TWP,01/10/2019,TH,2056,02,NEW JERSEY STATE POLICE,HAMILTON-SUB -,0,0,0,0,P,B,N,N,01,2,I-195,W,195,,00000195__,12.00,01,,01,04,02,01,05,01,01,01,,,,,,,,65,,26,40.176950,74.507950,N,,8178
20191351C060-2019-00053A,MONMOUTH,UPPER FREEHOLD TWP,01/14/2019,MO,1122,02,NEW JERSEY STATE POLICE,HAMILTON-SUB -,0,0,0,0,P,I,N,N,03,2,ROUTE 539,N,539,,00000539__,39.51,05,,01,04,02,01,01,01,05,01,,AT,,NJ 27 / BURLINGTON PATH RD,,,,50,45,26,40.134600,74.530580,N,,8134
20191351C060-2019-00054A,MONMOUTH,UPPER FREEHOLD TWP,01/09/2019,WE,1701,02,NEW JERSEY STATE POLICE,HAMILTON-SUB -,0,0,0,0,P,B,N,N,01,2,ROUTE 539,S,539,,00000539__,37.20,05,,01,04,02,01,03,01,05,01,,,N,ROUTE 524,,,,50,50,26,40.105330,74.508740,N,,8134
20191351C060-2019-00059A,MONMOUTH,UPPER FREEHOLD TWP,01/15/2019,TU,0751,02,NEW JERSEY STATE POLICE,HAMILTON-SUB -,0,0,0,0,P,B,N,N,01,2,I-195,W,195,,00000195__,13.80,01,,01,04,02,01,01,01,01,01,,,,,,,,65,,26,40.174640,74.474630,N,,7893
20191351C060-2019-00078A,MONMOUTH,UPPER FREEHOLD TWP,01/18/2019,FR,0854,02,NEW JERSEY STATE POLICE,HAMILTON-SUB -,0,0,0,0,P,B,N,N,03,2,ROUTE 539,N,,,,,05,,01,04,02,02,01,01,05,01,,,,,,,,50,,26,40.184210,74.573730,N,,8178
20191351C060-2019-00085A,MONMOUTH,UPPER FREEHOLD TWP,01/19/2019,SA,2312,02,NEW JERSEY STATE POLICE,HAMILTON-SUB -,0,0,0,0,P,B,N,N,11,1,IMLAYSTOWN-HIGHTSTOWN RD **,S,,,,1.42,07,,01,04,02,02,05,02,05,01,2112,FE,N,HERBERT RD / EAST BRANCH RD,,,,45,,52,40.193960,74.512960,N,Utility Pole.,8150
20191351C060-2019-00088A,MONMOUTH,UPPER FREEHOLD TWP,01/15/2019,TU,0751,02,NEW JERSEY STATE POLICE,HAMILTON-SUB -,0,1,0,0,I,B,N,N,01,2,I-195,W,195,,00000195__,13.80,01,,01,04,02,01,01,01,01,01,,,,,,,,65,,26,40.174640,74.474630,N,,7893
20191351C060-2019-00090A,MONMOUTH,UPPER FREEHOLD TWP,01/20/2019,SU,0830,02,NEW JERSEY STATE POLICE,HAMILTON-SUB -,0,0,0,0,P,B,Y,N,11,1,BURLINGTON PATH RD **,E,,,13511015__,.00,07,,01,04,02,02,01,02,05,01,,,W,WYGRANT,,,,45,35,59,40.134740,74.515990,N,Wooden Fence belonging to 20 Harvey Road  Upper Freehold  Monmouth County.,8041
20191351C060-2019-00095A,MONMOUTH,UPPER FREEHOLD TWP,01/22/2019,TU,1753,02,NEW JERSEY STATE POLICE,HAMILTON-SUB -,0,1,0,0,I,B,N,N,12,1,MONMOUTH COUNTY 43,E,43,,13000043__,1.66,05,,01,04,02,01,06,01,05,01,,,S,ROUTE 524,,,,40,45,24,40.177410,74.511580,N,,8238
20191351C060-2019-00125A,MONMOUTH,UPPER FREEHOLD TWP,01/30/2019,WE,0111,02,NEW JERSEY STATE POLICE,HAMILTON-SUB -,0,0,0,0,P,B,N,N,11,1,I-195,E,195,,00000195__,11.60,01,,01,04,02,02,05,01,01,01,,,,,,,,65,,46,40.176490,74.526380,N,,8178
20191351C060-2019-00128A,MONMOUTH,UPPER FREEHOLD TWP,01/30/2019,WE,1926,02,NEW JERSEY STATE POLICE,HAMILTON-SUB -,0,0,0,0,P,B,N,N,12,1,SHARON STATION RD **,S,,,13511019__,1.10,07,,01,04,02,01,04,01,05,01,100,FE,N,DUTCHESS DR,,,,45,25,24,40.168120,74.547130,N,,8204
20191351C060-2019-00133A,MONMOUTH,UPPER FREEHOLD TWP,02/01/2019,FR,1603,02,NEW JERSEY STATE POLICE,HAMILTON-SUB -,0,0,0,0,P,B,N,N,04,2,ROUTE 524,E,524,,00000524__,12.80,05,,03,04,02,02,01,03,05,01,,,,,,,,45,,26,40.181520,74.511030,N,,8118
20191351C060-2019-00134A,MONMOUTH,UPPER FREEHOLD TWP,02/01/2019,FR,0811,02,NEW JERSEY STATE POLICE,HAMILTON-SUB -,0,0,0,0,P,B,N,N,01,2,SHARON STATION RD **,N,,,13511019__,1.46,07,,01,04,02,01,01,01,05,01,,,S,ROUTE 526,,,,45,50,26,40.171380,74.541360,N,,8118