Year(4)-CountyCode(2)-MunicipalityCode(2)-CaseNumber(9),County Name,Municipality Name,Crash Date,Crash Day of Week,Crash Time,Police Department Code,Police Department,Police Station,Total Killed,Total Injured,Pedestrians Killed,Pedestrians Injured,Severity,Intersection,Alcohol Involved,Hazmat Involved,Crash Type,Total Vehicles,Location,Location Direction,Route,Route Suffix,Std Rte Identifier,MilePost,Road System,Road Character,Road Horizontal Alignment,Road Grade,Road Surface Type,Surface Condition,Light Condition,Environmental Condition,Road Divided By,Temporary Traffic Control Zone,Distance To Cross Street,Unit Of Measurement,Direction From Cross Street,Cross Street Name,Is Ramp,Ramp To/From Route Name,Ramp To/From Route Direction,Posted Speed,Posted Speed Cross Street,First Harmful Event,Latitude,Longitude,Cell Phone In Use Flag,Other Property Damage,Reporting Badge No.
20191351C060-2019-00139A,MONMOUTH,UPPER FREEHOLD TWP,02/02/2019,SA,1605,02,NEW JERSEY STATE POLICE,HAMILTON-SUB -,0,1,0,0,I,B,N,N,03,2,ARNEYSTOWN-CHESTERFIELD RD **,N,,,13511009__,1.65,07,,01,04,02,01,01,01,05,01,,,,CR 27 / HOLMES MILL RD,,,,45,45,26,40.101750,74.535600,N,UTILITY POLE #JC2162UF. 45 MPH SPEED SIGN.,8084
20191351C060-2019-00141A,MONMOUTH,UPPER FREEHOLD TWP,02/03/2019,SU,1823,02,NEW JERSEY STATE POLICE,HAMILTON-SUB -,0,0,0,0,P,B,N,N,12,1,ROUTE 539,N,539,,00000539__,45.60,05,,01,04,02,01,06,01,05,01,,,,ROUTE 524,,,,50,,24,40.185160,74.571500,N,,8140
20191351C060-2019-00142A,MONMOUTH,UPPER FREEHOLD TWP,02/03/2019,SU,2223,02,NEW JERSEY STATE POLICE,HAMILTON-SUB -,0,0,0,0,P,B,N,N,02,2,I-195,W,195,,00000195__,11.20,01,,01,04,02,01,05,01,01,01,,,,,,,,65,,26,40.177330,74.522930,N,,8178
20191351C060-2019-00145A,MONMOUTH,UPPER FREEHOLD TWP,02/04/2019,MO,1408,02,NEW JERSEY STATE POLICE,HAMILTON-SUB -,0,0,0,0,P,B,N,N,12,1,SHARON STATION RD **,N,,,13511019__,1.99,07,,01,04,02,01,01,01,05,01,1584,FE,S,ROUTE 524,,,,40,50,24,40.183210,74.539470,N,,7469
20191351C060-2019-00146A,MONMOUTH,UPPER FREEHOLD TWP,02/04/2019,MO,1611,02,NEW JERSEY STATE POLICE,HAMILTON-SUB -,0,0,0,0,P,B,N,N,15,1,I-195,E,195,,00000195__,14.00,01,,01,04,02,01,01,01,03,01,,,,,,,,65,,30,40.174610,74.470660,N,,8204
20191351C060-2019-00149A,MONMOUTH,UPPER FREEHOLD TWP,02/02/2019,SA,1750,02,NEW JERSEY STATE POLICE,HAMILTON-SUB -,0,0,0,0,P,B,N,N,12,1,ROUTE 539,N,539,,00000539__,39.00,05,,01,04,02,01,05,01,05,01,,,,,,,,40,,24,40.126490,74.524360,N,,8257
20191351C060-2019-00150A,MONMOUTH,UPPER FREEHOLD TWP,02/02/2019,SA,1822,02,NEW JERSEY STATE POLICE,HAMILTON-SUB -,0,0,0,0,P,B,N,N,12,1,SHARON STATION RD **,S,,,13511019__,1.29,07,,01,04,02,01,05,01,05,01,5280,FE,S,ROUTE 524,,,,25,40,24,40.183210,74.539470,N,,8257
20191351C060-2019-00151A,MONMOUTH,UPPER FREEHOLD TWP,02/04/2019,MO,2157,02,NEW JERSEY STATE POLICE,HAMILTON-SUB -,0,0,0,0,P,B,Y,N,11,1,ROUTE 539,N,539,,00000539__,39.30,05,,01,04,02,01,05,01,05,01,,,,,,,,50,,52,40.138120,74.531650,N,Kathleen Stryeski 270 Route 539  Upper Freehold  NJ & JCP&L Pole #JC2047UF,7997
20191351C060-2019-00153A,MONMOUTH,UPPER FREEHOLD TWP,02/05/2019,TU,0803,02,NEW JERSEY STATE POLICE,HAMILTON-SUB -,0,0,0,0,P,B,N,N,01,2,I-195,W,195,,00000195__,9.40,01,,01,04,02,01,01,01,01,01,,,,,,,,65,,26,40.180640,74.554740,N,,8238
20191351C060-2019-00154A,MONMOUTH,UPPER FREEHOLD TWP,02/05/2019,TU,0848,02,NEW JERSEY STATE POLICE,HAMILTON-SUB -,0,0,0,0,P,B,N,N,01,2,I-195,W,195,,00000195__,10.00,01,,01,04,02,01,01,01,01,01,,,,,,,,65,,26,40.177730,74.545410,N,,8238
20191351C060-2019-00156A,MONMOUTH,UPPER FREEHOLD TWP,02/05/2019,TU,1503,02,NEW JERSEY STATE POLICE,HAMILTON-SUB -,0,1,0,0,I,B,N,N,12,1,MILLER MILLS RD,E,,,,,07,,01,05,02,01,01,01,05,01,,,S,BURLINGTON PATH RD,,,,45,45,24,40.145800,74.466170,N,,8238
20191351C060-2019-00158A,MONMOUTH,UPPER FREEHOLD TWP,02/03/2019,SU,1251,02,NEW JERSEY STATE POLICE,HAMILTON-SUB -,0,1,0,0,I,B,N,N,01,2,MONMOUTH COUNTY 27 I,W,27,,13000027__,2.87,07,,01,04,02,01,01,01,05,01,,,,HOLMES MILL RD,,,,45,35,26,40.128580,74.539470,N,,8151
20191351C060-2019-00165A,MONMOUTH,UPPER FREEHOLD TWP,02/07/2019,TH,1143,02,NEW JERSEY STATE POLICE,HAMILTON-SUB -,0,1,0,0,I,B,Y,N,10,1,MEIRS RD **,W,,,13511013__,1.52,07,,01,04,02,01,01,01,05,01,1400,FE,W,CR 27 / BURLINGTON PATH RD,,,,50,50,57,40.131260,74.503700,N,,7528
20191351C060-2019-00171A,MONMOUTH,UPPER FREEHOLD TWP,02/08/2019,FR,1339,02,NEW JERSEY STATE POLICE,HAMILTON-SUB -,0,1,0,0,I,B,N,N,01,2,ROUTE 539,N,539,,00000539__,40.50,05,,01,04,02,01,01,01,05,01,,,,,,,,45,,26,40.134000,74.523700,N,,7898
20191351C060-2019-00174A,MONMOUTH,UPPER FREEHOLD TWP,02/09/2019,SA,1931,02,NEW JERSEY STATE POLICE,HAMILTON-SUB -,0,0,0,0,P,B,N,N,12,1,ROUTE 526,W,526,,00000526__,13.20,05,,01,04,02,01,05,01,05,01,,,,,,,,50,,24,40.125000,74.163200,N,,8262
20191351C060-2019-00184A,MONMOUTH,UPPER FREEHOLD TWP,02/12/2019,TU,1108,02,NEW JERSEY STATE POLICE,HAMILTON-SUB -,0,0,0,0,P,B,N,N,02,2,I-195,W,195,,00000195__,10.80,01,,01,04,02,05,01,06,01,01,,,,,,,,65,,26,40.174400,74.522900,N,,7982
20191351C060-2019-00189A,MONMOUTH,UPPER FREEHOLD TWP,02/12/2019,TU,0929,02,NEW JERSEY STATE POLICE,HAMILTON-SUB -,0,0,0,0,P,B,N,N,11,1,I-195,W,195,,00000195__,11.20,01,,01,04,02,03,01,03,01,01,,,,,,,,65,,50,40.177330,74.522930,N,CLICK OR TICKET TRAFFIC SIGN.;NJ DOT 1035 PARKWAY AVENUE TRENTON NJ 08625,7455
20191351C060-2019-00194A,MONMOUTH,UPPER FREEHOLD TWP,02/12/2019,TU,0923,02,NEW JERSEY STATE POLICE,HAMILTON-SUB -,0,0,0,0,P,B,N,N,11,1,I-195,W,195,,00000195__,12.60,01,,01,04,02,02,01,06,01,01,,,,,,,,65,,60,40.174710,74.497020,N,,8134
20191351C060-2019-00197A,MONMOUTH,UPPER FREEHOLD TWP,02/12/2019,TU,1202,02,NEW JERSEY STATE POLICE,HAMILTON-SUB -,0,0,0,0,P,B,N,N,11,1,I-195,W,195,,00000195__,12.80,01,,01,04,02,02,01,06,01,01,,,,,,,,65,,46,40.173530,74.490350,N,10 Ft Guardrail damage. NJDOT (1035 Parkway Ave  Ewing Township.),8134
20191351C060-2019-00201A,MONMOUTH,UPPER FREEHOLD TWP,02/12/2019,TU,1202,02,NEW JERSEY STATE POLICE,HAMILTON-SUB -,0,0,0,0,P,B,N,N,11,1,I-195,W,195,,00000195__,12.80,01,,01,04,02,02,01,06,01,01,,,,,,,,65,,46,40.173530,74.490350,N,10 Ft Guardrail damage. NJDOT (1035 Parkway Ave  Ewing Township.),8134
20191351C060-2019-00202A,MONMOUTH,UPPER FREEHOLD TWP,02/12/2019,TU,0950,02,NEW JERSEY STATE POLICE,HAMILTON-SUB -,0,0,0,0,P,B,N,N,11,1,I-195,W,195,,00000195__,13.40,01,,01,04,02,02,01,06,01,01,,,,,,,,65,,60,40.173330,74.456890,N,,8134
20191351C060-2019-00233A,MONMOUTH,UPPER FREEHOLD TWP,02/14/2019,TH,1743,02,NEW JERSEY STATE POLICE,HAMILTON-SUB -,0,0,0,0,P,B,N,N,01,2,MONTGOMERY WY,W,,,,,07,,03,04,02,01,03,01,03,01,,,W,OLD YORK ROAD,,,,25,25,26,40.189330,74.563420,N,,7727
20191351C060-2019-00241A,MONMOUTH,UPPER FREEHOLD TWP,02/16/2019,SA,1627,02,NEW JERSEY STATE POLICE,HAMILTON-SUB -,0,1,0,0,I,B,N,N,12,1,EMLEYS HILL RD **,W,,,13511004__,1.77,07,,01,04,02,01,01,01,05,01,1584,FE,W,LONG ACRE DR,,,,40,25,24,40.155010,74.498380,N,,8120
20191351C060-2019-00243A,MONMOUTH,UPPER FREEHOLD TWP,02/15/2019,FR,1814,02,NEW JERSEY STATE POLICE,HAMILTON-SUB -,0,0,0,0,P,B,N,N,12,1,ROUTE 526,W,526,,00000526__,12.00,05,,01,04,02,01,04,01,05,01,,,,,,,,50,,24,40.172480,74.548640,N,,8118
20191351C060-2019-00244A,MONMOUTH,UPPER FREEHOLD TWP,02/17/2019,SU,1728,02,NEW JERSEY STATE POLICE,HAMILTON-SUB -,0,0,0,0,P,B,N,N,12,1,SHARON STATION RD **,N,,,,,07,,01,05,02,01,05,01,05,01,,,S,SLEEPY HOLLOW CT,,,,45,25,24,40.155200,74.539030,N,,8150
20191351C060-2019-00257A,MONMOUTH,UPPER FREEHOLD TWP,02/20/2019,WE,1200,02,NEW JERSEY STATE POLICE,HAMILTON-SUB -,0,0,0,0,P,B,N,N,01,2,ROUTE 539,N,539,,00000539__,47.60,05,,01,04,02,03,01,03,05,01,,,,,,,,40,,26,40.212510,74.546840,N,,6883
20191351C060-2019-00261A,MONMOUTH,UPPER FREEHOLD TWP,02/20/2019,WE,1304,02,NEW JERSEY STATE POLICE,HAMILTON-SUB -,0,0,0,0,P,B,N,N,11,1,I-195,W,195,,00000195__,11.00,01,,01,04,02,03,01,03,01,01,,,,,,,,65,,46,40.176630,74.530390,N,10 feet of guardrail.;NJ DOT;1035 Parkway Ave  ;Ewing Township  NJ 08618,7861
20191351C060-2019-00262A,MONMOUTH,UPPER FREEHOLD TWP,02/20/2019,WE,1323,02,NEW JERSEY STATE POLICE,HAMILTON-SUB -,0,0,0,0,P,B,N,N,11,1,I-195,W,195,,00000195__,10.80,01,,01,04,02,03,01,03,01,01,,,,,,,,65,,46,40.176630,74.530390,N,10 ft of guardrail.;NJ DOT;1035 Parkway Ave  ;Ewing Township  NJ 08618,7861
20191351C060-2019-00263A,MONMOUTH,UPPER FREEHOLD TWP,02/20/2019,WE,1128,02,NEW JERSEY STATE POLICE,HAMILTON-SUB -,0,0,0,0,P,B,N,N,01,2,I-195,E,195,,00000195__,8.54,01,,01,04,02,03,01,03,01,01,,,,ROUTE 524 / ROUTE 539 / OLD YORK RD,,,,65,,26,40.161530,74.427700,N,,6759
20191351C060-2019-00264A,MONMOUTH,UPPER FREEHOLD TWP,02/20/2019,WE,1156,02,NEW JERSEY STATE POLICE,HAMILTON-SUB -,0,1,0,0,I,B,N,N,11,3,I-195,E,195,,00000195__,8.54,01,,01,04,02,03,01,03,01,01,,,,,,,,65,,26,40.161520,74.427690,N,NJ DOT guide rail  center median  milepost 8.2  minor damage.,6759
20191351C060-2019-00269A,MONMOUTH,UPPER FREEHOLD TWP,02/20/2019,WE,1135,02,NEW JERSEY STATE POLICE,HAMILTON-SUB -,0,0,0,0,P,B,N,N,11,1,IMLAYSTOWN-HIGHTSTOWN RD **,S,,,13511011__,.00,07,,01,04,02,05,01,06,05,01,15,FE,N,ROUTE 524,,,,45,45,52,40.182380,74.511560,N,BASED OF UTILITY POLE JCPL (214-36)  101 Crawfords Corner Rd Ste 1  Holmdel,8134
20191351C060-2019-00270A,MONMOUTH,UPPER FREEHOLD TWP,02/20/2019,WE,1259,02,NEW JERSEY STATE POLICE,HAMILTON-SUB -,0,0,0,0,P,B,N,N,01,2,ROUTE 539,N,539,,00000539__,47.60,05,,01,04,02,03,01,03,05,01,,,,,,,,40,,26,40.212510,74.546840,N,,8134
20191351C060-2019-00288A,MONMOUTH,UPPER FREEHOLD TWP,02/23/2019,SA,1753,02,NEW JERSEY STATE POLICE,HAMILTON-SUB -,0,0,0,0,P,B,N,N,06,2,RUES RD,S,,,,,07,,01,04,02,01,03,01,05,01,,,S,CHAMBERS ROAD,,,,25,25,26,40.178560,74.483540,N,,8204
20191351C060-2019-00289A,MONMOUTH,UPPER FREEHOLD TWP,02/13/2019,WE,1949,02,NEW JERSEY STATE POLICE,HAMILTON-SUB -,0,0,0,0,P,B,N,N,12,1,ROUTE 524,W,524,,00000524__,8.49,05,,01,04,02,01,05,01,05,01,5280,FE,W,SHARON STATION RD,,,,40,40,24,40.183380,74.541230,N,,8257
20191351C060-2019-00290A,MONMOUTH,UPPER FREEHOLD TWP,02/24/2019,SU,0540,02,NEW JERSEY STATE POLICE,HAMILTON-SUB -,0,0,0,0,P,B,Y,N,11,1,ROUTE 526,W,526,,00000526__,13.50,05,,01,04,02,02,05,02,05,01,,,,,,,,45,,59,40.154840,74.526820,N,Wooden fence of 213 County Road 526,8037
20191351C060-2019-00308A,MONMOUTH,UPPER FREEHOLD TWP,02/28/2019,TH,0531,02,NEW JERSEY STATE POLICE,HAMILTON-SUB -,0,0,0,0,P,B,N,N,11,1,ROUTE 524,W,524,,00000524__,12.03,05,,01,04,02,01,02,01,05,01,5280,FE,E,CR 43 / IMLAYSTOWN-HIGHTSTOWN RD,,,,35,15,52,40.167340,74.515370,N,,8257
20191351C060-2019-00323A,MONMOUTH,UPPER FREEHOLD TWP,03/02/2019,SA,1156,02,NEW JERSEY STATE POLICE,HAMILTON-SUB -,0,2,0,0,I,B,N,N,03,2,ROUTE 537,N,537,,00000537__,37.30,05,,01,04,02,01,01,01,04,01,,,,,,,,50,,26,40.103480,74.507420,N,,7654
20191351C060-2019-00328A,MONMOUTH,UPPER FREEHOLD TWP,03/03/2019,SU,1827,02,NEW JERSEY STATE POLICE,HAMILTON-SUB -,0,0,0,0,P,B,N,N,11,1,I-195,W,195,,00000195__,14.00,01,,01,04,02,03,05,03,01,01,,,,,,,,65,,50,40.174970,74.470860,N,Tpr. A. Raspa #7425 Mem Hwy Sign. NJ DOT 1035 PKWY AVE  TRENTON NJ 08625.,7455
20191351C060-2019-00329A,MONMOUTH,UPPER FREEHOLD TWP,03/03/2019,SU,2000,02,NEW JERSEY STATE POLICE,HAMILTON-SUB -,0,0,0,0,P,B,N,N,02,2,I-195,E,195,,00000195__,11.40,01,,01,04,02,03,05,03,01,01,,,,,,,,65,,26,40.177520,74.519040,N,,7861
20191351C060-2019-00330A,MONMOUTH,UPPER FREEHOLD TWP,03/03/2019,SU,2208,02,NEW JERSEY STATE POLICE,HAMILTON-SUB -,0,1,0,0,I,B,N,N,11,1,I-195,W,195,,00000195__,8.80,01,,01,04,02,05,05,03,01,01,,,,,,,,65,,46,40.436980,74.349860,N,20FT GUARD RAIL DAMAGE,8120
20191351C060-2019-00332A,MONMOUTH,UPPER FREEHOLD TWP,03/04/2019,MO,0128,02,NEW JERSEY STATE POLICE,HAMILTON-SUB -,0,0,0,0,P,B,N,N,11,1,ROUTE 526,E,526,,00000526__,13.12,05,,01,04,02,05,05,03,05,01,1584,FE,E,SHARON STATION RD,,,,45,45,52,40.172500,74.548900,N,DAMAGE TO POLE #JC1104UF & #JC1102UF;DAMAGE TO POLE #JC1102UF GUY WIRE,8120
20191351C060-2019-00339A,MONMOUTH,UPPER FREEHOLD TWP,03/04/2019,MO,0932,02,NEW JERSEY STATE POLICE,HAMILTON-SUB -,0,1,0,0,I,B,N,N,01,2,SHARON STATION RD **,N,,,13511019__,.56,07,,01,04,02,01,01,01,05,01,528,FE,S,SLEEPY HOLLOW CT,,,,45,25,26,40.159890,74.539830,N,,8208
20191351C060-2019-00343A,MONMOUTH,UPPER FREEHOLD TWP,03/05/2019,TU,1830,02,NEW JERSEY STATE POLICE,HAMILTON-SUB -,0,1,0,0,I,B,N,N,03,2,ROUTE 539,S,539,,00000539__,41.29,05,,01,04,02,01,05,01,05,01,,,,HOLMES MILL RD / POLHEMUSTOWN RD,,,,45,45,26,40.101590,74.536070,N,,8262
20191351C060-2019-00345A,MONMOUTH,UPPER FREEHOLD TWP,03/06/2019,WE,0725,02,NEW JERSEY STATE POLICE,HAMILTON-SUB -,0,0,0,0,P,B,N,N,01,2,ROUTE 539,S,539,,00000539__,45.50,05,,01,04,02,01,01,01,05,01,,,,ROUTE 524,,,,50,,26,40.185880,74.570120,N,,8158
20191351C060-2019-00352A,MONMOUTH,UPPER FREEHOLD TWP,03/08/2019,FR,0429,02,NEW JERSEY STATE POLICE,HAMILTON-SUB -,0,0,0,0,P,B,N,N,12,1,SHARON STATION RD **,S,,,13511019__,1.08,07,,01,04,02,01,03,01,05,01,,,N,DUTCHESS DR,,,,45,25,24,40.162980,74.540570,N,,8204
20191351C060-2019-00360A,MONMOUTH,UPPER FREEHOLD TWP,03/11/2019,MO,1221,02,NEW JERSEY STATE POLICE,HAMILTON-SUB -,0,1,0,0,I,B,N,N,11,1,I-195,E,195,,00000195__,10.00,01,,01,06,02,01,01,01,01,01,,,,,,,,65,,49,40.177310,74.545220,N,NJDOT PO Box 600  Trenton  NJ 08625,7972
20191351C060-2019-00364A,MONMOUTH,UPPER FREEHOLD TWP,03/12/2019,TU,1527,02,NEW JERSEY STATE POLICE,HAMILTON-SUB -,0,2,0,0,I,B,N,N,03,2,ROUTE 524,S,,,,,07,,01,04,02,01,01,01,05,01,,,,ARNEYTOWN HORNERSTOWN RD,,,,45,45,01,40.101580,74.535950,N,DAMAGE TO UTILITY POLE #jc2162uf,8120
20191351C060-2019-00373A,MONMOUTH,UPPER FREEHOLD TWP,03/16/2019,SA,,02,NEW JERSEY STATE POLICE,HAMILTON-SUB -,0,0,0,0,P,B,N,N,12,1,ROUTE 539,N,539,,00000539__,46.00,05,,01,04,02,01,05,01,05,01,,,,,,,,50,,24,40.133170,74.522180,N,,8158
20191351C060-2019-00376A,MONMOUTH,UPPER FREEHOLD TWP,03/16/2019,SA,1423,02,NEW JERSEY STATE POLICE,HAMILTON-SUB -,0,1,0,0,I,B,N,N,11,1,I-195,E,195,,00000195__,12.00,01,,01,04,02,01,01,01,01,01,,,,,,,,65,,46,40.176540,74.507780,N,10 Feet of Guardrail Damage.,8134
20191351C060-2019-00380A,MONMOUTH,UPPER FREEHOLD TWP,03/17/2019,SU,1550,02,NEW JERSEY STATE POLICE,HAMILTON-SUB -,0,0,0,0,P,B,N,N,12,1,PROVINCE LINE RD **,W,,,,2.00,07,,01,04,02,01,01,01,05,01,1584,FE,N,ROUTE 537 / MONMOUTH RD,,,,45,45,24,40.341750,74.347000,N,,8120
20191351C060-2019-00395A,MONMOUTH,UPPER FREEHOLD TWP,03/21/2019,TH,2057,02,NEW JERSEY STATE POLICE,HAMILTON-SUB -,0,0,0,0,P,B,N,N,15,1,I-195,E,195,,00000195__,12.20,01,,01,04,02,02,05,02,01,01,,,,,,,,65,,39,40.176540,74.507790,N,,8158
20191351C060-2019-00404A,MONMOUTH,UPPER FREEHOLD TWP,03/25/2019,MO,1004,02,NEW JERSEY STATE POLICE,HAMILTON-SUB -,0,0,0,0,P,B,Y,N,11,1,ROUTE 539,S,539,,00000539__,47.20,05,,03,04,02,01,01,01,05,01,500,FE,N,NEW ST,,,,50,25,52,40.207530,74.548850,N,Utility pole #: JC197WST,7838
20191351C060-2019-00406A,MONMOUTH,UPPER FREEHOLD TWP,03/26/2019,TU,1519,02,NEW JERSEY STATE POLICE,HAMILTON-SUB -,0,0,0,0,P,B,N,N,01,2,ROUTE 539,S,539,,00000539__,37.71,05,,01,04,02,01,01,01,05,01,,,,CR 27 I / MEIRS RD,,,,50,,26,40.104250,74.508650,N,,8118
20191351C060-2019-00421A,MONMOUTH,UPPER FREEHOLD TWP,03/30/2019,SA,0543,02,NEW JERSEY STATE POLICE,HAMILTON-SUB -,0,0,0,0,P,B,N,N,12,1,ROUTE 526,W,526,,00000526__,11.30,05,,01,04,02,01,02,01,05,01,,,,,,,,40,,24,40.175810,74.570100,N,,8158
20191351C060-2019-00425A,MONMOUTH,UPPER FREEHOLD TWP,03/30/2019,SA,2305,02,NEW JERSEY STATE POLICE,HAMILTON-SUB -,0,0,0,0,P,B,N,N,12,1,ROUTE 539,S,539,,00000539__,37.71,05,,01,04,02,01,05,01,05,01,,,,,,,,50,,24,40.319460,74.419360,N,,8120
20191351C060-2019-00426A,MONMOUTH,UPPER FREEHOLD TWP,03/31/2019,SU,1046,02,NEW JERSEY STATE POLICE,HAMILTON-SUB -,0,0,0,0,P,B,N,N,01,2,ROUTE 537,W,537,,00000537__,36.50,05,,01,06,02,02,01,02,01,02,,,,,,,,50,,26,40.096090,74.518540,N,,8151
20191351C060-2019-00477A,MONMOUTH,UPPER FREEHOLD TWP,04/13/2019,SA,,02,NEW JERSEY STATE POLICE,HAMILTON-SUB -,0,0,0,0,P,B,N,N,11,1,ARNEYSTOWN-CHESTERFIELD RD **,S,,,13511009__,.00,07,,03,04,02,02,05,02,05,01,100,FE,S,PROVINCE LINE RD,,,,25,25,60,40.102080,74.557500,N,,8158
20191351C060-2019-00483A,MONMOUTH,UPPER FREEHOLD TWP,04/15/2019,MO,0838,02,NEW JERSEY STATE POLICE,HAMILTON-SUB -,0,0,0,0,P,B,N,N,01,2,I-195,W,195,,00000195__,9.40,01,,01,04,02,01,01,01,01,01,,,,,,,,65,,26,40.184700,74.566610,N,,8262
20191351C060-2019-00485A,MONMOUTH,UPPER FREEHOLD TWP,04/15/2019,MO,0817,02,NEW JERSEY STATE POLICE,HAMILTON-SUB -,0,0,0,0,P,B,N,N,04,2,ROUTE 524,E,524,,00000524__,9.00,05,,01,04,02,01,01,01,05,01,,,,,,,,50,,26,40.103420,74.542370,N,,8256
20191351C060-2019-00486A,MONMOUTH,UPPER FREEHOLD TWP,04/15/2019,MO,0516,02,NEW JERSEY STATE POLICE,HAMILTON-SUB -,0,0,0,0,P,B,N,N,11,1,ROUTE 526,W,526,,00000526__,12.50,05,,01,04,02,02,05,02,05,01,,,,,,,,45,,52,40.177100,74.573560,N,Utility pole #JC572UF and pole #JC571UF.,8037
20191351C060-2019-00495A,MONMOUTH,UPPER FREEHOLD TWP,04/16/2019,TU,1809,02,NEW JERSEY STATE POLICE,HAMILTON-SUB -,0,0,0,0,P,B,N,N,01,2,WALNFORD RD **,N,,,,,07,,03,05,02,01,01,01,05,01,,,N,HOLMES MILL RD,,,,25,25,26,40.140040,74.546450,N,,7972
20191351C060-2019-00497A,MONMOUTH,UPPER FREEHOLD TWP,04/12/2019,FR,1506,02,NEW JERSEY STATE POLICE,HAMILTON-SUB -,0,0,0,0,P,B,N,N,02,2,ROUTE 537,E,537,,00000537__,33.60,05,,01,04,02,01,01,01,05,01,,,,,,,,50,,26,40.202850,74.363420,N,,8134
20191351C060-2019-00506A,MONMOUTH,UPPER FREEHOLD TWP,04/20/2019,SA,1635,02,NEW JERSEY STATE POLICE,HAMILTON-SUB -,0,0,0,0,P,B,N,N,06,2,ROUTE 539,N,539,,00000539__,37.71,05,,01,04,03,01,01,01,05,01,,,,CR 27 I / MEIRS RD,,,,50,,26,40.126660,74.524520,N,,7997
20191351C060-2019-00513A,MONMOUTH,UPPER FREEHOLD TWP,04/22/2019,MO,1455,02,NEW JERSEY STATE POLICE,HAMILTON-SUB -,0,1,0,0,I,B,N,N,11,1,I-195,W,195,,00000195__,11.40,01,,01,04,02,02,01,01,01,01,,,,,,,,65,,60,40.177820,74.519190,N,Two traffic sign posts.,8118
20191351C060-2019-00522A,MONMOUTH,UPPER FREEHOLD TWP,04/24/2019,WE,1610,02,NEW JERSEY STATE POLICE,HAMILTON-SUB -,0,1,0,0,I,B,N,N,12,1,I-195,E,195,,00000195__,14.00,01,,01,04,02,01,01,01,03,01,,,,,,,,65,,24,40.174610,74.470660,N,,7727
20191351C060-2019-00526A,MONMOUTH,UPPER FREEHOLD TWP,04/25/2019,TH,0537,02,NEW JERSEY STATE POLICE,HAMILTON-SUB -,0,0,0,0,P,B,N,N,12,1,ROUTE 539,N,539,,00000539__,40.10,05,,01,04,02,01,01,01,05,01,,,,,,,,50,,24,40.166330,74.541470,N,,7997
20191351C060-2019-00531A,MONMOUTH,UPPER FREEHOLD TWP,04/26/2019,FR,0724,02,NEW JERSEY STATE POLICE,HAMILTON-SUB -,0,0,0,0,P,B,N,N,03,2,MONMOUTH COUNTY 27 I,N,27,,13000027__,2.87,07,,01,04,02,02,01,05,05,01,,,,HOLMES MILL RD,,,,45,45,26,40.101580,74.535950,N,,8084
20191351C060-2019-00576A,MONMOUTH,UPPER FREEHOLD TWP,05/08/2019,WE,2306,02,NEW JERSEY STATE POLICE,HAMILTON-SUB -,0,0,0,0,P,B,Y,N,11,1,HILL RD **,N,,,13511007__,.01,07,,03,04,02,01,05,01,05,01,,,S,ARNEYTOWN-HORNERSTOWN RD,,,,35,35,60,40.116900,74.555390,N,,7074
20191351C060-2019-00587A,MONMOUTH,UPPER FREEHOLD TWP,05/11/2019,SA,1228,02,NEW JERSEY STATE POLICE,HAMILTON-SUB -,0,1,0,0,I,B,N,N,10,1,ROUTE 539,W,539,,00000539__,40.43,05,,01,05,02,01,01,01,05,01,200,FE,E,WALNFORD RD,,,,35,35,01,40.150760,74.547240,N,,8182
20191351C060-2019-00588A,MONMOUTH,UPPER FREEHOLD TWP,05/11/2019,SA,1412,02,NEW JERSEY STATE POLICE,HAMILTON-SUB -,0,0,0,0,P,B,N,N,02,2,I-195,E,195,,00000195__,13.20,01,,01,04,02,01,01,01,01,01,,,,,,,,65,,26,40.173200,74.485640,N,,8182
20191351C060-2019-00592A,MONMOUTH,UPPER FREEHOLD TWP,05/12/2019,SU,1225,02,NEW JERSEY STATE POLICE,HAMILTON-SUB -,0,1,0,0,I,B,N,N,01,2,ROUTE 539,S,539,,00000539__,40.81,05,,03,04,02,01,01,01,05,01,10,FE,W,SHARON STATION RD,,,,45,45,26,40.149300,74.538100,N,,8041
20191351C060-2019-00595A,MONMOUTH,UPPER FREEHOLD TWP,05/13/2019,MO,1842,02,NEW JERSEY STATE POLICE,HAMILTON-SUB -,0,1,0,0,I,B,N,N,11,1,I-195,S,195,,00000195__,8.54,01,,01,04,02,02,03,01,05,01,,,,,T,ROUTE 524/RT/OLD YORK RD,WB,15,,60,40.185280,74.580090,N,,8247