Year(4)-CountyCode(2)-MunicipalityCode(2)-CaseNumber(9),County Name,Municipality Name,Crash Date,Crash Day of Week,Crash Time,Police Department Code,Police Department,Police Station,Total Killed,Total Injured,Pedestrians Killed,Pedestrians Injured,Severity,Intersection,Alcohol Involved,Hazmat Involved,Crash Type,Total Vehicles,Location,Location Direction,Route,Route Suffix,Std Rte Identifier,MilePost,Road System,Road Character,Road Horizontal Alignment,Road Grade,Road Surface Type,Surface Condition,Light Condition,Environmental Condition,Road Divided By,Temporary Traffic Control Zone,Distance To Cross Street,Unit Of Measurement,Direction From Cross Street,Cross Street Name,Is Ramp,Ramp To/From Route Name,Ramp To/From Route Direction,Posted Speed,Posted Speed Cross Street,First Harmful Event,Latitude,Longitude,Cell Phone In Use Flag,Other Property Damage,Reporting Badge No.
20191351C060-2019-00617A,MONMOUTH,UPPER FREEHOLD TWP,05/14/2019,TU,1533,02,NEW JERSEY STATE POLICE,HAMILTON-SUB -,0,1,0,0,I,B,N,N,15,2,ROUTE 539,N,539,,00000539__,39.32,05,,01,04,02,01,01,01,05,01,1000,FE,S,NJ 27 / BURLINGTON PATH RD,,,,50,35,30,40.134600,74.530580,N,,8187
20191351C060-2019-00620A,MONMOUTH,UPPER FREEHOLD TWP,05/15/2019,WE,0625,02,NEW JERSEY STATE POLICE,HAMILTON-SUB -,0,0,0,0,P,B,N,N,02,2,I-195,E,195,,00000195__,8.60,01,,01,04,02,01,01,01,01,01,,,,,,,,65,,26,40.201430,74.645360,N,,8252
20191351C060-2019-00625A,MONMOUTH,UPPER FREEHOLD TWP,05/16/2019,TH,1712,02,NEW JERSEY STATE POLICE,HAMILTON-SUB -,0,0,0,0,P,B,N,N,11,1,I-195,E,195,,00000195__,10.40,01,,01,04,02,01,01,01,01,01,,,,,,,,65,,26,40.176620,74.537710,N,Dent and scratch marks to the center guardrail.,8249
20191351C060-2019-00635A,MONMOUTH,UPPER FREEHOLD TWP,05/18/2019,SA,1652,02,NEW JERSEY STATE POLICE,HAMILTON-SUB -,0,0,0,0,P,B,N,N,03,2,ROUTE 526,W,526,,00000526__,11.20,05,,01,04,02,01,01,01,04,01,,,,CR 526 BYPASS,,,,35,35,26,,,N,,8141
20191351C060-2019-00647A,MONMOUTH,UPPER FREEHOLD TWP,05/20/2019,MO,0812,02,NEW JERSEY STATE POLICE,HAMILTON-SUB -,0,0,0,0,P,B,N,N,01,2,I-195,W,195,,00000195__,10.00,01,,01,04,02,01,01,01,05,01,,,,,,,,65,,26,40.177730,74.545410,N,,8249
20191351C060-2019-00648A,MONMOUTH,UPPER FREEHOLD TWP,05/20/2019,MO,1617,02,NEW JERSEY STATE POLICE,HAMILTON-SUB -,0,1,0,0,I,B,N,N,10,1,MONMOUTH COUNTY 27 I,S,27,,13000027__,.98,07,,03,04,02,01,01,01,05,01,,,,,,,,45,,01,40.110670,74.536220,N,,8241
20191351C060-2019-00649A,MONMOUTH,UPPER FREEHOLD TWP,05/10/2019,FR,1038,02,NEW JERSEY STATE POLICE,HAMILTON-SUB -,0,0,0,0,P,B,N,N,11,1,626/636 ROUTE 524,,,,,,09,,01,04,05,01,01,01,05,01,,,,,,,,,,69,40.187060,74.489630,N,JCPL power lines knocked to ground,7893
20191351C060-2019-00650A,MONMOUTH,UPPER FREEHOLD TWP,05/20/2019,MO,2123,02,NEW JERSEY STATE POLICE,HAMILTON-SUB -,0,2,0,0,I,B,N,N,01,2,ROUTE 537,W,537,,00000537__,34.44,05,,01,04,02,01,05,01,03,01,,,,CR 640 / HAWKIN RD / PROSPERTOWN RD,,,,45,,26,40.134900,74.459900,N,,8241
20191351C060-2019-00684A,MONMOUTH,UPPER FREEHOLD TWP,05/25/2019,SA,1525,02,NEW JERSEY STATE POLICE,HAMILTON-SUB -,0,0,0,0,P,B,N,N,08,2,GAMBLER RIDGE GOLF COURSE PARKING LOT,,,,,,09,,01,04,02,01,01,01,05,01,,,,,,,,,,26,40.232600,74.286300,N,,8249
20191351C060-2019-00685A,MONMOUTH,UPPER FREEHOLD TWP,05/26/2019,SU,1715,02,NEW JERSEY STATE POLICE,HAMILTON-SUB -,0,1,0,0,I,B,N,N,01,2,I-195,W,195,,00000195__,9.60,01,,01,04,02,01,01,01,01,01,,,,,,,,65,,26,40.179920,74.552390,N,,8252
20191351C060-2019-00688A,MONMOUTH,UPPER FREEHOLD TWP,05/27/2019,MO,0203,02,NEW JERSEY STATE POLICE,HAMILTON-SUB -,0,0,0,0,P,B,N,N,11,1,I-195,E,195,,00000195__,10.00,01,,01,04,02,01,06,01,01,01,,,,,,,,65,,46,40.177310,74.545220,N,DAMAGE TO GUARDRAIL FACE.,8182
20191351C060-2019-00690A,MONMOUTH,UPPER FREEHOLD TWP,05/28/2019,TU,1938,02,NEW JERSEY STATE POLICE,HAMILTON-SUB -,0,1,0,0,I,B,N,N,01,3,I-195,W,195,,00000195__,13.20,01,,01,04,02,01,01,01,03,01,,,,,,,,65,,26,40.174600,74.492600,N,,8088
20191351C060-2019-00695A,MONMOUTH,UPPER FREEHOLD TWP,05/28/2019,TU,2001,02,NEW JERSEY STATE POLICE,HAMILTON-SUB -,0,0,0,0,P,B,N,N,11,1,HARMONY HILL RD **,N,,,13511064__,.00,07,,03,04,02,02,03,01,05,01,,,E,STONE- TAVEN RD-HARMONY HILL RD,,,,25,40,59,40.188070,74.486800,N,APPROXIMATELY 100 FEET OF WHITE WOODEN FENCE ON SIDE OF ROAD.,8187
20191351C060-2019-00713A,MONMOUTH,UPPER FREEHOLD TWP,06/02/2019,SU,0926,02,NEW JERSEY STATE POLICE,HAMILTON-SUB -,0,0,0,0,P,B,N,N,11,1,HOLMES MILL RD,N,,,,,07,,01,05,01,01,01,01,05,01,,,N,ARNEYTOWN-HORNERSTOWN RD,,,,45,45,46,40.110670,74.536220,N,Ext. damage to guardrail/concrete on Bridge U-40 covering Lahaway Creek.,7469
20191351C060-2019-00730A,MONMOUTH,UPPER FREEHOLD TWP,06/05/2019,WE,0805,02,NEW JERSEY STATE POLICE,HAMILTON-SUB -,0,0,0,0,P,B,N,N,01,2,I-195,W,195,,00000195__,10.20,01,,01,04,02,01,01,01,05,01,,,,,,,,65,,26,40.177200,74.541700,N,,6721
20191351C060-2019-00736A,MONMOUTH,UPPER FREEHOLD TWP,06/06/2019,TH,2316,02,NEW JERSEY STATE POLICE,HAMILTON-SUB -,0,0,0,0,P,B,N,N,12,1,I-195,E,195,,00000195__,9.30,01,,01,04,02,01,05,01,03,01,,,,,,,,65,,24,40.181230,74.557410,N,,8206
20191351C060-2019-00752A,MONMOUTH,UPPER FREEHOLD TWP,06/09/2019,SU,0343,02,NEW JERSEY STATE POLICE,HAMILTON-SUB -,0,0,0,0,P,B,N,N,12,1,I-195,W,195,,00000195__,12.60,01,,01,04,02,01,05,01,03,01,,,,,,,,65,,24,40.174710,74.497020,N,,7838
20191351C060-2019-00756A,MONMOUTH,UPPER FREEHOLD TWP,06/10/2019,MO,0818,02,NEW JERSEY STATE POLICE,HAMILTON-SUB -,0,0,0,0,P,B,N,N,01,3,I-195,W,195,,00000195__,10.60,01,,01,04,02,01,01,01,01,01,,,,,,,,65,,26,40.176810,74.534160,N,,8187
20191351C060-2019-00757A,MONMOUTH,UPPER FREEHOLD TWP,06/10/2019,MO,0814,02,NEW JERSEY STATE POLICE,HAMILTON-SUB -,0,0,0,0,P,B,N,N,01,2,I-195,W,195,,00000195__,11.60,01,,01,04,02,02,01,02,03,01,,,,,,,,65,,26,40.177940,74.515410,N,,8198
20191351C060-2019-00759A,MONMOUTH,UPPER FREEHOLD TWP,06/10/2019,MO,0752,02,NEW JERSEY STATE POLICE,HAMILTON-SUB -,0,1,0,0,I,B,N,N,03,2,ROUTE 539,W,539,,00000539__,47.50,05,,01,04,02,01,01,05,05,01,,,,,,,,50,,26,40.208910,74.353520,N,,8037
20191351C060-2019-00770A,MONMOUTH,UPPER FREEHOLD TWP,06/11/2019,TU,2331,02,NEW JERSEY STATE POLICE,HAMILTON-SUB -,0,0,0,0,P,B,N,N,12,1,ROUTE 526,W,526,,00000526__,11.40,05,,01,04,02,01,05,01,05,01,200,FE,E,GALLOPING BROOK RD,,,,35,25,24,40.175590,74.568380,N,,8237
20191351C060-2019-00786A,MONMOUTH,UPPER FREEHOLD TWP,06/14/2019,FR,0707,02,NEW JERSEY STATE POLICE,HAMILTON-SUB -,1,0,0,0,F,B,N,N,11,1,MEIRS RD **,N,,,13511013__,.68,07,,01,04,02,01,01,01,05,01,1584,FE,S,JOHNATHAN HOLMES RD,,,,30,30,52,40.121250,74.496030,N,Minor damage to utility pole #771-16,8041
20191351C060-2019-00794A,MONMOUTH,UPPER FREEHOLD TWP,06/16/2019,SU,,02,NEW JERSEY STATE POLICE,HAMILTON-SUB -,0,0,0,0,P,B,Y,N,11,1,ROUTE 526,N,526,,00000526__,14.22,05,,01,04,02,01,05,01,04,01,,,,CR 43 / IMLAYSTOWN-HIGHTSTOWN RD,,,,35,50,60,40.165060,74.505170,N,Tree  1 Imlaystown Hightstown Road  Upper Freehold Twp.,8141
20191351C060-2019-00814A,MONMOUTH,UPPER FREEHOLD TWP,06/18/2019,TU,1725,02,NEW JERSEY STATE POLICE,HAMILTON-SUB -,0,0,0,0,P,B,N,N,01,2,I-195,E,195,,00000195__,11.00,01,,01,04,02,02,01,02,01,01,,,,,,,,65,,26,40.176500,74.533970,N,,7982
20191351C060-2019-00816A,MONMOUTH,UPPER FREEHOLD TWP,06/18/2019,TU,1808,02,NEW JERSEY STATE POLICE,HAMILTON-SUB -,0,0,0,0,P,B,N,N,01,2,ROUTE 537,W,537,,00000537__,35.80,05,,01,04,02,02,01,02,05,01,,,,,,,,50,,26,40.103480,74.507420,N,,7893
20191351C060-2019-00828A,MONMOUTH,UPPER FREEHOLD TWP,06/20/2019,TH,1445,02,NEW JERSEY STATE POLICE,HAMILTON-SUB -,0,0,0,0,P,B,N,N,02,2,ROUTE 526,E,526,,00000526__,10.70,05,,01,04,02,01,01,05,05,01,,,E,MILL,,,,35,35,26,40.177420,74.580650,N,Minor damage to the grass area in front of box 39 County Road 526.,8037
20191351C060-2019-00834A,MONMOUTH,UPPER FREEHOLD TWP,06/20/2019,TH,1513,02,NEW JERSEY STATE POLICE,HAMILTON-SUB -,0,0,0,0,P,R,N,N,11,1,CORONET DR,E,,,,,07,,01,04,02,01,01,01,02,01,,,S,MINUTEMAN CIRCLE,,,,25,25,69,40.164580,74.594590,N,GATE,7494
20191351C060-2019-00839A,MONMOUTH,UPPER FREEHOLD TWP,06/21/2019,FR,1739,02,NEW JERSEY STATE POLICE,HAMILTON-SUB -,0,0,0,0,P,B,N,N,03,2,ROUTE 526,W,526,,00000526__,16.60,05,,01,04,02,01,01,01,05,01,,,,RED VALLEY RD / YELLOW MEETING RD,,,,50,40,26,40.161740,74.470660,N,,8252
20191351C060-2019-00843A,MONMOUTH,UPPER FREEHOLD TWP,06/22/2019,SA,1135,02,NEW JERSEY STATE POLICE,HAMILTON-SUB -,0,0,0,0,P,B,N,N,11,1,I-195,W,195,,00000195__,10.00,01,,01,04,02,01,01,01,01,01,,,,,,,,65,,46,40.177730,74.545410,N,,8141
20191351C060-2019-00845A,MONMOUTH,UPPER FREEHOLD TWP,06/22/2019,SA,1518,02,NEW JERSEY STATE POLICE,HAMILTON-SUB -,0,1,0,0,I,B,N,N,11,1,ROUTE 539,S,539,,00000539__,39.20,05,,01,05,02,01,01,01,04,01,,,,,,,,50,,47,40.144460,74.535990,N,Ten feet of Guardrail  Upper Freehold DOT.,8141
20191351C060-2019-00852A,MONMOUTH,UPPER FREEHOLD TWP,06/24/2019,MO,0307,02,NEW JERSEY STATE POLICE,HAMILTON-SUB -,0,0,0,0,P,B,N,N,11,1,ROUTE 524,W,524,,00000524__,12.60,05,,02,04,02,01,05,01,05,01,,,,,,,,50,,69,40.189150,74.484450,N,LANDSCAPING IN FRONT OF 616 COUNTY ROAD 524,8241
20191351C060-2019-00854A,MONMOUTH,UPPER FREEHOLD TWP,06/24/2019,MO,1121,02,NEW JERSEY STATE POLICE,HAMILTON-SUB -,0,0,0,0,P,B,N,N,02,2,I-195,W,195,,00000195__,9.40,01,,01,04,02,01,01,01,01,01,,,,,,,,65,,26,40.180670,74.555030,N,,7480
20191351C060-2019-00857A,MONMOUTH,UPPER FREEHOLD TWP,06/24/2019,MO,2154,02,NEW JERSEY STATE POLICE,HAMILTON-SUB -,0,2,0,0,I,B,N,N,01,2,I-195,W,195,,00000195__,10.80,01,,01,04,02,01,05,01,03,01,,,,,,,,65,,26,40.176630,74.530390,N,,8187
20191351C060-2019-00874A,MONMOUTH,UPPER FREEHOLD TWP,06/26/2019,WE,1733,02,NEW JERSEY STATE POLICE,HAMILTON-SUB -,0,0,0,0,P,B,N,N,01,2,I-195,W,195,,00000195__,9.00,01,,01,04,02,01,01,01,01,01,,,,,,,,65,,26,40.183440,74.562750,N,,7667
20191351C060-2019-00890A,MONMOUTH,UPPER FREEHOLD TWP,06/28/2019,FR,2134,02,NEW JERSEY STATE POLICE,HAMILTON-SUB -,0,0,0,0,P,B,N,N,12,1,SHARON STATION RD **,S,,,13511019__,.66,07,,01,04,02,01,06,01,05,01,20,FE,N,SLEEPY HOLLOW CT,,,,45,25,24,40.159180,74.542600,N,,7865
20191351C060-2019-00893A,MONMOUTH,UPPER FREEHOLD TWP,06/29/2019,SA,0328,02,NEW JERSEY STATE POLICE,HAMILTON-SUB -,0,1,0,0,I,B,N,N,01,2,I-195,E,195,,00000195__,9.40,01,,01,04,02,01,05,01,03,01,,,,,,,,65,,26,40.180640,74.555680,N,,8187
20191351C060-2019-00895A,MONMOUTH,UPPER FREEHOLD TWP,06/29/2019,SA,1719,02,NEW JERSEY STATE POLICE,HAMILTON-SUB -,0,1,0,0,I,B,N,N,01,2,TRENTON LAKEWOOD RD,E,,,,,07,,01,04,02,01,01,05,04,01,,,,,,,,,,26,40.169150,74.447470,N,,8088
20191351C060-2019-00896A,MONMOUTH,UPPER FREEHOLD TWP,06/29/2019,SA,1633,02,NEW JERSEY STATE POLICE,HAMILTON-SUB -,0,0,0,0,P,B,N,N,04,2,ROUTE 524,N,524,,00000524__,12.50,05,,01,04,02,01,01,01,04,01,,,,,,,,40,,26,40.174480,74.607780,N,,8111
20191351C060-2019-00901A,MONMOUTH,UPPER FREEHOLD TWP,06/30/2019,SU,1820,02,NEW JERSEY STATE POLICE,HAMILTON-SUB -,0,0,0,0,P,B,N,N,01,2,I-195,W,195,,00000195__,13.80,01,,01,04,02,01,01,01,03,01,,,,,,,,65,,26,40.174640,74.474630,N,,8088
20191351C060-2019-00902A,MONMOUTH,UPPER FREEHOLD TWP,06/30/2019,SU,2345,02,NEW JERSEY STATE POLICE,HAMILTON-SUB -,0,0,0,0,P,B,N,N,12,1,ROUTE 539,E,539,,00000539__,41.38,05,,01,04,02,01,05,01,05,01,500,FE,E,HOLMES MILL RD / POLHEMUSTOWN RD,,,,45,45,24,40.201500,74.429100,N,,8206
20191351C060-2019-00919A,MONMOUTH,UPPER FREEHOLD TWP,07/03/2019,WE,1419,02,NEW JERSEY STATE POLICE,HAMILTON-SUB -,0,0,0,0,P,B,N,N,01,2,ROUTE 537,E,537,,00000537__,34.86,05,,01,04,02,02,01,02,05,02,100,FE,W,CR 10 / HIGHBRIDGE RD,,,,35,35,26,40.237340,74.309470,N,,7738
20191351C060-2019-00921A,MONMOUTH,UPPER FREEHOLD TWP,07/03/2019,WE,1652,02,NEW JERSEY STATE POLICE,HAMILTON-SUB -,0,1,0,0,I,B,N,N,01,2,I-195,E,195,,00000195__,9.30,01,,01,04,02,01,01,01,01,01,,,,,,,,65,,26,40.180640,74.555680,N,,8194
20191351C060-2019-00923A,MONMOUTH,UPPER FREEHOLD TWP,07/04/2019,TH,2006,02,NEW JERSEY STATE POLICE,HAMILTON-SUB -,0,0,0,0,P,B,Y,N,01,2,ROUTE 539,S,539,,00000539__,,05,,01,04,02,01,01,01,04,01,,,N,MONMOUTH ROAD,,,,,50,26,40.103400,74.507500,N,,8088
20191351C060-2019-00925A,MONMOUTH,UPPER FREEHOLD TWP,07/05/2019,FR,1250,02,NEW JERSEY STATE POLICE,HAMILTON-SUB -,0,2,0,0,I,B,N,N,01,3,SHARON STATION RD **,N,,,13511019__,1.47,07,,01,04,02,01,01,01,05,01,,,S,ROUTE 526,,,,40,50,26,40.171380,74.541360,N,,8184
20191351C060-2019-00926A,MONMOUTH,UPPER FREEHOLD TWP,07/05/2019,FR,1429,02,NEW JERSEY STATE POLICE,HAMILTON-SUB -,0,0,0,0,P,B,N,N,03,2,I-195,E,195,,00000195__,8.33,01,,01,04,02,02,01,02,05,01,,,,,T,OLD YORK RD,,65,,26,40.174400,74.522900,N,,7982
20191351C060-2019-00928A,MONMOUTH,UPPER FREEHOLD TWP,07/05/2019,FR,0808,02,NEW JERSEY STATE POLICE,HAMILTON-SUB -,0,0,0,0,P,B,N,N,10,1,MONMOUTH COUNTY 27 I,N,27,,13000027__,2.50,07,,01,05,02,01,01,01,05,01,,,,,,,,45,,01,40.125740,74.538070,N,GUARDRAIL (10FT).,8252
20191351C060-2019-00938A,MONMOUTH,UPPER FREEHOLD TWP,07/07/2019,SU,1559,02,NEW JERSEY STATE POLICE,HAMILTON-SUB -,0,0,0,0,P,B,N,N,11,1,ALLENTOWN DAVIS STATION RD,E,,,,,07,,01,04,02,01,01,01,05,01,,,E,WINCHESTER BOULEVARD,,,,,,52,,,Y,JCP & L  Upper Freehold Township,8141
20191351C060-2019-00942A,MONMOUTH,UPPER FREEHOLD TWP,07/08/2019,MO,1105,02,NEW JERSEY STATE POLICE,HAMILTON-SUB -,0,0,0,0,P,B,N,N,11,1,OLD YORK RD,N,,,,,07,,03,04,02,02,01,02,05,01,,,N,HANKINS FARM ROAD,,,,,,47,40.207080,74.549030,N,Guardrail sustained heavy end damage.,8111
20191351C060-2019-00943A,MONMOUTH,UPPER FREEHOLD TWP,07/08/2019,MO,0925,02,NEW JERSEY STATE POLICE,HAMILTON-SUB -,0,0,0,0,P,B,N,N,02,2,ROUTE 537,W,537,,00000537__,36.00,05,,01,04,02,02,01,02,05,01,,,,,,,,40,,26,40.124700,74.475480,N,,8111
20191351C060-2019-00946A,MONMOUTH,UPPER FREEHOLD TWP,07/09/2019,TU,1619,02,NEW JERSEY STATE POLICE,HAMILTON-SUB -,0,0,0,0,P,B,N,N,12,1,MC 271,S,,,,,07,,01,04,02,01,01,01,05,01,,,S,BURLINGTON PATH ROAD,,,,,45,24,40.128570,74.539510,N,,8037
20191351C060-2019-00970A,MONMOUTH,UPPER FREEHOLD TWP,07/14/2019,SU,1754,02,NEW JERSEY STATE POLICE,HAMILTON-SUB -,0,0,0,0,P,B,N,N,01,2,I-195,W,195,,00000195__,11.80,01,,01,04,02,01,01,01,03,01,,,,,,,,65,,26,40.177580,74.511650,N,,8014
20191351C060-2019-00971A,MONMOUTH,UPPER FREEHOLD TWP,07/14/2019,SU,1634,02,NEW JERSEY STATE POLICE,HAMILTON-SUB -,0,1,0,0,I,B,N,N,01,4,I-195,W,195,,00000195__,10.20,01,,01,04,02,01,01,01,03,01,,,,,,,,65,,26,40.177200,74.541700,N,,8187
20191351C060-2019-00973A,MONMOUTH,UPPER FREEHOLD TWP,07/14/2019,SU,2234,02,NEW JERSEY STATE POLICE,HAMILTON-SUB -,0,1,0,0,I,B,N,N,03,2,ROUTE 524,W,524,,00000524__,11.00,05,,01,04,02,01,06,01,05,01,,,,CR 43 / IMLAYSTOWN-HIGHTSTOWN RD,,,,50,45,26,40.181530,74.511130,N,,7738
20191351C060-2019-00979A,MONMOUTH,UPPER FREEHOLD TWP,07/15/2019,MO,1500,02,NEW JERSEY STATE POLICE,HAMILTON-SUB -,0,0,0,0,P,B,N,N,11,1,I-195,W,195,,00000195__,11.00,01,,01,04,02,01,01,01,03,01,,,,,,,,65,,42,40.176560,74.531330,N,,8168
20191351C060-2019-00985A,MONMOUTH,UPPER FREEHOLD TWP,07/15/2019,MO,1630,02,NEW JERSEY STATE POLICE,HAMILTON-SUB -,0,0,0,0,P,B,N,N,11,1,MEIRS RD **,N,,,13511013__,1.75,07,,01,04,02,01,01,01,05,01,200,FE,S,CR 27 / BURLINGTON PATH RD,,,,35,35,60,40.254870,74.251430,N,,8182
20191351C060-2019-00997A,MONMOUTH,UPPER FREEHOLD TWP,07/18/2019,TH,1314,02,NEW JERSEY STATE POLICE,HAMILTON-SUB -,0,0,0,0,P,B,N,N,01,2,ROUTE 524,E,524,,00000524__,5.70,05,,01,04,02,01,01,01,05,01,,,,,,,,45,,26,40.174640,74.606430,N,,7997
20191351C060-2019-00998A,MONMOUTH,UPPER FREEHOLD TWP,07/18/2019,TH,1626,02,NEW JERSEY STATE POLICE,HAMILTON-SUB -,0,0,0,0,P,B,N,N,01,2,ROUTE 539,S,539,,00000539__,37.25,05,,01,04,02,02,01,02,05,01,300,FE,N,ROUTE 537,,,,,50,26,40.103480,74.507420,N,,7494
20191351C060-2019-01011A,MONMOUTH,UPPER FREEHOLD TWP,07/20/2019,SA,0908,02,NEW JERSEY STATE POLICE,HAMILTON-SUB -,0,1,0,0,I,B,N,N,03,2,HUTCHINSON RD,S,,,,,07,,01,04,02,01,01,01,04,01,,,,HILL ROAD,,,,45,35,26,40.174400,74.522900,N,Hutchinson Road street sign.,8184
20191351C060-2019-01019A,MONMOUTH,UPPER FREEHOLD TWP,07/22/2019,MO,0807,02,NEW JERSEY STATE POLICE,HAMILTON-SUB -,0,0,0,0,P,B,N,N,01,2,HERBERT RD **,N,,,,,07,,01,04,02,01,01,01,04,01,,,W,MC 28,,,,,35,26,40.210130,74.547660,N,,8144
20191351C060-2019-01029A,MONMOUTH,UPPER FREEHOLD TWP,07/23/2019,TU,1318,02,NEW JERSEY STATE POLICE,HAMILTON-SUB -,0,1,0,0,I,B,N,N,04,2,IMLAYSTOWN HIGHTSTOWN RD,N,,,,,07,,01,04,02,01,01,01,05,01,,,,NEW CANTON STONE TAVERN ROAD,,,,45,50,26,40.181120,74.511130,N,,8141
20191351C060-2019-01033A,MONMOUTH,UPPER FREEHOLD TWP,07/19/2019,FR,1224,02,NEW JERSEY STATE POLICE,HAMILTON-SUB -,0,0,0,0,P,B,N,N,01,2,ROUTE 539,E,539,,00000539__,37.19,05,,01,04,02,01,01,01,05,01,,,,,,,,,,26,40.116510,74.517040,N,,7838
20191351C060-2019-01039A,MONMOUTH,UPPER FREEHOLD TWP,07/24/2019,WE,2130,02,NEW JERSEY STATE POLICE,HAMILTON-SUB -,0,0,0,0,P,B,N,N,12,2,SHARON STATION RD **,S,,,13511019__,.70,07,,01,04,02,01,04,01,05,01,200,FE,N,SLEEPY HOLLOW CT,,,,45,25,24,40.160540,74.539980,N,,8252
20191351C060-2019-01042A,MONMOUTH,UPPER FREEHOLD TWP,07/20/2019,SA,1502,02,NEW JERSEY STATE POLICE,HAMILTON-SUB -,0,3,0,0,I,I,N,N,03,2,MONMOUTH COUNTY 27 II,W,27,2,130000272_,1.23,05,,01,04,02,01,01,01,05,01,,AT,,CR 27 / MAIN ST,,,,,50,26,40.101590,74.536070,N,,8249
20191351C060-2019-01044A,MONMOUTH,UPPER FREEHOLD TWP,07/26/2019,FR,0557,02,NEW JERSEY STATE POLICE,HAMILTON-SUB -,0,0,0,0,P,B,N,N,12,1,ROUTE 539,N,539,,00000539__,39.03,05,,01,04,02,01,01,01,05,01,1056,FE,N,SCHOOLHOUSE RD,,,,50,25,24,40.127620,74.525230,N,,8194
20191351C060-2019-01045A,MONMOUTH,UPPER FREEHOLD TWP,07/26/2019,FR,0859,02,NEW JERSEY STATE POLICE,HAMILTON-SUB -,0,1,0,0,I,B,N,N,14,1,MONMOUTH COUNTY 28,E,28,,13000028__,,05,,01,04,02,01,01,01,05,01,,,,HLUCHY ROAD,,,,,25,26,40.201670,74.555130,N,,8194
20191351C060-2019-01046A,MONMOUTH,UPPER FREEHOLD TWP,07/26/2019,FR,1233,02,NEW JERSEY STATE POLICE,HAMILTON-SUB -,0,0,0,0,P,B,N,N,01,2,ROUTE 539 ALTERNATE,E,539,A,00000539A_,.02,05,,01,04,02,01,01,01,05,01,100,FE,E,ROUTE 539,,,,25,25,26,40.146830,74.537200,N,,7972
20191351C060-2019-01052A,MONMOUTH,UPPER FREEHOLD TWP,07/26/2019,FR,1508,02,NEW JERSEY STATE POLICE,HAMILTON-SUB -,0,0,0,0,P,B,N,N,01,2,ROUTE 539,E,539,,00000539__,37.51,05,,01,04,02,01,01,01,05,01,1056,FE,W,CR 27 I / MEIRS RD,,,,50,50,26,40.116870,74.517310,N,,8194
20191351C060-2019-01064A,MONMOUTH,UPPER FREEHOLD TWP,07/28/2019,SU,1752,02,NEW JERSEY STATE POLICE,HAMILTON-SUB -,0,0,0,0,P,B,N,N,01,2,I-195,W,195,,00000195__,11.20,01,,01,04,02,01,01,01,03,01,,,,,,,,65,,26,40.177330,74.522930,N,,8206
20191351C060-2019-01066A,MONMOUTH,UPPER FREEHOLD TWP,07/28/2019,SU,1806,02,NEW JERSEY STATE POLICE,HAMILTON-SUB -,0,0,0,0,P,B,N,N,01,2,I-195,W,195,,00000195__,12.60,01,,01,04,02,01,01,01,01,01,,,,,,,,65,,26,40.174490,74.497460,N,,8035
20191351C060-2019-01067A,MONMOUTH,UPPER FREEHOLD TWP,07/29/2019,MO,2037,02,NEW JERSEY STATE POLICE,HAMILTON-SUB -,0,0,0,0,P,B,N,N,12,1,SHARON STATION RD **,S,,,,,07,,01,04,02,01,05,01,05,01,,,N,SLEEPY HOLLOW CT,,,,40,25,24,40.159170,74.539830,N,,8280
20191351C060-2019-01080A,MONMOUTH,UPPER FREEHOLD TWP,07/29/2019,MO,0453,02,NEW JERSEY STATE POLICE,HAMILTON-SUB -,0,1,0,0,I,B,N,N,01,2,ROUTE 539,N,539,,00000539__,,05,,03,04,02,01,03,01,03,01,5,FE,E,MONTGOMERY WAY,,,,40,,26,40.189330,74.563420,N,,7727
20191351C060-2019-01084A,MONMOUTH,UPPER FREEHOLD TWP,07/31/2019,WE,1438,02,NEW JERSEY STATE POLICE,HAMILTON-SUB -,0,0,0,0,P,B,N,N,11,1,I-195,W,195,,00000195__,13.30,01,,01,04,02,02,01,02,03,01,,,,,,,,65,,60,40.173730,74.484000,N,,8303
20191351C060-2019-01086A,MONMOUTH,UPPER FREEHOLD TWP,08/01/2019,TH,0734,02,NEW JERSEY STATE POLICE,HAMILTON-SUB -,0,0,0,0,P,B,N,N,01,2,I-195,W,195,,00000195__,10.60,01,,01,04,02,01,01,01,01,01,,,,,,,,65,,26,40.176810,74.534160,N,,8192