Year(4)-CountyCode(2)-MunicipalityCode(2)-CaseNumber(9),County Name,Municipality Name,Crash Date,Crash Day of Week,Crash Time,Police Department Code,Police Department,Police Station,Total Killed,Total Injured,Pedestrians Killed,Pedestrians Injured,Severity,Intersection,Alcohol Involved,Hazmat Involved,Crash Type,Total Vehicles,Location,Location Direction,Route,Route Suffix,Std Rte Identifier,MilePost,Road System,Road Character,Road Horizontal Alignment,Road Grade,Road Surface Type,Surface Condition,Light Condition,Environmental Condition,Road Divided By,Temporary Traffic Control Zone,Distance To Cross Street,Unit Of Measurement,Direction From Cross Street,Cross Street Name,Is Ramp,Ramp To/From Route Name,Ramp To/From Route Direction,Posted Speed,Posted Speed Cross Street,First Harmful Event,Latitude,Longitude,Cell Phone In Use Flag,Other Property Damage,Reporting Badge No.
20191351C060-2019-01535A,MONMOUTH,UPPER FREEHOLD TWP,10/17/2019,TH,2059,02,NEW JERSEY STATE POLICE,HAMILTON-SUB -,0,0,0,0,P,B,N,N,12,1,I-195,E,195,,00000195__,8.60,01,,01,04,01,01,04,01,03,01,,,,,,,,65,,24,40.186410,74.572420,N,,8041
20191351C060-2019-01541A,MONMOUTH,UPPER FREEHOLD TWP,10/19/2019,SA,,02,NEW JERSEY STATE POLICE,HAMILTON-SUB -,0,0,0,0,P,B,N,N,12,1,I-195,W,195,,00000195__,13.20,01,,01,04,02,01,05,01,03,01,,,,,,,,65,,24,40.174140,74.464680,N,,8037
20191351C060-2019-01542A,MONMOUTH,UPPER FREEHOLD TWP,10/18/2019,FR,1658,02,NEW JERSEY STATE POLICE,HAMILTON-SUB -,0,0,0,0,P,B,N,N,03,2,SLEEPY HOLLOW CT **,N,,,,,07,,01,04,02,01,01,01,05,01,,,,NEW CANTON STONE TAVERN,,,,35,45,26,40.183120,74.538900,N,,8187
20191351C060-2019-01552A,MONMOUTH,UPPER FREEHOLD TWP,10/19/2019,SA,2340,02,NEW JERSEY STATE POLICE,HAMILTON-SUB -,0,1,0,0,I,B,Y,N,11,2,ROUTE 539,N,539,,00000539__,37.50,05,,01,04,02,01,05,01,05,01,,,,,,,,50,,26,40.116510,74.517040,N,,8035
20191351C060-2019-01569A,MONMOUTH,UPPER FREEHOLD TWP,10/21/2019,MO,0801,02,NEW JERSEY STATE POLICE,HAMILTON-SUB -,0,0,0,0,P,B,N,N,01,2,I-195,W,195,,00000195__,12.60,01,,01,04,02,01,01,01,03,01,,,,,,,,65,,26,40.174710,74.497020,N,,8309
20191351C060-2019-01585A,MONMOUTH,UPPER FREEHOLD TWP,10/23/2019,WE,1546,02,NEW JERSEY STATE POLICE,HAMILTON-SUB -,0,0,0,0,P,B,N,N,02,2,I-195,W,195,,00000195__,11.60,01,,01,04,02,01,01,01,03,01,,,,,,,,65,,26,40.178020,74.509530,N,,8350
20191351C060-2019-01592A,MONMOUTH,UPPER FREEHOLD TWP,10/24/2019,TH,2332,02,NEW JERSEY STATE POLICE,HAMILTON-SUB -,0,0,0,0,P,B,N,N,12,1,I-195,E,195,,00000195__,9.20,01,,01,04,02,01,05,01,01,01,,,,,,,,65,,24,40.176180,74.505540,N,,7494
20191351C060-2019-01599A,MONMOUTH,UPPER FREEHOLD TWP,10/26/2019,SA,0337,02,NEW JERSEY STATE POLICE,HAMILTON-SUB -,0,0,0,0,P,B,N,N,12,1,ROUTE 539,N,539,,00000539__,38.00,05,,01,04,02,01,06,01,05,01,,,,,,,,45,,24,40.116780,74.487390,N,,8342
20191351C060-2019-01603A,MONMOUTH,UPPER FREEHOLD TWP,10/27/2019,SU,2347,02,NEW JERSEY STATE POLICE,HAMILTON-SUB -,0,1,0,0,I,B,N,N,12,1,HILL RD / WALNFORD RD **,S,,,13511008__,2.16,07,,01,04,02,01,05,01,05,01,200,FE,N,WALNFORD RD,,,,45,40,24,40.064200,74.330020,N,,7838
20191351C060-2019-01604A,MONMOUTH,UPPER FREEHOLD TWP,10/26/2019,SA,0552,02,NEW JERSEY STATE POLICE,HAMILTON-SUB -,0,0,0,0,P,I,N,N,12,1,MONMOUTH COUNTY 27 I,N,27,,13000027__,.00,05,,01,04,02,01,05,01,05,01,,AT,,ROUTE 537,,,,45,,25,40.087410,74.533470,N,,7982
20191351C060-2019-01632A,MONMOUTH,UPPER FREEHOLD TWP,10/30/2019,WE,1553,02,NEW JERSEY STATE POLICE,HAMILTON-SUB -,0,1,0,0,I,I,N,N,04,2,ROUTE 524,E,524,,00000524__,7.80,05,,02,04,02,02,01,02,05,01,,AT,,,,,,45,,26,40.184730,74.564320,N,,8375
20191351C060-2019-01636A,MONMOUTH,UPPER FREEHOLD TWP,10/31/2019,TH,1729,02,NEW JERSEY STATE POLICE,HAMILTON-SUB -,0,1,0,0,I,B,N,N,11,1,ROUTE 539,S,539,,00000539__,39.00,05,,01,04,02,01,05,01,05,01,,,,,,,,50,,46,40.201500,74.429100,N,Guardrail.,8249
20191351C060-2019-01643A,MONMOUTH,UPPER FREEHOLD TWP,10/31/2019,TH,0731,02,NEW JERSEY STATE POLICE,HAMILTON-SUB -,0,0,0,0,P,B,N,N,01,2,I-195,W,195,,00000195__,9.60,01,,01,04,02,02,01,01,01,01,,,,,,,,65,,26,40.179920,74.552390,N,,8252
20191351C060-2019-01653A,MONMOUTH,UPPER FREEHOLD TWP,10/29/2019,TU,0759,02,NEW JERSEY STATE POLICE,HAMILTON-SUB -,0,0,0,0,P,B,N,N,12,1,I-195,E,195,,00000195__,13.00,01,,01,04,02,02,01,05,03,01,,,,,,,,65,,24,40.173120,74.489430,N,,8198
20191351C060-2019-01657A,MONMOUTH,UPPER FREEHOLD TWP,11/02/2019,SA,0214,02,NEW JERSEY STATE POLICE,HAMILTON-SUB -,0,0,0,0,P,B,N,N,12,1,ROUTE 524,E,524,,00000524__,6.01,05,,01,04,01,01,05,01,05,01,600,FE,E,BREZA RD / NEW RD,,,,35,25,24,40.174380,74.601300,N,,8237
20191351C060-2019-01662A,MONMOUTH,UPPER FREEHOLD TWP,11/02/2019,SA,0543,02,NEW JERSEY STATE POLICE,HAMILTON-SUB -,0,0,0,0,P,B,N,N,12,1,I-195,E,195,,00000195__,14.00,01,,01,04,02,01,05,01,03,01,,,,,,,,65,,24,40.174610,74.470660,N,,8206
20191351C060-2019-01666A,MONMOUTH,UPPER FREEHOLD TWP,11/02/2019,SA,1537,02,NEW JERSEY STATE POLICE,HAMILTON-SUB -,0,0,0,0,P,I,N,N,01,2,I-195,W,195,,00000195__,13.40,01,,01,04,02,01,01,01,01,01,,AT,,,,,,65,,26,40.173910,74.482120,N,,7997
20191351C060-2019-01670A,MONMOUTH,UPPER FREEHOLD TWP,11/01/2019,FR,1843,02,NEW JERSEY STATE POLICE,HAMILTON-SUB -,0,0,0,0,P,B,N,N,04,2,SHARON STATION RD,S,,,,,07,,01,04,02,01,05,01,04,01,,,N,RT 539,,,,40,55,26,40.169150,74.527070,N,,8303
20191351C060-2019-01679A,MONMOUTH,UPPER FREEHOLD TWP,11/04/2019,MO,0746,02,NEW JERSEY STATE POLICE,HAMILTON-SUB -,0,0,0,0,P,I,N,N,01,3,I-195,W,195,,00000195__,12.00,01,,01,04,02,01,01,01,01,01,,AT,,,,,,65,,26,40.201500,74.429100,N,,8249
20191351C060-2019-01682A,MONMOUTH,UPPER FREEHOLD TWP,11/04/2019,MO,1018,02,NEW JERSEY STATE POLICE,HAMILTON-SUB -,0,1,0,0,I,B,N,N,03,2,ROUTE 526,W,526,,00000526__,14.00,05,,01,04,02,01,01,01,05,01,,,,,,,,50,,26,40.167300,74.515300,N,,8249
20191351C060-2019-01685A,MONMOUTH,UPPER FREEHOLD TWP,11/05/2019,TU,2118,02,NEW JERSEY STATE POLICE,HAMILTON-SUB -,0,0,0,0,P,B,N,N,12,1,I-195,E,195,,00000195__,11.90,01,,01,04,02,01,06,01,01,01,,,,,,,,65,,24,40.176890,74.509610,N,,8360
20191351C060-2019-01713A,MONMOUTH,UPPER FREEHOLD TWP,11/08/2019,FR,1803,02,NEW JERSEY STATE POLICE,HAMILTON-SUB -,0,0,0,0,P,B,N,N,12,1,MONMOUTH COUNTY 27 I,N,27,,13000027__,2.20,05,,01,05,02,01,05,01,05,01,100,FE,N,SCHOOLHOUSE RD,,,,35,25,24,40.123790,74.537810,N,,8309
20191351C060-2019-01714A,MONMOUTH,UPPER FREEHOLD TWP,11/08/2019,FR,1829,02,NEW JERSEY STATE POLICE,HAMILTON-SUB -,0,0,0,0,P,B,N,N,99,2,ROUTE 539,S,539,,00000539__,45.80,05,,01,04,02,01,06,01,05,01,,,,GINA DRIVE,,,,50,25,30,40.189520,74.562690,N,,8309
20191351C060-2019-01718A,MONMOUTH,UPPER FREEHOLD TWP,11/09/2019,SA,2203,02,NEW JERSEY STATE POLICE,HAMILTON-SUB -,0,0,0,0,P,B,N,N,11,1,I-195,W,195,,00000195__,11.40,01,,01,04,02,01,05,01,01,01,,,,,,,,65,,46,40.177820,74.519190,N,,8360
20191351C060-2019-01726A,MONMOUTH,UPPER FREEHOLD TWP,11/11/2019,MO,0527,02,NEW JERSEY STATE POLICE,HAMILTON-SUB -,0,0,0,0,P,B,N,N,12,1,SCHOOLHOUSE RD **,W,,,13511002__,.06,07,,01,04,01,01,05,01,05,01,300,FE,E,CR 27 / HOLMES MILL RD,,,,45,40,24,40.120340,74.533200,N,,8237
20191351C060-2019-01732A,MONMOUTH,UPPER FREEHOLD TWP,11/11/2019,MO,1826,02,NEW JERSEY STATE POLICE,HAMILTON-SUB -,0,0,0,0,P,B,N,N,12,1,SHARON STATION RD,S,,,,,07,,01,04,02,01,05,01,05,01,0,FE,S,DUTCHESS ROAD,,,,35,45,24,40.653510,74.654350,N,,8187
20191351C060-2019-01740A,MONMOUTH,UPPER FREEHOLD TWP,11/12/2019,TU,1601,02,NEW JERSEY STATE POLICE,HAMILTON-SUB -,0,0,0,0,P,B,N,N,05,2,SHARON STATION RD,N,,,,,07,,01,04,02,01,01,01,05,01,200,FE,N,SLEEPY HOLLOW COURT,,,,45,25,26,40.162980,74.540570,N,,8141
20191351C060-2019-01756A,MONMOUTH,UPPER FREEHOLD TWP,11/16/2019,SA,1035,02,NEW JERSEY STATE POLICE,HAMILTON-SUB -,0,0,0,0,P,B,N,N,12,1,ROUTE 539,N,539,,00000539__,39.51,05,,01,04,02,01,01,01,01,01,2,FE,S,NJ 27 / BURLINGTON PATH RD,,,,30,30,24,40.128260,74.525710,N,,8144
20191351C060-2019-01759A,MONMOUTH,UPPER FREEHOLD TWP,11/17/2019,SU,0516,02,NEW JERSEY STATE POLICE,HAMILTON-SUB -,0,0,0,0,P,B,N,N,12,1,ROUTE 539 ALTERNATE,S,539,A,00000539A_,1.06,05,,01,04,01,01,05,01,05,01,100,FE,S,DUTCHESS DR,,,,45,25,24,40.167510,74.541710,N,,8237
20191351C060-2019-01764A,MONMOUTH,UPPER FREEHOLD TWP,11/17/2019,SU,1607,02,NEW JERSEY STATE POLICE,HAMILTON-SUB -,0,1,0,0,I,B,N,N,11,1,SHARON STATION RD **,S,,,13511019__,2.49,07,,02,04,02,01,03,01,05,01,1,FE,S,HERBERT RD,,,,45,45,60,40.199750,74.537960,N,,8192
20191351C060-2019-01786A,MONMOUTH,UPPER FREEHOLD TWP,11/20/2019,WE,0938,02,NEW JERSEY STATE POLICE,HAMILTON-SUB -,0,0,0,0,P,B,N,N,03,2,RED VALLEY RD,N,,,,,07,,02,04,02,01,01,01,05,01,1,FE,N,RT 526,,,,40,45,26,40.178190,74.448000,N,,8303
20191351C060-2019-01803A,MONMOUTH,UPPER FREEHOLD TWP,11/23/2019,SA,1406,02,NEW JERSEY STATE POLICE,HAMILTON-SUB -,0,0,0,0,P,B,N,N,12,1,MONMOUTH COUNTY 27 I,W,27,,13000027__,.98,05,,01,04,02,01,01,01,05,01,0,FE,W,CR 27 / HORNERSTOWN-ARNEY TOWN RD,,,,45,35,24,40.105250,74.517130,N,,8041
20191351C060-2019-01806A,MONMOUTH,UPPER FREEHOLD TWP,11/24/2019,SU,1332,02,NEW JERSEY STATE POLICE,HAMILTON-SUB -,0,3,0,0,I,B,N,N,11,1,I-195,W,195,,00000195__,12.60,01,,01,04,02,02,01,05,03,01,,,,,,,,65,,60,40.174710,74.497020,N,,8375
20191351C060-2019-01809A,MONMOUTH,UPPER FREEHOLD TWP,11/25/2019,MO,0808,02,NEW JERSEY STATE POLICE,HAMILTON-SUB -,0,1,0,0,I,I,N,N,01,3,I-195,W,195,,00000195__,9.80,01,,01,04,02,01,01,01,03,01,,AT,,,,,,65,,26,40.178740,74.548920,N,,8198
20191351C060-2019-01815A,MONMOUTH,UPPER FREEHOLD TWP,11/25/2019,MO,1834,02,NEW JERSEY STATE POLICE,HAMILTON-SUB -,0,0,0,0,P,B,N,N,01,2,ROUTE 539,N,539,,00000539__,45.59,05,,01,04,02,01,07,01,05,01,500,FE,N,ROUTE 524,,,,45,45,26,40.187510,74.566710,N,,8272
20191351C060-2019-01819A,MONMOUTH,UPPER FREEHOLD TWP,11/26/2019,TU,1951,02,NEW JERSEY STATE POLICE,HAMILTON-SUB -,0,0,0,0,P,B,N,N,02,2,I-195,E,195,,00000195__,12.00,01,,01,04,02,01,05,01,01,01,,,,,,,,65,,26,40.298710,74.148930,N,,8272
20191351C060-2019-01828A,MONMOUTH,UPPER FREEHOLD TWP,11/27/2019,WE,1711,02,NEW JERSEY STATE POLICE,HAMILTON-SUB -,0,0,0,0,P,B,N,N,12,1,ROUTE 537,W,537,,00000537__,39.20,05,,01,04,02,01,05,01,01,01,,,,,,,,50,,24,40.151610,74.436540,N,,8184
20191351C060-2019-01840A,MONMOUTH,UPPER FREEHOLD TWP,11/26/2019,TU,1801,02,NEW JERSEY STATE POLICE,HAMILTON-SUB -,0,0,0,0,P,B,N,N,01,2,I-195,E,195,,00000195__,11.20,01,,01,04,02,01,05,01,01,01,,,,,,,,65,,26,40.176990,74.522670,N,,8303
20191351C060-2019-01843A,MONMOUTH,UPPER FREEHOLD TWP,11/30/2019,SA,1441,02,NEW JERSEY STATE POLICE,HAMILTON-SUB -,0,0,0,0,P,I,N,N,03,2,ROUTE 524,E,524,,00000524__,11.03,05,,01,04,02,01,01,01,05,01,,AT,,CR 43 / IMLAYSTOWN-HIGHTSTOWN RD,,,,45,45,26,40.181430,74.511130,N,,8206
20191351C060-2019-01851A,MONMOUTH,UPPER FREEHOLD TWP,12/02/2019,MO,1209,02,NEW JERSEY STATE POLICE,HAMILTON-SUB -,0,1,0,0,I,I,N,N,02,2,I-195,W,195,,00000195__,12.82,01,,01,04,02,05,01,03,01,01,,AT,,RUES RD,,,,65,,26,40.173960,74.493330,N,Guardrail.,8084
20191351C060-2019-01857A,MONMOUTH,UPPER FREEHOLD TWP,12/02/2019,MO,1454,02,NEW JERSEY STATE POLICE,HAMILTON-SUB -,0,0,0,0,P,B,N,N,11,1,I-195,E,195,,00000195__,8.60,01,,01,04,02,02,03,01,01,01,,,,,,,,65,,50,40.185340,74.569510,N,Light Pole and Exit Sign  NJ DOT  1035 Parkway Ave  Ewing  NJ  08618,8352
20191351C060-2019-01864A,MONMOUTH,UPPER FREEHOLD TWP,12/02/2019,MO,1925,02,NEW JERSEY STATE POLICE,HAMILTON-SUB -,0,0,0,0,P,B,N,N,12,1,MONMOUTH COUNTY 27 I,W,27,,13000027__,.98,05,,01,04,02,02,05,03,05,01,10,FE,W,CR 27 / HORNERSTOWN-ARNEY TOWN RD,,,,45,45,24,40.102070,74.549790,N,,8375
20191351C060-2019-01878A,MONMOUTH,UPPER FREEHOLD TWP,12/05/2019,TH,0304,02,NEW JERSEY STATE POLICE,HAMILTON-SUB -,0,0,0,0,P,B,N,N,12,1,ROUTE 539,N,539,,00000539__,40.40,05,,01,04,02,02,05,01,05,01,,,,,,,,45,,24,40.157450,74.559050,N,,7480
20191351C060-2019-01894A,MONMOUTH,UPPER FREEHOLD TWP,12/06/2019,FR,1123,02,NEW JERSEY STATE POLICE,HAMILTON-SUB -,0,0,0,0,P,B,N,N,02,2,ROUTE 526,W,526,,00000526__,13.20,05,,01,04,02,01,01,01,05,01,,,,,,,,50,,26,40.170720,74.537010,N,,7838
20191351C060-2019-01896A,MONMOUTH,UPPER FREEHOLD TWP,12/07/2019,SA,1756,02,NEW JERSEY STATE POLICE,HAMILTON-SUB -,0,0,0,0,P,B,N,N,05,2,SHARON STATION RD **,N,,,13511019__,1.08,07,,01,04,02,01,05,01,04,01,25,FE,S,DUTCHESS DR,,,,45,,26,40.162730,74.540600,N,,8360
20191351C060-2019-01911A,MONMOUTH,UPPER FREEHOLD TWP,12/09/2019,MO,1852,02,NEW JERSEY STATE POLICE,HAMILTON-SUB -,0,0,0,0,P,B,N,N,01,2,ROUTE 539,N,539,,00000539__,45.60,05,,01,05,02,02,07,02,05,01,,,,,,,,50,,26,40.186500,74.568860,N,,8280
20191351C060-2019-01926A,MONMOUTH,UPPER FREEHOLD TWP,12/11/2019,WE,,02,NEW JERSEY STATE POLICE,HAMILTON-SUB -,0,1,0,0,I,B,N,N,01,2,PINEHURST RD,S,,,,,07,,01,04,02,02,06,01,04,01,30,FE,W,MONMOUTH ROAD,,,,50,50,26,40.174400,74.522900,N,,8350
20191351C060-2019-01928A,MONMOUTH,UPPER FREEHOLD TWP,12/11/2019,WE,0527,02,NEW JERSEY STATE POLICE,HAMILTON-SUB -,0,0,0,0,P,B,N,N,12,1,ROUTE 537,E,537,,00000537__,36.60,05,,01,04,02,02,06,03,05,01,,,,,,,,50,,24,40.111320,74.495520,N,,8084
20191351C060-2019-01934A,MONMOUTH,UPPER FREEHOLD TWP,12/13/2019,FR,0619,02,NEW JERSEY STATE POLICE,HAMILTON-SUB -,0,0,0,0,P,B,N,N,12,1,SHARON STATION RD **,N,,,13511019__,.04,07,,01,04,02,01,02,01,05,01,200,FE,N,ROUTE 539,,,,45,45,24,40.492780,74.129860,N,,8272
20191351C060-2019-01937A,MONMOUTH,UPPER FREEHOLD TWP,12/13/2019,FR,1754,02,NEW JERSEY STATE POLICE,HAMILTON-SUB -,0,1,0,0,I,I,N,N,11,1,ROUTE 524,W,524,,00000524__,8.00,05,,01,04,02,02,05,02,05,01,,AT,,,,,,35,,69,40.174200,74.609610,N,JCP&L Utiliy Pole: JC966ME;Monument- Pork Roll Store,8280
20191351C060-2019-01952A,MONMOUTH,UPPER FREEHOLD TWP,12/15/2019,SU,0427,02,NEW JERSEY STATE POLICE,HAMILTON-SUB -,0,0,0,0,P,B,N,N,12,1,I-195,W,195,,00000195__,9.80,01,,01,04,02,01,06,01,01,01,,,,,,,,65,,24,40.093370,74.357560,N,,8280
20191351C060-2019-01953A,MONMOUTH,UPPER FREEHOLD TWP,12/15/2019,SU,1445,02,NEW JERSEY STATE POLICE,HAMILTON-SUB -,0,0,0,0,P,B,N,N,02,2,I-195,W,195,,00000195__,14.00,01,,01,04,02,01,01,01,01,01,,,,,,,,65,,26,40.174970,74.470860,N,,7874
20191351C060-2019-01954A,MONMOUTH,UPPER FREEHOLD TWP,12/15/2019,SU,0921,02,NEW JERSEY STATE POLICE,HAMILTON-SUB -,0,0,0,0,P,B,N,N,12,1,SHARON STATION RD,N,,,,,07,,01,04,02,01,01,01,05,01,200,FE,N,SLEEPY HOLLOW COURT,,,,45,25,24,40.268140,74.823160,N,,8272
20191351C060-2019-01976A,MONMOUTH,UPPER FREEHOLD TWP,12/19/2019,TH,0638,02,NEW JERSEY STATE POLICE,HAMILTON-SUB -,0,0,0,0,P,B,N,N,01,2,I-195,E,195,,00000195__,12.50,01,,01,06,02,01,02,01,03,01,,,,,,,,65,,26,40.213560,74.154810,N,,8192
20191351C060-2019-01977A,MONMOUTH,UPPER FREEHOLD TWP,12/19/2019,TH,0908,02,NEW JERSEY STATE POLICE,HAMILTON-SUB -,0,2,0,0,I,B,N,N,02,2,ROUTE 526,W,526,,00000526__,12.00,05,,01,04,02,01,01,01,05,01,,,,,,,,50,,26,40.172720,74.549940,N,,8192
20191351C060-2019-01983A,MONMOUTH,UPPER FREEHOLD TWP,12/19/2019,TH,1812,02,NEW JERSEY STATE POLICE,HAMILTON-SUB -,0,0,0,0,P,B,N,N,12,1,SHARON STATION RD,S,,,,,07,,01,04,02,01,01,01,04,01,100,FE,S,DUTCHESS DR,,,,45,25,24,40.174400,74.522900,N,,8350
20191351C060-2019-01987A,MONMOUTH,UPPER FREEHOLD TWP,12/20/2019,FR,1514,02,NEW JERSEY STATE POLICE,HAMILTON-SUB -,0,0,0,0,P,B,N,N,12,1,ROUTE 539,N,539,,00000539__,38.80,05,,01,04,02,01,01,01,05,01,,,,,,,,50,,24,40.150140,74.539230,N,,7893
20191351C060-2019-01992A,MONMOUTH,UPPER FREEHOLD TWP,12/21/2019,SA,1737,02,NEW JERSEY STATE POLICE,HAMILTON-SUB -,0,0,0,0,P,B,N,N,12,1,ROUTE 539,S,539,,00000539__,43.00,05,,01,04,02,01,03,01,05,01,,,,,,,,50,,24,40.166540,74.572770,N,,8249
20191351C060-2019-01996A,MONMOUTH,UPPER FREEHOLD TWP,12/19/2019,TH,0704,02,NEW JERSEY STATE POLICE,HAMILTON-SUB -,0,0,0,0,P,B,N,N,01,2,I-195,E,195,,00000195__,12.50,01,,01,04,02,01,02,01,01,01,,,,,,,,65,,26,40.174670,74.498650,N,,8272
20191351C060-2019-02000A,MONMOUTH,UPPER FREEHOLD TWP,12/23/2019,MO,1826,02,NEW JERSEY STATE POLICE,HAMILTON-SUB -,0,0,0,0,P,I,N,N,01,3,I-195,E,195,,00000195__,8.54,01,,01,04,02,01,03,01,01,01,,AT,,ROUTE 524 / ROUTE 539 / OLD YORK RD,,,,65,,26,40.569870,74.456120,N,,8144
20191351C060-2019-02007A,MONMOUTH,UPPER FREEHOLD TWP,12/26/2019,TH,0414,02,NEW JERSEY STATE POLICE,HAMILTON-SUB -,0,0,0,0,P,B,N,N,12,1,ROUTE 537,W,537,,00000537__,33.00,05,,01,04,02,01,05,01,05,01,,,,,,,,50,,24,40.122200,75.521200,N,,8249
20191351C060-2019-02029A,MONMOUTH,UPPER FREEHOLD TWP,12/19/2019,TH,0539,02,NEW JERSEY STATE POLICE,HAMILTON-SUB -,0,0,0,0,P,I,N,N,02,2,I-195,E,195,,00000195__,10.20,01,,01,04,02,02,03,01,01,01,,AT,,,,,,65,,26,40.176810,74.541480,N,,8272
2019135219-00379,MONMOUTH,WALL TWP,02/07/2019,TH,1259,01,WALL TWP PD,PATROL,0,0,0,0,P,I,N,N,05,2,MONMOUTH COUNTY 30 II,,30,2,130000302_,2.78,05,,01,04,02,01,01,01,05,01,,AT,,NJ 35,,,,35,40,26,,,N,,184
2019135219-00479,MONMOUTH,WALL TWP,02/17/2019,SU,1237,01,WALL TWP PD,PATROL,0,0,0,0,P,I,N,N,01,2,HOSPITAL RD **,,,,13521118__,1.68,07,,01,04,02,09,01,01,05,01,,AT,,CR 21 / SQUANKUM RD,,,,35,45,26,,,N,,184
2019135219-00523,MONMOUTH,WALL TWP,02/21/2019,TH,0944,01,WALL TWP PD,PATROL,0,0,0,0,P,B,N,N,01,2,NJ 34,,34,,00000034__,6.26,02,,01,04,02,01,01,01,02,01,5280,FE,S,WYCKOFF RD,,,,55,35,26,,,N,,#184
2019135219-00682,MONMOUTH,WALL TWP,03/07/2019,TH,0841,01,WALL TWP PD,PATROL,0,0,0,0,P,B,N,N,02,2,NJ 138,E,138,,00000138__,.62,02,,01,04,02,01,01,01,01,01,500,FE,W,ALLENWOOD RD,,,,55,40,26,,,N,,184
2019135219-01588,MONMOUTH,WALL TWP,05/26/2019,SU,0440,01,WALL TWP PD,PATROL,0,0,0,0,P,B,N,N,01,2,NJ 138,E,138,,00000138__,.65,02,,01,04,02,01,01,01,03,01,300,FE,W,ALLENWOOD RD,,,,55,35,26,,,N,,184
2019135219-01593,MONMOUTH,WALL TWP,05/26/2019,SU,1756,01,WALL TWP PD,PATROL,0,0,0,0,P,B,N,N,01,2,NJ 34,N,34,,00000034__,1.47,02,,01,04,02,01,01,01,02,01,2640,FE,S,ROUTE 524S / ATLANTIC AVE,,,,55,45,26,,,N,,184
2019135219-01683,MONMOUTH,WALL TWP,06/03/2019,MO,1149,01,WALL TWP PD,PATROL,0,0,0,0,P,B,N,N,11,2,NJ 35,N,35,,00000035__,19.01,02,,01,04,02,01,01,01,04,01,1000,FE,S,WALL CHURCH RD,,,,35,,,,,N,POLE #JC6385WL WAS BROKEN DUE TO THE ? HANGING LOW AND TAKEN DOWN,184
2019135219-01732,MONMOUTH,WALL TWP,06/07/2019,FR,1735,01,WALL TWP PD,PATROL,0,0,0,0,P,I,N,N,01,3,NJ 138,,138,,00000138__,.71,02,,01,04,02,01,01,01,02,01,,AT,,ALLENWOOD RD,,,,55,35,26,,,N,,
2019135219-01779,MONMOUTH,WALL TWP,06/12/2019,WE,0828,01,WALL TWP PD,PATROL,0,1,0,0,I,I,Y,N,11,2,NJ 138,,138,,00000138__,.71,02,,01,00,02,01,01,01,02,01,,AT,,ALLENWOOD RD,,,,55,35,56,,,Y,DRIVER #1 DAMAGED 2 TRAFFIC LIGHT STANCHION.,184
2019135219-02072,MONMOUTH,WALL TWP,07/05/2019,FR,1051,01,WALL TWP PD,PATROL,0,0,0,0,P,B,N,N,01,2,NJ 138,W,138,,00000138__,.80,02,,01,04,02,01,01,01,01,01,500,FE,E,ALLENWOOD RD,,,,55,35,26,,,N,,210
2019135219-03171,MONMOUTH,WALL TWP,09/29/2019,SU,1540,01,WALL TWP PD,PATROL,0,0,0,0,P,B,N,N,01,2,BAILEYS CORNER RD **,,,,13521195__,1.35,07,,01,04,02,01,01,01,05,01,200,FE,S,OCEAN RD,,,,35,35,26,,,N,,184
2019135219-03395,MONMOUTH,WALL TWP,10/21/2019,MO,1156,01,WALL TWP PD,PATROL,0,1,0,0,I,B,N,N,01,2,NJ 34,S,34,,00000034__,4.14,02,,03,06,02,01,01,01,05,01,,,,,F,NJ 138,,50,,26,,,N,,184
2019135219-03397,MONMOUTH,WALL TWP,10/21/2019,MO,1630,01,WALL TWP PD,PATROL,0,1,0,0,I,B,N,N,01,2,NJ 33,,33,,00000033__,36.01,02,,01,04,02,01,01,01,05,01,100,FE,W,ROUTE 547 / SHAFTO RD / WYCKOFF RD,,,,50,45,26,,,N,,184
2019135219-03406,MONMOUTH,WALL TWP,10/22/2019,TU,1032,01,WALL TWP PD,PATROL,0,1,0,0,I,I,N,N,11,1,NJ 138,,138,,00000138__,.01,02,,03,06,02,02,01,02,02,01,,AT,,,T,NJ 34,NB,55,,56,,,N,,184
2019135219-03800,MONMOUTH,WALL TWP,11/23/2019,SA,1753,01,WALL TWP PD,PATROL,0,0,0,0,P,B,N,N,06,2,1933 SHWY 35 PARKING LOT,W,,,,,09,,01,05,02,01,06,01,05,01,,,,,,,,,,28,,,N,,184