Year(4)-CountyCode(2)-MunicipalityCode(2)-CaseNumber(9),County Name,Municipality Name,Crash Date,Crash Day of Week,Crash Time,Police Department Code,Police Department,Police Station,Total Killed,Total Injured,Pedestrians Killed,Pedestrians Injured,Severity,Intersection,Alcohol Involved,Hazmat Involved,Crash Type,Total Vehicles,Location,Location Direction,Route,Route Suffix,Std Rte Identifier,MilePost,Road System,Road Character,Road Horizontal Alignment,Road Grade,Road Surface Type,Surface Condition,Light Condition,Environmental Condition,Road Divided By,Temporary Traffic Control Zone,Distance To Cross Street,Unit Of Measurement,Direction From Cross Street,Cross Street Name,Is Ramp,Ramp To/From Route Name,Ramp To/From Route Direction,Posted Speed,Posted Speed Cross Street,First Harmful Event,Latitude,Longitude,Cell Phone In Use Flag,Other Property Damage,Reporting Badge No.
2019135219-29189-AC,MONMOUTH,WALL TWP,06/01/2019,SA,1857,01,HOWELL TWP PD,,0,0,0,0,P,I,N,N,01,2,ROUTE 549,,549,,00000549__,16.04,05,,01,04,02,01,01,01,05,01,,AT,,ALLENWOOD RD,,,,45,35,26,,,N,,345
201913522011901298,MONMOUTH,WALL TWP,05/01/2019,WE,1505,01,WALL TWP PD,PATROL DIV,0,0,0,0,P,B,N,N,01,2,NJ 35,S,35,,00000035__,19.01,02,,01,04,02,02,01,02,04,01,1200,FE,N,ROUTE 524 / ALLAIIRE RD,,,,40,35,26,,,N,,183
201913522018-00014,MONMOUTH,WALL TWP,01/02/2019,WE,1301,01,WALL TWP PD,PATROL,0,0,0,0,P,B,N,N,02,2,ROUTE 524,W,524,,00000524__,36.63,05,,01,04,02,01,01,01,05,01,25,FE,E,NJ 34,,,,40,55,26,,,N,,187
201913522018-01443,MONMOUTH,WALL TWP,05/14/2019,TU,1500,01,WALL TWP PD,,0,0,0,0,P,I,N,N,01,2,OLD MILL RD,N,,,13521307__,.00,07,,01,04,02,02,01,02,05,01,,AT,,NJ 35,,,,35,40,26,,,N,,182
201913522019--02538,MONMOUTH,WALL TWP,08/06/2019,TU,1437,01,WALL TWP PD,,0,0,0,0,P,B,N,N,01,2,MONMOUTH COUNTY 30 II,E,30,2,130000302_,.50,05,,01,04,02,01,01,01,05,01,2640,FE,E,ALLENWOOD RD,,,,50,35,26,,,N,,192
201913522019-00003,MONMOUTH,WALL TWP,01/01/2019,TU,2005,01,WALL TWP PD,PATROL DIV,0,0,0,0,P,B,Y,N,11,1,MONMOUTH COUNTY 30 II,,30,2,130000302_,,05,,01,04,,01,07,01,04,01,,,,,,,,35,,,,,N,EVERGREEN BUSHES AND FRONT PORCH & SUPPORT AT 1430 18TH AVE,161
201913522019-00011,MONMOUTH,WALL TWP,01/02/2019,WE,1157,01,WALL TWP PD,PATROL,0,0,0,0,P,B,N,N,01,2,ROUTE 524,E,524,,00000524__,38.84,05,,01,04,02,01,01,01,05,01,25,FE,W,NJ 35,,,,35,40,26,,,N,,182
201913522019-00013,MONMOUTH,WALL TWP,01/02/2019,WE,1226,01,WALL TWP PD,,0,0,0,0,P,B,N,N,01,2,NJ 34,N,34,,00000034__,.31,02,,01,04,02,01,01,01,03,01,100,FE,S,LAKEWOOD RD,,,,55,25,26,,,N,,181
201913522019-00027,MONMOUTH,WALL TWP,01/03/2019,TH,1556,01,WALL TWP PD,,0,0,0,0,P,B,N,N,01,2,NJ 35,S,35,,00000035__,18.78,02,,01,04,02,01,01,01,05,01,10,FE,N,ROUTE 524 / ALLAIIRE RD,,,,40,35,26,,,N,,206
201913522019-00030,MONMOUTH,WALL TWP,01/03/2019,TH,1702,01,WALL TWP PD,,0,0,0,0,P,B,N,N,12,1,ROUTE 524,E,524,,00000524__,35.07,05,,01,06,02,01,05,01,04,01,200,FE,E,US 30 / W 18TH AVE,,,,50,25,24,,,N,,181
201913522019-00033,MONMOUTH,WALL TWP,01/03/2019,TH,2037,01,WALL TWP PD,PATROL,0,0,0,0,P,B,Y,N,08,1,MONMOUTH COUNTY 30 II,W,30,2,130000302_,3.19,05,,01,04,02,01,06,01,05,01,200,FE,W,L ST,,,,25,25,69,,,N,V1 WAS DRIVEN ACROSS THE FRONT LAWN OF 1109 EIGHTEENTH AVE CAUSING PROPERTY DAM?,205
201913522019-00035,MONMOUTH,WALL TWP,01/04/2019,FR,1116,01,WALL TWP PD,,0,0,0,0,P,I,N,N,03,2,NJ 35,S,35,,00000035__,18.49,02,,01,04,02,01,01,01,04,01,,AT,,NEW BEDFORD RD,,,,40,,26,,,N,,149
201913522019-00040,MONMOUTH,WALL TWP,01/04/2019,FR,1711,01,WALL TWP PD,,0,1,0,0,I,B,N,N,01,2,NJ 34,N,34,,00000034__,1.97,02,,03,04,02,01,05,01,03,01,,,,,F,ROUTE 524 SPUR,WB,55,,26,,,N,,202
201913522019-00046,MONMOUTH,WALL TWP,01/05/2019,SA,0836,01,WALL TWP PD,PATROL,0,0,0,0,P,I,N,N,01,2,ROUTE 547,,547,,00000547__,20.44,05,,01,04,02,02,01,02,05,01,,AT,,NJ 33,,,,35,55,26,,,N,,153
201913522019-00047,MONMOUTH,WALL TWP,01/05/2019,SA,1238,01,WALL TWP PD,PATROL,0,0,0,0,P,I,N,N,01,2,MONMOUTH COUNTY 18 I,W,18,1,130000181_,6.62,05,,01,04,02,02,01,02,04,01,,AT,,VOORHEES AVE,,,,35,25,26,,,N,,196
201913522019-00048,MONMOUTH,WALL TWP,01/05/2019,SA,1438,01,WALL TWP PD,,0,1,0,0,I,B,N,N,03,2,NJ 138,W,138,,00000138__,1.83,02,,03,06,02,02,01,02,03,01,,,,,F,NJ 18,SB,55,,26,,,N,,197
201913522019-00050,MONMOUTH,WALL TWP,01/05/2019,SA,1635,01,WALL TWP PD,,0,0,0,0,P,I,N,N,03,2,MONMOUTH COUNTY 18 I,W,18,1,130000181_,4.92,05,,01,04,02,02,06,02,04,01,,AT,,ALLENWOOD RD,,,,40,35,26,,,N,,202
201913522019-00060,MONMOUTH,WALL TWP,01/06/2019,SU,1327,01,WALL TWP PD,PATROL,0,1,0,0,I,I,N,N,02,2,NEW BEDFORD RD,N,,,13521306__,1.50,07,,01,04,02,01,01,01,04,01,,AT,,NJ 138,,,,35,55,26,,,N,,196
201913522019-00064,MONMOUTH,WALL TWP,01/07/2019,MO,0827,01,WALL TWP PD,,0,0,0,0,P,B,N,N,12,1,NJ 34,N,34,,00000034__,5.96,02,,01,04,02,01,01,01,03,01,2640,FE,N,AIRPORT RD,,,,55,25,,,,N,,165
201913522019-00070,MONMOUTH,WALL TWP,01/07/2019,MO,1304,01,WALL TWP PD,,0,0,0,0,P,B,N,N,03,2,OLD MILL RD,S,,,13521307__,1.60,07,,01,04,02,01,01,01,05,01,200,FE,N,W CHICAGO BLVD,,,,35,25,26,,,N,,206
201913522019-00079,MONMOUTH,WALL TWP,01/08/2019,TU,0745,01,WALL TWP PD,,0,0,0,0,P,B,N,N,01,2,NJ 138,W,138,,00000138__,2.29,02,,01,04,02,02,01,02,03,01,50,FE,E,NEW BEDFORD RD,,,,55,35,26,,,N,,206
201913522019-00080,MONMOUTH,WALL TWP,01/08/2019,TU,0858,01,WALL TWP PD,,0,0,0,0,P,B,N,N,11,1,NJ 18,N,18,,00000018__,5.14,02,,02,05,02,02,01,05,01,01,,,,,F,NJ 138,EB,55,,,,,N,,181
201913522019-00084,MONMOUTH,WALL TWP,01/08/2019,TU,1644,01,WALL TWP PD,PATROL,0,0,0,0,P,I,N,N,01,2,NJ 35,W,35,,00000035__,17.17,02,,02,04,02,01,06,01,04,01,,AT,,ROUTE 524 SPUR / ATLANTIC AVE,,,,40,40,26,,,N,,203
201913522019-00085,MONMOUTH,WALL TWP,01/08/2019,TU,1714,01,WALL TWP PD,,0,0,0,0,P,I,N,N,01,2,ROUTE 524,,524,,00000524__,36.63,05,,03,06,02,02,05,02,05,01,,AT,,NJ 34,,,,25,,,,,N,,160
201913522019-00086,MONMOUTH,WALL TWP,01/08/2019,TU,1737,01,WALL TWP PD,PATROL,0,1,0,0,I,B,N,N,01,2,NJ 34,N,34,,00000034__,1.97,02,,01,04,02,01,07,01,03,01,,,,,F,ROUTE 524 SPUR,,55,,26,,,N,,194
201913522019-00087,MONMOUTH,WALL TWP,01/08/2019,TU,1838,01,WALL TWP PD,,0,0,0,0,P,I,N,N,11,1,MONMOUTH COUNTY 18 I,,18,1,130000181_,1.48,05,,01,04,02,02,05,01,05,01,,AT,,BIRDSALL RD,,,,45,,,,,N,,160
201913522019-00089,MONMOUTH,WALL TWP,01/08/2019,TU,2101,01,WALL TWP PD,PATROL,0,1,0,0,I,B,Y,N,11,1,MONMOUTH COUNTY 20,E,20,,13000020__,3.01,05,,01,04,02,01,06,05,05,01,50,FE,E,CHICAGO BLVD / W CHICAGO BLVD,,,,30,35,,,,N,(1) POLE - BT41804WL (2) POLE - BT6859WL (3) POLE - (UNKNOWN #) (4) DAMAGE TO G?,180
201913522019-00094,MONMOUTH,WALL TWP,01/08/2019,TU,2056,01,WALL TWP PD,PATROL,0,1,0,0,I,B,Y,N,11,1,MONMOUTH COUNTY 20,N,20,,13000020__,2.87,05,,01,04,02,01,06,05,05,01,100,FE,N,BERGEN PL,,,,35,25,,,,N,GRASS & TREE ON 2159 EIGHT AVE,180
201913522019-00099,MONMOUTH,WALL TWP,01/09/2019,WE,1523,01,WALL TWP PD,,0,0,0,0,P,B,N,N,02,2,NJ 35,S,35,,00000035__,16.47,02,,01,04,02,01,01,01,04,01,10,FE,N,LAKEWOOD RD / MARCELLUS AVE,,,,40,25,26,,,N,,202
201913522019-00102,MONMOUTH,WALL TWP,01/09/2019,WE,1754,01,WALL TWP PD,PATROL,0,2,0,0,I,B,N,N,01,3,NJ 138,E,138,,00000138__,1.17,02,,01,04,02,01,05,01,03,01,100,FE,W,CLUB DR,,,,55,25,26,,,N,,
201913522019-00105,MONMOUTH,WALL TWP,01/10/2019,TH,0919,01,WALL TWP PD,PATROL,0,0,0,0,P,I,Y,N,11,1,NJ 33,E,33,,00000033__,35.76,02,,03,04,02,01,01,01,02,01,,AT,,,T,ROUTE 547,WB,55,,56,,,N,CHEVRON SIGN AND GRASS ON SHOULDER OF ROAD.,196
201913522019-00107,MONMOUTH,WALL TWP,01/10/2019,TH,1414,01,WALL TWP PD,PATROL,0,0,0,0,P,I,N,N,01,2,GULLY RD,S,,,13521414__,.00,07,,01,04,02,01,01,01,05,01,,AT,,CR 18 / ALLENWOOD RD / BELMAR BLVD,,,,35,,26,,,N,,153
201913522019-00114,MONMOUTH,WALL TWP,01/11/2019,FR,0838,01,WALL TWP PD,PATROL,0,0,0,0,P,B,N,N,01,2,NJ 34,S,34,,00000034__,4.14,02,,01,04,02,01,01,01,03,01,,,,,F,I 195,EB,55,,26,,,N,,194
201913522019-00125,MONMOUTH,WALL TWP,01/11/2019,FR,1538,01,WALL TWP PD,,0,0,0,0,P,B,N,N,01,2,NJ 138,,138,,00000138__,.74,02,,01,04,02,01,01,01,03,01,150,FE,E,ALLENWOOD RD,,,,55,,,,,N,,137
201913522019-00127,MONMOUTH,WALL TWP,01/12/2019,SA,0430,01,WALL TWP PD,,0,0,0,0,P,B,Y,N,11,1,BAILEYS CORNER RD **,S,,,13521195__,1.48,07,,03,04,02,01,04,01,04,01,300,FE,S,GARRET DR,,,,35,25,11,,,N,BROKEN PLASTIC COVER TO A METAL SUPPORT WIRE RUNNING FROM THE GROUND TO UTILITY?,204
201913522019-00133,MONMOUTH,WALL TWP,01/12/2019,SA,1709,01,WALL TWP PD,PATROL,0,0,0,0,P,I,N,N,03,2,NJ 35,S,35,,00000035__,17.17,02,,02,06,02,01,06,01,05,01,,AT,,ROUTE 524 SPUR / ATLANTIC AVE,,,,40,35,26,,,N,,187
201913522019-00137,MONMOUTH,WALL TWP,01/13/2019,SU,1019,01,WALL TWP PD,,0,0,0,0,P,B,N,N,12,1,NJ 35,S,35,,00000035__,16.09,02,,01,06,02,01,01,01,01,01,500,FE,N,NJ 34 / NJ 70,,,,50,50,24,,,N,,150
201913522019-00139,MONMOUTH,WALL TWP,01/13/2019,SU,1835,01,WALL TWP PD,,0,1,0,0,I,B,Y,N,11,1,MONMOUTH BLVD **,N,,,13521064__,,07,,01,04,02,01,05,01,02,01,300,FE,S,WATSON RD,,,,25,40,56,,,N,2 TREES,182
201913522019-00143,MONMOUTH,WALL TWP,01/14/2019,MO,1001,01,WALL TWP PD,PATROL,0,0,0,0,P,I,N,N,01,2,NJ 33,W,33,,00000033__,35.85,02,,01,04,02,01,01,01,04,01,,AT,,NJ 34,,,,55,55,26,,,N,,207
201913522019-00144,MONMOUTH,WALL TWP,01/14/2019,MO,1315,01,WALL TWP PD,PATROL,0,0,0,0,P,B,N,N,01,2,NJ 34,S,34,,00000034__,2.64,02,,01,04,02,01,01,01,03,01,30,FE,N,ROUTE 524 / ALLAIRE RD,,,,55,35,26,,,N,,209
201913522019-00145,MONMOUTH,WALL TWP,01/14/2019,MO,1335,01,WALL TWP PD,,0,0,0,0,P,B,N,N,07,2,NJ 35,S,35,,00000035__,19.59,02,,01,06,02,01,01,01,04,01,1320,FE,S,CR 30 II / EIGHTEENTH AVE,,,,40,25,26,,,N,,172
201913522019-00150,MONMOUTH,WALL TWP,01/15/2019,TU,0826,01,WALL TWP PD,PATROL,0,1,0,0,I,I,N,N,01,2,NJ 35,N,35,,00000035__,17.17,02,,01,04,02,01,01,01,03,01,,AT,,ROUTE 524 SPUR / ATLANTIC AVE,,,,40,45,26,,,N,,207
201913522019-00153,MONMOUTH,WALL TWP,01/15/2019,TU,1413,01,WALL TWP PD,,0,1,0,0,I,B,N,N,01,2,NJ 35,S,35,,00000035__,20.24,02,,01,05,02,01,01,01,01,01,,,,,F,NJ 138,EB,40,,26,,,N,,192
201913522019-00154,MONMOUTH,WALL TWP,01/15/2019,TU,1523,01,WALL TWP PD,PATROL,0,1,0,0,I,B,N,N,01,2,NJ 138,E,138,,00000138__,1.17,02,,01,05,02,01,01,01,01,01,100,FE,W,CLUB DR,,,,55,25,26,,,N,,209
201913522019-00160,MONMOUTH,WALL TWP,01/16/2019,WE,0729,01,WALL TWP PD,,0,1,0,0,I,I,N,N,02,2,NJ 35,,35,,00000035__,17.17,02,,03,04,02,01,01,01,03,01,,AT,,ROUTE 524 SPUR / ATLANTIC AVE,,,,40,,,,,N,,160
201913522019-00161,MONMOUTH,WALL TWP,01/16/2019,WE,0747,01,WALL TWP PD,PATROL,0,0,0,0,P,B,N,N,01,2,NJ 35,N,35,,00000035__,17.07,02,,01,06,02,01,01,01,05,01,1320,FE,N,CHURCH ST,,,,40,25,26,,,N,,187
201913522019-00166,MONMOUTH,WALL TWP,01/16/2019,WE,1656,01,WALL TWP PD,,0,1,0,0,I,B,N,N,01,3,NJ 34,N,34,,00000034__,6.36,02,,01,04,02,01,01,05,03,01,50,FE,S,NJ 18 / BELMAR BLVD,,,,55,,,,,N,,137
201913522019-00167,MONMOUTH,WALL TWP,01/16/2019,WE,1720,01,WALL TWP PD,,0,0,0,0,P,B,N,N,02,2,NJ 35,S,35,,00000035__,18.80,02,,01,04,02,01,06,01,04,01,100,FE,N,ROUTE 524 / ALLAIIRE RD,,,,40,45,26,,,N,,181
201913522019-00172,MONMOUTH,WALL TWP,01/17/2019,TH,1157,01,WALL TWP PD,PATROL,0,0,0,0,P,I,N,N,04,2,PAYNTER RD **,E,,,13521253__,.65,07,,01,04,02,01,01,01,04,01,,AT,,NJ 34,,,,35,55,26,,,N,,203
201913522019-00175,MONMOUTH,WALL TWP,01/17/2019,TH,1438,01,WALL TWP PD,PATROL,0,0,0,0,P,I,N,N,03,2,K ST **,N,,,13521161__,.20,07,,01,04,02,01,01,01,05,01,,AT,,17TH AVE,,,,25,25,26,,,N,,178
201913522019-00177,MONMOUTH,WALL TWP,01/17/2019,TH,1728,01,WALL TWP PD,PATROL,0,2,0,0,I,B,N,N,01,2,NJ 18,S,18,,00000018__,5.64,02,,01,04,02,01,05,01,03,01,2640,FE,N,NJ 138,,,,55,55,26,,,N,,194
201913522019-00179,MONMOUTH,WALL TWP,01/17/2019,TH,2333,01,WALL TWP PD,PATROL,0,0,0,0,P,B,N,N,12,1,NJ 18,S,18,,00000018__,6.17,02,,01,04,02,02,05,03,03,01,300,FE,S,NJ 18 / BELMAR BLVD,,,,65,35,24,,,N,,168
201913522019-00187,MONMOUTH,WALL TWP,01/18/2019,FR,1708,01,WALL TWP PD,,0,0,0,0,P,I,N,N,01,2,NJ 35,S,35,,00000035__,16.82,02,,01,05,02,01,06,01,04,01,,AT,,CHURCH ST,,,,40,25,26,,,N,,192
201913522019-00191,MONMOUTH,WALL TWP,01/19/2019,SA,0822,01,WALL TWP PD,PATROL,0,0,0,0,P,I,N,N,03,2,17TH AVE **,W,,,13471033__,.56,07,,01,04,02,01,01,05,05,01,,AT,,K ST,,,,25,25,,,,N,,174
201913522019-00192,MONMOUTH,WALL TWP,01/19/2019,SA,1056,01,WALL TWP PD,,0,0,0,0,P,B,N,N,02,2,NJ 35,S,35,,00000035__,16.47,02,,01,04,02,01,01,01,04,01,20,FE,N,LAKEWOOD RD / MARCELLUS AVE,,,,40,25,26,,,N,,202
201913522019-00194,MONMOUTH,WALL TWP,01/18/2019,FR,0702,01,WALL TWP PD,PATROL,0,1,0,0,I,B,N,N,01,2,NJ 138,E,138,,00000138__,2.19,02,,01,04,02,02,01,05,03,01,500,FE,W,NEW BEDFORD RD,,,,55,25,26,,,N,,196
201913522019-00196,MONMOUTH,WALL TWP,01/19/2019,SA,1706,01,WALL TWP PD,,0,0,0,0,P,I,N,N,02,2,NJ 34,,34,,00000034__,2.63,02,,02,04,02,01,04,01,03,01,,AT,,ROUTE 524 / ALLAIRE RD,,,,55,40,26,,,N,,202
201913522019-00205,MONMOUTH,WALL TWP,01/21/2019,MO,0952,01,WALL TWP PD,,0,1,0,0,I,B,N,N,11,1,NJ 33,E,33,,00000033__,35.87,02,,01,04,02,01,01,01,02,01,100,FE,E,NJ 34,,,,55,55,56,,,N,SUBSEQUENT TO THE MVA  VEHICLE 1 HAD CAUGHT FIRE. ALL ITEMS INSIDE OF THE VEHIC?,159
201913522019-00215,MONMOUTH,WALL TWP,01/22/2019,TU,1214,01,WALL TWP PD,PATROL,0,0,0,0,P,B,N,N,08,2,2175 STATE HWY 35,,,,,,09,,01,04,02,01,01,01,05,01,,,,,,,,25,,28,,,N,,209
201913522019-00216,MONMOUTH,WALL TWP,01/22/2019,TU,1402,01,WALL TWP PD,PATROL,0,0,0,0,P,B,N,N,01,2,NJ 35,,35,,00000035__,18.82,02,,01,04,02,01,01,01,04,01,200,FE,N,ROUTE 524 / ALLAIIRE RD,,,,40,45,26,,,N,,209
201913522019-00217,MONMOUTH,WALL TWP,01/22/2019,TU,1415,01,WALL TWP PD,,0,0,0,0,P,B,N,N,01,2,NJ 34,S,34,,00000034__,.35,02,,01,04,02,01,01,01,03,01,100,FE,N,LAKEWOOD RD,,,,50,25,26,,,N,,150
201913522019-00218,MONMOUTH,WALL TWP,01/22/2019,TU,1456,01,WALL TWP PD,PATROL,0,0,0,0,P,I,N,N,02,2,MONMOUTH COUNTY 18 I,,18,1,130000181_,6.22,05,,01,04,02,01,01,01,05,01,,AT,,BAILEY RD,,,,35,25,26,,,N,OIL SPILL IN DRIVEWAY OF 1600 BAILEY RD WALL  NJ 07719.,209
201913522019-00226,MONMOUTH,WALL TWP,01/23/2019,WE,0638,01,WALL TWP PD,,0,1,0,0,I,B,N,N,11,1,MONMOUTH COUNTY 18 I,W,18,1,130000181_,4.93,05,,01,04,02,01,05,01,05,01,50,FE,E,ALLENWOOD RD,,,,40,,52,,,N,POLE #40871WL,149
201913522019-00227,MONMOUTH,WALL TWP,01/23/2019,WE,0821,01,WALL TWP PD,,0,0,0,0,P,I,N,N,02,2,NJ 34,S,34,,00000034__,2.63,02,,02,04,02,01,01,01,03,01,,AT,,ROUTE 524 / ALLAIRE RD,,,,55,45,26,,,N,,169
201913522019-00228,MONMOUTH,WALL TWP,01/18/2019,FR,0920,01,WALL TWP PD,PATROL,0,0,0,0,P,I,N,N,02,2,NJ 35,S,35,,00000035__,17.32,02,,01,04,02,01,01,01,04,01,,AT,,MEETING HOUSE RD,,,,40,35,26,,,N,,207
201913522019-00229,MONMOUTH,WALL TWP,01/23/2019,WE,1240,01,WALL TWP PD,PATROL,0,1,0,0,I,I,Y,N,11,1,ROUTE 524,,524,,00000524__,35.03,05,,01,04,02,01,01,01,04,01,,AT,,US 30 / W 18TH AVE,,,,35,45,26,,,N,UTILITY POLE # BT4076WL WAS STRUCK AND DAMAGED,207
201913522019-00233,MONMOUTH,WALL TWP,01/23/2019,WE,1617,01,WALL TWP PD,PATROL,0,0,0,0,P,B,N,N,01,2,ROUTE 524,W,524,,00000524__,36.63,05,,03,06,02,01,01,01,05,01,,,,,T,NJ 34,NB,45,,26,,,N,,164
201913522019-00235,MONMOUTH,WALL TWP,01/23/2019,WE,1907,01,WALL TWP PD,PATROL,0,0,0,0,P,B,N,N,12,1,NJ 35,N,35,,00000035__,17.95,02,,01,04,02,01,04,01,04,01,1000,FE,S,OCEAN RD,,,,40,25,24,,,N,,198
201913522019-00236,MONMOUTH,WALL TWP,01/23/2019,WE,2010,01,WALL TWP PD,PATROL,0,0,0,0,P,B,N,N,04,2,ROUTE 524,,524,,00000524__,36.54,05,,02,05,02,02,04,01,05,01,500,FE,W,NJ 34,,,,35,55,26,,,N,,201
201913522019-00237,MONMOUTH,WALL TWP,01/23/2019,WE,2043,01,WALL TWP PD,WALL PD,0,0,0,0,P,B,N,N,01,2,NJ 138,E,138,,00000138__,3.33,02,,03,04,02,01,06,01,02,01,,,,,T,NJ 35,SB,55,,,,,N,,185
201913522019-00240,MONMOUTH,WALL TWP,01/24/2019,TH,0717,01,WALL TWP PD,,0,0,0,0,P,I,N,N,01,2,NJ 33,E,33,,00000033__,36.03,02,,01,05,02,02,05,02,05,05,,AT,,ROUTE 547 / SHAFTO RD / WYCKOFF RD,,,,50,,26,,,N,,149
201913522019-00241,MONMOUTH,WALL TWP,01/24/2019,TH,1001,01,WALL TWP PD,PATROL,0,0,0,0,P,I,N,N,01,2,NJ 138,E,138,,00000138__,.71,02,,01,04,02,02,01,02,03,01,,AT,W,ALLENWOOD RD,,,,55,35,26,,,N,,196
201913522019-00243,MONMOUTH,WALL TWP,01/24/2019,TH,1027,01,WALL TWP PD,,0,0,0,0,P,B,N,N,08,2,NJ 34,S,34,,00000034__,.95,02,,01,04,02,02,01,02,03,01,10,FE,N,PAYNTERS RD,,,,55,35,26,,,N,,206
201913522019-00246,MONMOUTH,WALL TWP,01/24/2019,TH,1242,01,WALL TWP PD,PATROL,0,0,0,0,P,B,N,N,01,2,NJ 138,E,138,,00000138__,1.14,02,,01,05,02,02,01,02,03,01,250,FE,W,CLUB DR,,,,55,25,26,,,N,,164
201913522019-00251,MONMOUTH,WALL TWP,01/24/2019,TH,1417,01,WALL TWP PD,,0,0,0,0,P,I,N,N,02,2,NJ 138,W,138,,00000138__,2.28,02,,01,04,02,02,01,02,03,01,,AT,,NEW BEDFORD RD,,,,55,35,26,,,N,,169
201913522019-00254,MONMOUTH,WALL TWP,01/25/2019,FR,0724,01,WALL TWP PD,PATROL,0,0,0,0,P,B,N,N,06,2,CURTIS AVENUE,E,,,,,07,,01,04,02,01,05,01,04,01,100,FE,W,NJ 71,,,,25,30,26,,,N,,203
201913522019-00272,MONMOUTH,WALL TWP,01/27/2019,SU,0738,01,WALL TWP PD,PATROL,0,0,0,0,P,B,N,N,10,1,NJ 35,S,35,,00000035__,16.02,02,,00,04,02,04,02,01,01,01,100,FE,N,NJ 34 / NJ 70,,,,40,55,01,,,N,,203
201913522019-00273,MONMOUTH,WALL TWP,01/27/2019,SU,1009,01,WALL TWP PD,,0,0,0,0,P,B,N,N,08,2,NARRUMOSN RD,,,,,,07,,01,04,02,01,01,01,05,01,200,FE,W,ALGONKIN TR,,,,25,25,26,,,N,,208
201913522019-00279,MONMOUTH,WALL TWP,01/28/2019,MO,0750,01,WALL TWP PD,PATROL,0,0,0,0,P,B,N,N,01,2,NJ 34,N,34,,00000034__,.24,02,,01,04,02,01,01,01,03,01,500,FE,S,LAKEWOOD RD,,,,55,25,26,,,N,,201
201913522019-00280,MONMOUTH,WALL TWP,01/28/2019,MO,0809,01,WALL TWP PD,PATROL,0,0,0,0,P,B,N,N,03,2,MONMOUTH COUNTY 18 I,E,18,1,130000181_,3.69,05,,01,04,02,01,01,01,05,01,725,FE,E,MARTIN RD,,,,40,35,26,,,N,,198
201913522019-00285,MONMOUTH,WALL TWP,01/28/2019,MO,1104,01,WALL TWP PD,,0,0,0,0,P,I,N,N,02,2,NJ 138,W,138,,00000138__,3.33,02,,03,04,02,01,01,01,03,01,,AT,,,F,NJ 35,SB,55,,26,,,N,,169
201913522019-00290,MONMOUTH,WALL TWP,01/28/2019,MO,1925,01,WALL TWP PD,PATROL,0,0,0,0,P,I,N,N,07,2,ROUTE 524,,524,,00000524__,38.71,05,,01,04,02,01,06,01,05,01,,AT,,NJ 47 / WARREN AVE,,,,35,35,26,,,N,,209
201913522019-00296,MONMOUTH,WALL TWP,01/29/2019,TU,1807,01,WALL TWP PD,PATROL,0,0,0,0,P,B,N,N,07,2,MONMOUTH COUNTY 18 I,,18,1,130000181_,5.11,05,,01,04,02,02,05,02,05,01,50,FE,E,GLENDOLA RD,,,,35,25,26,,,N,,209
201913522019-00299,MONMOUTH,WALL TWP,01/30/2019,WE,0734,01,WALL TWP PD,,0,0,0,0,P,I,N,N,01,2,NJ 33,E,33,,00000033__,35.85,02,,02,04,02,01,01,01,04,01,,AT,,NJ 34,,,,50,50,26,,,N,,204
201913522019-00304,MONMOUTH,WALL TWP,01/30/2019,WE,1755,01,WALL TWP PD,,0,0,0,0,P,B,N,N,01,2,NJ 35,S,35,,00000035__,18.78,02,,01,04,02,01,06,01,05,01,10,FE,N,ROUTE 524 / ALLAIIRE RD,,,,40,40,26,,,N,,182
201913522019-00307,MONMOUTH,WALL TWP,01/31/2019,TH,0044,01,WALL TWP PD,TRAFFIC,1,0,0,0,F,B,N,N,11,1,NJ 138,E,138,,00000138__,2.52,02,,01,04,02,01,06,01,03,01,1241,FE,E,NEW BEDFORD RD,,,,55,35,,40.171454,74.059230,N,,
201913522019-00309,MONMOUTH,WALL TWP,01/31/2019,TH,0834,01,WALL TWP PD,PATROL,0,1,0,0,I,I,N,N,01,2,RIDGEWOOD RD **,W,,,13521193__,.00,07,,01,04,02,01,01,01,04,01,,AT,,NJ 34,,,,35,50,26,,,N,,200
201913522019-00314,MONMOUTH,WALL TWP,01/31/2019,TH,1807,01,WALL TWP PD,PATROL,0,0,0,0,P,B,N,N,01,2,NJ 35,S,35,,00000035__,17.41,02,,01,04,02,01,06,01,04,01,25,FE,N,SEA GIRT AVE,,,,40,35,26,,,N,,195
201913522019-00317,MONMOUTH,WALL TWP,02/01/2019,FR,1038,01,WALL TWP PD,PATROL,0,1,0,0,I,B,N,N,01,2,NJ 138,,138,,00000138__,.76,02,,01,04,02,01,01,01,01,01,250,FE,E,ALLENWOOD RD,,,,55,35,26,,,N,,194
201913522019-00321,MONMOUTH,WALL TWP,02/01/2019,FR,1616,01,WALL TWP PD,PATROL,0,0,0,0,P,B,N,N,11,1,I-195,E,195,,00000195__,34.17,01,,01,04,02,02,01,03,03,01,,,,,T,NJ 34,SB,55,,56,,,N,,207
201913522019-00323,MONMOUTH,WALL TWP,02/01/2019,FR,1838,01,WALL TWP PD,WALL PD,0,0,0,0,P,B,N,N,02,2,NJ 35,,35,,00000035__,,02,,03,04,02,02,06,01,02,01,,,,,,,,,,,,,N,,185
201913522019-00324,MONMOUTH,WALL TWP,02/01/2019,FR,1856,01,WALL TWP PD,PATROL,0,0,0,0,P,B,N,N,12,2,NJ 34,S,34,,00000034__,1.03,02,,01,04,02,01,05,05,03,01,400,FE,N,PAYNTERS RD,,,,55,25,24,,,N,,196