Year(4)-CountyCode(2)-MunicipalityCode(2)-CaseNumber(9),County Name,Municipality Name,Crash Date,Crash Day of Week,Crash Time,Police Department Code,Police Department,Police Station,Total Killed,Total Injured,Pedestrians Killed,Pedestrians Injured,Severity,Intersection,Alcohol Involved,Hazmat Involved,Crash Type,Total Vehicles,Location,Location Direction,Route,Route Suffix,Std Rte Identifier,MilePost,Road System,Road Character,Road Horizontal Alignment,Road Grade,Road Surface Type,Surface Condition,Light Condition,Environmental Condition,Road Divided By,Temporary Traffic Control Zone,Distance To Cross Street,Unit Of Measurement,Direction From Cross Street,Cross Street Name,Is Ramp,Ramp To/From Route Name,Ramp To/From Route Direction,Posted Speed,Posted Speed Cross Street,First Harmful Event,Latitude,Longitude,Cell Phone In Use Flag,Other Property Damage,Reporting Badge No.
201913522019-00329,MONMOUTH,WALL TWP,02/02/2019,SA,1229,01,WALL TWP PD,,0,1,0,0,I,B,N,N,01,3,NJ 35,N,35,,00000035__,18.17,02,,01,04,02,01,01,01,05,01,150,FE,N,OCEAN RD,,,,40,40,26,,,N,,182
201913522019-00331,MONMOUTH,WALL TWP,02/02/2019,SA,1430,01,WALL TWP PD,,0,0,0,0,P,B,N,N,01,2,NJ 33,E,33,,00000033__,35.74,02,,01,04,02,01,01,01,03,01,100,FE,W,ROUTE 547 / ASBURY RD,,,,50,50,26,,,N,,169
201913522019-00333,MONMOUTH,WALL TWP,02/02/2019,SA,1558,01,WALL TWP PD,PATROL,0,3,0,0,I,I,N,N,11,1,MONMOUTH COUNTY 18 I,,18,1,130000181_,5.03,05,,02,04,02,01,01,01,04,01,,AT,,GULLEY RD,,,,40,35,52,,,N,TELEPHONE POLE (#BT40876WL) WAS STRUCK POLE WAS SLIGHTLY PUSHED BACK WITH MINOR?,194
201913522019-00335,MONMOUTH,WALL TWP,02/02/2019,SA,2357,01,WALL TWP PD,,0,0,0,0,P,B,N,N,12,1,NJ 34,S,34,,00000034__,7.71,02,,01,04,02,01,05,01,05,01,50,FE,S,NJ 33,,,,55,55,24,,,N,,202
201913522019-00338,MONMOUTH,WALL TWP,02/03/2019,SU,0038,01,WALL TWP PD,PATROL DIV,0,0,0,0,P,B,Y,N,11,1,NJ 35,S,35,,00000035__,18.30,02,,01,04,02,01,07,01,05,01,850,FE,N,OCEAN RD,,,,40,25,51,,,N,"DAMAGED """"NO STOPPING OR STANDING"""" SIGN",183
201913522019-00343,MONMOUTH,WALL TWP,02/03/2019,SU,1407,01,WALL TWP PD,,0,0,0,0,P,B,N,N,01,2,NJ 34,N,34,,00000034__,7.70,02,,03,04,02,01,01,01,03,01,100,FE,S,NJ 33,,,,55,50,26,,,N,,181
201913522019-00363,MONMOUTH,WALL TWP,02/06/2019,WE,0739,01,WALL TWP PD,WTPD,0,0,0,0,P,I,N,N,01,2,NJ 33,W,33,,00000033__,35.85,02,,03,04,02,01,01,01,03,01,,AT,,NJ 34,,,,50,55,26,,,N,,190
201913522019-00367,MONMOUTH,WALL TWP,02/06/2019,WE,1250,01,WALL TWP PD,,0,0,0,0,P,B,N,N,06,2,OLD MILL RD,S,,,13521307__,1.58,07,,01,04,02,01,01,01,04,01,100,FE,N,W CHICAGO BLVD,,,,30,25,28,,,N,,181
201913522019-00369,MONMOUTH,WALL TWP,02/06/2019,WE,1533,01,WALL TWP PD,PATROL,0,0,0,0,P,I,N,N,06,2,SHORE DR **,,,,13521104__,.09,07,,01,04,02,01,01,01,05,01,,AT,,SALEM AVE,,,,25,25,26,,,N,GRASS IN FRONT OF 2202 SHORE DR.,
201913522019-00370,MONMOUTH,WALL TWP,02/06/2019,WE,1522,01,WALL TWP PD,PATROL,0,0,0,0,P,I,N,N,01,2,NJ 34,S,34,,00000034__,.95,02,,01,04,02,01,01,01,03,01,,AT,,PAYNTERS RD,,,,55,30,26,,,N,,194
201913522019-00371,MONMOUTH,WALL TWP,02/06/2019,WE,1623,01,WALL TWP PD,PATROL,0,2,0,0,I,B,N,N,03,2,MONMOUTH COUNTY 18 I,,18,1,130000181_,5.66,05,,01,04,02,01,01,01,05,01,100,FE,W,MONMOUTH BLVD,,,,40,25,26,,,N,DAMAGE TO FENCE AT 1603 MONMOUTH BLVD.,209
201913522019-00380,MONMOUTH,WALL TWP,02/07/2019,TH,1356,01,WALL TWP PD,,0,0,0,0,P,I,N,N,01,2,ROUTE 524,W,524,,00000524__,36.63,05,,01,04,02,01,01,01,05,01,,AT,,NJ 34,,,,45,55,26,,,N,,169
201913522019-00401,MONMOUTH,WALL TWP,02/09/2019,SA,1107,01,WALL TWP PD,,0,0,0,0,P,B,N,N,01,2,NJ 34,N,34,,00000034__,1.97,02,,03,04,02,01,01,01,03,01,,,,,F,ROUTE 524 SPUR,WB,55,,26,,,N,,197
201913522019-00405,MONMOUTH,WALL TWP,02/09/2019,SA,1814,01,WALL TWP PD,PATROL,0,0,0,0,P,B,N,N,12,1,ROUTE 547,E,547,,00000547__,20.44,05,,01,04,02,01,05,01,04,01,200,FE,W,NJ 34,,,,50,55,24,,,N,,203
201913522019-00408,MONMOUTH,WALL TWP,02/10/2019,SU,1956,01,WALL TWP PD,PATROL,0,0,0,0,P,I,Y,N,02,2,NJ 34,S,34,,00000034__,2.63,02,,02,04,02,01,06,01,01,01,,AT,,ROUTE 524 / ALLAIRE RD,,,,55,45,26,,,N,,203
201913522019-00412,MONMOUTH,WALL TWP,02/11/2019,MO,0800,01,WALL TWP PD,WTPD,0,0,0,0,P,B,N,N,11,1,ROUTE 524 SPUR,E,524,S,00000524S_,.87,05,,02,06,02,03,01,03,01,01,,,,,T,NJ 34,SB,45,,56,,,N,,190
201913522019-00413,MONMOUTH,WALL TWP,02/11/2019,MO,1255,01,WALL TWP PD,,0,0,0,0,P,B,N,N,02,2,WALL CHURCH RD **,E,,,13521453__,.03,07,,01,04,02,01,01,01,04,01,100,FE,W,NJ 35,,,,35,40,26,,,N,,159
201913522019-00414,MONMOUTH,WALL TWP,02/11/2019,MO,1259,01,WALL TWP PD,,0,0,0,0,P,B,N,N,01,3,NJ 35,S,35,,00000035__,18.87,02,,01,04,02,01,01,01,04,01,500,FE,N,ROUTE 524 / ALLAIIRE RD,,,,40,45,26,,,N,,181
201913522019-00415,MONMOUTH,WALL TWP,02/11/2019,MO,1410,01,WALL TWP PD,PATROL,0,1,0,0,I,B,N,N,01,2,NJ 138,E,138,,00000138__,1.18,02,,01,04,02,01,01,01,03,01,50,FE,W,CLUB DR,,,,55,25,26,,,N,,201
201913522019-00419,MONMOUTH,WALL TWP,02/12/2019,TU,0829,01,WALL TWP PD,,0,0,0,0,P,B,N,N,11,1,NJ 18,S,18,,00000018__,6.82,02,,01,04,02,05,01,07,03,01,2640,FE,N,BRIGHTON AVE,,,,65,25,,,,N,,181
201913522019-00420,MONMOUTH,WALL TWP,02/12/2019,TU,1005,01,WALL TWP PD,WTPD,0,0,0,0,P,B,N,N,11,1,ALLENWOOD RD,N,,,13521019__,1.51,07,,03,04,02,04,01,06,03,01,,,,,T,NJ 138,EB,40,,56,,,N,,190
201913522019-00421,MONMOUTH,WALL TWP,02/12/2019,TU,1225,01,WALL TWP PD,WTPD,0,0,0,0,P,B,N,N,11,1,ROUTE 524,E,524,,00000524__,36.64,05,,03,04,02,04,01,06,05,01,50,FE,E,NJ 34,,,,45,55,50,,,N,COUNTY ROAD 524 EAST SIGN,190
201913522019-00422,MONMOUTH,WALL TWP,02/12/2019,TU,1240,01,WALL TWP PD,PATROL,0,0,0,0,P,B,N,N,02,2,NJ 34,S,34,,00000034__,1.00,02,,01,04,02,05,01,07,03,01,250,FE,N,PAYNTERS RD,,,,55,25,26,,,N,,201
201913522019-00423,MONMOUTH,WALL TWP,02/12/2019,TU,1249,01,WALL TWP PD,,0,1,0,0,I,B,N,N,11,1,RAMSHORN DR,S,,,13521254__,2.57,07,,03,04,02,04,01,07,05,01,100,FE,N,PALMER RD,,,,35,,60,,,N,,159
201913522019-00424,MONMOUTH,WALL TWP,02/12/2019,TU,1237,01,WALL TWP PD,,0,0,0,0,P,B,N,N,11,1,MONMOUTH COUNTY 18 I,E,18,1,130000181_,5.18,05,,01,04,02,05,01,06,05,01,100,FE,W,LOUISE CT,,,,35,25,,,,N,,169
201913522019-00425,MONMOUTH,WALL TWP,02/12/2019,TU,1324,01,WALL TWP PD,,0,0,0,0,P,B,N,N,03,2,ROUTE 547,E,547,,00000547__,20.29,05,,01,04,02,02,01,07,04,01,800,FE,W,NJ 33,,,,50,55,26,,,N,,181
201913522019-00433,MONMOUTH,WALL TWP,02/13/2019,WE,1509,01,WALL TWP PD,,0,0,0,0,P,I,N,N,01,2,NJ 35,S,35,,00000035__,17.17,02,,01,04,01,01,01,01,04,01,,AT,,ROUTE 524 SPUR / ATLANTIC AVE,,,,40,45,26,,,N,,#204
201913522019-00435,MONMOUTH,WALL TWP,02/13/2019,WE,1543,01,WALL TWP PD,,0,1,0,0,I,B,N,N,01,2,NEW BEDFORD RD,N,,,13521306__,1.21,07,,01,04,02,01,01,01,05,01,20,FE,S,CR 30 / 18TH AVE / E HURLEY POND RD,,,,35,35,26,,,N,,197
201913522019-00436,MONMOUTH,WALL TWP,02/13/2019,WE,1821,01,WALL TWP PD,,0,0,0,0,P,B,N,N,01,2,NJ 34,S,34,,00000034__,.96,02,,01,04,02,01,06,01,03,01,50,FE,N,PAYNTERS RD,,,,55,40,26,,,N,,182
201913522019-00461,MONMOUTH,WALL TWP,02/15/2019,FR,1321,01,WALL TWP PD,,0,0,0,0,P,B,N,N,01,2,NJ 35,S,35,,00000035__,17.66,02,,01,04,02,01,01,01,04,01,100,FE,S,TARPON DR,,,,40,25,26,,,N,,181
201913522019-00462,MONMOUTH,WALL TWP,02/15/2019,FR,1319,01,WALL TWP PD,,0,3,0,0,I,B,N,N,01,3,NJ 35,S,35,,00000035__,17.72,02,,01,04,02,01,01,01,04,01,200,FE,N,TARPON DR,,,,40,25,26,,,N,,
201913522019-00471,MONMOUTH,WALL TWP,02/16/2019,SA,0003,01,WALL TWP PD,PATROL,0,0,0,0,P,I,N,N,05,2,NJ 34,,34,,00000034__,7.26,02,,01,04,02,01,07,01,03,01,,AT,,WYCKOFF RD,,,,55,40,26,,,N,,209
201913522019-00473,MONMOUTH,WALL TWP,02/16/2019,SA,0949,01,WALL TWP PD,,0,1,0,0,I,B,N,N,01,2,NJ 33,E,33,,00000033__,36.02,02,,01,04,02,01,01,01,05,01,30,FE,W,ROUTE 547 / SHAFTO RD / WYCKOFF RD,,,,50,35,26,,,N,,169
201913522019-00475,MONMOUTH,WALL TWP,02/16/2019,SA,1427,01,WALL TWP PD,PATROL,0,0,0,0,P,I,N,N,01,2,NJ 138,,138,,00000138__,2.93,02,,01,04,02,01,01,01,01,01,,AT,,OLD MILL RD,,,,55,35,26,,,N,,184
201913522019-00481,MONMOUTH,WALL TWP,02/17/2019,SU,2133,01,WALL TWP PD,PATROL,0,0,0,0,P,B,N,N,12,1,ROUTE 524,,524,,00000524__,,05,,01,04,02,02,06,02,05,01,500,FE,W,OLD MILL RD,,,,35,25,24,,,N,,205
201913522019-00496,MONMOUTH,WALL TWP,02/19/2019,TU,0822,01,WALL TWP PD,,0,1,0,0,I,B,N,N,01,2,ROUTE 524,W,524,,00000524__,36.63,05,,03,04,02,01,01,01,05,01,10,FE,E,NJ 34,,,,45,55,26,,,N,,206
201913522019-00497,MONMOUTH,WALL TWP,02/19/2019,TU,1120,01,WALL TWP PD,,0,0,0,0,P,I,N,N,02,2,NJ 34,S,34,,00000034__,2.63,02,,02,04,02,01,01,01,03,01,,AT,,ROUTE 524 / ALLAIRE RD,,,,55,35,26,,,N,,197
201913522019-00501,MONMOUTH,WALL TWP,02/19/2019,TU,1407,01,WALL TWP PD,,0,0,0,0,P,B,N,N,01,2,NEW BEDFORD RD,S,,,13521306__,1.51,07,,01,04,02,01,01,01,05,01,30,FE,N,NJ 138,,,,35,55,26,,,N,,192
201913522019-00504,MONMOUTH,WALL TWP,02/19/2019,TU,1715,01,WALL TWP PD,PATROL,0,1,0,0,I,B,N,N,01,2,NJ 34,S,34,,00000034__,6.37,02,,01,04,02,01,03,01,03,01,25,FE,N,NJ 18 / BELMAR BLVD,,,,55,40,26,,,N,,209
201913522019-00505,MONMOUTH,WALL TWP,02/19/2019,TU,1802,01,WALL TWP PD,PATROL,0,0,0,0,P,I,N,N,01,2,NJ 34,S,34,,00000034__,7.26,02,,01,04,02,01,03,01,05,01,,AT,,WYCKOFF RD,,,,,35,26,,,N,,209
201913522019-00513,MONMOUTH,WALL TWP,02/20/2019,WE,1156,01,WALL TWP PD,,0,0,0,0,P,B,N,N,11,1,NJ 34,N,34,,00000034__,3.52,02,,03,05,02,03,01,08,01,01,,,,,F,GARDEN STATE PKWY,SB,55,,,,,N,LIGHT STANDARD ON HWY 34,181
201913522019-00514,MONMOUTH,WALL TWP,02/20/2019,WE,1210,01,WALL TWP PD,PATROL,0,0,0,0,P,I,N,N,11,1,RAMSHORN DR,S,,,13521254__,1.50,07,,01,04,02,03,01,03,04,01,,AT,,MYRTLE AVE,,,,35,25,26,,,N,,207
201913522019-00515,MONMOUTH,WALL TWP,02/20/2019,WE,1217,01,WALL TWP PD,,0,0,0,0,P,B,N,N,11,1,ALLENWOOD RD,,,,13521019__,1.61,07,,02,06,02,03,01,03,05,01,2640,FE,,PATRICIA LN,,,,40,,,,,N,,160
201913522019-00516,MONMOUTH,WALL TWP,02/20/2019,WE,1234,01,WALL TWP PD,WTPD,0,0,0,0,P,B,N,N,03,2,LAKEWOOD RD **,W,,,13521239__,.47,07,,01,05,02,03,01,03,05,01,150,FE,W,NJ 34,,,,25,55,26,,,N,,190
201913522019-00517,MONMOUTH,WALL TWP,02/20/2019,WE,1238,01,WALL TWP PD,,0,0,0,0,P,B,N,N,11,1,GULLY RD,S,,,13521414__,.30,07,,01,04,02,03,01,03,05,01,10,FE,S,BRIGHTON AVE / WATERVIEW AVE,,,,35,35,56,,,N,,159
201913522019-00518,MONMOUTH,WALL TWP,02/20/2019,WE,1329,01,WALL TWP PD,,0,0,0,0,P,B,N,N,11,1,NJ 138,W,138,,00000138__,.61,02,,01,04,02,03,01,08,01,01,528,FE,W,ALLENWOOD RD,,,,55,35,,,,N,,181
201913522019-00519,MONMOUTH,WALL TWP,02/20/2019,WE,1800,01,WALL TWP PD,PATROL,0,0,0,0,P,B,N,N,01,2,OLD MILL RD,S,,,13521307__,1.27,07,,01,04,02,02,05,02,05,01,100,FE,S,BUTTERNUT RD,,,,30,25,26,,,N,,205
201913522019-00522,MONMOUTH,WALL TWP,02/21/2019,TH,0654,01,WALL TWP PD,WTPD,0,0,0,0,P,B,N,N,01,2,NJ 34,N,34,,00000034__,6.37,02,,01,04,02,02,01,02,03,01,20,FE,S,NJ 18 / BELMAR BLVD,,,,55,40,26,,,N,,190
201913522019-00527,MONMOUTH,WALL TWP,02/21/2019,TH,1514,01,WALL TWP PD,WTPD,0,1,0,0,I,B,N,N,03,2,MONMOUTH COUNTY 20,W,20,,13000020__,.74,05,,02,04,02,01,01,01,05,01,,,,,F,NJ 35,SB,40,,26,,,N,,190
201913522019-00531,MONMOUTH,WALL TWP,02/21/2019,TH,1710,01,WALL TWP PD,,0,1,0,0,I,B,N,N,01,2,NJ 138,W,138,,00000138__,.75,02,,01,04,02,01,03,01,03,01,200,FE,E,ALLENWOOD RD,,,,55,40,26,,,N,,159
201913522019-00534,MONMOUTH,WALL TWP,02/22/2019,FR,0103,01,WALL TWP PD,,0,1,0,0,I,I,N,N,11,1,NJ 34,S,34,,00000034__,2.63,02,,03,04,02,01,06,01,03,01,,AT,,ROUTE 524 / ALLAIRE RD,,,,55,40,51,,,N,DOT TRAFFIC SIGNAL,202
201913522019-00537,MONMOUTH,WALL TWP,02/22/2019,FR,0850,01,WALL TWP PD,PATROL,0,0,0,0,P,B,N,N,01,2,NJ 35,S,35,,00000035__,20.00,02,,01,04,02,01,01,01,04,01,20,FE,S,MARIETTA AVE,,,,40,25,26,,,N,,200
201913522019-00541,MONMOUTH,WALL TWP,02/22/2019,FR,1530,01,WALL TWP PD,,0,0,0,0,P,B,N,N,02,2,NJ 34,S,34,,00000034__,3.25,02,,01,04,02,01,01,01,03,01,500,FE,N,ALLENWOOD GLENDOLA RD,,,,55,35,26,,,N,,197
201913522019-00542,MONMOUTH,WALL TWP,02/22/2019,FR,1905,01,WALL TWP PD,,0,0,0,0,P,B,N,N,01,2,NJ 35,N,35,,00000035__,19.83,02,,01,04,02,01,06,01,05,01,75,FE,S,CR 30 II / EIGHTEENTH AVE,,,,40,25,26,,,N,,182
201913522019-00551,MONMOUTH,WALL TWP,02/24/2019,SU,1916,01,WALL TWP PD,PATROL,0,0,0,0,P,B,Y,N,11,1,MONMOUTH COUNTY 18 I,W,18,1,130000181_,2.76,05,,02,04,02,02,06,02,05,01,150,FE,W,CR 18 / MEGILL RD / SUE ST,,,,40,30,,,,N,2 TREES ON PROPERTY OF 4605 BELMAR BLVD.,180
201913522019-00552,MONMOUTH,WALL TWP,02/23/2019,SA,2235,01,WALL TWP PD,,0,0,0,0,P,B,N,N,11,1,NJ 34,N,34,,00000034__,4.14,02,,03,05,02,02,06,02,03,01,,,,,T,I 195,WB,55,,56,,,N,,206
201913522019-00558,MONMOUTH,WALL TWP,02/24/2019,SU,2057,01,WALL TWP PD,,0,0,0,0,P,B,N,N,15,1,NJ 35,S,35,,00000035__,19.83,02,,01,04,02,01,06,10,05,01,75,FE,S,CR 30 II / EIGHTEENTH AVE,,,,40,25,39,,,N,,182
201913522019-00565,MONMOUTH,WALL TWP,02/25/2019,MO,1710,01,WALL TWP PD,,0,0,0,0,P,I,N,N,01,2,NJ 34,S,34,,00000034__,1.97,02,,03,04,02,01,01,01,03,01,,AT,,,T,ROUTE 524 SPUR,,55,,26,,,N,,169
201913522019-00573,MONMOUTH,WALL TWP,02/26/2019,TU,1855,01,WALL TWP PD,PATROL,0,2,0,0,I,I,N,N,03,2,NJ 33,,33,,00000033__,35.85,02,,03,04,02,01,07,01,02,01,,AT,,NJ 34,,,,25,50,26,,,N,,196
201913522019-00579,MONMOUTH,WALL TWP,02/27/2019,WE,0817,01,WALL TWP PD,,0,0,0,0,P,I,N,N,01,2,BAILEYS CORNER RD **,N,,,13521195__,.00,07,,01,05,02,01,01,01,05,01,,AT,,CR 30 / 18TH AVE,,,,40,50,26,,,N,,#150
201913522019-00584,MONMOUTH,WALL TWP,02/27/2019,WE,1347,01,WALL TWP PD,PATROL,0,0,0,0,P,B,N,N,01,2,NJ 35,N,35,,00000035__,19.83,02,,01,04,02,01,01,01,04,01,50,FE,S,CR 30 II / EIGHTEENTH AVE,,,,40,25,26,,,N,,164
201913522019-00587,MONMOUTH,WALL TWP,02/27/2019,WE,1443,01,WALL TWP PD,,0,0,0,0,P,I,N,N,01,2,NJ 35,S,35,,00000035__,18.78,02,,01,04,02,01,01,01,04,01,,AT,,ROUTE 524 / ALLAIIRE RD,,,,40,40,26,,,N,,150
201913522019-00590,MONMOUTH,WALL TWP,02/28/2019,TH,1806,01,WALL TWP PD,PATROL,0,1,0,0,I,I,N,N,01,2,ROUTE 524,W,524,,00000524__,36.63,05,,03,04,02,01,06,01,04,01,,AT,,NJ 34,,,,45,55,26,,,N,,200
201913522019-00591,MONMOUTH,WALL TWP,02/27/2019,WE,1851,01,WALL TWP PD,PATROL,0,0,0,0,P,B,N,N,15,1,ROUTE 524 SPUR,W,524,S,00000524S_,,05,,01,04,02,01,05,05,04,01,100,FE,E,I 195,,,,50,65,39,,,N,,203
201913522019-00592,MONMOUTH,WALL TWP,02/27/2019,WE,2010,01,WALL TWP PD,,0,0,0,0,P,I,N,N,07,2,NJ 35,N,35,,00000035__,18.78,02,,01,04,02,01,05,01,05,01,,AT,,ROUTE 524 / ALLAIIRE RD,,,,40,35,26,,,N,,192
201913522019-00598,MONMOUTH,WALL TWP,02/28/2019,TH,0905,01,WALL TWP PD,PATROL,0,1,0,0,I,B,N,N,02,2,NJ 34,N,34,,00000034__,4.77,02,,01,04,02,01,01,01,03,01,20,FE,S,WEST HURLEY POND RD,,,,55,35,26,,,N,,200
201913522019-00599,MONMOUTH,WALL TWP,02/28/2019,TH,0924,01,WALL TWP PD,,0,0,0,0,P,I,N,N,01,2,NJ 35,S,35,,00000035__,17.17,02,,03,04,02,01,01,01,03,01,,AT,,ROUTE 524 SPUR / ATLANTIC AVE,,,,40,35,26,,,N,,197
201913522019-00607,MONMOUTH,WALL TWP,02/28/2019,TH,1602,01,WALL TWP PD,,0,0,0,0,P,I,N,N,03,2,NJ 33,N,33,,00000033__,35.85,02,,02,04,02,01,01,01,03,01,,AT,,NJ 34,,,,55,55,26,,,N,,197
201913522019-00611,MONMOUTH,WALL TWP,02/28/2019,TH,2051,01,WALL TWP PD,PATROL,0,0,0,0,P,I,N,N,01,2,NJ 33,E,33,,00000033__,35.85,02,,02,04,02,01,06,01,02,01,,AT,,NJ 34,,,,55,,26,,,N,,199
201913522019-00614,MONMOUTH,WALL TWP,03/01/2019,FR,0528,01,WALL TWP PD,PATROL,0,1,0,0,I,B,N,N,15,1,ROUTE 549,W,549,,00000549__,15.22,05,,01,04,02,03,05,03,04,01,50,FE,W,ALLENWOOD LAKEWOOD RD,,,,45,35,39,,,N,,203
201913522019-00615,MONMOUTH,WALL TWP,03/01/2019,FR,0840,01,WALL TWP PD,PATROL,0,0,0,0,P,I,N,N,11,1,NJ 35,S,35,,00000035__,17.49,02,,01,04,02,02,01,03,04,01,,AT,,LAUREL AVE,,,,40,25,26,,,N,LIGHT POLE AT SEA GIRT CROSSROADS DAMAGED,207
201913522019-00618,MONMOUTH,WALL TWP,03/01/2019,FR,1457,01,WALL TWP PD,PATROL,0,0,0,0,P,I,N,N,03,2,ROUTE 524,W,524,,00000524__,38.71,05,,01,04,02,02,01,01,05,01,,AT,,NJ 47 / WARREN AVE,,,,35,25,26,,,N,,209
201913522019-00620,MONMOUTH,WALL TWP,03/02/2019,SA,0147,01,WALL TWP PD,,0,0,0,0,P,B,Y,N,11,1,NJ 34,N,34,,00000034__,1.72,02,,01,06,02,02,05,02,03,01,1320,FE,S,ROUTE 524S / ATLANTIC AVE,,,,55,40,56,,,N,GUARD RAIL,202
201913522019-00623,MONMOUTH,WALL TWP,03/01/2019,FR,2000,01,WALL TWP PD,PATROL,0,0,0,0,P,B,N,N,06,2,FAIRVIEW DR **,N,,,13521248__,.14,07,,01,04,02,02,04,02,05,01,20,FE,S,CHURCH ST,,,,25,25,26,,,N,,201
201913522019-00633,MONMOUTH,WALL TWP,03/03/2019,SU,1110,01,WALL TWP PD,,0,1,0,0,I,B,N,N,01,2,NJ 35,N,35,,00000035__,18.48,02,,01,04,02,01,01,01,04,01,30,FE,S,NEW BEDFORD RD,,,,40,35,26,,,N,,159
201913522019-00635,MONMOUTH,WALL TWP,03/03/2019,SU,1500,01,WALL TWP PD,,0,0,0,0,P,B,N,N,12,1,NJ 35,N,35,,00000035__,17.66,02,,01,04,02,01,01,01,04,01,1320,FE,N,SEA GIRT AVE,,,,40,35,24,,,N,,192
201913522019-00639,MONMOUTH,WALL TWP,03/03/2019,SU,2115,01,WALL TWP PD,WALL PD,0,0,0,0,P,B,N,N,11,1,MONMOUTH COUNTY 18 I,E,18,1,130000181_,,05,,01,05,02,03,06,03,05,01,200,FE,W,NJ 35,,,,35,40,,,,N,POLE - OC426NL,185
201913522019-00640,MONMOUTH,WALL TWP,03/03/2019,SU,2119,01,WALL TWP PD,PATROL,0,1,0,1,I,B,N,N,13,1,NJ 35,N,35,,00000035__,19.40,02,,01,04,02,05,05,06,05,01,500,FE,N,OLD MILL RD,,,,40,25,22,,,N,,205
201913522019-00641,MONMOUTH,WALL TWP,03/03/2019,SU,2128,01,WALL TWP PD,,0,0,0,0,P,B,N,N,11,1,NJ 138,W,138,,00000138__,1.83,02,,03,05,02,05,06,03,03,01,,,,,F,NJ 18,SB,55,,56,,,N,GUARD RAIL,202
201913522019-00644,MONMOUTH,WALL TWP,03/04/2019,MO,0724,01,WALL TWP PD,PATROL,0,0,0,0,P,I,N,N,01,2,NJ 33,W,33,,00000033__,35.85,02,,03,04,02,02,01,05,05,01,,AT,,NJ 34,,,,50,50,26,,,N,,164
201913522019-00646,MONMOUTH,WALL TWP,03/04/2019,MO,1026,01,WALL TWP PD,PATROL,0,0,0,0,P,I,N,N,11,1,ROUTE 524,,524,,00000524__,38.84,05,,01,04,02,02,01,01,04,01,,AT,,NJ 35,,,,45,40,52,,,N,POLE #: JC1692WL,200
201913522019-00649,MONMOUTH,WALL TWP,03/04/2019,MO,1525,01,WALL TWP PD,,0,0,0,0,P,I,N,N,01,2,NJ 35,,35,,00000035__,17.17,02,,03,04,02,01,01,01,02,01,,AT,,ROUTE 524 SPUR / ATLANTIC AVE,,,,40,,,,,N,,137
201913522019-00658,MONMOUTH,WALL TWP,03/05/2019,TU,1331,01,WALL TWP PD,,0,0,0,0,P,I,N,N,08,2,2004 STATE HWY 35,N,,,,,09,,01,04,02,01,01,01,05,01,,AT,,WARREN AVENUE,,,,40,35,26,,,N,,197
201913522019-00662,MONMOUTH,WALL TWP,03/05/2019,TU,1608,01,WALL TWP PD,,0,1,0,0,I,B,N,N,02,2,NJ 34,S,34,,00000034__,1.04,02,,01,06,02,01,01,01,03,01,500,FE,N,PAYNTERS RD,,,,55,25,26,,,N,,197
201913522019-00663,MONMOUTH,WALL TWP,03/05/2019,TU,1648,01,WALL TWP PD,PATROL,0,0,0,0,P,B,N,N,01,2,NJ 18,S,18,,00000018__,7.01,02,,01,04,02,01,01,01,03,01,1000,FE,N,BRIGHTON AVE,,,,65,35,26,,,N,,153
201913522019-00669,MONMOUTH,WALL TWP,03/06/2019,WE,0746,01,WALL TWP PD,PATROL,0,0,0,0,P,B,N,N,01,2,NJ 138,W,138,,00000138__,.71,02,,01,04,02,01,01,01,01,01,25,FE,E,ALLENWOOD RD,,,,55,35,26,,,N,,209
201913522019-00670,MONMOUTH,WALL TWP,03/06/2019,WE,0754,01,WALL TWP PD,PATROL,0,0,0,0,P,B,N,N,01,2,ROUTE 524,W,524,,00000524__,36.63,05,,01,04,02,01,01,01,03,01,25,FE,E,NJ 34,,,,45,55,21,,,N,,205
201913522019-00672,MONMOUTH,WALL TWP,03/06/2019,WE,0910,01,WALL TWP PD,PATROL,0,0,0,0,P,B,N,N,02,2,NJ 34,N,34,,00000034__,3.14,02,,01,04,02,01,01,01,03,01,100,FE,S,ALLENWOOD GLENDOLA RD,,,,55,35,26,,,N,,201
201913522019-00675,MONMOUTH,WALL TWP,03/06/2019,WE,1710,01,WALL TWP PD,PATROL,0,0,0,0,P,B,N,N,04,2,RIVERVIEW TER **,S,,,13061030__,.21,07,,01,04,02,01,01,01,05,01,10,FE,N,HILLTOP DR,,,,25,25,26,,,N,,201
201913522019-00691,MONMOUTH,WALL TWP,03/07/2019,TH,1847,01,WALL TWP PD,PATROL,0,1,0,0,I,B,N,N,04,2,NJ 70,,70,,00000070__,59.34,02,,01,04,02,01,06,01,01,01,2640,FE,W,NJ 34 / NJ 35,,,,50,55,26,,,N,,205
201913522019-00693,MONMOUTH,WALL TWP,03/08/2019,FR,0615,01,WALL TWP PD,PATROL,0,0,0,0,P,I,N,N,04,2,NJ 35,S,35,,00000035__,19.31,02,,01,04,02,01,02,01,05,01,,AT,,OLD MILL RD,,,,40,35,26,,,N,,164
201913522019-00694,MONMOUTH,WALL TWP,03/08/2019,FR,0738,01,WALL TWP PD,PATROL,0,0,0,0,P,B,N,N,11,1,2135 HWY 35,,,,,,09,,01,04,02,01,01,01,05,01,5,FE,W,HWY 35,,,,,40,,,,N,"STREET SIGN """"NO STOP ON STANDING""""",153