Year(4)-CountyCode(2)-MunicipalityCode(2)-CaseNumber(9),County Name,Municipality Name,Crash Date,Crash Day of Week,Crash Time,Police Department Code,Police Department,Police Station,Total Killed,Total Injured,Pedestrians Killed,Pedestrians Injured,Severity,Intersection,Alcohol Involved,Hazmat Involved,Crash Type,Total Vehicles,Location,Location Direction,Route,Route Suffix,Std Rte Identifier,MilePost,Road System,Road Character,Road Horizontal Alignment,Road Grade,Road Surface Type,Surface Condition,Light Condition,Environmental Condition,Road Divided By,Temporary Traffic Control Zone,Distance To Cross Street,Unit Of Measurement,Direction From Cross Street,Cross Street Name,Is Ramp,Ramp To/From Route Name,Ramp To/From Route Direction,Posted Speed,Posted Speed Cross Street,First Harmful Event,Latitude,Longitude,Cell Phone In Use Flag,Other Property Damage,Reporting Badge No.
201913522019-01461,MONMOUTH,WALL TWP,05/15/2019,WE,1742,01,WALL TWP PD,,0,0,0,0,P,I,N,N,03,2,NJ 35,S,35,,00000035__,20.00,02,,01,04,02,01,01,01,04,01,,AT,,MARIETTA AVE,,,,40,25,26,,,N,,202
201913522019-01463,MONMOUTH,WALL TWP,05/16/2019,TH,0720,01,WALL TWP PD,,0,0,0,0,P,B,Y,N,01,2,NJ 34,N,34,,00000034__,4.71,02,,01,05,02,02,01,01,03,01,300,FE,S,WEST HURLEY POND RD,,,,55,35,26,,,N,,202
201913522019-01470,MONMOUTH,WALL TWP,05/16/2019,TH,1456,01,WALL TWP PD,,0,0,0,0,P,I,N,N,01,2,MONMOUTH COUNTY 18 I,E,18,1,130000181_,5.47,05,,01,04,02,01,01,01,05,01,,AT,,MADISON AVE,,,,40,25,26,,,N,,165
201913522019-01475,MONMOUTH,WALL TWP,05/16/2019,TH,1751,01,WALL TWP PD,PATROL,0,0,0,0,P,B,N,N,01,2,NJ 34,N,34,,00000034__,3.14,02,,01,04,02,01,01,01,03,01,100,FE,S,ALLENWOOD GLENDOLA RD,,,,55,35,26,,,N,,207
201913522019-01476,MONMOUTH,WALL TWP,05/16/2019,TH,1747,01,WALL TWP PD,,0,2,0,0,I,B,N,N,01,3,NJ 34,N,34,,00000034__,3.14,02,,01,05,02,01,01,01,03,01,100,FE,S,ALLENWOOD GLENDOLA RD,,,,55,35,26,,,N,,
201913522019-01483,MONMOUTH,WALL TWP,05/17/2019,FR,1036,01,WALL TWP PD,PATROL,0,0,0,0,P,I,N,N,03,2,NJ 34,N,34,,00000034__,7.72,02,,03,04,02,01,01,01,03,01,,AT,,NJ 33,,,,55,50,,,,N,,180
201913522019-01486,MONMOUTH,WALL TWP,05/17/2019,FR,1049,01,WALL TWP PD,PATROL,0,1,0,0,I,B,N,N,01,2,NJ 35,N,35,,00000035__,18.29,02,,01,04,02,01,01,01,04,01,800,FE,N,OCEAN RD,,,,40,25,26,,,N,,210
201913522019-01488,MONMOUTH,WALL TWP,05/17/2019,FR,1148,01,WALL TWP PD,PATROL,0,1,0,0,I,B,N,N,14,1,WEST SIDE DR **,N,,,13521274__,.25,07,,01,04,02,01,01,01,04,01,50,FE,S,ROUTE 524 / ALLENWOOD-LAKEWOOD RD,,,,30,35,26,,,N,,210
201913522019-01494,MONMOUTH,WALL TWP,05/17/2019,FR,2105,01,WALL TWP PD,PATROL,0,1,0,0,I,B,N,N,01,2,NJ 35,N,35,,00000035__,16.00,02,,01,04,02,01,06,01,04,01,25,FE,S,NJ 34 / NJ 70,,,,50,55,26,,,N,,209
201913522019-01499,MONMOUTH,WALL TWP,05/18/2019,SA,1419,01,WALL TWP PD,PATROL,0,1,0,0,I,B,N,N,01,3,NJ 138,E,138,,00000138__,.73,02,,01,04,02,01,01,01,01,01,100,FE,E,ALLENWOOD RD,,,,55,40,26,,,N,,
201913522019-01502,MONMOUTH,WALL TWP,05/19/2019,SU,0137,01,WALL TWP PD,PATROL,0,0,0,0,P,B,Y,N,11,1,NEW BEDFORD RD,N,,,13521306__,.24,07,,01,04,02,01,06,01,05,01,75,FE,N,ROUTE 524 / ALLAIRE RD,,,,35,35,52,,,N,TELEPHONE POLE #BT55111 REPLACED,187
201913522019-01506,MONMOUTH,WALL TWP,05/19/2019,SU,1146,01,WALL TWP PD,,0,1,0,0,I,B,N,N,01,2,ROUTE 524,W,524,,00000524__,36.63,05,,01,04,02,01,01,01,05,01,10,FE,E,NJ 34,,,,45,55,26,,,N,,182
201913522019-01516,MONMOUTH,WALL TWP,05/20/2019,MO,1629,01,WALL TWP PD,,0,0,0,0,P,B,N,N,01,2,NJ 34,S,34,,00000034__,.29,02,,01,04,02,01,01,01,03,01,200,FE,S,LAKEWOOD RD,,,,55,25,26,,,N,,169
201913522019-01518,MONMOUTH,WALL TWP,05/20/2019,MO,1728,01,WALL TWP PD,,0,2,0,0,I,B,N,N,01,2,NJ 34,S,34,,00000034__,4.18,02,,01,04,02,01,01,01,01,01,200,FE,N,I-195 / NJ 138,,,,55,55,26,,,N,,181
201913522019-01526,MONMOUTH,WALL TWP,05/21/2019,TU,1115,01,WALL TWP PD,,0,0,0,0,P,I,N,N,06,2,1300 SH 34,,,,,,09,,01,04,02,01,01,01,05,01,,AT,,NJ 33,,,,,50,26,,,N,,169
201913522019-01529,MONMOUTH,WALL TWP,05/21/2019,TU,1439,01,WALL TWP PD,,0,0,0,0,P,B,N,N,01,2,NJ 138,E,138,,00000138__,.70,02,,01,04,02,01,01,01,03,01,50,FE,W,ALLENWOOD RD,,,,55,35,26,,,N,,169
201913522019-01530,MONMOUTH,WALL TWP,05/21/2019,TU,1501,01,WALL TWP PD,PATROL,0,0,0,0,P,I,N,N,01,2,NJ 34,W,34,,00000034__,2.63,02,,01,04,02,01,01,01,02,01,,AT,W,ROUTE 524 / ALLAIRE RD,,,,55,45,26,,,N,,210
201913522019-01531,MONMOUTH,WALL TWP,05/21/2019,TU,1609,01,WALL TWP PD,,0,0,0,0,P,B,N,N,02,2,NJ 33,E,33,,00000033__,35.78,02,,02,04,02,01,01,01,01,01,100,FE,E,ROUTE 547 / ASBURY RD,,,,50,50,26,,,N,,181
201913522019-01537,MONMOUTH,WALL TWP,05/22/2019,WE,0904,01,WALL TWP PD,,0,1,0,0,I,I,N,N,01,2,ROUTE 524 SPUR,W,524,S,00000524S_,2.43,05,,03,04,02,01,01,01,05,01,,AT,,NJ 35,,,,35,40,26,,,N,,197
201913522019-01541,MONMOUTH,WALL TWP,05/22/2019,WE,1204,01,WALL TWP PD,PATROL,0,0,0,0,P,B,N,N,01,2,ROUTE 547,E,547,,00000547__,20.44,05,,03,04,02,01,01,01,05,01,,,,,T,NJ 33,SB,35,,26,,,N,,164
201913522019-01544,MONMOUTH,WALL TWP,05/22/2019,WE,1401,01,WALL TWP PD,PATROL,0,1,0,0,I,B,N,N,11,1,MONMOUTH COUNTY 21,S,21,,13000021__,6.71,05,,02,04,02,01,01,01,04,01,200,FE,S,METEDECONK RD,,,,35,25,58,,,N,,210
201913522019-01547,MONMOUTH,WALL TWP,05/22/2019,WE,1721,01,WALL TWP PD,PATROL,0,0,0,0,P,B,N,N,01,2,NJ 35,N,35,,00000035__,17.50,02,,01,04,02,01,01,01,05,01,50,FE,N,LAUREL AVE,,,,40,,26,,,N,,153
201913522019-01548,MONMOUTH,WALL TWP,05/22/2019,WE,1716,01,WALL TWP PD,PATROL,0,1,0,0,I,B,N,N,01,2,NJ 18,S,18,,00000018__,6.23,02,,01,04,02,01,01,01,03,01,300,FE,N,,T,NJ 18,WB,55,,26,,,N,,209
201913522019-01556,MONMOUTH,WALL TWP,05/23/2019,TH,1030,01,WALL TWP PD,PATROL,0,0,0,0,P,B,N,N,03,2,MONMOUTH COUNTY 18 I,W,18,1,130000181_,2.37,05,,01,04,02,02,01,02,05,01,500,FE,W,NJ 34,,,,40,55,26,,,N,,164
201913522019-01557,MONMOUTH,WALL TWP,05/23/2019,TH,1107,01,WALL TWP PD,,0,0,0,0,P,B,N,N,01,2,ROUTE 524 SPUR,,524,S,00000524S_,2.43,05,,01,00,02,02,01,02,02,01,10,FE,W,NJ 35,,,,45,,,,,N,,137
201913522019-01559,MONMOUTH,WALL TWP,05/23/2019,TH,1238,01,WALL TWP PD,PATROL,0,0,0,0,P,B,N,N,11,1,NJ 34,S,34,,00000034__,2.12,02,,01,04,02,01,01,01,03,01,800,FE,N,ROUTE 524S / ATLANTIC AVE,,,,55,45,58,,,N,ONE-WAY SIGN ON STATE HWY 34 ?B,210
201913522019-01562,MONMOUTH,WALL TWP,05/23/2019,TH,1725,01,WALL TWP PD,,0,0,0,0,P,B,N,N,01,2,NJ 34,S,34,,00000034__,.72,02,,01,05,02,02,01,05,03,01,75,FE,N,HOLLY BLVD,,,,55,,,,,N,,137
201913522019-01565,MONMOUTH,WALL TWP,05/23/2019,TH,2351,01,WALL TWP PD,PATROL,0,0,0,0,P,B,N,N,11,1,ROUTE 524,W,524,,00000524__,37.22,05,,01,04,02,01,05,01,04,01,300,FE,E,CAMPBELL RD,,,,45,35,60,,,N,,209
201913522019-01569,MONMOUTH,WALL TWP,05/24/2019,FR,1219,01,WALL TWP PD,PATROL,0,0,0,0,P,B,N,N,01,2,NJ 35,S,35,,00000035__,19.89,02,,01,04,02,01,01,01,04,01,250,FE,N,CR 30 II / EIGHTEENTH AVE,,,,40,35,26,,,N,,194
201913522019-01573,MONMOUTH,WALL TWP,05/24/2019,FR,1520,01,WALL TWP PD,PATROL,0,1,0,0,I,B,N,N,01,3,NJ 34,S,34,,00000034__,.35,02,,01,04,02,01,01,01,03,01,100,FE,N,LAKEWOOD RD,,,,55,25,26,,,N,,
201913522019-01575,MONMOUTH,WALL TWP,05/24/2019,FR,1600,01,WALL TWP PD,PATROL,0,0,0,0,P,B,N,N,01,2,NJ 34,S,34,,00000034__,2.06,02,,01,04,02,01,01,01,03,01,500,FE,N,ROUTE 524S / ATLANTIC AVE,,,,55,35,26,,,N,,201
201913522019-01576,MONMOUTH,WALL TWP,05/24/2019,FR,1630,01,WALL TWP PD,,0,0,0,0,P,I,N,N,03,2,MONMOUTH COUNTY 21,S,21,,13000021__,7.87,05,,03,04,02,01,01,01,04,01,,AT,,WEST SIDE DR,,,,35,35,26,,,N,,159
201913522019-01578,MONMOUTH,WALL TWP,05/24/2019,FR,2357,01,WALL TWP PD,01,0,0,0,0,P,I,N,N,11,1,MONMOUTH COUNTY 21,W,21,,13000021__,7.87,05,,02,05,02,01,07,01,05,01,,AT,,WEST SIDE DR,,,,35,30,46,,,N,MONMOUTH COUNTY DOT GUARDRAIL / SIGN,165
201913522019-01579,MONMOUTH,WALL TWP,05/25/2019,SA,0232,01,WALL TWP PD,PATROL,0,0,0,0,P,I,Y,N,02,2,NJ 34,N,34,,00000034__,7.72,02,,02,04,02,01,05,01,03,01,,AT,,NJ 33,,,,55,55,26,,,N,,188
201913522019-01580,MONMOUTH,WALL TWP,05/25/2019,SA,0850,01,WALL TWP PD,PATROL,0,0,0,0,P,B,N,N,08,2,17TH AVE **,W,,,13471033__,.69,07,,01,04,02,01,01,01,05,01,200,FE,W,GEORGE ST,,,,25,25,26,,,N,,201
201913522019-01581,MONMOUTH,WALL TWP,05/25/2019,SA,1058,01,WALL TWP PD,PATROL,0,0,0,0,P,I,N,N,03,2,ROUTE 524,E,524,,00000524__,38.92,05,,01,04,02,01,01,01,05,01,,AT,,NASSAU DR,,,,35,25,26,,,N,,198
201913522019-01582,MONMOUTH,WALL TWP,05/25/2019,SA,1409,01,WALL TWP PD,,0,0,0,0,P,B,N,N,03,2,MONMOUTH COUNTY 47,E,47,,13000047__,.01,05,,02,04,02,01,01,01,05,01,70,FE,E,ROUTE 524 / ALLAIRE RD,,,,25,35,26,,,N,,169
201913522019-01592,MONMOUTH,WALL TWP,05/26/2019,SU,1514,01,WALL TWP PD,PATROL,0,0,0,0,P,B,N,N,01,2,NJ 34,S,34,,00000034__,3.21,02,,01,04,02,01,01,01,03,01,250,FE,N,ALLENWOOD GLENDOLA RD,,,,55,35,26,,,N,,194
201913522019-01594,MONMOUTH,WALL TWP,05/26/2019,SU,1752,01,WALL TWP PD,,0,0,0,0,P,B,N,N,01,2,NJ 70,E,70,,00000070__,59.83,02,,01,04,02,01,01,01,01,01,30,FE,W,NJ 34 / NJ 35,,,,50,50,26,,,N,,159
201913522019-01595,MONMOUTH,WALL TWP,05/26/2019,SU,2149,01,WALL TWP PD,PATROL,0,0,0,0,P,B,N,N,01,2,NJ 35,N,35,,00000035__,15.91,02,,01,04,02,01,05,01,01,01,500,FE,S,NJ 34 / NJ 70,,,,50,55,26,,,N,,196
201913522019-01598,MONMOUTH,WALL TWP,05/27/2019,MO,0856,01,WALL TWP PD,,0,0,0,0,P,B,N,N,03,2,MONMOUTH COUNTY 47,W,47,,13000047__,.12,05,,01,04,02,01,01,01,04,01,50,FE,E,NJ 35,,,,35,40,26,,,N,,204
201913522019-01602,MONMOUTH,WALL TWP,05/27/2019,MO,1633,01,WALL TWP PD,,0,0,0,0,P,B,N,N,01,2,NJ 34,N,34,,00000034__,1.97,02,,03,04,02,01,01,01,02,01,,,,,F,ROUTE 524 SPUR,EB,55,,,,,N,,137
201913522019-01603,MONMOUTH,WALL TWP,05/27/2019,MO,1724,01,WALL TWP PD,,0,0,0,0,P,B,N,N,01,2,NJ 33,W,33,,00000033__,36.04,02,,01,06,02,01,01,01,05,01,40,FE,E,ROUTE 547 / SHAFTO RD / WYCKOFF RD,,,,55,35,26,,,N,,197
201913522019-01607,MONMOUTH,WALL TWP,05/29/2019,WE,2215,01,WALL TWP PD,PATROL,0,0,0,0,P,B,N,N,02,2,NJ 35,S,35,,00000035__,,02,,01,04,02,01,06,01,01,01,50,FE,S,SIXTEENTH AVENUE,,,,40,25,26,,,N,,203
201913522019-01612,MONMOUTH,WALL TWP,05/28/2019,TU,1241,01,WALL TWP PD,PATROL,0,0,0,0,P,I,N,N,08,2,2445 STATE HIGHWAY 34,S,,,,,04,,01,04,02,01,01,01,05,01,,AT,,LAKEWOOD RD,,,,55,35,26,,,N,,209
201913522019-01615,MONMOUTH,WALL TWP,05/28/2019,TU,1455,01,WALL TWP PD,,0,0,0,0,P,B,N,N,11,1,NJ 34,S,34,,00000034__,4.16,02,,01,06,02,01,01,05,03,01,100,FE,N,I-195 / NJ 138,,,,55,,,,,N,FIRE HYDRANT,137
201913522019-01617,MONMOUTH,WALL TWP,05/28/2019,TU,1624,01,WALL TWP PD,,0,0,0,0,P,I,N,N,02,2,NJ 33,W,33,,00000033__,35.85,02,,02,04,02,01,01,01,04,01,,AT,,NJ 34,,,,55,55,26,,,N,,204
201913522019-01626,MONMOUTH,WALL TWP,05/29/2019,WE,1430,01,WALL TWP PD,PATROL,0,0,0,0,P,B,N,N,01,2,NEW BEDFORD RD,S,,,13521306__,1.25,07,,01,04,02,01,01,01,04,01,200,FE,N,CR 30 / 18TH AVE / E HURLEY POND RD,,,,35,35,26,,,N,,201
201913522019-01628,MONMOUTH,WALL TWP,05/29/2019,WE,1710,01,WALL TWP PD,,0,0,0,0,P,B,N,N,12,1,ROUTE 524 SPUR,W,524,S,00000524S_,1.43,05,,01,04,02,01,01,05,04,01,5280,FE,W,NJ 35,,,,45,40,24,,,N,,181
201913522019-01631,MONMOUTH,WALL TWP,05/30/2019,TH,0803,01,WALL TWP PD,PATROL,0,0,0,0,P,B,N,N,01,2,NJ 34,S,34,,00000034__,2.72,02,,01,04,02,01,01,05,03,01,500,FE,N,ROUTE 524 / ALLAIRE RD,,,,55,45,26,,,N,,207
201913522019-01637,MONMOUTH,WALL TWP,05/30/2019,TH,1405,01,WALL TWP PD,PATROL,0,0,0,0,P,I,N,N,01,2,BAILEYS CORNER RD **,,,,13521195__,2.50,07,,01,04,02,01,01,01,04,01,,AT,,ROUTE 524 / ATLANTIC AVE,,,,35,45,26,,,N,,194
201913522019-01638,MONMOUTH,WALL TWP,05/30/2019,TH,1416,01,WALL TWP PD,,0,0,0,0,P,B,N,N,03,2,LAKEWOOD RD **,W,,,13521239__,.48,07,,01,04,02,01,01,01,04,01,120,FE,W,NJ 34,,,,35,55,26,,,N,,159
201913522019-01639,MONMOUTH,WALL TWP,05/30/2019,TH,1403,01,WALL TWP PD,PATROL,0,0,0,0,P,I,N,N,02,2,NJ 34,N,34,,00000034__,2.63,02,,01,04,02,01,01,01,03,01,,AT,,ROUTE 524 / ALLAIRE RD,,,,55,45,26,,,N,,207
201913522019-01640,MONMOUTH,WALL TWP,05/30/2019,TH,1722,01,WALL TWP PD,,0,2,0,0,I,B,N,N,03,2,MONMOUTH COUNTY 18 I,W,18,1,130000181_,3.83,05,,03,04,02,02,01,02,04,01,800,FE,W,AMBASSADOR CT,,,,40,25,26,,,N,,181
201913522019-01646,MONMOUTH,WALL TWP,05/31/2019,FR,0920,01,WALL TWP PD,PATROL,0,1,0,0,I,B,N,N,01,2,NJ 138,,138,,00000138__,1.19,02,,01,04,02,01,01,01,03,01,25,FE,E,CLUB DR,,,,55,25,26,,,N,,168
201913522019-01656,MONMOUTH,WALL TWP,05/31/2019,FR,1416,01,WALL TWP PD,PATROL,0,0,0,0,P,B,N,N,01,2,BAILEYS CORNER RD **,S,,,13521195__,1.48,07,,01,04,02,01,01,01,05,01,500,FE,N,OCEAN RD,,,,35,35,26,,,N,,200
201913522019-01659,MONMOUTH,WALL TWP,05/31/2019,FR,1841,01,WALL TWP PD,PATROL,0,0,0,0,P,B,N,N,01,2,NJ 35,S,35,,00000035__,16.45,02,,01,04,02,01,01,01,04,01,100,FE,S,LAKEWOOD RD / MARCELLUS AVE,,,,40,25,26,,,N,,203
201913522019-01663,MONMOUTH,WALL TWP,05/23/2019,TH,1456,01,WALL TWP PD,PATROL,0,0,0,0,P,I,N,N,02,2,NJ 34,S,34,,00000034__,2.63,02,,02,04,02,01,01,01,01,01,,AT,,ROUTE 524 / ALLAIRE RD,,,,55,45,26,,,N,,203
201913522019-01666,MONMOUTH,WALL TWP,06/01/2019,SA,1314,01,WALL TWP PD,PATROL,0,0,0,0,P,B,N,N,01,2,ALLENWOOD RD,W,,,13521019__,.12,07,,01,04,02,01,01,01,05,01,5,FE,W,CR 18 I / BELMAR BLVD,,,,25,40,26,,,N,,209
201913522019-01668,MONMOUTH,WALL TWP,06/01/2019,SA,1610,01,WALL TWP PD,,0,0,0,0,P,I,N,N,02,2,NJ 34,N,34,,00000034__,2.63,02,,02,04,02,01,01,01,03,01,,AT,,ROUTE 524 / ALLAIRE RD,,,,55,45,26,,,N,,182
201913522019-01671,MONMOUTH,WALL TWP,06/01/2019,SA,2220,01,WALL TWP PD,,0,0,0,0,P,B,N,N,02,2,MONMOUTH COUNTY 30 II,E,30,2,130000302_,2.78,05,,01,05,02,01,06,01,05,01,10,FE,W,NJ 35,,,,35,40,26,,,N,,206
201913522019-01675,MONMOUTH,WALL TWP,06/02/2019,SU,1303,01,WALL TWP PD,,0,1,0,0,I,B,N,N,01,2,NJ 138,E,138,,00000138__,1.15,02,,01,04,02,01,01,01,01,01,200,FE,W,CLUB DR,,,,55,25,26,,,N,GUARDRAIL FACE- DOT NOTIFIED,182
201913522019-01681,MONMOUTH,WALL TWP,06/04/2019,TU,1444,01,WALL TWP PD,PATROL,0,0,0,0,P,B,N,N,01,2,NJ 138,E,138,,00000138__,2.28,02,,01,04,02,01,01,01,01,01,,,,,T,NEW BEDFORD ROAD,NB,55,,26,,,N,,194
201913522019-01685,MONMOUTH,WALL TWP,06/03/2019,MO,1312,01,WALL TWP PD,PATROL,0,0,0,0,P,I,N,N,01,2,NJ 34,W,34,,00000034__,2.63,02,,01,04,02,01,01,01,03,01,,AT,,ROUTE 524 / ALLAIRE RD,,,,25,45,26,,,N,,210
201913522019-01687,MONMOUTH,WALL TWP,06/03/2019,MO,1604,01,WALL TWP PD,PATROL,0,0,0,0,P,I,N,N,01,2,NJ 33,W,33,,00000033__,35.85,02,,01,04,02,01,01,01,03,01,,AT,,NJ 34,,,,55,55,26,,,N,,207
201913522019-01689,MONMOUTH,WALL TWP,06/03/2019,MO,1736,01,WALL TWP PD,,0,0,0,0,P,B,N,N,01,4,NJ 18,,18,,00000018__,5.20,02,,01,04,02,01,01,01,03,01,300,FE,N,NJ 138,,,,55,,,,,N,,160
201913522019-01696,MONMOUTH,WALL TWP,06/04/2019,TU,0755,01,WALL TWP PD,,0,1,0,0,I,B,N,N,01,2,NJ 33,N,33,,00000033__,35.72,02,,03,04,02,01,01,01,03,01,200,FE,S,ROUTE 547 / ASBURY RD,,,,55,50,26,,,N,,181
201913522019-01697,MONMOUTH,WALL TWP,06/04/2019,TU,0810,01,WALL TWP PD,,0,0,0,0,P,B,N,N,01,2,NJ 33,E,33,,00000033__,36.01,02,,01,04,02,01,01,01,05,01,100,FE,W,ROUTE 547 / SHAFTO RD / WYCKOFF RD,,,,50,35,26,,,N,,169
201913522019-01699,MONMOUTH,WALL TWP,06/04/2019,TU,1455,01,WALL TWP PD,PATROL,0,0,0,0,P,B,N,N,01,2,NJ 35,N,35,,00000035__,18.40,02,,01,04,02,01,01,01,04,01,500,FE,S,NEW BEDFORD RD,,,,40,25,26,,,N,,198
201913522019-01708,MONMOUTH,WALL TWP,06/05/2019,WE,1333,01,WALL TWP PD,PATROL,0,0,0,0,P,B,N,N,01,2,NJ 34,N,34,,00000034__,1.97,02,,03,04,02,01,01,01,03,01,,,,,F,ROUTE 524 SPUR,WB,55,,26,,,N,,195
201913522019-01709,MONMOUTH,WALL TWP,06/05/2019,WE,1338,01,WALL TWP PD,,0,0,0,0,P,B,N,N,06,2,2671 STATE HWY 70,E,,,,,09,,01,06,02,01,01,01,05,01,,,,,,,,,,26,,,N,,137
201913522019-01711,MONMOUTH,WALL TWP,06/05/2019,WE,1659,01,WALL TWP PD,,0,0,0,0,P,B,N,N,01,2,MONMOUTH COUNTY 18 I,W,18,1,130000181_,,05,,01,04,02,01,01,01,05,01,50,FE,W,NJ 34,,,,35,40,26,,,N,,197
201913522019-01713,MONMOUTH,WALL TWP,06/06/2019,TH,0749,01,WALL TWP PD,PATROL,0,1,0,0,I,B,N,N,01,3,NJ 138,E,138,,00000138__,1.19,02,,01,04,02,02,02,01,01,01,20,FE,E,CLUB DR,,,,55,25,26,,,N,,
201913522019-01714,MONMOUTH,WALL TWP,06/13/2019,TH,1344,01,WALL TWP PD,PATROL,0,1,0,0,I,I,N,N,01,2,SEA GIRT AVE **,,,,13521081__,.17,07,,01,04,02,01,01,01,04,01,,AT,,MEETINGHOUSE RD / BAILEYS CORNER RD,,,,35,35,26,,,N,,194
201913522019-01715,MONMOUTH,WALL TWP,06/06/2019,TH,0846,01,WALL TWP PD,PATROL,0,0,0,0,P,B,N,N,01,3,NJ 35,S,35,,00000035__,17.66,02,,01,04,02,01,01,01,05,01,1320,FE,N,SEA GIRT AVE,,,,40,35,26,,,N,,
201913522019-01723,MONMOUTH,WALL TWP,06/06/2019,TH,1804,01,WALL TWP PD,PATROL,0,1,0,0,I,I,N,N,03,2,NJ 33,S,33,,00000033__,35.76,02,,02,04,02,01,01,01,02,01,,AT,,ROUTE 547 / ASBURY RD,,,,50,45,26,,,N,,209
201913522019-01727,MONMOUTH,WALL TWP,06/07/2019,FR,1002,01,WALL TWP PD,,0,0,0,0,P,I,N,N,01,2,NJ 34,W,34,,00000034__,2.63,02,,03,04,02,01,01,01,02,01,,AT,,ROUTE 524 / ALLAIRE RD,,,,45,55,26,,,N,,169
201913522019-01729,MONMOUTH,WALL TWP,06/07/2019,FR,1348,01,WALL TWP PD,,0,0,0,0,P,B,N,N,01,2,NJ 34,N,34,,00000034__,1.97,02,,03,06,02,01,01,01,03,01,,,,,F,ROUTE 524 SPUR,WB,55,,26,,,N,,181
201913522019-01730,MONMOUTH,WALL TWP,06/07/2019,FR,1648,01,WALL TWP PD,,0,0,0,0,P,B,N,N,03,2,NJ 33,E,33,,00000033__,35.75,02,,03,04,02,01,01,01,03,01,50,FE,W,ROUTE 547 / ASBURY RD,,,,50,50,26,,,N,,181
201913522019-01735,MONMOUTH,WALL TWP,06/12/2019,WE,1640,01,WALL TWP PD,PATROL,0,0,0,0,P,B,N,N,08,2,ALLENWOOD RD,S,,,13521019__,1.25,07,,01,04,02,01,01,01,04,01,10,FE,S,BRINLEY RD,,,,35,25,26,,,N,,201
201913522019-01736,MONMOUTH,WALL TWP,06/08/2019,SA,1110,01,WALL TWP PD,PATROL,0,0,0,0,P,B,N,N,01,2,NJ 35,S,35,,00000035__,19.11,02,,01,04,02,01,01,01,04,01,500,FE,S,WALL CHURCH RD,,,,40,25,26,,,N,,196
201913522019-01737,MONMOUTH,WALL TWP,06/08/2019,SA,1219,01,WALL TWP PD,PATROL,0,0,0,0,P,I,N,N,05,2,TERR PL **,S,,,13521227__,.19,07,,01,04,02,01,01,01,05,01,,AT,,QUACKENBUSH BLVD,,,,25,25,26,,,N,,196
201913522019-01739,MONMOUTH,WALL TWP,06/08/2019,SA,1529,01,WALL TWP PD,,0,1,0,0,I,I,N,N,01,2,NJ 34,N,34,,00000034__,7.72,02,,01,04,02,01,01,01,03,01,,AT,,NJ 33,,,,55,50,26,,,N,,169
201913522019-01740,MONMOUTH,WALL TWP,06/08/2019,SA,1659,01,WALL TWP PD,PATROL,0,0,0,0,P,B,N,N,11,1,NJ 138,E,138,,00000138__,1.10,02,,01,04,02,01,01,01,01,01,500,FE,W,CLUB DR,,,,55,25,04,,,N,"U TURN FROM RIGHT LANE"""" & """"NO STOPPING OR STANDING"""" SIGNS WERE DAMAGED.",194
201913522019-01744,MONMOUTH,WALL TWP,06/09/2019,SU,0250,01,WALL TWP PD,PATROL,0,0,0,0,P,B,Y,N,02,2,NJ 34,N,34,,00000034__,4.05,02,,01,04,02,01,06,01,03,01,500,FE,S,I-195 / NJ 138,,,,55,55,26,,,N,,207
201913522019-01746,MONMOUTH,WALL TWP,06/09/2019,SU,0955,01,WALL TWP PD,PATROL,0,1,0,0,I,B,N,N,11,1,ROUTE 524,E,524,,00000524__,36.38,05,,01,04,02,01,01,01,04,01,500,FE,E,ALLENWOOD RD / RIDGEWOOD RD,,,,45,25,46,,,N,MINOR DAMAGE TO GUARDRAIL @ 3117 ALLAIRE RD EB,196
201913522019-01750,MONMOUTH,WALL TWP,06/09/2019,SU,2034,01,WALL TWP PD,,0,0,0,0,P,B,N,N,01,2,NJ 34,N,34,,00000034__,3.20,02,,01,06,02,01,03,01,03,01,200,FE,N,ALLENWOOD GLENDOLA RD,,,,55,35,26,,,N,,165
201913522019-01753,MONMOUTH,WALL TWP,06/10/2019,MO,0710,01,WALL TWP PD,PATROL,0,2,0,0,I,B,Y,N,11,1,NJ 138,,138,,00000138__,1.10,02,,01,04,02,02,02,02,01,01,500,FE,W,CLUB DR,,,,55,25,56,,,N,,209
201913522019-01754,MONMOUTH,WALL TWP,06/01/2019,SA,1118,01,WALL TWP PD,,0,0,0,0,P,B,N,N,01,2,NJ 35,S,35,,00000035__,15.77,02,,01,04,02,01,01,01,01,01,100,FE,N,CR 20 / OLD BRIDGE RD,,,,55,35,26,,,N,,182
201913522019-01755,MONMOUTH,WALL TWP,06/10/2019,MO,0851,01,WALL TWP PD,PATROL,0,0,0,0,P,I,N,N,01,2,ROUTE 524 SPUR,W,524,S,00000524S_,2.43,05,,03,04,02,02,01,02,03,01,,AT,,NJ 35,,,,45,40,26,,,N,,200
201913522019-01756,MONMOUTH,WALL TWP,06/10/2019,MO,1247,01,WALL TWP PD,PATROL,0,0,0,0,P,I,N,N,03,2,NJ 35,S,35,,00000035__,18.78,02,,01,04,02,02,01,02,04,01,,AT,,ROUTE 524 / ALLAIIRE RD,,,,40,45,26,,,N,,200
201913522019-01757,MONMOUTH,WALL TWP,06/10/2019,MO,1414,01,WALL TWP PD,PATROL,0,0,0,0,P,I,N,N,03,2,MONMOUTH COUNTY 30 II,E,30,2,130000302_,2.52,05,,01,04,02,02,01,02,05,01,,AT,,OLD MILL RD,,,,35,35,26,,,N,,164