Year(4)-CountyCode(2)-MunicipalityCode(2)-CaseNumber(9),County Name,Municipality Name,Crash Date,Crash Day of Week,Crash Time,Police Department Code,Police Department,Police Station,Total Killed,Total Injured,Pedestrians Killed,Pedestrians Injured,Severity,Intersection,Alcohol Involved,Hazmat Involved,Crash Type,Total Vehicles,Location,Location Direction,Route,Route Suffix,Std Rte Identifier,MilePost,Road System,Road Character,Road Horizontal Alignment,Road Grade,Road Surface Type,Surface Condition,Light Condition,Environmental Condition,Road Divided By,Temporary Traffic Control Zone,Distance To Cross Street,Unit Of Measurement,Direction From Cross Street,Cross Street Name,Is Ramp,Ramp To/From Route Name,Ramp To/From Route Direction,Posted Speed,Posted Speed Cross Street,First Harmful Event,Latitude,Longitude,Cell Phone In Use Flag,Other Property Damage,Reporting Badge No.
201913522019-01759,MONMOUTH,WALL TWP,06/10/2019,MO,1449,01,WALL TWP PD,PATROL,0,0,0,0,P,B,N,N,11,1,NJ 33,E,33,,00000033__,35.38,02,,01,05,02,02,01,02,01,01,2000,FE,W,ROUTE 547 / ASBURY RD,,,,50,45,49,,,N,,168
201913522019-01765,MONMOUTH,WALL TWP,06/11/2019,TU,0828,01,WALL TWP PD,PATROL,0,0,0,0,P,I,N,N,01,2,ROUTE 524 SPUR,,524,S,00000524S_,2.43,05,,03,04,02,02,01,02,03,01,,AT,,NJ 35,,,,45,40,26,,,N,,200
201913522019-01766,MONMOUTH,WALL TWP,06/11/2019,TU,0926,01,WALL TWP PD,,0,1,0,0,I,I,N,N,03,2,BENTZ RD **,N,,,13521451__,.00,07,,01,04,02,01,01,01,05,01,,AT,,NEW BEDFOR RD,,,,35,25,26,,,N,FENCE AT 2010 BENTZ ROAD,192
201913522019-01769,MONMOUTH,WALL TWP,06/11/2019,TU,1527,01,WALL TWP PD,PATROL,0,1,0,0,I,I,N,N,01,3,NJ 35,N,35,,00000035__,18.78,02,,01,04,02,01,01,01,04,01,,AT,,ROUTE 524 / ALLAIIRE RD,,,,40,45,26,,,N,,
201913522019-01772,MONMOUTH,WALL TWP,06/11/2019,TU,1750,01,WALL TWP PD,PATROL,0,0,0,0,P,I,N,N,01,2,ROUTE 524 SPUR,E,524,S,00000524S_,2.43,05,,03,06,02,01,03,01,03,01,,AT,,NJ 35,,,,45,40,26,,,N,,200
201913522019-01773,MONMOUTH,WALL TWP,06/11/2019,TU,1815,01,WALL TWP PD,,0,0,0,0,P,B,N,N,01,2,NJ 138,W,138,,00000138__,1.77,02,,01,04,02,01,01,01,01,01,300,FE,W,NJ 18,,,,55,55,26,,,N,,204
201913522019-01774,MONMOUTH,WALL TWP,06/11/2019,TU,2102,01,WALL TWP PD,,0,0,0,0,P,B,N,N,01,2,NJ 138,E,138,,00000138__,2.92,02,,01,04,02,01,06,01,03,01,50,FE,W,OLD MILL RD,,,,55,35,26,,,N,,177
201913522019-01775,MONMOUTH,WALL TWP,06/11/2019,TU,2127,01,WALL TWP PD,PATROL,0,0,0,0,P,B,N,N,15,1,RIVERSIDE TER **,N,,,13521257__,,07,,01,04,02,01,05,01,05,01,,,,,,,,,,39,,,N,FRONT LAWN OF 2424 RIVERSIDE TERRACE,203
201913522019-01777,MONMOUTH,WALL TWP,06/12/2019,WE,0753,01,WALL TWP PD,PATROL,0,3,0,0,I,B,N,N,01,2,NJ 138,E,138,,00000138__,.46,02,,01,05,02,01,01,01,01,01,1300,FE,W,ALLENWOOD RD,,,,55,35,26,,,N,,198
201913522019-01778,MONMOUTH,WALL TWP,06/12/2019,WE,0750,01,WALL TWP PD,PATROL,0,0,0,0,P,I,N,N,03,2,NJ 33,N,33,,00000033__,35.85,02,,01,04,02,01,01,01,03,01,,AT,,NJ 34,,,,55,55,26,,,N,ROAD EXIT SIGN STRUCK AT COLLINGUARD CIRCLE,207
201913522019-01780,MONMOUTH,WALL TWP,06/12/2019,WE,1142,01,WALL TWP PD,,0,1,0,0,I,B,N,N,01,2,NJ 138,E,138,,00000138__,.56,02,,01,04,02,01,01,01,03,02,800,FE,W,ALLENWOOD RD,,,,55,35,26,,,N,,202
201913522019-01781,MONMOUTH,WALL TWP,06/12/2019,WE,1305,01,WALL TWP PD,PATROL,0,0,0,0,P,I,N,N,03,2,NJ 138,E,138,,00000138__,.71,02,,01,04,02,01,01,01,03,02,,AT,,ALLENWOOD RD,,,,50,35,26,,,N,,188
201913522019-01782,MONMOUTH,WALL TWP,06/12/2019,WE,1355,01,WALL TWP PD,PATROL,0,0,0,0,P,B,N,N,01,2,NJ 34,S,34,,00000034__,6.48,02,,01,04,02,01,01,01,03,01,600,FE,N,NJ 18 / BELMAR BLVD,,,,55,35,26,,,N,,188
201913522019-01784,MONMOUTH,WALL TWP,06/12/2019,WE,1550,01,WALL TWP PD,,0,0,0,0,P,B,N,N,02,2,MONMOUTH COUNTY 18 I,E,18,1,130000181_,2.46,05,,01,04,02,01,01,01,04,01,20,FE,W,NJ 34,,,,40,55,26,,,N,,202
201913522019-01786,MONMOUTH,WALL TWP,06/12/2019,WE,1833,01,WALL TWP PD,PATROL,0,1,0,0,I,B,N,N,01,2,NJ 138,E,138,,00000138__,.62,02,,01,04,02,01,01,01,01,01,500,FE,W,ALLENWOOD RD,,,,55,35,26,,,N,,205
201913522019-01787,MONMOUTH,WALL TWP,06/12/2019,WE,1922,01,WALL TWP PD,WALL PD,0,0,0,0,P,B,N,N,03,2,PAYNTER RD **,,,,13521253__,.64,07,,01,06,02,01,01,01,05,01,,,,,F,NJ 34,SB,25,,,,,N,,185
201913522019-01793,MONMOUTH,WALL TWP,06/13/2019,TH,1328,01,WALL TWP PD,PATROL,0,0,0,0,P,B,N,N,02,2,NJ 34,N,34,,00000034__,1.99,02,,01,04,02,01,01,01,03,01,100,FE,N,ROUTE 524S / ATLANTIC AVE,,,,55,45,26,,,N,,207
201913522019-01797,MONMOUTH,WALL TWP,06/13/2019,TH,1629,01,WALL TWP PD,,0,1,0,0,I,B,N,N,01,2,NJ 35,S,35,,00000035__,17.89,02,,01,05,02,01,01,01,04,01,1320,FE,S,OCEAN RD,,,,40,35,26,,,N,,202
201913522019-01802,MONMOUTH,WALL TWP,06/14/2019,FR,1209,01,WALL TWP PD,,0,0,0,0,P,B,N,N,01,2,NJ 35,N,35,,00000035__,17.70,02,,01,04,02,01,01,01,05,01,100,FE,N,TARPON DR,,,,40,25,26,,,N,,182
201913522019-01804,MONMOUTH,WALL TWP,06/14/2019,FR,,01,WALL TWP PD,PATROL,0,0,0,0,P,B,N,N,03,2,NJ 34,S,34,,00000034__,.39,02,,01,04,02,01,01,01,03,01,300,FE,N,LAKEWOOD RD,,,,55,25,26,,,N,,153
201913522019-01806,MONMOUTH,WALL TWP,06/14/2019,FR,1434,01,WALL TWP PD,,0,0,0,0,P,B,N,N,01,2,NJ 35,S,35,,00000035__,17.16,02,,02,06,02,01,01,01,03,01,75,FE,S,ROUTE 524 SPUR / ATLANTIC AVE,,,,40,45,26,,,N,,182
201913522019-01809,MONMOUTH,WALL TWP,06/14/2019,FR,1509,01,WALL TWP PD,PATROL,0,0,0,0,P,B,N,N,11,1,ROUTE 524 SPUR,W,524,S,00000524S_,,05,,01,04,02,01,01,01,05,01,,,,,,,,45,,,,,N,DEER CROSSING STREET SIGN,153
201913522019-01822,MONMOUTH,WALL TWP,06/15/2019,SA,1113,01,WALL TWP PD,,0,0,0,0,P,B,N,N,01,2,NJ 35,N,35,,00000035__,16.46,02,,01,04,02,01,01,01,05,01,50,FE,S,LAKEWOOD RD / MARCELLUS AVE,,,,50,,,,,N,,137
201913522019-01825,MONMOUTH,WALL TWP,06/15/2019,SA,1413,01,WALL TWP PD,,0,0,0,0,P,B,N,N,01,2,ROUTE 524,E,524,,00000524__,37.88,05,,01,04,02,01,01,01,05,01,100,FE,W,BAILEYS CORNER RD,,,,45,,,,,N,,137
201913522019-01826,MONMOUTH,WALL TWP,06/15/2019,SA,1408,01,WALL TWP PD,PATROL,0,0,0,0,P,I,N,N,01,3,NJ 34,N,34,,00000034__,2.63,02,,01,04,02,01,01,01,03,01,,AT,,ROUTE 524 / ALLAIRE RD,,,,55,40,26,,,N,,
201913522019-01827,MONMOUTH,WALL TWP,06/15/2019,SA,1530,01,WALL TWP PD,PATROL,0,0,0,0,P,B,N,N,02,2,NJ 138,W,138,,00000138__,1.82,02,,01,05,02,01,01,01,03,01,50,FE,W,NJ 18,,,,55,55,26,,,N,,201
201913522019-01829,MONMOUTH,WALL TWP,06/15/2019,SA,1904,01,WALL TWP PD,,0,0,0,0,P,B,N,N,02,2,NJ 34,S,34,,00000034__,,02,,02,04,02,01,01,01,03,01,200,FE,S,ASBURY ROAD,,,,55,45,26,,,N,,206
201913522019-01837,MONMOUTH,WALL TWP,06/16/2019,SU,1135,01,WALL TWP PD,PATROL,0,0,0,0,P,I,N,N,02,2,NJ 34,,34,,00000034__,2.63,02,,02,04,02,01,01,01,01,01,,AT,,ROUTE 524 / ALLAIRE RD,,,,45,55,26,,,N,,209
201913522019-01838,MONMOUTH,WALL TWP,06/16/2019,SU,1202,01,WALL TWP PD,,0,0,0,0,P,B,N,N,02,2,NJ 34,S,34,,00000034__,2.63,02,,03,05,02,01,01,01,01,01,15,FE,S,ROUTE 524 / ALLAIRE RD,,,,55,45,26,,,N,,192
201913522019-01839,MONMOUTH,WALL TWP,06/16/2019,SU,1246,01,WALL TWP PD,,0,0,0,0,P,I,N,N,03,2,NJ 33,E,33,,00000033__,35.85,02,,02,04,02,01,01,01,01,01,,AT,,NJ 34,,,,50,55,26,,,N,,192
201913522019-01841,MONMOUTH,WALL TWP,06/16/2019,SU,1422,01,WALL TWP PD,PATROL,0,0,0,0,P,B,N,N,01,2,NJ 34,N,34,,00000034__,1.97,02,,03,04,02,01,01,01,03,01,,,,,F,ROUTE 524 S/ ATLANTIC AVE,,55,,26,,,N,,209
201913522019-01843,MONMOUTH,WALL TWP,06/16/2019,SU,1455,01,WALL TWP PD,PATROL,0,0,0,0,P,B,N,N,01,2,BAILEYS CORNER RD **,S,,,13521195__,2.50,07,,01,04,02,01,01,01,04,01,50,FE,N,ROUTE 524 / ATLANTIC AVE,,,,35,45,26,,,N,,209
201913522019-01845,MONMOUTH,WALL TWP,06/16/2019,SU,1748,01,WALL TWP PD,,0,0,0,0,P,B,N,N,01,2,NJ 34,S,34,,00000034__,3.17,02,,01,05,02,01,01,05,03,01,50,FE,N,ALLENWOOD GLENDOLA RD,,,,55,35,26,,,N,,206
201913522019-01849,MONMOUTH,WALL TWP,06/17/2019,MO,1300,01,WALL TWP PD,PATROL,0,0,0,0,P,B,N,N,06,2,LAKEWOOD RD **,W,,,13521239__,,07,,01,04,02,01,01,01,05,01,1320,FE,E,ALGONKIN TR,,,,25,,26,,,N,,201
201913522019-01851,MONMOUTH,WALL TWP,06/17/2019,MO,1645,01,WALL TWP PD,PATROL,0,0,0,0,P,B,N,N,01,2,NJ 34,S,34,,00000034__,6.37,02,,01,04,02,01,01,01,03,01,15,FE,N,NJ 18 / BELMAR BLVD,,,,55,35,26,,,N,,201
201913522019-01853,MONMOUTH,WALL TWP,06/17/2019,MO,1711,01,WALL TWP PD,,0,0,0,0,P,I,N,N,01,2,ROUTE 524 SPUR,,524,S,00000524S_,2.43,05,,03,04,02,01,01,01,05,01,,AT,,NJ 35,,,,35,40,26,,,N,,169
201913522019-01866,MONMOUTH,WALL TWP,06/19/2019,WE,0850,01,WALL TWP PD,PATROL,0,0,0,0,P,I,N,N,08,2,MONMOUTH COUNTY 30 II,,30,2,130000302_,3.34,05,,01,04,02,02,01,02,04,01,,AT,,PEOPLE ST,,,,35,25,26,,,N,,200
201913522019-01867,MONMOUTH,WALL TWP,06/19/2019,WE,0932,01,WALL TWP PD,PATROL,0,0,0,0,P,I,N,N,01,2,NJ 138,E,138,,00000138__,1.19,02,,01,04,02,02,01,02,01,01,,AT,,CLUB DR,,,,55,25,26,,,N,,200
201913522019-01868,MONMOUTH,WALL TWP,06/19/2019,WE,0944,01,WALL TWP PD,PATROL,0,0,0,0,P,B,N,N,01,3,NJ 138,E,138,,00000138__,1.10,02,,01,04,02,02,01,05,03,01,500,FE,W,CLUB DR,,,,55,25,26,,,N,,
201913522019-01869,MONMOUTH,WALL TWP,06/19/2019,WE,1015,01,WALL TWP PD,PATROL,0,0,0,0,P,B,N,N,01,2,NJ 34,S,34,,00000034__,1.97,02,,01,04,02,01,01,01,03,01,,,,,F,ROUTE 524 SPUR,EB,55,,26,,,N,,153
201913522019-01874,MONMOUTH,WALL TWP,06/29/2019,SA,0640,01,WALL TWP PD,,0,0,0,0,P,B,N,N,03,2,NJ 34,N,34,,00000034__,2.63,02,,02,04,02,02,01,05,03,01,10,FE,S,ROUTE 524 / ALLAIRE RD,,,,55,45,26,,,N,,206
201913522019-01876,MONMOUTH,WALL TWP,06/20/2019,TH,1118,01,WALL TWP PD,,0,0,0,0,P,B,N,N,06,2,"1904 ATLANTIC AVE """"PARKING LOT""""",,,,,,09,,01,04,02,01,01,01,05,01,1200,FE,E,LANDMARK PLACE,,,,15,25,28,,,N,,204
201913522019-01877,MONMOUTH,WALL TWP,06/20/2019,TH,1417,01,WALL TWP PD,,0,1,0,0,I,I,N,N,04,2,LAKEWOOD RD **,E,,,13521239__,.00,07,,01,04,02,01,01,01,05,01,,AT,,NJ 35,,,,25,40,26,,,N,,197
201913522019-0188,MONMOUTH,WALL TWP,01/18/2019,FR,2120,01,WALL TWP PD,PATROL,0,0,0,0,P,B,N,N,11,1,I-195,E,195,,00000195__,34.17,01,,03,04,02,01,06,01,02,01,,,,,T,NJ 34,SB,55,,56,,,N,SUPPORT UTILITY POLE #JC5651  YIELD TRAFFIC SIGN,201
201913522019-01880,MONMOUTH,WALL TWP,06/20/2019,TH,1658,01,WALL TWP PD,,0,1,0,0,I,B,N,N,01,3,NJ 138,W,138,,00000138__,1.30,02,,01,04,02,02,01,02,03,01,600,FE,E,CLUB DR,,,,55,25,26,,,N,,
201913522019-01882,MONMOUTH,WALL TWP,06/20/2019,TH,1725,01,WALL TWP PD,,0,0,0,0,P,B,N,N,01,2,NJ 138,E,138,,00000138__,1.20,02,,01,04,02,02,01,01,03,,50,FE,E,CLUB DR,,,,55,25,26,,,N,,197
201913522019-01885,MONMOUTH,WALL TWP,06/21/2019,FR,0751,01,WALL TWP PD,PATROL,0,0,0,0,P,B,N,N,01,2,NJ 138,E,138,,00000138__,1.14,02,,01,04,02,02,01,01,01,01,250,FE,W,CLUB DR,,,,55,25,26,,,N,,194
201913522019-01889,MONMOUTH,WALL TWP,06/21/2019,FR,1617,01,WALL TWP PD,,0,0,0,0,P,I,N,N,03,2,MONMOUTH COUNTY 18 I,W,18,1,130000181_,5.68,05,,01,04,02,01,01,01,05,01,,AT,,MONMOUTH BLVD,,,,35,25,26,,,N,,169
201913522019-01890,MONMOUTH,WALL TWP,06/21/2019,FR,1639,01,WALL TWP PD,,0,1,0,0,I,B,N,N,01,2,NJ 138,E,138,,00000138__,.71,02,,01,04,02,01,01,01,03,01,10,FE,W,ALLENWOOD RD,,,,55,40,26,,,N,,159
201913522019-01894,MONMOUTH,WALL TWP,06/22/2019,SA,0943,01,WALL TWP PD,,0,0,0,0,P,B,N,N,01,2,NJ 33,S,33,,00000033__,35.77,02,,01,04,02,01,01,01,03,01,75,FE,N,ROUTE 547 / ASBURY RD,,,,55,,26,,,N,,182
201913522019-01895,MONMOUTH,WALL TWP,06/22/2019,SA,1020,01,WALL TWP PD,PATROL,0,0,0,0,P,B,N,N,08,2,2150 STATE HWY 35,E,,,,,09,,01,04,02,01,01,01,05,01,,,,BROOK 35 PLAZA PARKING LOT,,,,40,,26,,,N,,210
201913522019-01901,MONMOUTH,WALL TWP,06/22/2019,SA,2100,01,WALL TWP PD,,0,0,0,0,P,B,N,N,11,1,OCEAN DR **,S,,,13521027__,.52,07,,02,04,02,01,05,01,04,01,200,FE,S,NJ 35,,,,35,40,,,,N,,202
201913522019-01903,MONMOUTH,WALL TWP,06/23/2019,SU,0228,01,WALL TWP PD,PATROL DIVISION,0,0,0,0,P,B,N,N,11,1,WASHINGTON AVE **,N,,,13521078__,.24,07,,03,04,02,01,07,01,05,01,15,FE,S,CR 18 I / BELMAR BLVD,,,,25,35,,,,N,TREE ON THE PROPERTY OF 3000 BELMAR BLVD.,167
201913522019-01909,MONMOUTH,WALL TWP,06/23/2019,SU,1323,01,WALL TWP PD,,0,0,0,0,P,B,N,N,08,2,TILTONS CORNER RD **,E,,,13521194__,1.13,07,,01,04,02,01,01,01,04,01,50,FE,E,WINDFIELD DR,,,,35,25,26,,,N,,181
201913522019-01918,MONMOUTH,WALL TWP,06/23/2019,SU,2102,01,WALL TWP PD,PATROL,0,2,0,0,I,I,N,N,03,2,NJ 34,S,34,,00000034__,.00,02,,01,04,02,01,03,01,01,01,,AT,,NJ 35 / NJ 70,,,,50,55,26,,,N,,196
201913522019-01923,MONMOUTH,WALL TWP,06/24/2019,MO,1302,01,WALL TWP PD,PATROL,0,0,0,0,P,B,N,N,01,2,NJ 34,N,34,,00000034__,1.97,02,,01,04,02,01,01,01,03,01,,,,,F,ROUTE 524 SPUR,WB,55,,26,,,N,,153
201913522019-01925,MONMOUTH,WALL TWP,06/24/2019,MO,1418,01,WALL TWP PD,PATROL,0,0,0,0,P,B,N,N,01,2,ROUTE 524 SPUR,E,524,S,00000524S_,.87,05,,03,06,02,01,01,01,05,01,,,,,T,NJ 34,SB,45,,26,,,N,,169
201913522019-01926,MONMOUTH,WALL TWP,06/24/2019,MO,1424,01,WALL TWP PD,,0,0,0,0,P,I,N,N,01,2,NJ 34,N,34,,00000034__,1.97,02,,01,04,02,01,01,01,03,01,,AT,,,F,ROUTE 524 SPUR,,55,,26,,,N,,204
201913522019-01929,MONMOUTH,WALL TWP,06/24/2019,MO,1717,01,WALL TWP PD,PATROL,0,0,0,0,P,I,N,N,01,2,ROUTE 524 SPUR,W,524,S,00000524S_,.87,05,,03,04,02,01,01,01,03,01,,AT,,NJ 34,,,,45,55,26,,,N,,200
201913522019-01930,MONMOUTH,WALL TWP,06/24/2019,MO,1715,01,WALL TWP PD,,0,0,0,0,P,B,N,N,01,2,NJ 35,N,35,,00000035__,19.82,02,,01,04,02,01,01,01,05,01,100,FE,S,CR 30 II / EIGHTEENTH AVE,,,,40,25,26,,,N,,182
201913522019-01939,MONMOUTH,WALL TWP,06/25/2019,TU,1051,01,WALL TWP PD,PATROL,0,0,0,0,P,I,N,N,02,2,NJ 34,S,34,,00000034__,2.63,02,,01,04,02,01,01,01,03,01,,AT,,ROUTE 524 / ALLAIRE RD,,,,55,,26,,,N,,153
201913522019-01941,MONMOUTH,WALL TWP,06/25/2019,TU,1147,01,WALL TWP PD,PATROL,0,0,0,0,P,I,N,N,03,2,PEOPLE ST **,S,,,13521176__,.10,07,,01,04,02,01,01,01,05,01,,AT,,5TH AVE,,,,25,25,26,,,N,,153
201913522019-01945,MONMOUTH,WALL TWP,06/25/2019,TU,1353,01,WALL TWP PD,,0,0,0,0,P,B,N,N,08,2,"2150 SH HWY 35 """"PARKING LOT""""",,,,,,09,,01,04,02,01,01,01,04,01,500,FE,S,OCEAN DR,,,,15,25,28,,,N,,204
201913522019-01950,MONMOUTH,WALL TWP,06/25/2019,TU,1541,01,WALL TWP PD,,0,0,0,0,P,B,N,N,01,2,NJ 34,N,34,,00000034__,1.97,02,,03,06,02,01,01,01,02,01,,,,,F,ROUTE 524 SPUR,WB,55,,,,,N,,137
201913522019-01951,MONMOUTH,WALL TWP,06/27/2019,TH,0830,01,WALL TWP PD,PATROL,0,0,0,0,P,B,N,N,01,2,NJ 138,E,138,,00000138__,.28,02,,01,05,02,01,01,01,03,01,50,FE,W,,T,GARDEN STATE PKWY,NB,55,,26,,,N,,201
201913522019-01959,MONMOUTH,WALL TWP,06/26/2019,WE,0508,01,WALL TWP PD,,0,0,0,0,P,B,N,N,12,1,NJ 34,N,34,,00000034__,.91,02,,01,04,02,01,01,01,03,01,200,FE,S,PAYNTERS RD,,,,55,35,24,,,N,,206
201913522019-01962,MONMOUTH,WALL TWP,06/26/2019,WE,0921,01,WALL TWP PD,PATROL,0,2,0,0,I,I,N,N,07,2,NJ 35,N,35,,00000035__,16.47,02,,01,04,02,01,01,01,05,01,,AT,,LAKEWOOD RD / MARCELLUS AVE,,,,40,35,26,,,N,,210
201913522019-01964,MONMOUTH,WALL TWP,06/26/2019,WE,1006,01,WALL TWP PD,PATROL,0,0,0,0,P,I,N,N,02,2,NJ 34,S,34,,00000034__,2.63,02,,02,04,02,01,01,01,03,01,,AT,,ROUTE 524 / ALLAIRE RD,,,,55,45,26,,,N,,198
201913522019-01965,MONMOUTH,WALL TWP,06/26/2019,WE,1220,01,WALL TWP PD,PATROL,0,0,0,0,P,B,N,N,01,2,ROUTE 524 SPUR,E,524,S,00000524S_,2.42,05,,01,04,02,01,01,01,02,01,50,FE,W,NJ 35,,,,45,45,26,,,N,D2'S BLACK SARIS BIKE RACH MINOR DAMAGE,210
201913522019-01969,MONMOUTH,WALL TWP,06/26/2019,WE,1425,01,WALL TWP PD,,0,0,0,0,P,I,N,N,03,2,NJ 33,,33,,00000033__,35.76,02,,03,04,02,01,01,01,03,01,,AT,,ROUTE 547 / ASBURY RD,,,,50,,,,,N,,160
201913522019-01976,MONMOUTH,WALL TWP,06/26/2019,WE,1542,01,WALL TWP PD,PATROL,0,0,0,0,P,B,N,N,03,2,ROUTE 524 SPUR,,524,S,00000524S_,2.18,05,,01,04,02,01,01,01,04,01,1320,FE,W,NJ 35,,,,45,40,26,,,N,,194
201913522019-01977,MONMOUTH,WALL TWP,06/26/2019,WE,1708,01,WALL TWP PD,,0,0,0,0,P,B,N,N,01,2,NJ 138,,138,,00000138__,,02,,01,04,02,01,01,01,03,01,,,,,,,,55,,,,,N,,160
201913522019-01978,MONMOUTH,WALL TWP,06/26/2019,WE,1815,01,WALL TWP PD,PATROL,0,0,0,0,P,I,N,N,03,2,MONMOUTH COUNTY 18 I,,18,1,130000181_,4.92,05,,01,04,02,01,01,01,05,01,,AT,,ALLENWOOD RD,,,,40,35,26,,,N,,205
201913522019-01979,MONMOUTH,WALL TWP,06/26/2019,WE,1856,01,WALL TWP PD,PATROL,0,0,0,0,P,B,N,N,03,3,W HURLEY POND RD **,E,,,13521126__,.98,07,,01,04,02,01,01,01,04,01,600,FE,W,NJ 34,,,,35,55,26,,,N,,
201913522019-01990,MONMOUTH,WALL TWP,06/27/2019,TH,1723,01,WALL TWP PD,PATROL,0,0,0,0,P,I,N,N,01,2,SEA GIRT AVE,,,,13521308__,.00,07,,01,04,02,01,01,01,04,01,,AT,,NJ 35,,,,40,40,26,,,N,,194
201913522019-01995,MONMOUTH,WALL TWP,06/28/2019,FR,0709,01,WALL TWP PD,,0,0,0,0,P,I,N,N,02,2,NJ 34,S,34,,00000034__,2.63,02,,02,04,02,01,01,01,03,01,,AT,,ROUTE 524 / ALLAIRE RD,,,,55,45,26,,,N,,204
201913522019-01996,MONMOUTH,WALL TWP,06/25/2019,TU,1426,01,WALL TWP PD,,0,0,0,0,P,I,N,N,06,2,"2445 STATE HWY 34 """"PARKING LOT""""",W,,,,,09,,01,04,02,01,01,01,03,01,,AT,,LAKEWOOD RD,,,,15,25,28,,,N,,204
201913522019-02000,MONMOUTH,WALL TWP,06/28/2019,FR,1352,01,WALL TWP PD,,0,0,0,0,P,I,N,N,03,2,NJ 35,S,35,,00000035__,17.17,02,,01,04,02,01,01,01,03,01,,AT,,ROUTE 524 SPUR / ATLANTIC AVE,,,,45,45,26,,,N,,204
201913522019-02003,MONMOUTH,WALL TWP,06/28/2019,FR,1410,01,WALL TWP PD,,0,1,0,0,I,B,N,N,06,2,NJ 34,S,34,,00000034__,.31,02,,01,04,02,01,01,01,03,01,100,FE,S,LAKEWOOD RD,,,,55,35,26,,,N,,197
201913522019-02004,MONMOUTH,WALL TWP,06/28/2019,FR,1501,01,WALL TWP PD,WALL PD,0,0,0,0,P,B,N,N,01,2,NJ 35,N,35,,00000035__,18.50,02,,01,04,02,01,01,01,05,01,50,FE,N,NEW BEDFORD RD,,,,40,25,,,,N,,185
201913522019-02005,MONMOUTH,WALL TWP,06/28/2019,FR,1619,01,WALL TWP PD,PATROL,0,1,0,0,I,B,N,N,01,2,NJ 34,N,34,,00000034__,3.15,02,,01,04,02,01,01,01,03,01,30,FE,S,ALLENWOOD GLENDOLA RD,,,,55,35,26,,,N,,153
201913522019-02006,MONMOUTH,WALL TWP,06/28/2019,FR,1650,01,WALL TWP PD,PATROL,0,0,0,0,P,B,N,N,01,2,NJ 35,S,35,,00000035__,17.89,02,,01,04,02,01,01,01,04,01,1320,FE,S,OCEAN RD,,,,40,25,26,,,N,,201
201913522019-02007,MONMOUTH,WALL TWP,06/28/2019,FR,1656,01,WALL TWP PD,WALL PD,0,0,0,0,P,B,N,N,03,2,LAKEWOOD RD **,W,,,13521239__,.01,07,,01,04,02,01,01,01,05,00,50,FE,E,NJ 35,,,,25,40,,,,N,,105
201913522019-02008,MONMOUTH,WALL TWP,06/28/2019,FR,1716,01,WALL TWP PD,WALL TWP,0,0,0,0,P,I,N,N,01,2,NJ 34,S,34,,00000034__,.95,02,,01,04,02,01,01,01,03,01,,AT,,PAYNTERS RD,,,,55,,,,,N,,185
201913522019-02009,MONMOUTH,WALL TWP,06/28/2019,FR,1804,01,WALL TWP PD,PATROL,0,0,0,0,P,I,N,N,01,2,MONMOUTH COUNTY 18 I,E,18,1,130000181_,2.46,05,,01,04,02,01,01,01,04,01,,AT,,NJ 34,,,,40,55,26,,,N,,203
201913522019-02010,MONMOUTH,WALL TWP,06/28/2019,FR,2250,01,WALL TWP PD,,0,1,0,0,I,I,N,N,03,2,MONMOUTH COUNTY 18 I,S,18,1,130000181_,4.92,05,,01,04,02,01,06,01,05,01,,AT,,ALLENWOOD RD,,,,35,50,26,,,N,UTILITY POLE #JC201WL,206
201913522019-02014,MONMOUTH,WALL TWP,06/29/2019,SA,0913,01,WALL TWP PD,PATROL,0,0,0,0,P,I,N,N,03,2,EIGHTH AVE,E,,,,,07,,01,04,02,01,01,01,05,01,,AT,,W CHICAGO BLVD,,,,35,35,26,,,N,,164
201913522019-02017,MONMOUTH,WALL TWP,06/30/2019,SU,1151,01,WALL TWP PD,,0,0,0,0,P,I,N,N,01,2,NJ 35,S,35,,00000035__,17.17,02,,01,04,02,01,01,01,04,01,,AT,,ROUTE 524 SPUR / ATLANTIC AVE,,,,45,40,26,,,N,,204
201913522019-02020,MONMOUTH,WALL TWP,06/29/2019,SA,1638,01,WALL TWP PD,,0,0,0,0,P,B,N,N,01,2,NJ 34,E,34,,00000034__,.06,02,,01,04,02,01,01,05,04,01,300,FE,N,NJ 35 / NJ 70,,,,55,,,,,N,,137
201913522019-02027,MONMOUTH,WALL TWP,06/30/2019,SU,0929,01,WALL TWP PD,,0,1,0,0,I,B,N,N,10,1,MONMOUTH COUNTY 18 I,,18,1,130000181_,4.81,05,,01,04,02,01,01,01,04,01,100,FE,W,CAMMAR DR,,,,40,25,01,,,N,,204
201913522019-02028,MONMOUTH,WALL TWP,06/30/2019,SU,1037,01,WALL TWP PD,PATROL,0,0,0,0,P,I,N,N,01,2,NEW BEDFORD RD,S,,,13521306__,.00,07,,01,04,02,01,01,01,05,01,,AT,,NJ 35,,,,40,40,26,,,N,,187
201913522019-02029,MONMOUTH,WALL TWP,06/30/2019,SU,1213,01,WALL TWP PD,PATROL,0,0,0,0,P,I,N,N,01,2,NJ 34,N,34,,00000034__,7.72,02,,01,04,02,01,01,01,03,01,,AT,,NJ 33,,,,55,55,26,,,N,,208
201913522019-02031,MONMOUTH,WALL TWP,06/30/2019,SU,1644,01,WALL TWP PD,,0,1,0,0,I,I,N,N,03,2,ROUTE 549,S,549,,00000549__,15.94,05,,01,04,02,01,01,01,04,01,,AT,,EASY ST,,,,45,35,26,,,N,,204