Year(4)-CountyCode(2)-MunicipalityCode(2)-CaseNumber(9),County Name,Municipality Name,Crash Date,Crash Day of Week,Crash Time,Police Department Code,Police Department,Police Station,Total Killed,Total Injured,Pedestrians Killed,Pedestrians Injured,Severity,Intersection,Alcohol Involved,Hazmat Involved,Crash Type,Total Vehicles,Location,Location Direction,Route,Route Suffix,Std Rte Identifier,MilePost,Road System,Road Character,Road Horizontal Alignment,Road Grade,Road Surface Type,Surface Condition,Light Condition,Environmental Condition,Road Divided By,Temporary Traffic Control Zone,Distance To Cross Street,Unit Of Measurement,Direction From Cross Street,Cross Street Name,Is Ramp,Ramp To/From Route Name,Ramp To/From Route Direction,Posted Speed,Posted Speed Cross Street,First Harmful Event,Latitude,Longitude,Cell Phone In Use Flag,Other Property Damage,Reporting Badge No.
201913522019-02609,MONMOUTH,WALL TWP,08/11/2019,SU,0759,01,WALL TWP PD,,0,0,0,0,P,I,N,N,11,1,ALLEN WAY **,N,,,13521281__,.00,07,,01,04,02,01,01,01,05,01,,AT,,RIVER RD,,,,25,25,52,,,N,UTILITY POLE #JC451265K,177
201913522019-02610,MONMOUTH,WALL TWP,08/11/2019,SU,0953,01,WALL TWP PD,PATROL,0,0,0,0,P,B,N,N,01,2,NJ 138,E,138,,00000138__,.70,02,,01,04,02,01,01,01,03,01,50,FE,W,ALLENWOOD RD,,,,55,35,26,,,N,,207
201913522019-02615,MONMOUTH,WALL TWP,08/11/2019,SU,1213,01,WALL TWP PD,PATROL,0,0,0,0,P,B,N,N,01,2,2903 STATE HWY 138,E,,,,,09,,03,04,02,01,01,01,02,01,500,FE,E,CLUB DRIVE,,,,10,25,26,,,N,,205
201913522019-02620,MONMOUTH,WALL TWP,08/12/2019,MO,0631,01,WALL TWP PD,,0,1,0,0,I,B,N,N,01,2,NJ 33,W,33,,00000033__,35.85,02,,03,04,02,01,01,01,03,01,25,FE,E,NJ 34,,,,50,,26,,,N,,149
201913522019-02622,MONMOUTH,WALL TWP,08/12/2019,MO,0840,01,WALL TWP PD,PATROL,0,1,0,0,I,B,N,N,01,2,NJ 35,S,35,,00000035__,16.47,02,,01,04,02,01,01,01,04,01,25,FE,N,LAKEWOOD RD / MARCELLUS AVE,,,,40,25,26,,,N,,196
201913522019-02628,MONMOUTH,WALL TWP,08/12/2019,MO,1619,01,WALL TWP PD,PATROL,0,0,0,0,P,I,N,N,02,3,NJ 34,S,34,,00000034__,3.16,02,,01,04,02,01,01,01,03,01,,AT,,ALLENWOOD GLENDOLA RD,,,,55,35,26,,,N,,196
201913522019-02632,MONMOUTH,WALL TWP,08/13/2019,TU,0025,01,WALL TWP PD,,0,0,0,0,P,B,N,N,06,2,L ST **,S,,,13061025__,.29,07,,01,04,02,01,05,01,05,01,100,FE,N,CR 30 / 18TH AVE,,,,25,25,26,,,N,,181
201913522019-02638,MONMOUTH,WALL TWP,08/13/2019,TU,1044,01,WALL TWP PD,,0,0,0,0,P,B,N,N,11,1,NJ 18,N,18,,00000018__,5.14,02,,02,04,02,02,01,02,03,01,,,,,F,NJ 138,EB,55,,,,,N,,202
201913522019-02641,MONMOUTH,WALL TWP,08/13/2019,TU,1318,01,WALL TWP PD,WALL PD,0,0,0,0,P,I,N,N,01,2,NJ 33,S,33,,00000033__,35.85,02,,03,04,02,02,01,02,03,01,,AT,,NJ 34,,,,25,55,26,,,N,,185
201913522019-02642,MONMOUTH,WALL TWP,08/13/2019,TU,,01,WALL TWP PD,WALL PD,0,2,0,0,I,I,N,N,11,1,NJ 34,N,34,,00000034__,6.28,02,,01,04,02,02,01,02,03,01,,AT,,SPRING ST,,,,55,25,,,,N,1808 SPRING ST. MULCH/TREE,185
201913522019-02644,MONMOUTH,WALL TWP,08/13/2019,TU,1501,01,WALL TWP PD,,0,0,0,0,P,B,N,N,01,2,NJ 35,S,35,,00000035__,16.01,02,,01,04,02,01,01,01,01,01,30,FE,N,NJ 34 / NJ 70,,,,50,55,26,,,N,,159
201913522019-02651,MONMOUTH,WALL TWP,08/14/2019,WE,0749,01,WALL TWP PD,,0,0,0,0,P,B,N,N,02,2,NJ 34,N,34,,00000034__,7.71,02,,02,04,02,02,01,02,03,01,30,FE,W,NJ 33,,,,55,50,26,,,N,,206
201913522019-02655,MONMOUTH,WALL TWP,08/14/2019,WE,1442,01,WALL TWP PD,PATROL,0,0,0,0,P,I,N,N,14,1,ROUTE 524,W,524,,00000524__,37.90,05,,01,04,02,01,01,01,05,01,,AT,,BAILEYS CORNER RD,,,,40,35,26,,,N,,153
201913522019-02666,MONMOUTH,WALL TWP,08/15/2019,TH,0829,01,WALL TWP PD,PATROL,0,0,0,0,P,B,N,N,12,1,ROUTE 547,E,547,,00000547__,20.25,05,,01,05,02,01,02,01,05,01,1000,FE,W,NJ 33,,,,35,55,24,,,N,,169
201913522019-02668,MONMOUTH,WALL TWP,08/15/2019,TH,1057,01,WALL TWP PD,,0,0,0,0,P,B,N,N,11,1,RIVER RD **,W,,,13521280__,.04,07,,01,04,03,01,01,01,05,02,10,FE,N,OLD BRIDGE RD,,,,25,,,,,N,JC2418BRE  JC4366 WT  JCJ4477WL- 3 UTILITY POLES DAMAGED,137
201913522019-02669,MONMOUTH,WALL TWP,08/01/2019,TH,1409,01,WALL TWP PD,PATROL,0,0,0,0,P,I,N,N,02,2,WYCKOFF RD,E,,,13521005__,.45,07,,01,04,02,01,01,01,04,01,,AT,,NJ 34,,,,40,55,26,,,N,,263
201913522019-02673,MONMOUTH,WALL TWP,08/15/2019,TH,1558,01,WALL TWP PD,,0,1,0,0,I,B,N,N,01,3,NJ 18,S,18,,00000018__,5.39,02,,01,04,02,01,01,01,03,01,1320,FE,N,NJ 138,,,,55,55,26,,,N,,192
201913522019-02674,MONMOUTH,WALL TWP,08/15/2019,TH,1629,01,WALL TWP PD,,0,0,0,0,P,B,N,N,03,2,MONMOUTH COUNTY 18 I,E,18,1,130000181_,2.44,05,,01,04,02,01,01,01,05,01,100,FE,W,NJ 34,,,,45,55,26,,,N,,192
201913522019-02680,MONMOUTH,WALL TWP,08/16/2019,FR,0853,01,WALL TWP PD,,0,0,0,0,P,I,N,N,03,2,NJ 35,,35,,00000035__,17.17,02,,02,04,02,01,01,05,03,01,,AT,,ROUTE 524 SPUR / ATLANTIC AVE,,,,40,,,,,N,,160
201913522019-02681,MONMOUTH,WALL TWP,08/16/2019,FR,1039,01,WALL TWP PD,WALL TWP,0,0,0,0,P,B,N,N,05,2,NJ 35,,35,,00000035__,18.19,02,,01,04,02,01,01,01,05,01,250,FE,N,OCEAN RD,,,,40,,26,,,N,,185
201913522019-02682,MONMOUTH,WALL TWP,08/16/2019,FR,1155,01,WALL TWP PD,PATROL,0,0,0,0,P,B,N,N,01,2,NJ 35,,35,,00000035__,19.20,02,,01,04,02,01,01,01,05,01,25,FE,S,WALL CHURCH RD,,,,40,25,26,,,N,,209
201913522019-02685,MONMOUTH,WALL TWP,08/16/2019,FR,1429,01,WALL TWP PD,,0,1,0,0,I,B,N,N,07,2,NJ 35,,35,,00000035__,17.42,02,,01,04,02,01,01,01,05,01,75,FE,N,SEA GIRT AVE,,,,40,25,26,,,N,,139
201913522019-02688,MONMOUTH,WALL TWP,08/16/2019,FR,1418,01,WALL TWP PD,,0,0,0,0,P,I,N,N,02,2,NJ 34,S,34,,00000034__,2.63,02,,02,04,02,01,01,01,03,01,,AT,,ROUTE 524 / ALLAIRE RD,,,,55,40,26,,,N,,202
201913522019-02692,MONMOUTH,WALL TWP,08/16/2019,FR,2250,01,WALL TWP PD,PATROL,0,0,0,0,P,B,N,N,02,2,NJ 138,E,138,,00000138__,1.15,02,,01,04,02,01,06,01,03,01,200,FE,W,CLUB DR,,,,55,25,26,,,N,,201
201913522019-02699,MONMOUTH,WALL TWP,08/17/2019,SA,1708,01,WALL TWP PD,,0,0,0,0,P,B,N,N,02,2,I-195,E,195,,00000195__,34.16,01,,01,04,02,01,01,01,03,01,50,FE,W,NJ 34,,,,55,55,26,,,N,,159
201913522019-02700,MONMOUTH,WALL TWP,08/17/2019,SA,1739,01,WALL TWP PD,PATROL,0,0,0,0,P,B,N,N,01,2,I-195,E,195,,00000195__,34.17,01,,01,04,02,01,01,01,03,01,,,,,T,NJ 34,SB,55,,26,,,N,,207
201913522019-02702,MONMOUTH,WALL TWP,08/17/2019,SA,2159,01,WALL TWP PD,PATROL,0,1,0,0,I,I,N,N,01,2,ROUTE 524,E,524,,00000524__,38.64,05,,01,04,02,01,06,01,04,01,,AT,,NJ 47 / NEW BEDFORD RD / WARREN AVE,,,,35,35,26,,,N,,207
201913522019-02707,MONMOUTH,WALL TWP,08/18/2019,SU,1440,01,WALL TWP PD,PATROL,0,0,0,0,P,B,N,N,01,2,NJ 35,N,35,,00000035__,18.53,02,,01,04,02,02,01,05,04,01,200,FE,N,NEW BEDFORD RD,,,,40,25,26,,,N,,196
201913522019-02710,MONMOUTH,WALL TWP,08/18/2019,SU,1710,01,WALL TWP PD,,0,0,0,0,P,B,N,N,01,2,NJ 34,W,34,,00000034__,7.47,02,,01,04,02,01,01,01,03,01,1320,FE,S,NJ 33,,,,55,55,26,,,N,,202
201913522019-02715,MONMOUTH,WALL TWP,08/19/2019,MO,1028,01,WALL TWP PD,,0,0,0,0,P,B,N,N,01,2,ROUTE 524,W,524,,00000524__,36.62,05,,01,04,02,01,01,01,04,01,50,FE,W,NJ 34,,,,45,55,26,,,N,,192
201913522019-02716,MONMOUTH,WALL TWP,08/19/2019,MO,1212,01,WALL TWP PD,PATROL,0,0,0,0,P,B,N,N,08,2,BEVERLY ST **,W,,,13521130__,.10,07,,01,04,02,01,01,01,05,01,25,FE,W,VOORHEES AVE,,,,25,25,26,,,N,,208
201913522019-02719,MONMOUTH,WALL TWP,08/19/2019,MO,1654,01,WALL TWP PD,,0,0,0,0,P,B,N,N,01,2,NJ 35,N,35,,00000035__,18.51,02,,01,04,02,02,01,02,04,01,100,FE,N,NEW BEDFORD RD,,,,40,35,26,,,N,,192
201913522019-02720,MONMOUTH,WALL TWP,08/19/2019,MO,1744,01,WALL TWP PD,PATROL,0,0,0,0,P,B,N,N,01,2,NJ 34,N,34,,00000034__,7.28,02,,01,04,02,02,01,02,01,01,100,FE,N,WYCKOFF RD,,,,55,40,26,,,N,,203
201913522019-02721,MONMOUTH,WALL TWP,08/19/2019,MO,1816,01,WALL TWP PD,PATROL,0,0,0,0,P,I,N,N,02,2,NJ 34,N,34,,00000034__,7.72,02,,02,04,02,02,01,05,01,01,,AT,,NJ 33,,,,55,55,26,,,N,,203
201913522019-02728,MONMOUTH,WALL TWP,08/20/2019,TU,1036,01,WALL TWP PD,PATROL,0,0,0,0,P,B,N,N,02,2,NJ 34,S,34,,00000034__,2.40,02,,02,04,02,01,01,01,03,01,500,FE,N,RIDGEWOOD RD,,,,55,25,26,,,N,,164
201913522019-02744,MONMOUTH,WALL TWP,08/21/2019,WE,1544,01,WALL TWP PD,PATROL,0,0,0,0,P,I,N,N,01,2,NJ 138,E,138,,00000138__,1.19,02,,01,04,02,01,01,01,03,01,,AT,,CLUB DR,,,,55,25,26,,,N,,210
201913522019-02746,MONMOUTH,WALL TWP,08/21/2019,WE,1650,01,WALL TWP PD,PATROL,0,0,0,0,P,I,N,N,03,2,MONMOUTH COUNTY 47,E,47,,13000047__,.11,05,,01,04,02,02,01,01,05,01,,AT,,NJ 35,,,,35,45,26,,,N,,210
201913522019-02747,MONMOUTH,WALL TWP,08/21/2019,WE,1753,01,WALL TWP PD,PATROL,0,0,0,0,P,B,N,N,01,2,NJ 138,W,138,,00000138__,.80,02,,01,04,02,01,01,01,01,01,500,FE,E,ALLENWOOD RD,,,,55,35,26,,,N,,207
201913522019-02750,MONMOUTH,WALL TWP,08/22/2019,TH,1019,01,WALL TWP PD,PATROL,0,0,0,0,P,B,N,N,06,2,1801 SHWY 35,,,,,,09,,01,04,02,01,01,01,05,01,,,,PARKING LOT OF SHOP RITE NORTH,,,,,,26,,,N,,210
201913522019-02753,MONMOUTH,WALL TWP,08/22/2019,TH,1331,01,WALL TWP PD,,0,0,0,0,P,B,N,N,01,3,NJ 138,W,138,,00000138__,.73,02,,01,04,02,01,01,01,03,01,100,FE,E,ALLENWOOD RD,,,,55,35,26,,,N,,202
201913522019-02755,MONMOUTH,WALL TWP,08/22/2019,TH,1544,01,WALL TWP PD,PATROL,0,0,0,0,P,I,N,N,03,2,NJ 34,S,34,,00000034__,,02,,01,04,02,01,01,01,03,01,,AT,,ROUTE 547,,,,55,35,26,,,N,,205
201913522019-02756,MONMOUTH,WALL TWP,08/22/2019,TH,1647,01,WALL TWP PD,WALL PD,0,0,0,0,P,B,N,N,01,2,NJ 34,S,34,,00000034__,.66,02,,01,04,02,01,01,01,03,01,250,FE,S,HOLLY BLVD,,,,55,25,26,,,N,,185
201913522019-02757,MONMOUTH,WALL TWP,08/22/2019,TH,1729,01,WALL TWP PD,PATROL,0,1,0,0,I,B,N,N,01,4,NJ 18,S,18,,00000018__,5.76,02,,01,04,02,01,01,01,03,01,200,FE,N,MONMOUTH BLVD,,,,55,35,26,,,N,,210
201913522019-02759,MONMOUTH,WALL TWP,08/22/2019,TH,2027,01,WALL TWP PD,PATROL,0,1,0,0,I,B,N,N,11,2,NJ 35,S,35,,00000035__,20.08,02,,01,04,02,01,06,01,02,01,125,FE,N,17TH AVE,,,,40,25,28,,,N,UTILITY POLE ON PROPERTY (1701 SHWY 35 WALL  NJ 07719),198
201913522019-02761,MONMOUTH,WALL TWP,08/22/2019,TH,2206,01,WALL TWP PD,PATROL,0,0,0,0,P,B,N,N,01,2,ROUTE 524 SPUR,E,524,S,00000524S_,2.43,05,,03,04,02,02,06,02,03,01,20,FE,W,NJ 35,,,,40,40,26,,,N,,198
201913522019-02787,MONMOUTH,WALL TWP,08/25/2019,SU,1131,01,WALL TWP PD,PATROL,0,1,0,0,I,B,N,N,01,2,NJ 35,N,35,,00000035__,17.32,02,,01,04,02,01,01,01,05,01,500,FE,S,SEA GIRT AVE,,,,40,35,26,,,N,,209
201913522019-02808,MONMOUTH,WALL TWP,08/27/2019,TU,1340,01,WALL TWP PD,,0,0,0,0,P,B,N,N,01,2,NJ 70,E,70,,00000070__,59.15,02,,01,04,02,01,01,01,01,01,50,FE,W,MORNING STAR RD,,,,55,35,26,,,N,,159
201913522019-02811,MONMOUTH,WALL TWP,08/27/2019,TU,1618,01,WALL TWP PD,PATROL,0,0,0,0,P,I,N,N,01,2,NJ 35,N,35,,00000035__,16.00,02,,01,04,02,01,01,01,05,01,,AT,,NJ 34 / NJ 70,,,,40,55,26,,,N,,210
201913522019-02812,MONMOUTH,WALL TWP,08/27/2019,TU,1639,01,WALL TWP PD,,0,0,0,0,P,I,N,N,03,2,NJ 33,N,33,,00000033__,35.85,02,,02,04,02,01,01,01,03,01,,AT,,NJ 34,,,,55,55,26,,,N,,202
201913522019-02817,MONMOUTH,WALL TWP,08/27/2019,TU,2250,01,WALL TWP PD,PATROL,0,2,0,0,I,I,N,N,03,2,NJ 34,S,34,,00000034__,.95,02,,01,04,02,01,06,01,03,01,,AT,,PAYNTERS RD,,,,55,25,26,,,N,,201
201913522019-02845,MONMOUTH,WALL TWP,08/30/2019,FR,1151,01,WALL TWP PD,,0,1,0,0,I,B,N,N,01,2,NJ 34,S,34,,00000034__,1.97,02,,03,04,02,01,01,01,03,01,,,,,F,ROUTE 524 S /ATLANTIC AVE,EB,55,,26,,,N,,202
201913522019-02849,MONMOUTH,WALL TWP,08/30/2019,FR,1239,01,WALL TWP PD,,0,0,0,0,P,B,N,N,01,2,NJ 34,S,34,,00000034__,.42,02,,01,04,02,01,01,01,03,01,500,FE,N,LAKEWOOD RD,,,,55,35,26,,,N,,202
201913522019-02852,MONMOUTH,WALL TWP,08/30/2019,FR,1540,01,WALL TWP PD,,0,0,0,0,P,B,N,N,01,3,NJ 18,S,18,,00000018__,5.72,02,,01,04,02,01,01,01,03,01,10,FE,N,MONMOUTH BLVD,,,,55,35,26,,,N,,202
201913522019-02853,MONMOUTH,WALL TWP,08/30/2019,FR,1610,01,WALL TWP PD,,0,0,0,0,P,B,N,N,11,1,ALLENWOOD RD,E,,,13521019__,.75,07,,01,04,02,01,01,01,04,01,100,FE,E,WOODFIELD RD,,,,35,25,69,,,N,MAILBOX (2016 ALLENWOOD RD),202
201913522019-02854,MONMOUTH,WALL TWP,08/30/2019,FR,1636,01,WALL TWP PD,,0,1,0,0,I,I,N,N,03,2,BRIGHTON AVE,W,,,,,07,,01,05,02,01,01,01,04,01,,AT,,MARCONI RD,,,,35,35,26,,,N,,202
201913522019-02861,MONMOUTH,WALL TWP,08/30/2019,FR,2027,01,WALL TWP PD,WTPD,0,0,0,0,P,I,N,N,03,2,ROUTE 524,W,524,,00000524__,38.64,05,,01,04,02,01,06,01,05,01,,AT,,NJ 47 / NEW BEDFORD RD / WARREN AVE,,,,45,35,26,,,N,,190
201913522019-02862,MONMOUTH,WALL TWP,08/31/2019,SA,1002,01,WALL TWP PD,,0,0,0,0,P,B,N,N,01,2,NJ 34,S,34,,00000034__,.35,02,,01,04,02,01,01,01,03,01,100,FE,N,LAKEWOOD RD,,,,55,40,26,,,N,,159
201913522019-02873,MONMOUTH,WALL TWP,08/31/2019,SA,2333,01,WALL TWP PD,PATROL,0,0,0,0,P,B,N,N,01,2,NJ 35,N,35,,00000035__,15.99,02,,01,04,02,01,06,01,04,01,60,FE,S,NJ 34 / NJ 70,,,,50,50,26,,,N,,198
201913522019-02881,MONMOUTH,WALL TWP,09/01/2019,SU,1058,01,WALL TWP PD,PATROL,0,0,0,0,P,I,N,N,11,1,NJ 34,S,34,,00000034__,2.63,02,,01,04,02,01,06,01,03,01,,AT,,ROUTE 524 / ALLAIRE RD,,,,55,40,50,,,N,NJ DOT DIRECTIONAL ARROW SIGN,179
201913522019-02887,MONMOUTH,WALL TWP,09/01/2019,SU,1822,01,WALL TWP PD,PATROL,0,0,0,0,P,I,N,N,01,2,NJ 35,N,35,,00000035__,17.17,02,,01,04,02,01,01,01,02,01,,AT,,ROUTE 524 SPUR / ATLANTIC AVE,,,,40,35,26,,,N,,207
201913522019-02928,MONMOUTH,WALL TWP,09/05/2019,TH,1246,01,WALL TWP PD,WALL PD,0,0,0,0,P,B,N,N,01,2,NJ 35,S,35,,00000035__,18.79,02,,01,04,02,01,01,01,05,01,50,FE,N,ROUTE 524 / ALLAIIRE RD,,,,40,,26,,,N,,105
201913522019-02945,MONMOUTH,WALL TWP,09/07/2019,SA,1131,01,WALL TWP PD,,0,0,0,0,P,I,N,N,01,2,ROUTE 524 SPUR,W,524,S,00000524S_,2.43,05,,03,05,02,02,01,01,03,01,,AT,,NJ 35,,,,35,40,26,,,N,,150
201913522019-02963,MONMOUTH,WALL TWP,09/09/2019,MO,0720,01,WALL TWP PD,PATROL,0,1,0,0,I,I,N,N,02,2,NJ 138,E,138,,00000138__,.71,02,,01,04,02,01,01,01,03,01,,AT,,ALLENWOOD RD,,,,55,35,26,,,N,,207
201913522019-02994,MONMOUTH,WALL TWP,09/11/2019,WE,1603,01,WALL TWP PD,,0,0,0,0,P,B,Y,N,03,2,NJ 35,S,35,,00000035__,18.84,02,,01,04,02,01,01,01,04,01,300,FE,N,ROUTE 524 / ALLAIIRE RD,,,,40,35,26,,,N,,204
201913522019-03001,MONMOUTH,WALL TWP,09/12/2019,TH,0851,01,WALL TWP PD,,0,0,0,0,P,B,N,N,03,2,NJ 33,W,33,,00000033__,36.01,02,,01,04,02,01,01,01,04,01,100,FE,W,ROUTE 547 / SHAFTO RD / WYCKOFF RD,,,,55,40,26,,,N,,204
201913522019-03005,MONMOUTH,WALL TWP,09/12/2019,TH,1540,01,WALL TWP PD,,0,0,0,0,P,B,N,N,01,2,NJ 138,E,138,,00000138__,1.21,02,,01,04,02,01,01,01,03,01,100,FE,E,CLUB DR,,,,55,25,26,,,N,,204
201913522019-03007,MONMOUTH,WALL TWP,09/13/2019,FR,0800,01,WALL TWP PD,PATROL,0,0,0,0,P,B,N,N,01,2,ROUTE 524,W,524,,00000524__,36.63,05,,01,04,02,01,01,01,04,01,5,FE,E,NJ 34,,,,45,55,26,,,N,,201
201913522019-03011,MONMOUTH,WALL TWP,09/13/2019,FR,1152,01,WALL TWP PD,WTPD,0,1,0,0,I,I,N,N,01,2,NJ 35,N,35,,00000035__,17.49,02,,01,04,02,01,01,01,05,01,,AT,,LAUREL AVE,,,,40,25,26,,,N,,190
201913522019-03014,MONMOUTH,WALL TWP,09/13/2019,FR,1550,01,WALL TWP PD,PATROL,0,0,0,0,P,I,N,N,03,2,MONMOUTH COUNTY 18 I,E,18,1,130000181_,4.92,05,,01,04,02,01,01,01,04,01,,AT,,ALLENWOOD RD,,,,35,35,26,,,N,,201
201913522019-03015,MONMOUTH,WALL TWP,09/13/2019,FR,1721,01,WALL TWP PD,,0,0,0,0,P,B,N,N,01,3,NJ 34,S,34,,00000034__,3.89,02,,01,00,02,01,01,01,03,01,10,FE,S,US 30 / W EIGHTEENTH AVE,,,,55,35,26,,,N,,159
201913522019-03019,MONMOUTH,WALL TWP,09/14/2019,SA,1231,01,WALL TWP PD,WTPD,0,1,0,0,I,I,N,N,14,1,NJ 71,,71,,00000071__,4.48,02,,01,04,02,01,01,01,05,01,,AT,,US 30 / 18TH AVE,,,,40,2,26,,,N,,190
201913522019-03020,MONMOUTH,WALL TWP,09/14/2019,SA,1329,01,WALL TWP PD,,0,0,0,0,P,B,N,N,11,1,MONMOUTH COUNTY 30 II,,30,2,130000302_,2.19,05,,01,05,02,01,01,01,04,01,10,FE,W,RUE DE LA PORT DR,,,,35,25,,,,N,UTILITY POLE (4130WL),181
201913522019-03022,MONMOUTH,WALL TWP,09/14/2019,SA,1851,01,WALL TWP PD,PATROL,0,0,0,0,P,B,N,N,02,2,NJ 35,,35,,00000035__,16.04,02,,01,04,02,01,01,01,04,01,200,FE,N,NJ 34 / NJ 70,,,,55,50,26,,,N,,205
201913522019-03023,MONMOUTH,WALL TWP,09/14/2019,SA,2331,01,WALL TWP PD,PATROL,0,0,0,0,P,B,N,N,01,2,NJ 70,E,70,,00000070__,59.80,02,,01,04,02,01,05,01,01,01,200,FE,W,NJ 34 / NJ 35,,,,50,40,26,,,N,,207
201913522019-03026,MONMOUTH,WALL TWP,09/15/2019,SU,1214,01,WALL TWP PD,,0,2,0,0,I,I,N,N,07,2,MONMOUTH COUNTY 20,,20,,13000020__,,05,,02,06,02,01,01,01,05,01,,AT,,MORNINGSTAR RD,,,,40,25,04,,,N,,140
201913522019-03032,MONMOUTH,WALL TWP,09/16/2019,MO,1457,01,WALL TWP PD,PATROL,0,0,0,0,P,B,N,N,01,2,ROUTE 524,W,524,,00000524__,36.63,05,,03,04,02,01,01,01,05,01,10,FE,E,NJ 34,,,,45,55,26,,,N,,168
201913522019-03043,MONMOUTH,WALL TWP,09/18/2019,WE,0700,01,WALL TWP PD,PATROL,0,0,0,0,P,B,N,N,01,2,NJ 34,N,34,,00000034__,.93,02,,01,04,02,01,01,01,03,01,100,FE,S,PAYNTERS RD,,,,55,35,26,,,N,,201
201913522019-03046,MONMOUTH,WALL TWP,09/18/2019,WE,1425,01,WALL TWP PD,,0,0,0,0,P,I,N,N,01,2,NJ 70,,70,,00000070__,59.16,02,,01,04,02,01,01,01,01,01,,AT,,MORNING STAR RD,,,,50,,,,,N,,#160
201913522019-03047,MONMOUTH,WALL TWP,09/18/2019,WE,1709,01,WALL TWP PD,,0,1,0,0,I,I,N,N,01,2,GARDEN STATE PARKWAY,S,444,,00000444__,97.66,03,,01,04,02,01,01,01,03,01,,AT,,,F,NJ 34,,55,,26,,,N,,169
201913522019-03051,MONMOUTH,WALL TWP,09/19/2019,TH,0825,01,WALL TWP PD,,0,0,0,0,P,B,N,N,01,2,NJ 138,E,138,,00000138__,.70,02,,01,04,02,01,01,01,03,01,50,FE,W,ALLENWOOD RD,,,,55,35,26,,,N,,169
201913522019-03052,MONMOUTH,WALL TWP,09/19/2019,TH,1122,01,WALL TWP PD,PATROL,0,0,0,0,P,I,N,N,12,1,NJ 35,N,35,,00000035__,20.06,02,,01,04,02,01,01,01,04,01,,AT,,17TH AVE,,,,40,25,24,,,N,,194
201913522019-03057,MONMOUTH,WALL TWP,09/19/2019,TH,1720,01,WALL TWP PD,PATROL,0,1,0,0,I,B,N,N,14,1,ROUTE 524 SPUR,E,524,S,00000524S_,.70,05,,01,04,02,01,01,01,04,01,200,FE,E,CARDINAL LN / SAWMILL LN,,,,40,25,21,,,N,,201
201913522019-03059,MONMOUTH,WALL TWP,09/19/2019,TH,2049,01,WALL TWP PD,,0,0,0,0,P,B,N,N,02,2,NJ 138,W,138,,00000138__,.73,02,,01,04,02,01,04,01,03,01,100,FE,E,ALLENWOOD RD,,,,55,35,26,,,N,,202
201913522019-03064,MONMOUTH,WALL TWP,09/20/2019,FR,1004,01,WALL TWP PD,PATROL,0,0,0,0,P,I,N,N,02,2,NJ 34,S,34,,00000034__,2.63,02,,02,05,02,01,01,01,03,01,,AT,,ROUTE 524 / ALLAIRE RD,,,,55,45,26,,,N,,200
201913522019-03066,MONMOUTH,WALL TWP,09/20/2019,FR,1219,01,WALL TWP PD,PATROL,0,0,0,0,P,B,N,N,01,2,NJ 35,N,35,,00000035__,19.82,02,,01,04,02,01,01,01,04,01,100,FE,S,CR 30 II / EIGHTEENTH AVE,,,,40,35,26,,,N,,200
201913522019-03069,MONMOUTH,WALL TWP,09/20/2019,FR,1616,01,WALL TWP PD,,0,1,0,0,I,B,N,N,01,2,NJ 34,S,34,,00000034__,4.67,02,,01,04,02,01,01,01,03,01,528,FE,S,WEST HURLEY POND RD,,,,55,35,26,,,N,,197
201913522019-03070,MONMOUTH,WALL TWP,09/20/2019,FR,1610,01,WALL TWP PD,PATROL,0,0,0,0,P,B,N,N,01,2,NJ 34,S,34,,00000034__,4.33,02,,01,04,02,01,01,01,01,01,1000,FE,N,I-195 / NJ 138,,,,55,65,26,,,N,,200
201913522019-03071,MONMOUTH,WALL TWP,09/20/2019,FR,1641,01,WALL TWP PD,PATROL,0,0,0,0,P,I,N,N,03,2,NJ 35,S,35,,00000035__,18.49,02,,01,04,02,01,01,01,05,01,,AT,,NEW BEDFORD RD,,,,40,35,26,,,N,,208
201913522019-03074,MONMOUTH,WALL TWP,09/21/2019,SA,0337,01,WALL TWP PD,PATROL,0,0,0,0,P,B,Y,N,11,1,ROUTE 524 SPUR,,524,S,00000524S_,,05,,01,04,01,01,07,01,04,01,400,FE,S,CR 30,,,,50,35,52,,,N,DAMAGE TO TELEPHONE POLE EMERGENCY REPLACEMENT. DAMAGE TO SIGN AT 4181 ATLANTIC?,209
201913522019-03075,MONMOUTH,WALL TWP,09/21/2019,SA,0744,01,WALL TWP PD,,0,0,0,0,P,B,Y,N,02,2,NJ 70,W,70,,00000070__,59.27,02,,01,04,02,01,01,01,01,01,600,FE,E,MORNING STAR RD,,,,50,25,26,,,N,,204
201913522019-03077,MONMOUTH,WALL TWP,09/21/2019,SA,1020,01,WALL TWP PD,PATROL,0,0,0,0,P,I,N,N,03,2,ROUTE 524,E,524,,00000524__,38.71,05,,01,04,02,01,01,01,05,01,,AT,,NJ 47 / WARREN AVE,,,,35,35,26,,,N,,164
201913522019-03080,MONMOUTH,WALL TWP,09/21/2019,SA,1338,01,WALL TWP PD,PATROL,0,0,0,0,P,B,N,N,11,1,OLD MILL RD,S,,,13521307__,,07,,01,05,02,01,01,01,05,01,500,FE,S,OCEAN RD,,,,35,35,19,,,N,UTILITY POLE SNAPPEL IN HALF #JC4411,200
201913522019-03081,MONMOUTH,WALL TWP,09/21/2019,SA,1552,01,WALL TWP PD,,0,1,0,0,I,B,N,N,01,3,NJ 35,N,35,,00000035__,18.12,02,,01,04,02,01,01,01,05,01,100,FE,S,OCEAN RD,,,,40,25,26,,,N,,206