Year(4)-CountyCode(2)-MunicipalityCode(2)-CaseNumber(9),County Name,Municipality Name,Crash Date,Crash Day of Week,Crash Time,Police Department Code,Police Department,Police Station,Total Killed,Total Injured,Pedestrians Killed,Pedestrians Injured,Severity,Intersection,Alcohol Involved,Hazmat Involved,Crash Type,Total Vehicles,Location,Location Direction,Route,Route Suffix,Std Rte Identifier,MilePost,Road System,Road Character,Road Horizontal Alignment,Road Grade,Road Surface Type,Surface Condition,Light Condition,Environmental Condition,Road Divided By,Temporary Traffic Control Zone,Distance To Cross Street,Unit Of Measurement,Direction From Cross Street,Cross Street Name,Is Ramp,Ramp To/From Route Name,Ramp To/From Route Direction,Posted Speed,Posted Speed Cross Street,First Harmful Event,Latitude,Longitude,Cell Phone In Use Flag,Other Property Damage,Reporting Badge No.
201913522019-03082,MONMOUTH,WALL TWP,09/22/2019,SU,0125,01,WALL TWP PD,PATROL,0,1,0,0,I,B,N,N,12,1,NJ 138,E,138,,00000138__,.28,02,,01,04,02,01,06,01,01,01,10,FE,E,GARDEN STATE PARKWAY,,,,55,25,24,,,N,,209
201913522019-03084,MONMOUTH,WALL TWP,09/22/2019,SU,1128,01,WALL TWP PD,,0,0,0,0,P,B,N,N,02,2,NJ 35,N,35,,00000035__,17.28,02,,01,04,02,01,01,01,05,01,200,FE,S,MEETING HOUSE RD,,,,40,25,26,,,N,,197
201913522019-03086,MONMOUTH,WALL TWP,09/22/2019,SU,1317,01,WALL TWP PD,,0,1,0,0,I,I,N,N,01,2,NJ 34,N,34,,00000034__,7.26,02,,01,04,02,01,01,01,03,01,,AT,,WYCKOFF RD,,,,55,35,26,,,N,,197
201913522019-03089,MONMOUTH,WALL TWP,09/22/2019,SU,1910,01,WALL TWP PD,PATROL,0,0,0,0,P,B,N,N,01,2,ROUTE 524 SPUR,W,524,S,00000524S_,.87,05,,03,06,02,01,03,01,04,01,,,,,T,NJ 34,NB,45,,26,,,N,,203
201913522019-03095,MONMOUTH,WALL TWP,09/23/2019,MO,1120,01,WALL TWP PD,PATROL,0,0,0,0,P,B,N,N,01,5,NJ 34,N,34,,00000034__,6.46,02,,01,04,02,01,01,01,03,01,500,FE,N,NJ 18 / BELMAR BLVD,,,,55,25,26,,,N,,201
201913522019-03101,MONMOUTH,WALL TWP,09/23/2019,MO,1537,01,WALL TWP PD,,0,0,0,0,P,I,N,N,03,2,NJ 71,N,71,,00000071__,4.48,02,,01,04,02,01,01,01,04,01,,AT,,US 30 / 18TH AVE,,,,40,25,26,,,N,,181
201913522019-03124,MONMOUTH,WALL TWP,09/25/2019,WE,0748,01,WALL TWP PD,,0,0,0,0,P,I,N,N,01,2,NJ 34,,34,,00000034__,1.97,02,,01,04,02,01,01,01,03,01,,AT,,,F,ROUTE 524 S /ATLANTIC AVE,,55,,26,,,N,,204
201913522019-03126,MONMOUTH,WALL TWP,09/25/2019,WE,1456,01,WALL TWP PD,PATROL,0,0,0,0,P,I,N,N,02,2,NJ 33,S,33,,00000033__,35.85,02,,02,04,02,01,01,01,03,01,,AT,,NJ 34,,,,55,55,26,,,N,,208
201913522019-03128,MONMOUTH,WALL TWP,09/25/2019,WE,1702,01,WALL TWP PD,PATROL,0,0,0,0,P,I,N,N,01,2,NJ 34,N,34,,00000034__,.00,02,,01,04,02,01,01,01,03,01,,AT,,NJ 35 / NJ 70,,,,55,55,26,,,N,,208
201913522019-03139,MONMOUTH,WALL TWP,09/26/2019,TH,1209,01,WALL TWP PD,,0,0,0,0,P,I,N,N,03,2,NJ 33,S,33,,00000033__,35.85,02,,03,04,02,01,01,01,03,01,,AT,,NJ 34,,,,55,55,26,,,N,,197
201913522019-03140,MONMOUTH,WALL TWP,09/26/2019,TH,1242,01,WALL TWP PD,PATROL,0,0,0,0,P,I,N,N,01,2,NJ 70,E,70,,00000070__,59.84,02,,01,04,02,01,01,01,01,01,,AT,,NJ 34 / NJ 35,,,,50,,26,,,N,,153
201913522019-03142,MONMOUTH,WALL TWP,09/26/2019,TH,1451,01,WALL TWP PD,PATROL,0,1,0,0,I,B,N,N,01,2,NJ 138,W,138,,00000138__,.71,02,,01,04,02,01,01,01,03,01,25,FE,E,ALLENWOOD RD,,,,55,25,26,,,N,,208
201913522019-03143,MONMOUTH,WALL TWP,09/26/2019,TH,1540,01,WALL TWP PD,PATROL,0,1,0,0,I,I,N,N,03,2,ROUTE 549,S,549,,00000549__,15.94,05,,01,04,02,01,01,01,05,01,,AT,,EASY ST,,,,40,35,26,,,N,STOP SIGN,153
201913522019-03147,MONMOUTH,WALL TWP,09/27/2019,FR,0720,01,WALL TWP PD,PATROL,0,1,0,0,I,B,N,N,11,1,MONMOUTH COUNTY 21,N,21,,13000021__,6.75,05,,02,04,02,01,01,01,04,01,1320,FE,N,METEDECONK RD,,,,35,35,60,,,N,,201
201913522019-03154,MONMOUTH,WALL TWP,09/28/2019,SA,1031,01,WALL TWP PD,,0,1,0,0,I,B,N,N,01,2,ROUTE 524,W,524,,00000524__,34.03,05,,01,04,02,01,01,01,04,01,5280,FE,W,US 30 / W 18TH AVE,,,,50,40,26,,,N,,181
201913522019-03156,MONMOUTH,WALL TWP,09/28/2019,SA,1237,01,WALL TWP PD,,0,0,0,0,P,B,N,N,01,2,NJ 71,S,71,,00000071__,4.74,02,,01,04,02,01,01,01,05,01,100,FE,N,17TH AVE,,,,35,25,26,,,N,,169
201913522019-03159,MONMOUTH,WALL TWP,09/28/2019,SA,1427,01,WALL TWP PD,PATROL,0,0,0,0,P,I,N,N,03,2,SEA GIRT AVE,W,,,13521308__,.00,07,,01,04,02,01,01,01,04,01,,AT,,NJ 35,,,,35,40,26,,,N,,194
201913522019-03160,MONMOUTH,WALL TWP,09/28/2019,SA,1445,01,WALL TWP PD,,0,1,0,0,I,B,N,N,07,2,MONMOUTH COUNTY 18 I,,18,1,130000181_,3.66,05,,01,04,02,01,01,01,05,01,100,FE,W,GARDEN STATE PARKWAY,,,,40,65,26,,,N,,169
201913522019-03164,MONMOUTH,WALL TWP,09/28/2019,SA,2158,01,WALL TWP PD,PATROL,0,0,0,0,P,B,N,N,01,2,NJ 34,S,34,,00000034__,4.77,02,,01,04,02,01,05,01,03,01,20,FE,N,WEST HURLEY POND RD,,,,55,25,26,,,N,,196
201913522019-03172,MONMOUTH,WALL TWP,09/29/2019,SU,1607,01,WALL TWP PD,PATROL DIV,0,0,0,0,P,I,N,N,03,2,NJ 33,E,33,,00000033__,35.85,02,,01,04,02,01,01,01,03,01,,AT,,NJ 34,,,,55,55,26,,,N,,161
201913522019-03176,MONMOUTH,WALL TWP,09/30/2019,MO,0759,01,WALL TWP PD,,0,0,0,0,P,B,N,N,06,2,17TH AVE **,E,,,13471033__,.55,07,,01,04,02,01,00,01,05,01,70,FE,W,K ST,,,,25,25,28,,,N,,197
201913522019-03180,MONMOUTH,WALL TWP,09/30/2019,MO,1420,01,WALL TWP PD,PATROL,0,0,0,0,P,I,N,N,03,2,NEW BEDFORD RD,S,,,13521306__,.32,07,,01,04,02,01,01,01,04,01,,AT,,TROY DR,,,,35,25,26,,,N,,178
201913522019-03183,MONMOUTH,WALL TWP,09/30/2019,MO,1908,01,WALL TWP PD,PATROL,0,1,0,0,I,B,N,N,01,2,NJ 35,S,35,,00000035__,17.50,02,,01,04,02,01,05,01,04,01,500,FE,N,SEA GIRT AVE,,,,40,35,26,,,N,,200
201913522019-03186,MONMOUTH,WALL TWP,09/30/2019,MO,1625,01,WALL TWP PD,,0,0,0,0,P,B,N,N,11,1,2232 RAMSHORN DRIVE,,,,,,09,,01,04,02,01,01,01,04,01,500,FE,N,COUNTY ROUTE 524 SPUR,,,,35,40,69,,,N,A BRICK RETAINING WALL LOCATED ON THE PROPERTY LINE OF 2232 RAMSHORN DRIVE. HOM?,204
201913522019-03198,MONMOUTH,WALL TWP,10/01/2019,TU,1558,01,WALL TWP PD,PATROL,0,0,0,0,P,I,N,N,02,2,MONMOUTH COUNTY 30 II,W,30,2,130000302_,3.52,05,,01,04,02,01,01,01,01,01,,AT,,NJ 71 / H ST,,,,25,25,26,,,N,,208
201913522019-03199,MONMOUTH,WALL TWP,10/01/2019,TU,1627,01,WALL TWP PD,PATROL,0,0,0,0,P,B,Y,N,01,3,NJ 138,E,138,,00000138__,2.28,02,,01,04,02,01,01,01,03,01,20,FE,W,NEW BEDFORD RD,,,,55,25,26,,,N,TRAFFIC SIGN,208
201913522019-03205,MONMOUTH,WALL TWP,10/01/2019,TU,2016,01,WALL TWP PD,WALL PD,0,0,0,0,P,B,N,N,01,2,NJ 70,W,70,,00000070__,58.77,02,,01,04,02,01,06,01,01,01,100,FE,E,CR 48 / RIVERVIEW DR,,,,50,25,26,,,N,,185
201913522019-03209,MONMOUTH,WALL TWP,10/02/2019,WE,0956,01,WALL TWP PD,PATROL,0,0,0,0,P,B,N,N,02,2,NJ 34,,34,,00000034__,,02,,01,04,02,01,01,01,03,01,,,,,,,,55,,26,,,N,,194
201913522019-03211,MONMOUTH,WALL TWP,10/02/2019,WE,1157,01,WALL TWP PD,WTPD,0,0,0,0,P,B,N,N,11,1,COOPER BLVD,S,,,,,07,,01,04,02,01,01,01,02,01,50,FE,S,LAKEWOOD RD,,,,25,25,42,,,N,COSMETIC DAMAGE TO SECURITY BOOTH OVERHANG,190
201913522019-03212,MONMOUTH,WALL TWP,10/02/2019,WE,1402,01,WALL TWP PD,,0,0,0,0,P,B,N,N,01,2,ROUTE 524,W,524,,00000524__,36.63,05,,03,06,02,01,01,01,05,01,,,,,T,NJ 34,NB,40,,26,,,N,,181
201913522019-03213,MONMOUTH,WALL TWP,10/02/2019,WE,1447,01,WALL TWP PD,,0,0,0,0,P,B,N,N,03,2,ROUTE 524,W,524,,00000524__,38.84,05,,01,04,02,01,01,01,04,01,25,FE,W,NJ 35,,,,45,40,26,,,N,,159
201913522019-03215,MONMOUTH,WALL TWP,10/02/2019,WE,1615,01,WALL TWP PD,,0,0,0,0,P,B,N,N,06,2,JEFFERSON AVE **,,,,13521204__,.29,07,,01,00,02,01,01,01,05,01,100,FE,W,CAMDEN AVE,,,,25,25,28,,,N,,140
201913522019-03216,MONMOUTH,WALL TWP,10/02/2019,WE,1717,01,WALL TWP PD,,0,0,0,0,P,I,N,N,02,2,NJ 35,S,35,,00000035__,17.17,02,,02,04,02,01,01,01,03,01,,AT,,ROUTE 524 SPUR / ATLANTIC AVE,,,,40,45,26,,,N,,159
201913522019-03221,MONMOUTH,WALL TWP,10/03/2019,TH,0728,01,WALL TWP PD,,0,0,0,0,P,I,N,N,03,2,MONMOUTH COUNTY 30 II,W,30,2,130000302_,1.94,05,,01,00,02,02,01,02,05,01,,AT,,NEW BEDFORD RD,,,,40,25,26,,,N,,140
201913522019-03222,MONMOUTH,WALL TWP,10/03/2019,TH,0815,01,WALL TWP PD,PATROL,0,0,0,0,P,B,N,N,02,2,NJ 34,,34,,00000034__,,02,,01,04,02,02,01,02,03,01,,,,,,,,55,,26,,,N,,194
201913522019-03223,MONMOUTH,WALL TWP,10/03/2019,TH,1025,01,WALL TWP PD,,0,0,0,0,P,B,N,N,11,1,NJ 138,E,138,,00000138__,1.83,02,,03,04,02,02,01,02,02,01,100,FE,W,,T,NJ 18,NB,55,,56,,,N,,159
201913522019-03224,MONMOUTH,WALL TWP,10/03/2019,TH,1100,01,WALL TWP PD,,0,0,0,0,P,B,N,N,11,1,BAILEYS CORNER RD **,S,,,13521195__,.80,07,,02,04,02,02,01,02,04,01,800,FE,S,ROUTE 524,,,,35,45,,,,N,,181
201913522019-03225,MONMOUTH,WALL TWP,10/03/2019,TH,1236,01,WALL TWP PD,,0,0,0,0,P,B,N,N,11,1,NJ 18,E,18,,00000018__,5.14,02,,03,04,02,02,01,02,02,01,,,N,,,NJ 138,NB,55,,,,,N,DAMAGE TO THE GUARD RAIL ON THE RAMP FROM STATE HWY 138 EAST TO STATE HWY 18 NO?,159
201913522019-03226,MONMOUTH,WALL TWP,10/03/2019,TH,1236,01,WALL TWP PD,WTPD,0,2,0,0,I,B,N,N,03,2,17TH AVE **,W,,,13471033__,.95,07,,01,04,02,02,01,02,05,01,10,FE,E,NJ 35,,,,25,40,26,,,N,STOP SIGN AND NO LEFT TURN SIGN,190
201913522019-03227,MONMOUTH,WALL TWP,07/22/2019,MO,0922,01,WALL TWP PD,,0,1,0,0,I,B,N,N,01,2,NJ 35,,35,,00000035__,15.77,02,,01,04,02,01,01,01,04,01,100,FE,N,CR 20 / OLD BRIDGE RD,,,,50,,,,,N,,137
201913522019-03228,MONMOUTH,WALL TWP,10/03/2019,TH,1450,01,WALL TWP PD,PATROL,0,0,0,0,P,I,N,N,01,2,ROUTE 524 SPUR,E,524,S,00000524S_,1.00,05,,01,04,02,02,01,02,04,01,,AT,,TILTONS CORNER RD,,,,45,35,26,,,N,,194
201913522019-03230,MONMOUTH,WALL TWP,10/03/2019,TH,1534,01,WALL TWP PD,PATROL,0,0,0,0,P,B,N,N,02,2,NJ 35,S,35,,00000035__,17.50,02,,01,04,02,02,01,02,04,01,500,FE,N,SEA GIRT AVE,,,,40,35,26,,,N,,194
201913522019-03231,MONMOUTH,WALL TWP,10/03/2019,TH,1709,01,WALL TWP PD,,0,0,0,0,P,B,N,N,01,2,NJ 34,N,34,,00000034__,,02,,03,04,02,02,01,02,03,01,300,FE,S,ROUTE 547,,,,55,50,26,,,N,,181
201913522019-03232,MONMOUTH,WALL TWP,10/04/2019,FR,0106,01,WALL TWP PD,PATROL,0,0,0,0,P,B,Y,N,11,1,NJ 35,S,35,,00000035__,17.17,02,,03,04,02,02,05,02,03,01,,,,,T,ROUTE 524 SPUR,WB,40,,52,,,N,POLE # JC 4044 SUFFEED SPLINTERED/CRACKED POSE FROM MUFFLER OF V1,209
201913522019-03233,MONMOUTH,WALL TWP,10/04/2019,FR,0352,01,WALL TWP PD,,0,0,0,0,P,I,N,N,02,2,ROUTE 524,,524,,00000524__,38.84,05,,03,04,02,02,06,01,03,01,,AT,,NJ 35,,,,35,40,26,,,N,,202
201913522019-03235,MONMOUTH,WALL TWP,10/04/2019,FR,1251,01,WALL TWP PD,PATROL,0,0,0,0,P,B,N,N,04,2,BAILEYS CORNER RD **,N,,,13521195__,.95,07,,01,06,02,01,01,01,04,01,10,FE,N,ROUTE 524,,,,35,45,26,,,N,,195
201913522019-03242,MONMOUTH,WALL TWP,10/04/2019,FR,1901,01,WALL TWP PD,PATROL,0,0,0,0,P,B,N,N,01,2,NJ 35,S,35,,00000035__,18.16,02,,01,04,02,01,05,01,04,01,100,FE,N,OCEAN RD,,,,40,25,26,,,N,,196
201913522019-03245,MONMOUTH,WALL TWP,10/05/2019,SA,0557,01,WALL TWP PD,PATROL,0,0,0,0,P,B,N,N,12,1,NJ 18,N,18,,00000018__,5.20,02,,01,04,02,01,05,01,03,01,300,FE,N,NJ 138,,,,55,55,24,,,N,,195
201913522019-03254,MONMOUTH,WALL TWP,10/06/2019,SU,1239,01,WALL TWP PD,,0,0,0,0,P,I,N,N,01,2,NEW BEDFORD RD,E,,,13521306__,.00,07,,01,04,02,01,01,05,05,01,,AT,,NJ 35,,,,35,40,26,,,N,,197
201913522019-03257,MONMOUTH,WALL TWP,10/06/2019,SU,2148,01,WALL TWP PD,PATROL,0,0,0,0,P,B,N,N,12,1,MONMOUTH COUNTY 30 II,,30,2,130000302_,2.48,05,,01,04,02,01,06,01,04,01,1000,FE,E,KIMBERLY DR,,,,35,25,24,,,N,,178
201913522019-03262,MONMOUTH,WALL TWP,10/07/2019,MO,1410,01,WALL TWP PD,,0,0,0,0,P,B,N,N,01,2,NJ 35,N,35,,00000035__,18.10,02,,01,00,02,01,01,01,04,01,200,FE,S,OCEAN RD,,,,40,40,26,,,N,,159
201913522019-03263,MONMOUTH,WALL TWP,10/07/2019,MO,1602,01,WALL TWP PD,PATROL,0,0,0,0,P,B,N,N,01,2,NJ 138,W,138,,00000138__,1.00,02,,01,04,02,01,01,01,01,01,200,FE,W,BRINLEY RD,,,,55,25,26,,,N,,194
201913522019-03265,MONMOUTH,WALL TWP,10/07/2019,MO,1707,01,WALL TWP PD,,0,1,0,0,I,I,N,N,01,2,ROUTE 524 SPUR,N,524,S,00000524S_,.87,05,,01,04,02,01,01,01,03,01,,AT,,,F,NJ 34,WB,55,,26,,,N,,169
201913522019-03269,MONMOUTH,WALL TWP,10/08/2019,TU,0713,01,WALL TWP PD,PATROL,0,0,0,0,P,B,N,N,02,2,NJ 33,W,33,,00000033__,35.85,02,,02,04,02,01,01,01,04,01,10,FE,E,NJ 34,,,,25,55,26,,,N,,196
201913522019-03276,MONMOUTH,WALL TWP,10/09/2019,WE,0824,01,WALL TWP PD,PATROL,0,0,0,0,P,B,N,N,11,1,NJ 18,N,18,,00000018__,5.14,02,,01,04,02,02,01,02,03,01,10,FE,N,,F,NJ 138,EB,55,,46,,,N,GUARD RAIL,208
201913522019-03279,MONMOUTH,WALL TWP,10/09/2019,WE,1243,01,WALL TWP PD,PATROL,0,0,0,0,P,I,N,N,02,2,NJ 34,S,34,,00000034__,2.63,02,,02,04,02,02,01,02,03,01,,AT,,ROUTE 524 / ALLAIRE RD,,,,55,45,26,,,N,,200
201913522019-03283,MONMOUTH,WALL TWP,10/10/2019,TH,0828,01,WALL TWP PD,PATROL,0,0,0,0,P,B,N,N,01,2,NJ 33,,33,,00000033__,35.26,02,,01,04,02,01,01,01,01,01,15,FE,W,BOWMAN AVE,,,,55,25,26,,,N,,200
201913522019-03285,MONMOUTH,WALL TWP,10/10/2019,TH,1053,01,WALL TWP PD,PATROL,0,1,0,0,I,I,N,N,03,2,ROUTE 524,E,524,,00000524__,38.64,05,,01,04,02,01,01,01,04,01,,AT,,NJ 47 / NEW BEDFORD RD / WARREN AVE,,,,35,35,26,,,N,,193
201913522019-03295,MONMOUTH,WALL TWP,10/11/2019,FR,1552,01,WALL TWP PD,,0,1,0,0,I,B,N,N,01,2,NJ 34,S,34,,00000034__,6.39,02,,01,04,02,01,01,01,03,01,100,FE,N,NJ 18 / BELMAR BLVD,,,,55,45,26,,,N,,159
201913522019-03297,MONMOUTH,WALL TWP,10/11/2019,FR,1803,01,WALL TWP PD,PATROL,0,0,0,0,P,B,N,N,01,2,ROUTE 524,W,524,,00000524__,36.29,05,,01,04,02,01,01,01,05,01,15,FE,E,ALLENWOOD RD / RIDGEWOOD RD,,,,40,25,26,,,N,,205
201913522019-03301,MONMOUTH,WALL TWP,10/12/2019,SA,1256,01,WALL TWP PD,,0,1,0,0,I,B,N,N,01,2,NJ 35,S,35,,00000035__,17.44,02,,01,04,02,01,01,01,04,01,150,FE,N,SEA GIRT AVE,,,,40,40,26,,,N,,169
201913522019-03302,MONMOUTH,WALL TWP,10/12/2019,SA,1626,01,WALL TWP PD,,0,1,0,0,I,I,N,N,03,2,ROUTE 524,W,524,,00000524__,38.64,05,,01,04,02,01,01,01,04,01,,AT,,NJ 47 / NEW BEDFORD RD / WARREN AVE,,,,42,35,26,,,N,,159
201913522019-03303,MONMOUTH,WALL TWP,10/12/2019,SA,1936,01,WALL TWP PD,PATROL,0,0,0,0,P,I,N,N,03,2,NJ 33,E,33,,00000033__,35.85,02,,02,04,02,01,06,01,03,01,,AT,,NJ 34,,,,50,55,26,,,N,,205
201913522019-03311,MONMOUTH,WALL TWP,10/13/2019,SU,1510,01,WALL TWP PD,PATROL,0,0,0,0,P,B,N,N,02,2,NJ 138,W,138,,00000138__,2.28,02,,01,04,02,01,01,01,03,01,25,FE,W,NEW BEDFORD RD,,,,55,35,26,,,N,,201
201913522019-03312,MONMOUTH,WALL TWP,10/15/2019,TU,2020,01,WALL TWP PD,PATROL,0,0,0,0,P,I,N,N,11,1,NJ 35,N,35,,00000035__,16.00,02,,01,04,02,02,06,02,04,01,,AT,,NJ 34 / NJ 70,,,,40,48,09,,,N,TRAFFIC CABINET WAS DAMAGED,210
201913522019-03317,MONMOUTH,WALL TWP,10/14/2019,MO,0600,01,WALL TWP PD,WALL PD,0,0,0,0,P,I,N,N,11,3,NJ 34,N,34,,00000034__,3.16,02,,03,04,02,02,06,01,03,01,,AT,,ALLENWOOD GLENDOLA RD,,,,55,,,,,N,POLE # JC4171  SERVICE 10 LLOYDS AUTO PULLED OUT.,185
201913522019-03318,MONMOUTH,WALL TWP,10/14/2019,MO,0708,01,WALL TWP PD,PATROL,0,0,0,0,P,B,N,N,11,1,NJ 70,E,70,,00000070__,59.84,02,,03,04,02,02,02,02,01,01,,,,,F,NJ 34,SB,55,,46,,,N,,200
201913522019-03321,MONMOUTH,WALL TWP,10/14/2019,MO,1615,01,WALL TWP PD,PATROL,0,0,0,0,P,B,N,N,01,2,BUTTERNUT RD **,S,,,13521221__,.01,07,,01,04,02,01,01,01,05,01,50,FE,N,OLD MILL RD,,,,25,25,26,,,N,TRAILER TO V2 (SEE PG. 2 FOR INFO),203
201913522019-03326,MONMOUTH,WALL TWP,10/15/2019,TU,0911,01,WALL TWP PD,PATROL,0,1,0,0,I,B,N,N,02,2,NJ 34,N,34,,00000034__,3.41,02,,01,04,02,01,01,01,01,02,1320,FE,N,ALLENWOOD GLENDOLA RD,,,,55,35,28,,,N,,200
201913522019-03331,MONMOUTH,WALL TWP,10/15/2019,TU,1539,01,WALL TWP PD,PATROL,0,0,0,0,P,B,N,N,01,2,NJ 34,S,34,,00000034__,3.14,02,,01,04,02,01,01,01,03,01,100,FE,S,ALLENWOOD GLENDOLA RD,,,,55,,26,,,N,,153
201913522019-03344,MONMOUTH,WALL TWP,10/16/2019,WE,1551,01,WALL TWP PD,PATROL DIV,0,0,0,0,P,I,N,N,11,1,NJ 138,E,138,,00000138__,1.83,02,,02,05,02,02,01,02,03,01,,AT,,,T,NJ 18,NB,55,,,,,N,,161
201913522019-03345,MONMOUTH,WALL TWP,10/16/2019,WE,1722,01,WALL TWP PD,PATROL,0,2,0,0,I,I,N,N,07,2,NJ 34,,34,,00000034__,.95,02,,01,04,02,02,01,02,04,01,,AT,,PAYNTERS RD,,,,55,30,26,,,N,,194
201913522019-03347,MONMOUTH,WALL TWP,10/16/2019,WE,1855,01,WALL TWP PD,PATROL,0,0,0,0,P,I,N,N,02,2,NJ 33,W,33,,00000033__,35.76,02,,03,04,02,02,06,02,02,01,,AT,,ROUTE 547 / ASBURY RD,,,,25,40,26,,,N,,210
201913522019-03348,MONMOUTH,WALL TWP,10/16/2019,WE,2112,01,WALL TWP PD,,0,0,0,0,P,B,N,N,11,1,ROUTE 524 SPUR,W,524,S,00000524S_,2.42,05,,03,04,02,02,05,02,04,01,75,FE,W,NJ 35,,,,40,48,56,,,N,SIGN,202
201913522019-03355,MONMOUTH,WALL TWP,10/17/2019,TH,1442,01,WALL TWP PD,,0,0,0,0,P,B,N,N,02,2,NJ 35,N,35,,00000035__,16.01,02,,01,04,02,01,01,01,01,01,60,FE,N,NJ 34 / NJ 70,,,,50,50,26,,,N,,169
201913522019-03357,MONMOUTH,WALL TWP,10/17/2019,TH,1658,01,WALL TWP PD,WTPD,0,0,0,0,P,B,N,N,01,2,LAKEWOOD RD **,W,,,13521239__,.45,07,,01,06,02,01,03,01,05,01,20,FE,E,PAYNTERS RD,,,,25,25,26,,,N,,190
201913522019-03365,MONMOUTH,WALL TWP,10/18/2019,FR,1155,01,WALL TWP PD,PATROL,0,0,0,0,P,B,N,N,03,2,NJ 33,E,33,,00000033__,35.85,02,,01,04,02,01,01,01,03,01,,,,,T,NJ 34,EB,45,,26,,,N,,164
201913522019-03366,MONMOUTH,WALL TWP,10/18/2019,FR,1314,01,WALL TWP PD,PATROL,0,2,0,0,I,B,N,N,01,2,NJ 34,N,34,,00000034__,1.97,02,,03,06,02,01,01,01,05,01,,,,,F,ROUTE 524 SPUR,WB,55,,26,,,N,,208
201913522019-03379,MONMOUTH,WALL TWP,10/19/2019,SA,1747,01,WALL TWP PD,,0,0,0,0,P,B,N,N,02,2,NJ 34,S,34,,00000034__,3.12,02,,01,04,02,01,01,01,03,01,200,FE,S,ALLENWOOD GLENDOLA RD,,,,55,35,26,,,N,,206
201913522019-03386,MONMOUTH,WALL TWP,10/20/2019,SU,1846,01,WALL TWP PD,PATROL,0,0,0,0,P,B,N,N,02,2,LAKEWOOD RD **,,,,13521239__,.50,07,,01,04,02,02,07,02,04,01,20,FE,E,NJ 34,,,,25,50,26,,,N,,189
201913522019-03387,MONMOUTH,WALL TWP,10/20/2019,SU,2015,01,WALL TWP PD,PATROL,0,0,0,0,P,B,N,N,11,1,NJ 138,E,138,,00000138__,1.83,02,,02,05,02,02,06,02,03,01,,,,,T,NJ 18,NB,55,,56,,,N,DAMAGE TO THE SUPPORET LEGS OF A TRAFFIC SIGN. (YELLOW ARROWS),178
201913522019-03388,MONMOUTH,WALL TWP,10/20/2019,SU,2046,01,WALL TWP PD,PATROL,0,0,0,0,P,B,Y,N,11,1,NJ 18,,18,,00000018__,5.14,02,,03,06,02,02,06,02,03,01,,,,,T,NJ 138,EB,55,,56,,,N,,178
201913522019-03389,MONMOUTH,WALL TWP,10/20/2019,SU,2236,01,WALL TWP PD,PATROL,0,0,0,0,P,I,Y,N,01,2,NJ 70,,70,,00000070__,58.75,02,,01,04,02,02,07,02,01,01,,AT,,CR 48 / RIVERVIEW DR,,,,50,30,26,,,N,,189
201913522019-03392,MONMOUTH,WALL TWP,10/21/2019,MO,0811,01,WALL TWP PD,,0,0,0,0,P,I,Y,N,01,2,NJ 34,S,34,,00000034__,1.97,02,,03,04,02,01,01,01,03,01,,AT,,ROUTE 524S / ATLANTIC AVE,,,,55,40,26,,,N,,169
201913522019-03393,MONMOUTH,WALL TWP,10/20/2019,SU,2300,01,WALL TWP PD,PATROL,0,0,0,0,P,I,N,N,11,1,ALLENWOOD RD,,,,13521019__,1.25,07,,01,04,02,02,05,02,04,01,,AT,,BRINLEY RD,,,,35,25,58,,,N,UTILITY POLE (#JC1344WL) WAS SNAPPED AT THE BASE AND HAD TO COMPLETELY BE REPLA?,194
201913522019-03405,MONMOUTH,WALL TWP,10/22/2019,TU,1030,01,WALL TWP PD,PATROL,0,0,0,0,P,B,N,N,02,2,ROUTE 524 SPUR,E,524,S,00000524S_,.47,05,,01,04,02,01,01,02,04,02,100,FE,E,CR 21 / ALLENWOOD RD / RAMSHORN DR,,,,40,35,26,,,N,,201
201913522019-03414,MONMOUTH,WALL TWP,10/23/2019,WE,0709,01,WALL TWP PD,PATROL,0,0,0,0,P,B,N,N,07,2,NEW BEDFORD RD,,,,13521306__,1.30,07,,01,04,02,02,02,01,05,01,500,FE,N,CR 30 / 18TH AVE / E HURLEY POND RD,,,,35,40,26,,,N,,209
201913522019-03415,MONMOUTH,WALL TWP,10/23/2019,WE,0658,01,WALL TWP PD,PATROL,0,0,0,0,P,B,N,N,01,2,NJ 18,N,18,,00000018__,5.14,02,,01,04,02,02,02,01,03,01,,,,,F,NJ 138,WB,55,,26,,,N,,200
201913522019-03420,MONMOUTH,WALL TWP,10/23/2019,WE,1209,01,WALL TWP PD,PATROL,0,0,0,0,P,I,N,N,01,2,ROUTE 524,,524,,00000524__,36.63,05,,03,04,02,01,01,01,01,01,,AT,,,T,NJ 34,NB,40,,26,,,N,,209
201913522019-03425,MONMOUTH,WALL TWP,10/23/2019,WE,1618,01,WALL TWP PD,PATROL,0,0,0,0,P,I,N,N,03,3,NJ 71,S,71,,00000071__,4.72,02,,01,04,02,01,01,01,05,01,,AT,,17TH AVE,,,,35,25,26,,,N,,
201913522019-03427,MONMOUTH,WALL TWP,10/23/2019,WE,1839,01,WALL TWP PD,PATROL,0,0,0,0,P,B,N,N,01,2,NJ 138,E,138,,00000138__,1.00,02,,01,04,02,01,06,01,03,01,1000,FE,W,CLUB DR,,,,55,35,26,,,N,,207