Year(4)-CountyCode(2)-MunicipalityCode(2)-CaseNumber(9),County Name,Municipality Name,Crash Date,Crash Day of Week,Crash Time,Police Department Code,Police Department,Police Station,Total Killed,Total Injured,Pedestrians Killed,Pedestrians Injured,Severity,Intersection,Alcohol Involved,Hazmat Involved,Crash Type,Total Vehicles,Location,Location Direction,Route,Route Suffix,Std Rte Identifier,MilePost,Road System,Road Character,Road Horizontal Alignment,Road Grade,Road Surface Type,Surface Condition,Light Condition,Environmental Condition,Road Divided By,Temporary Traffic Control Zone,Distance To Cross Street,Unit Of Measurement,Direction From Cross Street,Cross Street Name,Is Ramp,Ramp To/From Route Name,Ramp To/From Route Direction,Posted Speed,Posted Speed Cross Street,First Harmful Event,Latitude,Longitude,Cell Phone In Use Flag,Other Property Damage,Reporting Badge No.
201913522019-03429,MONMOUTH,WALL TWP,10/23/2019,WE,1924,01,WALL TWP PD,PATROL,0,0,0,0,P,I,N,N,02,2,NJ 34,N,34,,00000034__,2.63,02,,02,04,02,01,07,01,03,01,,AT,,ROUTE 524 / ALLAIRE RD,,,,55,45,26,,,N,,189
201913522019-03432,MONMOUTH,WALL TWP,10/24/2019,TH,0126,01,WALL TWP PD,,0,0,0,0,P,B,Y,N,11,1,NJ 33,W,33,,00000033__,35.85,02,,03,04,02,01,06,01,03,01,10,FE,E,NJ 34,,,,50,55,50,,,N,YIELD SIGN,206
201913522019-03433,MONMOUTH,WALL TWP,10/24/2019,TH,0750,01,WALL TWP PD,PATROL,0,1,0,0,I,I,N,N,01,2,NJ 34,N,34,,00000034__,1.97,02,,01,04,02,01,01,01,03,01,,AT,,ROUTE 524S / ATLANTIC AVE,,,,55,,26,,,N,,153
201913522019-03435,MONMOUTH,WALL TWP,10/24/2019,TH,1147,01,WALL TWP PD,PATROL,0,0,0,0,P,B,N,N,01,2,NEW BEDFORD RD,S,,,13521306__,1.50,07,,01,04,02,01,01,01,05,01,25,FE,N,NJ 138,,,,35,50,26,,,N,,187
201913522019-03441,MONMOUTH,WALL TWP,10/24/2019,TH,1706,01,WALL TWP PD,,0,0,0,0,P,I,N,N,01,2,NJ 35,N,35,,00000035__,18.49,02,,01,04,02,01,01,01,05,01,,AT,,NEW BEDFORD RD,,,,40,35,26,,,N,,197
201913522019-03442,MONMOUTH,WALL TWP,10/24/2019,TH,1755,01,WALL TWP PD,PATROL,0,0,0,0,P,B,N,N,01,2,NJ 138,W,138,,00000138__,2.91,02,,01,04,02,01,01,01,03,01,100,FE,W,OLD MILL RD,,,,55,35,26,,,N,,207
201913522019-03451,MONMOUTH,WALL TWP,10/25/2019,FR,1144,01,WALL TWP PD,,0,1,0,0,I,B,N,N,11,1,NJ 34,S,34,,00000034__,2.30,02,,01,06,02,01,01,01,03,01,50,FE,S,RIDGEWOOD RD,,,,55,25,,,,N,,197
201913522019-03454,MONMOUTH,WALL TWP,10/25/2019,FR,1251,01,WALL TWP PD,,0,0,0,0,P,I,N,N,02,2,ROUTE 524 SPUR,W,524,S,00000524S_,.87,05,,01,04,02,01,01,01,05,01,,AT,,NJ 34,,,,35,55,26,,,N,,197
201913522019-03455,MONMOUTH,WALL TWP,10/25/2019,FR,1448,01,WALL TWP PD,,0,0,0,0,P,B,N,N,01,2,NJ 35,S,35,,00000035__,18.05,02,,01,04,02,01,01,01,05,01,500,FE,S,OCEAN RD,,,,40,35,26,,,N,,197
201913522019-03467,MONMOUTH,WALL TWP,10/27/2019,SU,0530,01,WALL TWP PD,,0,0,0,0,P,B,N,N,06,2,DEUCE DRIVE,W,,,,,07,,01,04,02,02,07,02,05,01,20,FE,E,ACE DRIVE,,,,35,,26,,,N,,159
201913522019-03474,MONMOUTH,WALL TWP,10/28/2019,MO,0743,01,WALL TWP PD,PATROL,0,0,0,0,P,B,N,N,01,2,NJ 33,W,33,,00000033__,36.04,02,,01,06,02,01,01,01,04,01,50,FE,E,ROUTE 547 / SHAFTO RD / WYCKOFF RD,,,,50,40,26,,,N,,195
201913522019-03476,MONMOUTH,WALL TWP,10/24/2019,TH,1335,01,WALL TWP PD,PATROL,0,1,0,0,I,B,N,N,10,1,SEA GIRT AVE,W,,,13521308__,.25,07,,01,04,02,01,01,01,05,01,1320,FE,E,NJ 35,,,,35,40,,,,N,,187
201913522019-03481,MONMOUTH,WALL TWP,10/29/2019,TU,1509,01,WALL TWP PD,PATROL,0,0,0,0,P,B,N,N,06,2,RIVERVIEW TER **,,,,13061030__,,07,,01,04,02,01,01,01,05,01,200,FE,S,16TH AVE,,,,25,25,28,,,N,,200
201913522019-03482,MONMOUTH,WALL TWP,10/28/2019,MO,1600,01,WALL TWP PD,,0,0,0,0,P,B,N,N,01,2,NJ 138,E,138,,00000138__,1.75,02,,01,06,02,01,01,01,03,01,400,FE,W,NJ 18,,,,55,65,26,,,N,,197
201913522019-03483,MONMOUTH,WALL TWP,10/28/2019,MO,1632,01,WALL TWP PD,PATROL,0,0,0,0,P,I,N,N,01,2,ROUTE 524 SPUR,E,524,S,00000524S_,2.43,05,,01,04,02,01,01,01,05,01,,AT,,NJ 35,,,,40,40,26,,,N,,153
201913522019-03487,MONMOUTH,WALL TWP,10/29/2019,TU,1109,01,WALL TWP PD,PATROL,0,0,0,0,P,B,N,N,11,1,NJ 18,N,18,,00000018__,5.14,02,,03,04,02,02,01,02,03,01,,,,,F,NJ 138,EB,55,,46,,,N,GUARD RAIL DAMAGE.,164
201913522019-03490,MONMOUTH,WALL TWP,10/29/2019,TU,1316,01,WALL TWP PD,,0,0,0,0,P,I,N,N,01,2,NJ 138,E,138,,00000138__,2.28,02,,01,04,02,01,01,01,03,01,,AT,,NEW BEDFORD RD,,,,50,40,26,,,N,,152
201913522019-03493,MONMOUTH,WALL TWP,10/29/2019,TU,1644,01,WALL TWP PD,,0,0,0,0,P,B,N,N,01,2,TILTONS CORNER RD **,W,,,13521194__,.00,07,,01,04,02,02,01,05,05,01,10,FE,E,ROUTE 524S / ATLANTIC AVE,,,,35,45,,,,N,,137
201913522019-03495,MONMOUTH,WALL TWP,10/29/2019,TU,1725,01,WALL TWP PD,PATROL,0,0,0,0,P,B,N,N,06,2,OLD MILL RD,,,,13521307__,1.87,07,,01,04,02,02,01,02,04,01,75,FE,S,LAUREL AVE,,,,35,25,28,,,N,,195
201913522019-03496,MONMOUTH,WALL TWP,10/29/2019,TU,1802,01,WALL TWP PD,,0,0,0,0,P,I,N,N,01,2,NJ 34,,34,,00000034__,7.72,02,,02,04,02,02,03,02,03,01,,AT,E,NJ 33,,,,50,50,26,,,N,,204
201913522019-03497,MONMOUTH,WALL TWP,10/29/2019,TU,1836,01,WALL TWP PD,PATROL,0,0,0,0,P,B,N,N,03,2,ROUTE 524 SPUR,,524,S,00000524S_,1.37,05,,02,05,02,02,04,02,05,01,2640,FE,N,NJ 34,,,,45,35,26,,,N,,209
201913522019-03500,MONMOUTH,WALL TWP,10/30/2019,WE,0736,01,WALL TWP PD,PATROL,0,0,0,0,P,B,N,N,01,2,NJ 138,E,138,,00000138__,1.85,02,,01,04,02,02,01,02,01,02,100,FE,E,NJ 18,,,,55,65,26,,,N,,194
201913522019-03502,MONMOUTH,WALL TWP,10/30/2019,WE,0915,01,WALL TWP PD,PATROL,0,1,0,0,I,B,N,N,07,2,ROUTE 524,E,524,,00000524__,38.82,05,,01,04,02,02,01,01,04,01,100,FE,W,NJ 35,,,,35,45,26,,,N,,201
201913522019-03508,MONMOUTH,WALL TWP,10/30/2019,WE,1827,01,WALL TWP PD,,0,0,0,0,P,B,N,N,03,2,MONMOUTH COUNTY 20,,20,,13000020__,.65,05,,03,04,02,02,04,02,04,01,500,FE,S,NJ 35,,,,40,50,26,,,N,,202
201913522019-03518,MONMOUTH,WALL TWP,11/01/2019,FR,0811,01,WALL TWP PD,PATROL,0,1,0,0,I,B,N,N,01,2,NJ 138,E,138,,00000138__,.77,02,,01,04,02,01,01,01,01,01,300,FE,E,ALLENWOOD RD,,,,55,35,26,,,N,,209
201913522019-03521,MONMOUTH,WALL TWP,11/01/2019,FR,1309,01,WALL TWP PD,PATROL,0,0,0,0,P,B,N,N,03,2,SEA GIRT AVE,E,,,13521308__,.01,07,,01,04,02,01,01,01,04,01,50,FE,E,NJ 35,,,,35,40,26,,,N,,195
201913522019-03522,MONMOUTH,WALL TWP,10/31/2019,TH,1900,01,WALL TWP PD,PATROL,0,0,0,0,P,B,N,N,06,2,WINESAP DR **,E,,,13521528__,.43,07,,01,04,02,01,05,05,05,01,300,FE,W,ORCHARDCREST BLVD,,,,25,25,28,,,N,,195
201913522019-03523,MONMOUTH,WALL TWP,11/01/2019,FR,1503,01,WALL TWP PD,PATROL,0,0,0,0,P,I,N,N,01,2,NJ 35,,35,,00000035__,17.17,02,,02,04,02,01,01,01,02,01,,AT,,ROUTE 524 SPUR / ATLANTIC AVE,,,,40,40,26,,,N,,209
201913522019-03526,MONMOUTH,WALL TWP,11/01/2019,FR,1651,01,WALL TWP PD,,0,0,0,0,P,I,N,N,08,2,1933 STATE HWY 35 (PARKING LOT),,,,,,09,,01,04,02,01,01,01,05,01,,AT,,ALLAIRE RD,,,,25,45,26,,,N,,204
201913522019-03528,MONMOUTH,WALL TWP,11/01/2019,FR,2137,01,WALL TWP PD,PATROL,0,0,0,0,P,B,N,N,01,2,NJ 71,S,71,,00000071__,4.65,02,,01,04,02,01,05,01,04,01,10,FE,N,WALLING AVE,,,,30,25,26,,,N,,200
201913522019-03535,MONMOUTH,WALL TWP,11/02/2019,SA,0545,01,WALL TWP PD,PATROL,0,0,0,0,P,B,N,N,12,1,I-195,W,195,,00000195__,32.40,01,,01,04,02,01,04,01,03,01,,,,,,,,65,,24,,,N,,209
201913522019-03538,MONMOUTH,WALL TWP,11/02/2019,SA,1347,01,WALL TWP PD,,0,0,0,0,P,B,N,N,03,2,CHURCH ST **,,,,13521045__,.02,07,,01,04,02,01,01,01,05,01,100,FE,E,NJ 35,,,,35,40,26,,,N,,204
201913522019-03539,MONMOUTH,WALL TWP,11/02/2019,SA,1939,01,WALL TWP PD,PATROL,0,0,0,0,P,I,N,N,02,2,NJ 34,S,34,,00000034__,2.63,02,,02,05,02,01,05,01,03,01,,AT,,ROUTE 524 / ALLAIRE RD,,,,55,45,26,,,N,,200
201913522019-03542,MONMOUTH,WALL TWP,11/02/2019,SA,2256,01,WALL TWP PD,,0,0,0,0,P,B,N,N,12,1,NJ 34,S,34,,00000034__,4.75,02,,01,04,02,01,06,01,03,01,100,FE,S,WEST HURLEY POND RD,,,,55,35,24,,,N,,206
201913522019-03548,MONMOUTH,WALL TWP,11/03/2019,SU,1708,01,WALL TWP PD,PATROL,0,2,0,0,I,B,N,N,01,3,NJ 70,W,70,,00000070__,58.77,02,,01,04,02,01,03,01,01,01,100,FE,E,CR 48 / RIVERVIEW DR,,,,55,35,26,,,N,,209
201913522019-03553,MONMOUTH,WALL TWP,11/04/2019,MO,0642,01,WALL TWP PD,PATROL,0,0,0,0,P,B,N,N,02,2,NJ 35,S,35,,00000035__,16.00,02,,02,04,02,01,01,01,02,01,20,FE,N,NJ 34 / NJ 70,,,,25,55,26,,,N,,196
201913522019-03554,MONMOUTH,WALL TWP,11/04/2019,MO,0705,01,WALL TWP PD,PATROL,0,0,0,0,P,B,N,N,02,2,NJ 33,W,33,,00000033__,35.85,02,,02,04,02,01,01,01,02,01,15,FE,E,NJ 34,,,,25,55,26,,,N,,196
201913522019-03555,MONMOUTH,WALL TWP,11/04/2019,MO,1129,01,WALL TWP PD,PATROL,0,2,0,0,I,I,N,N,03,2,NJ 34,N,34,,00000034__,.95,02,,01,04,02,01,01,01,03,01,,AT,,PAYNTERS RD,,,,55,25,26,,,N,,208
201913522019-03556,MONMOUTH,WALL TWP,11/04/2019,MO,1254,01,WALL TWP PD,,0,0,0,0,P,I,N,N,03,2,NJ 34,S,34,,00000034__,2.63,02,,02,04,02,01,01,01,03,01,,AT,,ROUTE 524 / ALLAIRE RD,,,,55,45,26,,,N,,159
201913522019-03561,MONMOUTH,WALL TWP,11/04/2019,MO,1712,01,WALL TWP PD,PATROL,0,0,0,0,P,B,N,N,01,2,NJ 138,E,138,,00000138__,1.17,02,,01,04,02,01,03,01,01,01,100,FE,W,CLUB DR,,,,55,25,26,,,N,,194
201913522019-03562,MONMOUTH,WALL TWP,11/04/2019,MO,1827,01,WALL TWP PD,,0,0,0,0,P,I,N,N,03,2,NJ 34,,34,,00000034__,7.72,02,,02,04,02,01,06,01,03,01,,AT,,NJ 33,,,,,,,,,N,,160
201913522019-03563,MONMOUTH,WALL TWP,11/04/2019,MO,1847,01,WALL TWP PD,,0,0,0,0,P,B,N,N,15,1,NJ 35,,35,,00000035__,19.82,02,,01,04,02,01,07,01,04,01,100,FE,S,CR 30 II / EIGHTEENTH AVE,,,,40,25,,,,N,SHOPPING CART DESTROYED,169
201913522019-03568,MONMOUTH,WALL TWP,11/05/2019,TU,0947,01,WALL TWP PD,WALL PD,0,0,0,0,P,B,N,N,01,2,NJ 34,N,34,,00000034__,.31,02,,01,04,02,02,01,01,03,01,100,FE,S,LAKEWOOD RD,,,,55,25,26,,,N,,185
201913522019-03574,MONMOUTH,WALL TWP,11/05/2019,TU,1802,01,WALL TWP PD,WALL PD,0,1,0,0,I,B,N,N,01,2,NJ 34,S,34,,00000034__,4.14,02,,03,04,02,01,06,01,03,01,,,,,F,I 195,EB,55,,26,,,N,,185
201913522019-03575,MONMOUTH,WALL TWP,11/05/2019,TU,1855,01,WALL TWP PD,,0,2,0,0,I,I,Y,N,01,2,NJ 35,S,35,,00000035__,17.17,02,,02,04,02,01,07,01,02,01,,AT,,ROUTE 524 SPUR / ATLANTIC AVE,,,,40,35,26,,,N,,169
201913522019-03576,MONMOUTH,WALL TWP,11/05/2019,TU,2039,01,WALL TWP PD,,0,0,0,0,P,I,N,N,12,1,NJ 35,N,35,,00000035__,16.82,02,,01,04,02,01,05,01,04,01,,AT,,CHURCH ST,,,,40,30,,,,N,,169
201913522019-03580,MONMOUTH,WALL TWP,11/06/2019,WE,0750,01,WALL TWP PD,PATROL,0,1,0,0,I,I,N,N,03,2,NJ 34,N,34,,00000034__,5.46,02,,01,04,02,01,01,01,03,01,,AT,,AIRPORT RD,,,,55,25,26,,,N,,209
201913522019-03581,MONMOUTH,WALL TWP,11/06/2019,WE,0851,01,WALL TWP PD,PATROL,0,0,0,0,P,B,N,N,02,2,NJ 34,S,34,,00000034__,1.93,02,,01,04,02,01,01,01,01,02,2000,FE,S,RIDGEWOOD RD,,,,55,25,26,,,N,,209
201913522019-03586,MONMOUTH,WALL TWP,11/06/2019,WE,1547,01,WALL TWP PD,PATROL,0,0,0,0,P,I,N,N,03,2,LAKEWOOD RD **,,,,13521239__,,07,,01,04,02,01,01,01,05,01,,AT,,ALGONKIN TRAIL,,,,25,25,26,,,N,,209
201913522019-03587,MONMOUTH,WALL TWP,11/06/2019,WE,1747,01,WALL TWP PD,PATROL,0,0,0,0,P,B,N,N,01,2,NJ 138,W,138,,00000138__,.01,02,,01,04,02,01,06,01,01,01,100,FE,E,,T,NJ 34,NB,55,,26,,,N,,209
201913522019-03597,MONMOUTH,WALL TWP,11/07/2019,TH,1239,01,WALL TWP PD,PATROL,0,0,0,0,P,B,N,N,01,2,NEW BEDFORD RD,,,,13521306__,1.25,07,,01,04,02,01,01,01,05,01,200,FE,N,CR 30 / 18TH AVE / E HURLEY POND RD,,,,35,35,26,,,N,,209
201913522019-03600,MONMOUTH,WALL TWP,11/07/2019,TH,1426,01,WALL TWP PD,PATROL,0,0,0,0,P,I,N,N,03,2,NJ 33,E,33,,00000033__,35.85,02,,03,04,02,01,01,01,03,01,,AT,N,NJ 34,,,,40,55,26,,,N,,209
201913522019-03601,MONMOUTH,WALL TWP,11/07/2019,TH,1446,01,WALL TWP PD,PATROL,0,1,0,0,I,B,N,N,03,2,NJ 35,S,35,,00000035__,17.50,02,,01,04,02,01,01,01,05,01,500,FE,N,SEA GIRT AVE,,,,40,30,26,,,N,,153
201913522019-03602,MONMOUTH,WALL TWP,11/07/2019,TH,1808,01,WALL TWP PD,,0,0,0,0,P,B,N,N,03,2,NJ 35,N,35,,00000035__,18.05,02,,01,04,02,02,03,02,04,01,500,FE,S,OCEAN RD,,,,40,25,26,,,N,,204
201913522019-03603,MONMOUTH,WALL TWP,11/12/2019,TU,2131,01,WALL TWP PD,,0,0,0,0,P,B,N,N,12,1,NJ 34,S,34,,00000034__,6.57,02,,01,04,02,01,04,01,04,01,300,FE,S,MEGILL RD,,,,55,35,24,,,N,,204
201913522019-03611,MONMOUTH,WALL TWP,11/08/2019,FR,1801,01,WALL TWP PD,PATROL,0,1,0,0,I,B,N,N,12,1,NJ 34,N,34,,00000034__,1.45,02,,01,04,02,01,06,01,03,02,2640,FE,N,PAYNTERS RD,,,,55,30,24,,,N,,207
201913522019-03616,MONMOUTH,WALL TWP,11/09/2019,SA,1304,01,WALL TWP PD,,0,1,0,0,I,B,N,N,01,2,NJ 70,E,70,,00000070__,59.83,02,,01,04,02,01,01,01,01,01,50,FE,W,NJ 34 / NJ 35,,,,55,45,26,,,N,,159
201913522019-03620,MONMOUTH,WALL TWP,11/09/2019,SA,1535,01,WALL TWP PD,,0,1,0,1,I,B,N,N,13,1,NJ 34,N,34,,00000034__,,02,,01,04,02,01,01,01,01,01,100,FE,N,KELLY LANE,,,,55,35,22,,,N,,159
201913522019-03624,MONMOUTH,WALL TWP,11/09/2019,SA,2330,01,WALL TWP PD,PATROL,0,0,0,0,P,I,N,N,01,3,NJ 34,N,34,,00000034__,7.72,02,,01,04,02,01,06,01,03,01,,AT,,NJ 33,,,,50,50,26,,,N,,
201913522019-03625,MONMOUTH,WALL TWP,11/10/2019,SU,0744,01,WALL TWP PD,,0,0,0,0,P,B,N,N,11,1,MONMOUTH COUNTY 30 I,N,30,1,130000301_,1.06,05,,01,04,02,01,01,01,05,01,1000,FE,S,NJ 34,,,,40,55,,,,N,FIRE HYDRANT,165
201913522019-03628,MONMOUTH,WALL TWP,11/10/2019,SU,1117,01,WALL TWP PD,PATROL,0,0,0,0,P,I,N,N,01,2,NJ 34,N,34,,00000034__,3.16,02,,01,04,02,01,01,01,03,01,,AT,,ALLENWOOD GLENDOLA RD,,,,55,35,26,,,N,,194
201913522019-03633,MONMOUTH,WALL TWP,11/11/2019,MO,0804,01,WALL TWP PD,PATROL,0,0,0,0,P,B,N,N,01,2,NJ 138,E,138,,00000138__,1.21,02,,01,04,02,01,01,01,01,01,100,FE,E,CLUB DR,,,,55,25,26,,,N,,203
201913522019-03634,MONMOUTH,WALL TWP,11/11/2019,MO,0850,01,WALL TWP PD,PATROL,0,0,0,0,P,I,N,N,03,2,NJ 33,,33,,00000033__,35.85,02,,02,04,02,01,01,01,03,01,,AT,,NJ 34,,,,50,55,,,,N,,180
201913522019-03637,MONMOUTH,WALL TWP,11/11/2019,MO,1352,01,WALL TWP PD,PATROL,0,0,0,0,P,B,N,N,02,2,NJ 35,S,35,,00000035__,20.00,02,,01,04,02,01,01,01,04,01,10,FE,N,MARIETTA AVE,,,,40,25,26,,,N,,181
201913522019-03639,MONMOUTH,WALL TWP,11/11/2019,MO,1505,01,WALL TWP PD,PATROL,0,0,0,0,P,I,N,N,09,2,MONMOUTH COUNTY 18 I,E,18,1,130000181_,2.46,05,,01,04,02,01,01,01,04,01,,AT,W,NJ 34,,,,40,50,26,,,N,,189
201913522019-03646,MONMOUTH,WALL TWP,11/12/2019,TU,0934,01,WALL TWP PD,,0,0,0,0,P,B,N,N,11,1,COOPER BLVD,S,,,,,07,,01,04,02,01,01,01,03,01,,,,,,,,25,,42,,,N,SUPERFICIAL DAMAGE TO ROOF/OVERHANG AT SECURITY GATE.,#150
201913522019-03647,MONMOUTH,WALL TWP,11/12/2019,TU,1207,01,WALL TWP PD,PATROL,0,0,0,0,P,B,N,N,01,2,NJ 138,W,138,,00000138__,.71,02,,01,00,02,02,01,03,03,01,25,FE,W,ALLENWOOD RD,,,,55,35,26,,,N,,164
201913522019-03648,MONMOUTH,WALL TWP,11/12/2019,TU,1435,01,WALL TWP PD,PATROL,0,1,0,0,I,B,N,N,11,1,NJ 138,E,138,,00000138__,3.33,02,,03,05,02,02,01,03,01,01,,,,,T,NJ 35,SB,55,,26,,,N,STATE DOT YIELD SIGN,203
201913522019-03649,MONMOUTH,WALL TWP,11/12/2019,TU,1903,01,WALL TWP PD,PATROL,0,0,0,0,P,B,N,N,12,1,NJ 18,S,18,,00000018__,5.14,02,,01,04,02,01,05,01,03,01,50,FE,N,,T,NJ 138,WB,55,,24,,,N,,208
201913522019-03652,MONMOUTH,WALL TWP,11/12/2019,TU,2042,01,WALL TWP PD,PATROL,0,0,0,0,P,B,N,N,12,1,NJ 34,S,34,,00000034__,.58,02,,01,04,02,01,05,01,03,01,1320,FE,N,LAKEWOOD RD,,,,40,25,24,,,N,,187
201913522019-03658,MONMOUTH,WALL TWP,11/13/2019,WE,0748,01,WALL TWP PD,,0,1,0,0,I,B,N,N,01,2,ROUTE 524,W,524,,00000524__,36.63,05,,03,04,02,01,01,01,03,01,5,FE,E,,T,NJ 34,NB,45,,26,,,N,,159
201913522019-03659,MONMOUTH,WALL TWP,11/13/2019,WE,0803,01,WALL TWP PD,,0,0,0,0,P,B,N,N,01,2,NJ 34,S,34,,00000034__,7.72,02,,01,05,02,01,01,01,03,01,300,FE,N,NJ 33,,,,55,35,26,,,N,,165
201913522019-03660,MONMOUTH,WALL TWP,11/13/2019,WE,0820,01,WALL TWP PD,,0,0,0,0,P,B,N,N,12,2,NJ 34,N,34,,00000034__,4.82,02,,01,00,02,01,01,01,03,01,250,FE,N,WEST HURLEY POND RD,,,,50,35,24,,,N,,140
201913522019-03662,MONMOUTH,WALL TWP,11/13/2019,WE,1025,01,WALL TWP PD,,0,0,0,0,P,B,N,N,01,2,NJ 138,E,138,,00000138__,1.19,02,,01,04,02,01,01,01,03,01,10,FE,W,CLUB DR,,,,55,25,26,,,N,,202
201913522019-03663,MONMOUTH,WALL TWP,11/13/2019,WE,1038,01,WALL TWP PD,,0,0,0,0,P,B,N,N,01,2,NJ 138,,138,,00000138__,1.17,02,,01,04,02,01,01,01,03,01,100,FE,W,CLUB DR,,,,55,,,,,N,,160
201913522019-03664,MONMOUTH,WALL TWP,11/13/2019,WE,1327,01,WALL TWP PD,,0,1,0,0,I,I,N,N,02,2,NJ 34,N,34,,00000034__,7.72,02,,02,04,02,01,01,01,03,01,,AT,,NJ 33,,,,55,55,26,,,N,,202
201913522019-03665,MONMOUTH,WALL TWP,11/13/2019,WE,1531,01,WALL TWP PD,PATROL,0,0,0,0,P,B,N,N,08,2,2300 STATE HWY 34,N,,,,,09,,01,04,02,01,01,01,05,01,,,,,,,,,,26,,,N,,196
201913522019-03666,MONMOUTH,WALL TWP,11/13/2019,WE,1721,01,WALL TWP PD,,0,0,0,0,P,B,N,N,01,3,NJ 35,S,35,,00000035__,17.42,02,,01,04,02,01,06,01,04,01,50,FE,N,SEA GIRT AVE,,,,40,35,26,,,N,,
201913522019-03672,MONMOUTH,WALL TWP,11/14/2019,TH,0649,01,WALL TWP PD,,0,0,0,0,P,B,N,N,12,1,GLENDOLA RD **,,,,,,07,,01,04,02,01,01,01,04,01,150,FE,S,SUNNY POND CT,,,,25,25,25,,,N,,202
201913522019-03673,MONMOUTH,WALL TWP,11/14/2019,TH,0652,01,WALL TWP PD,PATROL,0,0,0,0,P,B,N,N,12,1,NJ 138,W,138,,00000138__,2.19,02,,01,04,02,01,01,01,03,01,500,FE,W,NEW BEDFORD RD,,,,55,35,24,,,N,,196
201913522019-03674,MONMOUTH,WALL TWP,11/14/2019,TH,0821,01,WALL TWP PD,,0,0,0,0,P,B,N,N,12,1,NJ 34,S,34,,00000034__,.83,02,,02,05,02,01,01,01,03,01,2640,FE,N,LAKEWOOD RD,,,,55,25,24,,,N,,165
201913522019-03678,MONMOUTH,WALL TWP,11/14/2019,TH,1501,01,WALL TWP PD,,0,0,0,0,P,B,N,N,02,2,NJ 35,S,35,,00000035__,17.77,02,,01,04,02,01,01,01,04,01,500,FE,N,TARPON DR,,,,40,25,26,,,N,,165
201913522019-03681,MONMOUTH,WALL TWP,11/14/2019,TH,1718,01,WALL TWP PD,PATROL,0,1,0,0,I,B,N,N,01,2,NJ 34,S,34,,00000034__,4.14,02,,01,07,02,01,05,01,03,01,100,FE,N,,T,I 195,WB,55,,26,,,N,,196
201913522019-03682,MONMOUTH,WALL TWP,11/14/2019,TH,1751,01,WALL TWP PD,,0,0,0,0,P,B,N,N,12,1,NJ 34,,34,,00000034__,4.20,02,,01,05,02,01,05,01,03,01,300,FE,N,I-195 / NJ 138,,,,55,55,24,,,N,,202
201913522019-03683,MONMOUTH,WALL TWP,11/14/2019,TH,2032,01,WALL TWP PD,PATROL,0,0,0,0,P,B,N,N,12,1,NJ 34,S,34,,00000034__,7.32,02,,01,04,02,01,07,01,03,01,300,FE,N,WYCKOFF RD,,,,55,40,24,,,N,,194
201913522019-03685,MONMOUTH,WALL TWP,11/15/2019,FR,0739,01,WALL TWP PD,PATROL,0,0,0,0,P,I,N,N,03,2,RAMSHORN DR,N,,,13521254__,1.90,07,,01,04,02,01,02,01,04,01,,AT,,LAKEWOOD RD,,,,35,25,26,,,N,,203
201913522019-03694,MONMOUTH,WALL TWP,11/11/2019,MO,1324,01,WALL TWP PD,PATROL,0,0,0,0,P,B,N,N,01,2,ROUTE 524 SPUR,W,524,S,00000524S_,.87,05,,03,04,02,01,01,01,05,01,,,,,T,NJ 34,NB,40,,26,,,N,,205
201913522019-03706,MONMOUTH,WALL TWP,11/17/2019,SU,1649,01,WALL TWP PD,PATROL,0,0,0,0,P,B,N,N,12,1,NJ 18,S,18,,00000018__,5.39,02,,01,04,02,01,05,01,01,01,1320,FE,N,NJ 138,,,,55,55,24,,,N,,195
201913522019-03708,MONMOUTH,WALL TWP,11/17/2019,SU,2051,01,WALL TWP PD,PATROL,0,0,0,0,P,B,N,N,02,2,NJ 138,E,138,,00000138__,2.27,02,,01,04,02,01,06,01,01,01,50,FE,W,NEW BEDFORD RD,,,,55,35,26,,,N,,195
201913522019-03710,MONMOUTH,WALL TWP,11/12/2019,TU,0648,01,WALL TWP PD,,0,0,0,0,P,I,N,N,03,2,NJ 35,N,35,,00000035__,19.84,02,,01,04,02,02,01,02,04,01,,AT,,CR 30 II / EIGHTEENTH AVE,,,,40,25,26,,,N,,202
201913522019-03711,MONMOUTH,WALL TWP,11/18/2019,MO,0703,01,WALL TWP PD,,0,1,0,0,I,I,N,N,03,2,NJ 35,N,35,,00000035__,19.84,02,,01,04,02,02,01,02,04,01,,AT,,CR 30 II / EIGHTEENTH AVE,,,,40,25,26,,,N,,202
201913522019-03712,MONMOUTH,WALL TWP,11/18/2019,MO,0710,01,WALL TWP PD,PATROL,0,0,0,0,P,I,N,N,03,2,ROUTE 549,E,549,,00000549__,15.94,05,,01,04,02,02,01,02,05,01,,AT,,EASY ST,,,,45,35,26,,,N,,196
201913522019-03713,MONMOUTH,WALL TWP,11/18/2019,MO,0722,01,WALL TWP PD,,0,0,0,0,P,I,N,N,01,2,MONMOUTH COUNTY 30 II,W,30,2,130000302_,2.52,05,,01,04,02,02,01,05,05,01,,AT,,OLD MILL RD,,,,35,,26,,,N,,149
201913522019-03719,MONMOUTH,WALL TWP,11/18/2019,MO,1125,01,WALL TWP PD,PATROL,0,0,0,0,P,B,N,N,01,2,NJ 34,N,34,,00000034__,3.14,02,,01,05,02,02,01,02,03,01,100,FE,S,ALLENWOOD GLENDOLA RD,,,,55,35,26,,,N,,196
201913522019-03723,MONMOUTH,WALL TWP,11/18/2019,MO,1640,01,WALL TWP PD,,0,0,0,0,P,B,N,N,02,2,MONMOUTH COUNTY 18 I,E,18,1,130000181_,5.99,05,,01,04,02,02,05,02,05,01,15,FE,W,NEW BEDFORD RD,,,,40,25,26,,,N,,165