Year(4)-CountyCode(2)-MunicipalityCode(2)-CaseNumber(9),County Name,Municipality Name,Crash Date,Crash Day of Week,Crash Time,Police Department Code,Police Department,Police Station,Total Killed,Total Injured,Pedestrians Killed,Pedestrians Injured,Severity,Intersection,Alcohol Involved,Hazmat Involved,Crash Type,Total Vehicles,Location,Location Direction,Route,Route Suffix,Std Rte Identifier,MilePost,Road System,Road Character,Road Horizontal Alignment,Road Grade,Road Surface Type,Surface Condition,Light Condition,Environmental Condition,Road Divided By,Temporary Traffic Control Zone,Distance To Cross Street,Unit Of Measurement,Direction From Cross Street,Cross Street Name,Is Ramp,Ramp To/From Route Name,Ramp To/From Route Direction,Posted Speed,Posted Speed Cross Street,First Harmful Event,Latitude,Longitude,Cell Phone In Use Flag,Other Property Damage,Reporting Badge No.
201913522019-03725,MONMOUTH,WALL TWP,11/18/2019,MO,1750,01,WALL TWP PD,PATROL,0,0,0,0,P,B,N,N,11,1,ROUTE 524,W,524,,00000524__,38.80,05,,01,04,02,02,07,02,04,01,200,FE,W,NJ 35,,,,40,40,50,,,N,"DO NOT ENTER"""" SIGN IN FRONT OF 1407 ATLANTIC AVE",207
201913522019-03726,MONMOUTH,WALL TWP,11/18/2019,MO,1736,01,WALL TWP PD,,0,0,0,0,P,B,N,N,01,3,NJ 138,E,138,,00000138__,.73,02,,01,04,02,02,05,02,03,01,100,FE,E,ALLENWOOD RD,,,,55,35,26,,,N,,
201913522019-03727,MONMOUTH,WALL TWP,11/18/2019,MO,1748,01,WALL TWP PD,,0,0,0,0,P,B,N,N,03,2,ROUTE 524,,524,,00000524__,36.63,05,,01,04,02,02,05,02,04,01,25,FE,W,NJ 34,,,,35,55,26,,,N,,202
201913522019-03732,MONMOUTH,WALL TWP,11/19/2019,TU,0725,01,WALL TWP PD,,0,0,0,0,P,B,N,N,11,1,NJ 18,N,18,,00000018__,5.14,02,,02,05,02,02,01,01,02,01,,,,,F,NJ 138,EB,20,,56,,,N,,165
201913522019-03733,MONMOUTH,WALL TWP,11/19/2019,TU,0738,01,WALL TWP PD,,0,0,0,0,P,B,N,N,02,3,NJ 138,E,138,,00000138__,.65,02,,01,04,02,01,01,01,03,01,300,FE,W,ALLENWOOD RD,,,,55,35,26,,,N,,
201913522019-03734,MONMOUTH,WALL TWP,11/19/2019,TU,0731,01,WALL TWP PD,,0,0,0,0,P,B,N,N,01,2,NJ 138,W,138,,00000138__,.73,02,,01,04,02,02,01,01,01,01,100,FE,E,ALLENWOOD RD,,,,55,45,26,,,N,,159
201913522019-03735,MONMOUTH,WALL TWP,11/19/2019,TU,0827,01,WALL TWP PD,,0,0,0,0,P,B,N,N,01,2,NJ 34,S,34,,00000034__,3.90,02,,01,04,02,02,01,01,02,01,30,FE,N,US 30 / W EIGHTEENTH AVE,,,,55,40,26,,,N,,159
201913522019-03737,MONMOUTH,WALL TWP,11/19/2019,TU,0853,01,WALL TWP PD,,0,0,0,0,P,B,N,N,06,2,2201 MARCONI RD,,,,,,09,,01,04,02,02,01,01,05,01,,,,,,,,,,26,,,N,,165
201913522019-03772,MONMOUTH,WALL TWP,11/21/2019,TH,1013,01,WALL TWP PD,PATROL,0,0,0,0,P,B,N,N,02,2,ROUTE 524,W,524,,00000524__,34.03,05,,01,04,02,01,01,01,05,01,5280,FE,W,US 30 / W 18TH AVE,,,,40,35,26,,,N,,205
201913522019-03778,MONMOUTH,WALL TWP,11/21/2019,TH,1605,01,WALL TWP PD,,0,0,0,0,P,B,N,N,01,2,W HURLEY POND RD **,W,,,13521126__,1.09,07,,01,04,02,01,03,01,05,01,20,FE,E,NJ 34,,,,35,55,26,,,N,,206
201913522019-03779,MONMOUTH,WALL TWP,11/21/2019,TH,1610,01,WALL TWP PD,PATROL,0,0,0,0,P,I,N,N,01,2,NJ 34,S,34,,00000034__,.00,02,,01,04,02,01,01,01,05,01,,AT,,NJ 35 / NJ 70,,,,55,45,26,,,N,,210
201913522019-03780,MONMOUTH,WALL TWP,11/21/2019,TH,1721,01,WALL TWP PD,PATROL,0,0,0,0,P,B,N,N,01,2,NJ 35,S,35,,00000035__,18.16,02,,01,04,02,01,06,01,05,01,100,FE,N,OCEAN RD,,,,40,25,26,,,N,,209
201913522019-03783,MONMOUTH,WALL TWP,11/21/2019,TH,2239,01,WALL TWP PD,PATROL,0,0,0,0,P,I,Y,N,11,1,RIVER RD **,W,,,13521280__,1.17,07,,01,04,02,01,05,01,05,01,,AT,,FRAZEE RD,,,,25,25,69,,,N,DESTROYED BRICK RETRACTING WALL (252 RIVER RD) DESTROYED ALUMINUM FENCE (2519 R?,187
201913522019-03784,MONMOUTH,WALL TWP,11/22/2019,FR,0645,01,WALL TWP PD,,0,0,0,0,P,B,N,N,12,1,NJ 138,W,138,,00000138__,.77,02,,01,04,02,01,01,01,01,01,300,FE,E,ALLENWOOD RD,,,,55,40,24,,,N,,159
201913522019-03785,MONMOUTH,WALL TWP,11/22/2019,FR,0855,01,WALL TWP PD,,0,1,0,0,I,B,N,N,01,2,NJ 35,S,35,,00000035__,19.03,02,,01,04,02,01,01,01,05,01,1320,FE,N,ROUTE 524 / ALLAIIRE RD,,,,40,,26,,,N,,149
201913522019-03786,MONMOUTH,WALL TWP,11/22/2019,FR,1047,01,WALL TWP PD,,0,0,0,0,P,B,N,N,06,2,17TH AVE **,,,,13471033__,.44,07,,01,04,02,01,01,01,05,01,30,FE,E,I ST,,,,25,25,26,,,N,,202
201913522019-03787,MONMOUTH,WALL TWP,11/22/2019,FR,1228,01,WALL TWP PD,,0,0,0,0,P,I,N,N,01,2,NJ 35,,35,,00000035__,17.17,02,,03,04,02,02,01,02,02,01,,AT,,ROUTE 524 SPUR / ATLANTIC AVE,,,,40,40,26,,,N,,139
201913522019-03789,MONMOUTH,WALL TWP,11/22/2019,FR,1501,01,WALL TWP PD,PATROL,0,0,0,0,P,B,N,N,01,2,SEA GIRT AVE,E,,,13521308__,.03,07,,01,04,02,01,01,01,05,01,150,FE,E,NJ 35,,,,35,40,26,,,N,,179
201913522019-03792,MONMOUTH,WALL TWP,11/22/2019,FR,1748,01,WALL TWP PD,,0,0,0,0,P,I,N,N,02,2,NJ 33,N,33,,00000033__,35.76,02,,02,04,02,01,07,01,02,01,,AT,,ROUTE 547 / ASBURY RD,,,,25,50,26,,,N,,165
201913522019-03796,MONMOUTH,WALL TWP,11/23/2019,SA,0851,01,WALL TWP PD,,0,2,0,0,I,I,N,N,01,3,NEW BEDFORD RD,N,,,13521306__,1.69,07,,01,04,02,01,01,01,04,01,,AT,,WOOLLEY RD,,,,35,25,26,,,N,,
201913522019-03798,MONMOUTH,WALL TWP,11/23/2019,SA,1055,01,WALL TWP PD,PATROL,0,0,0,0,P,I,N,N,01,2,NJ 34,S,34,,00000034__,2.63,02,,01,04,02,01,01,01,03,01,,AT,,ROUTE 524 / ALLAIRE RD,,,,55,45,26,,,N,,210
201913522019-03799,MONMOUTH,WALL TWP,11/23/2019,SA,1302,01,WALL TWP PD,,0,0,0,0,P,B,N,N,01,2,NJ 35,S,35,,00000035__,19.16,02,,01,04,02,01,01,01,04,01,200,FE,S,WALL CHURCH RD,,,,40,35,26,,,N,,202
201913522019-03801,MONMOUTH,WALL TWP,11/23/2019,SA,1801,01,WALL TWP PD,PATROL,0,0,0,0,P,B,N,N,03,2,NJ 35,N,35,,00000035__,16.76,02,,01,04,02,01,04,01,04,01,300,FE,S,CHURCH ST,,,,40,25,26,,,N,,196
201913522019-03805,MONMOUTH,WALL TWP,11/24/2019,SU,1250,01,WALL TWP PD,PATROL,0,0,0,0,P,B,N,N,11,1,SCHOOLHOUSE RD **,N,,,13521012__,,07,,02,04,02,02,01,05,04,01,,,,,,,,30,,56,,,N,FIRE HYDRANT AND LANDSCAPING (GRASS),196
201913522019-03806,MONMOUTH,WALL TWP,11/24/2019,SU,1312,01,WALL TWP PD,,0,0,0,0,P,I,N,N,02,2,NJ 34,S,34,,00000034__,7.72,02,,03,04,02,02,01,02,03,01,,AT,,NJ 33,,,,50,50,26,,,N,,192
201913522019-03808,MONMOUTH,WALL TWP,11/24/2019,SU,1755,01,WALL TWP PD,,0,0,0,0,P,I,N,N,02,2,NJ 34,S,34,,00000034__,2.63,02,,02,04,02,01,06,01,03,01,,AT,,ROUTE 524 / ALLAIRE RD,,,,55,40,26,,,N,,202
201913522019-03811,MONMOUTH,WALL TWP,11/25/2019,MO,0854,01,WALL TWP PD,PATROL,0,0,0,0,P,B,N,N,01,2,NJ 34,N,34,,00000034__,3.35,02,,01,04,02,01,01,01,03,01,1000,FE,N,ALLENWOOD GLENDOLA RD,,,,55,35,26,,,N,,164
201913522019-03812,MONMOUTH,WALL TWP,11/25/2019,MO,0901,01,WALL TWP PD,,0,0,0,0,P,B,N,N,01,2,NJ 70,E,70,,00000070__,,02,,01,04,02,01,01,01,01,01,5280,FE,W,OLD BRIDGE RD,,,,50,45,26,,,N,,150
201913522019-03822,MONMOUTH,WALL TWP,11/26/2019,TU,1726,01,WALL TWP PD,PATROL,0,1,0,0,I,I,N,N,03,2,ALLENWOOD RD,N,,,13521019__,2.52,07,,01,04,02,01,06,01,05,01,,AT,,NJ 34,,,,35,25,26,,,N,,209
201913522019-03824,MONMOUTH,WALL TWP,11/26/2019,TU,1827,01,WALL TWP PD,PATROL,0,0,0,0,P,I,N,N,03,2,NJ 34,N,34,,00000034__,7.72,02,,03,04,02,01,07,01,03,01,,AT,,NJ 33,,,,55,55,26,,,N,,200
201913522019-03830,MONMOUTH,WALL TWP,11/27/2019,WE,0710,01,WALL TWP PD,WALL PD,0,0,0,0,P,B,N,N,01,2,NJ 35,N,35,,00000035__,18.13,02,,01,04,02,01,01,01,05,01,50,FE,S,OCEAN RD,,,,40,,26,,,N,,105
201913522019-03831,MONMOUTH,WALL TWP,11/27/2019,WE,0758,01,WALL TWP PD,,0,0,0,0,P,B,N,N,01,2,NJ 34,N,34,,00000034__,1.97,02,,03,04,02,01,01,01,03,01,,,,,F,ROUTE 524 SPUR,WB,55,,26,,,N,,202
201913522019-03832,MONMOUTH,WALL TWP,11/27/2019,WE,0819,01,WALL TWP PD,,0,0,0,0,P,B,N,N,01,2,NJ 138,E,138,,00000138__,1.28,02,,01,05,02,01,01,01,03,01,500,FE,E,CLUB DR,,,,55,25,26,,,N,,16?
201913522019-03833,MONMOUTH,WALL TWP,11/27/2019,WE,1044,01,WALL TWP PD,PATROL,0,0,0,0,P,B,N,N,01,2,NJ 35,,35,,00000035__,16.12,02,,01,05,02,01,01,01,01,01,1000,FE,S,APACHE RD,,,,50,25,26,,,N,,178
201913522019-03836,MONMOUTH,WALL TWP,11/27/2019,WE,1320,01,WALL TWP PD,PATROL,0,0,0,0,P,B,Y,N,11,1,NJ 35,,35,,00000035__,20.25,02,,01,04,02,01,01,01,03,01,1000,FE,N,17TH AVE,,,,40,25,56,,,N,"ONE WAY"""" TRAFFIC SIGN WAS DAMAGED.",178
201913522019-03837,MONMOUTH,WALL TWP,11/27/2019,WE,1536,01,WALL TWP PD,PATROL,0,0,0,0,P,B,N,N,01,2,NJ 138,E,138,,00000138__,2.92,02,,01,04,02,01,01,01,01,01,50,FE,W,OLD MILL RD,,,,55,35,26,,,N,,194
201913522019-03849,MONMOUTH,WALL TWP,11/29/2019,FR,1913,01,WALL TWP PD,PATROL,0,0,0,0,P,B,Y,N,11,1,MONMOUTH COUNTY 18 I,S,18,1,130000181_,2.03,05,,01,04,02,01,05,01,05,01,1320,FE,S,WYCKOFF RD,,,,35,40,52,,,N,TELEPHONE POLE BROKEN/CRACKED,195
201913522019-03852,MONMOUTH,WALL TWP,11/30/2019,SA,0847,01,WALL TWP PD,PATROL,0,0,0,0,P,B,N,N,11,1,ROUTE 524 SPUR,E,524,S,00000524S_,2.39,05,,01,04,02,01,01,01,04,01,200,FE,W,NJ 35,,,,45,40,52,,,N,UTILITY POLE JC4054,203
201913522019-03856,MONMOUTH,WALL TWP,11/30/2019,SA,1836,01,WALL TWP PD,PATROL,0,1,0,0,I,B,N,N,01,2,NJ 35,N,35,,00000035__,16.80,02,,01,04,02,01,06,01,05,01,100,FE,S,CHURCH ST,,,,40,25,26,,,N,,168
201913522019-03860,MONMOUTH,WALL TWP,12/01/2019,SU,1106,01,WALL TWP PD,PATROL,0,0,0,0,P,B,N,N,11,1,NJ 138,E,138,,00000138__,1.83,02,,03,04,02,02,01,02,01,01,,,,,T,NJ 18,NB,55,,26,,,N,,203
201913522019-03863,MONMOUTH,WALL TWP,12/01/2019,SU,1739,01,WALL TWP PD,PATROL,0,0,0,0,P,B,N,N,11,1,PARKING LOT OF (SEA GIRT MALL),,,,,,09,,01,04,02,02,06,02,05,01,,,,NJ 35,,,,,40,,,,N,HANDICAP POLE IN SEA GIRT MALL PARKING LOT,210
201913522019-03864,MONMOUTH,WALL TWP,12/02/2019,MO,0153,01,WALL TWP PD,PATROL,0,1,0,0,I,B,N,N,11,1,NJ 138,E,138,,00000138__,3.33,02,,02,07,02,02,06,02,05,01,,,,,T,NJ 35,NB,55,,56,,,N,POSSIBLE DAMAGE TO ROADWAY FROM FIRE AND 10' SECTION OF GUARDRAL7.,195
201913522019-03865,MONMOUTH,WALL TWP,12/02/2019,MO,0557,01,WALL TWP PD,,0,0,0,0,P,I,N,N,02,2,NJ 33,,33,,00000033__,35.85,02,,02,04,02,02,02,02,02,01,,AT,,NJ 34,,,,50,50,26,,,N,,140
201913522019-03866,MONMOUTH,WALL TWP,12/02/2019,MO,0939,01,WALL TWP PD,,0,0,0,0,P,B,N,N,06,2,EMERSON AVE **,W,,,13521048__,.00,07,,02,04,02,02,05,01,05,01,30,FE,W,HAWTHORNE PKWY,,,,25,25,28,,,N,,202
201913522019-03867,MONMOUTH,WALL TWP,12/02/2019,MO,1019,01,WALL TWP PD,,0,0,0,0,P,B,N,N,11,1,2175 STATE HWY 35,,,,,,09,,01,04,02,02,01,02,,,,,,,,,,,,69,,,N,WELLS FARGO DRIVE THROUGH OVERHANG AND GUTTER,149
201913522019-03868,MONMOUTH,WALL TWP,12/02/2019,MO,1247,01,WALL TWP PD,PATROL,0,0,0,0,P,B,N,N,11,1,NJ 138,W,138,,00000138__,,02,,01,04,02,03,01,03,03,01,,,,,,,,55,,56,,,N,FLAG POLE + LANDSCAPING (GRASS),196
201913522019-03870,MONMOUTH,WALL TWP,12/02/2019,MO,1333,01,WALL TWP PD,,0,0,0,0,P,B,N,N,05,2,TILTONS CORNER RD **,W,,,13521194__,.36,07,,02,04,02,03,01,03,04,01,20,FE,E,HUNTER HILL,,,,35,25,26,,,N,,202
201913522019-03872,MONMOUTH,WALL TWP,12/02/2019,MO,1417,01,WALL TWP PD,,0,0,0,0,P,B,N,N,11,1,NJ 138,E,138,,00000138__,.30,02,,01,05,02,03,01,03,03,01,100,FE,E,GARDEN STATE PARKWAY,,,,55,65,47,,,N,NJDOT GUARDRAIL,165
201913522019-03873,MONMOUTH,WALL TWP,12/02/2019,MO,1418,01,WALL TWP PD,,0,0,0,0,P,B,N,N,01,2,MONMOUTH COUNTY 30 II,,30,2,130000302_,1.83,05,,01,04,02,03,01,03,04,01,600,FE,W,NEW BEDFORD RD,,,,50,35,26,,,N,,159
201913522019-03874,MONMOUTH,WALL TWP,12/02/2019,MO,1429,01,WALL TWP PD,WALL PD,0,1,0,0,I,I,N,N,01,2,RAMSHORN DR,S,,,13521254__,2.02,07,,01,04,02,03,01,03,05,01,,AT,,EQUESTRIAN LN,,,,35,,26,,,N,,185
201913522019-03875,MONMOUTH,WALL TWP,12/02/2019,MO,1558,01,WALL TWP PD,,0,0,0,0,P,I,N,N,02,2,NJ 33,W,33,,00000033__,35.85,02,,02,04,02,04,01,03,03,01,,AT,,NJ 34,,,,55,55,26,,,N,,159
201913522019-03876,MONMOUTH,WALL TWP,12/02/2019,MO,1622,01,WALL TWP PD,,0,1,0,0,I,B,N,N,10,1,RAMSHORN DR,S,,,13521254__,1.43,07,,01,04,02,03,01,03,04,01,1320,FE,N,RIVERBLUFF DR,,,,40,25,,,,N,TELEPHONE POLE  RESIDENCE OF 2330 RAMSHORN DR,202
201913522019-03877,MONMOUTH,WALL TWP,12/03/2019,TU,0616,01,WALL TWP PD,,0,0,0,0,P,B,N,N,02,2,NJ 34,S,34,,00000034__,4.14,02,,01,,02,02,02,03,03,01,200,FE,N,,F,NJ 138,EB,50,,26,,,N,,140
201913522019-03878,MONMOUTH,WALL TWP,12/03/2019,TU,0847,01,WALL TWP PD,WALL PD,0,1,0,0,I,B,N,N,01,2,NJ 138,E,138,,00000138__,1.20,02,,01,04,02,02,01,01,03,01,50,FE,E,CLUB DR,,,,55,,26,,,N,,185
201913522019-03885,MONMOUTH,WALL TWP,12/03/2019,TU,1701,01,WALL TWP PD,,0,0,0,0,P,B,N,N,01,2,NJ 138,E,138,,00000138__,1.92,02,,01,05,02,01,07,01,03,01,500,FE,E,NJ 18,,,,55,65,26,,,N,,165
201913522019-03886,MONMOUTH,WALL TWP,12/03/2019,TU,1710,01,WALL TWP PD,PATROL,0,0,0,0,P,B,N,N,01,2,NJ 34,,34,,00000034__,1.97,02,,03,07,02,01,03,01,02,01,10,FE,W,,F,ROUTE 524 SPUR,EB,,,26,,,N,,196
201913522019-03888,MONMOUTH,WALL TWP,12/03/2019,TU,1406,01,WALL TWP PD,PATROL,0,2,0,0,I,B,N,N,03,3,NJ 33,E,33,,00000033__,35.84,02,,01,04,02,01,06,01,04,01,1000,FE,W,ROUTE 547 / SHAFTO RD / WYCKOFF RD,,,,55,45,26,,,N,,
201913522019-03893,MONMOUTH,WALL TWP,12/04/2019,WE,0809,01,WALL TWP PD,,0,0,0,0,P,B,N,N,12,1,NJ 34,N,34,,00000034__,6.67,02,,01,04,02,01,01,01,03,01,200,FE,N,MEGILL RD,,,,55,35,24,,,N,,205
201913522019-03895,MONMOUTH,WALL TWP,12/04/2019,WE,1020,01,WALL TWP PD,PATROL,0,0,0,0,P,I,N,N,03,2,NJ 35,,35,,00000035__,18.49,02,,01,04,02,01,01,05,04,01,,AT,,NEW BEDFORD RD,,,,40,35,26,,,N,,178
201913522019-03897,MONMOUTH,WALL TWP,12/04/2019,WE,1304,01,WALL TWP PD,PATROL,0,0,0,0,P,I,N,N,03,2,NJ 35,S,35,,00000035__,19.31,02,,01,04,02,01,01,01,01,01,,AT,,OLD MILL RD,,,,40,25,26,,,N,,205
201913522019-03900,MONMOUTH,WALL TWP,12/04/2019,WE,1542,01,WALL TWP PD,,0,1,0,0,I,B,N,N,01,2,NJ 34,N,34,,00000034__,7.68,02,,02,04,02,01,01,01,03,01,200,FE,W,NJ 33,,,,55,45,26,,,N,,206
201913522019-03901,MONMOUTH,WALL TWP,12/04/2019,WE,1557,01,WALL TWP PD,PATROL,0,0,0,0,P,B,N,N,02,2,NJ 35,N,35,,00000035__,17.37,02,,01,04,02,01,01,01,05,01,200,FE,S,SEA GIRT AVE,,,,40,30,26,,,N,,153
201913522019-03902,MONMOUTH,WALL TWP,12/04/2019,WE,1640,01,WALL TWP PD,PATROL,0,0,0,0,P,B,N,N,01,2,NJ 138,W,138,,00000138__,1.13,02,,01,04,02,01,06,01,03,01,300,FE,W,CLUB DR,,,,55,25,26,,,N,,210
201913522019-03904,MONMOUTH,WALL TWP,12/04/2019,WE,1732,01,WALL TWP PD,PATROL,0,0,0,0,P,I,N,N,03,2,GULLY RD,N,,,13521414__,.30,07,,03,04,02,01,07,01,05,01,,AT,,BRIGHTON AVE / WATERVIEW AVE,,,,45,45,26,,,N,,210
201913522019-03905,MONMOUTH,WALL TWP,12/04/2019,WE,1930,01,WALL TWP PD,PATROL,0,0,0,0,P,B,N,N,06,2,17TH AVE **,W,,,13471033__,.89,07,,01,04,02,02,06,02,05,01,300,FE,W,NJ 35,,,,25,35,26,,,N,,195
201913522019-03910,MONMOUTH,WALL TWP,12/05/2019,TH,0810,01,WALL TWP PD,PATROL,0,0,0,0,P,B,N,N,01,3,NJ 35,S,35,,00000035__,15.75,02,,01,04,02,01,01,01,01,01,200,FE,S,CR 20 / OLD BRIDGE RD,,,,50,45,26,,,N,,
201913522019-03912,MONMOUTH,WALL TWP,12/05/2019,TH,1254,01,WALL TWP PD,PATROL,0,0,0,0,P,B,N,N,02,2,NJ 35,S,35,,00000035__,16.47,02,,01,04,02,01,01,01,04,01,10,FE,N,LAKEWOOD RD / MARCELLUS AVE,,,,40,25,26,,,N,,189
201913522019-03916,MONMOUTH,WALL TWP,12/05/2019,TH,1359,01,WALL TWP PD,PATROL,0,0,0,0,P,I,N,N,03,2,NJ 33,S,33,,00000033__,35.76,02,,01,04,02,01,01,01,03,01,,AT,,ROUTE 547 / ASBURY RD,,,,50,35,26,,,N,,209
201913522019-03919,MONMOUTH,WALL TWP,12/05/2019,TH,1604,01,WALL TWP PD,PATROL,0,0,0,0,P,B,N,N,01,2,ROUTE 547,W,547,,00000547__,20.96,05,,01,04,02,01,01,01,05,01,500,FE,E,NJ 33,,,,55,50,26,,,N,,209
201913522019-03926,MONMOUTH,WALL TWP,12/06/2019,FR,0827,01,WALL TWP PD,,0,0,0,0,P,B,N,N,05,2,ROUTE 524,N,524,,00000524__,35.03,05,,01,04,02,01,01,01,04,01,25,FE,S,US 30 / W 18TH AVE,,,,35,50,26,,,N,,202
201913522019-03927,MONMOUTH,WALL TWP,12/06/2019,FR,0831,01,WALL TWP PD,WALL PD,0,1,0,0,I,I,N,N,01,2,NJ 35,N,35,,00000035__,16.00,02,,01,04,02,01,01,01,05,01,,AT,,NJ 34 / NJ 70,,,,55,50,26,,,N,,185
201913522019-03928,MONMOUTH,WALL TWP,12/06/2019,FR,0854,01,WALL TWP PD,WALL PD,0,0,0,0,P,B,N,N,02,2,ROUTE 524 SPUR,,524,S,00000524S_,1.09,05,,03,04,02,01,01,01,05,01,25,FE,W,LANDMARK PL,,,,45,25,26,,,N,,185
201913522019-03929,MONMOUTH,WALL TWP,12/06/2019,FR,0938,01,WALL TWP PD,PATROL,0,1,0,0,I,B,N,N,01,2,NJ 33,W,33,,00000033__,,02,,01,04,02,01,01,01,04,01,500,FE,E,COLLINGWOOD CIR,,,,50,25,26,,,N,,196
201913522019-03932,MONMOUTH,WALL TWP,12/06/2019,FR,1127,01,WALL TWP PD,,0,0,0,0,P,I,N,N,01,2,NJ 35,N,35,,00000035__,19.84,02,,01,04,02,01,01,01,05,01,,AT,,CR 30 II / EIGHTEENTH AVE,,,,40,40,26,,,N,,140
201913522019-03936,MONMOUTH,WALL TWP,12/06/2019,FR,1705,01,WALL TWP PD,WALL PD,0,0,0,0,P,B,N,N,01,2,NJ 138,E,138,,00000138__,.67,02,,01,04,02,02,06,02,05,01,200,FE,W,ALLENWOOD RD,,,,55,35,26,,,N,COMMERCIAL WORK EQUIPMENT (FLOOR SANDER),185
201913522019-03938,MONMOUTH,WALL TWP,12/06/2019,FR,1724,01,WALL TWP PD,,0,0,0,0,P,B,N,N,12,1,ROUTE 524,E,524,,00000524__,34.78,05,,01,04,02,01,05,01,04,01,1320,FE,W,US 30 / W 18TH AVE,,,,50,40,24,,,N,,202
201913522019-03941,MONMOUTH,WALL TWP,12/07/2019,SA,0931,01,WALL TWP PD,,0,0,0,0,P,B,N,N,01,2,NJ 138,E,138,,00000138__,.62,02,,01,04,02,01,01,01,03,01,500,FE,W,ALLENWOOD RD,,,,55,35,26,,,N,,165
201913522019-03947,MONMOUTH,WALL TWP,12/07/2019,SA,1740,01,WALL TWP PD,PATROL,0,0,0,0,P,B,N,N,06,2,LAKEWOOD RD **,E,,,13521239__,.09,07,,01,05,02,01,05,01,05,01,500,FE,E,NJ 35,,,,25,40,28,,,N,,201
201913522019-03953,MONMOUTH,WALL TWP,12/08/2019,SU,1652,01,WALL TWP PD,,0,0,0,0,P,B,N,N,11,1,MONMOUTH COUNTY 18 I,,18,1,130000181_,6.63,05,,01,04,02,01,05,01,05,01,500,FE,W,CLINTON AVE,,,,35,25,12,,,N,,165
201913522019-03954,MONMOUTH,WALL TWP,12/08/2019,SU,1946,01,WALL TWP PD,WTPD,0,0,0,0,P,I,N,N,02,2,NJ 33,E,33,,00000033__,35.85,02,,02,04,02,01,06,01,03,01,,AT,,NJ 34,,,,50,55,26,,,N,,190
201913522019-03958,MONMOUTH,WALL TWP,12/09/2019,MO,1011,01,WALL TWP PD,PATROL,0,0,0,0,P,I,N,N,11,1,NJ 18,N,18,,00000018__,5.72,02,,03,04,02,02,01,02,01,01,,AT,,MONMOUTH BLVD,,,,25,45,01,,,N,GUARDRAIL ON SHVY 18. NJDOT NOTIFIED,210
201913522019-03961,MONMOUTH,WALL TWP,12/10/2019,TU,1450,01,WALL TWP PD,PATROL,0,0,0,0,P,I,N,N,01,2,ROUTE 524,W,524,,00000524__,36.63,05,,03,04,02,02,03,02,04,01,,AT,,NJ 34,,,,45,55,26,,,N,,203
201913522019-03964,MONMOUTH,WALL TWP,12/09/2019,MO,2000,01,WALL TWP PD,PATROL,0,0,0,0,P,I,N,N,03,2,NJ 33,S,33,,00000033__,35.85,02,,02,04,02,02,07,02,03,01,,AT,,NJ 34,,,,55,55,26,,,N,,200
201913522019-03969,MONMOUTH,WALL TWP,12/10/2019,TU,1222,01,WALL TWP PD,PATROL,0,0,0,0,P,I,N,N,01,2,NJ 35,S,35,,00000035__,18.49,02,,01,04,02,02,01,01,05,01,,AT,,NEW BEDFORD RD,,,,40,35,26,,,N,,210
201913522019-03973,MONMOUTH,WALL TWP,12/10/2019,TU,1733,01,WALL TWP PD,PATROL,0,0,0,0,P,B,N,N,03,2,NJ 35,S,35,,00000035__,16.49,02,,01,04,02,01,06,01,05,01,100,FE,N,LAKEWOOD RD / MARCELLUS AVE,,,,40,25,26,,,N,,12
201913522019-03979,MONMOUTH,WALL TWP,12/11/2019,WE,0715,01,WALL TWP PD,PATROL,0,1,0,0,I,I,N,N,03,2,MONMOUTH COUNTY 30 II,W,30,2,130000302_,1.26,05,,01,07,02,02,01,03,04,01,,AT,,ACE DR,,,,45,25,26,,,N,45 MPH SIGN,196
201913522019-03983,MONMOUTH,WALL TWP,12/11/2019,WE,1817,01,WALL TWP PD,PATROL,0,0,0,0,P,B,N,N,01,2,NJ 34,S,34,,00000034__,4.79,02,,01,04,02,02,06,01,03,01,100,FE,N,WEST HURLEY POND RD,,,,55,35,26,,,N,,207
201913522019-03984,MONMOUTH,WALL TWP,12/11/2019,WE,1828,01,WALL TWP PD,PATROL DIV,0,0,0,0,P,I,N,N,01,2,NJ 138,E,138,,00000138__,1.19,02,,01,05,02,01,06,01,03,01,,AT,,CLUB DR,,,,55,25,26,,,N,,161
201913522019-03989,MONMOUTH,WALL TWP,12/12/2019,TH,0703,01,WALL TWP PD,PATROL,0,0,0,0,P,B,N,N,01,2,CHURCH ST **,W,,,13521045__,.00,07,,01,04,02,01,01,01,04,01,10,FE,E,NJ 35,,,,30,40,26,,,N,,196
201913522019-03995,MONMOUTH,WALL TWP,12/12/2019,TH,1303,01,WALL TWP PD,PATROL,0,1,0,0,I,I,N,N,03,2,MONMOUTH COUNTY 18 I,E,18,1,130000181_,2.28,05,,01,04,02,01,01,01,04,01,,AT,,WYCKOFF RD,,,,50,35,26,,,N,,196
201913522019-03996,MONMOUTH,WALL TWP,12/12/2019,TH,1446,01,WALL TWP PD,,0,0,0,0,P,I,N,N,02,2,NJ 33,E,33,,00000033__,35.85,02,,02,00,02,01,01,01,02,01,,AT,,NJ 34,,,,50,50,26,,,N,,140
201913522019-03998,MONMOUTH,WALL TWP,12/12/2019,TH,1722,01,WALL TWP PD,,0,0,0,0,P,B,N,N,12,1,ALLENWOOD RD,S,,,13521019__,.15,07,,01,06,02,01,05,01,04,01,150,FE,N,CR 18 I / BELMAR BLVD,,,,35,40,24,,,N,,202