Year(4)-CountyCode(2)-MunicipalityCode(2)-CaseNumber(9),County Name,Municipality Name,Crash Date,Crash Day of Week,Crash Time,Police Department Code,Police Department,Police Station,Total Killed,Total Injured,Pedestrians Killed,Pedestrians Injured,Severity,Intersection,Alcohol Involved,Hazmat Involved,Crash Type,Total Vehicles,Location,Location Direction,Route,Route Suffix,Std Rte Identifier,MilePost,Road System,Road Character,Road Horizontal Alignment,Road Grade,Road Surface Type,Surface Condition,Light Condition,Environmental Condition,Road Divided By,Temporary Traffic Control Zone,Distance To Cross Street,Unit Of Measurement,Direction From Cross Street,Cross Street Name,Is Ramp,Ramp To/From Route Name,Ramp To/From Route Direction,Posted Speed,Posted Speed Cross Street,First Harmful Event,Latitude,Longitude,Cell Phone In Use Flag,Other Property Damage,Reporting Badge No.
20191352201901555,MONMOUTH,WALL TWP,05/23/2019,TH,1022,01,WALL TWP PD,,0,0,0,0,P,I,N,N,11,1,ROUTE 524 SPUR,E,524,S,00000524S_,.87,05,,03,05,02,02,01,02,05,01,,AT,,NJ 34,,,,40,50,52,,,N,,150
20191352201901610,MONMOUTH,WALL TWP,05/28/2019,TU,0849,01,WALL TWP PD,PATROL,0,0,0,0,P,I,N,N,02,2,NJ 34,S,34,,00000034__,2.63,02,,02,04,02,01,01,01,03,01,,AT,,ROUTE 524 / ALLAIRE RD,,,,55,50,26,,,N,,208
20191352201901614,MONMOUTH,WALL TWP,05/28/2019,TU,1406,01,WALL TWP PD,PATROL,0,0,0,0,P,B,N,N,01,2,ROUTE 524 SPUR,S,524,S,00000524S_,,05,,01,04,02,01,01,01,05,01,1320,FE,S,WEST ALLAIRE RD,,,,50,25,26,,,N,,208
20191352201901658,MONMOUTH,WALL TWP,06/01/2019,SA,1652,01,WALL TWP PD,PATROL,0,0,0,0,P,I,N,N,02,2,NEW BEDFORD RD,S,,,13521306__,1.50,07,,01,04,02,01,01,01,05,01,,AT,N,NJ 138,,,,35,55,26,,,N,,208
20191352201901667,MONMOUTH,WALL TWP,06/01/2019,SA,1525,01,WALL TWP PD,PATROL,0,0,0,0,P,B,N,N,01,2,W HURLEY POND RD **,E,,,13521126__,.72,07,,01,04,02,01,01,01,05,01,50,FE,E,MARTIN RD,,,,35,25,26,,,N,,208
20191352201901677,MONMOUTH,WALL TWP,06/02/2019,SU,1452,01,WALL TWP PD,PATROL,0,0,0,0,P,B,N,N,08,2,1801 STATE HWY 35 (PARKING LOT),S,,,,,09,,01,04,02,01,01,01,05,01,300,FE,,EIGHTEENTH AVE,,,,40,40,26,,,N,,209
20191352201901798,MONMOUTH,WALL TWP,06/13/2019,TH,2346,01,WALL TWP PD,PATROL DIV,0,0,0,0,P,B,N,N,11,1,ROUTE 547,W,547,,00000547__,,05,,01,04,02,02,05,01,05,01,2560,FE,W,NJ 34,,,,50,50,52,,,N,UTILITY POLE #BT6070WL,183
20191352201901810,MONMOUTH,WALL TWP,06/14/2019,FR,1612,01,WALL TWP PD,PATROL,0,0,0,0,P,B,N,N,01,2,NJ 35,S,35,,00000035__,18.13,02,,01,04,02,01,01,01,05,01,50,FE,S,OCEAN RD,,,,40,25,26,,,N,,208
20191352201901824,MONMOUTH,WALL TWP,06/15/2019,SA,1341,01,WALL TWP PD,PATROL,0,1,0,0,I,B,N,N,11,1,NJ 138,E,138,,00000138__,3.33,02,,02,05,02,01,01,01,05,01,,,,,T,NJ 35,NB,55,,56,,,N,,208
20191352201901830,MONMOUTH,WALL TWP,06/16/2019,SU,2224,01,WALL TWP PD,PATROL DIV,0,0,0,0,P,B,N,N,06,2,WEST CHICAGO AVE,E,,,,,07,,01,04,02,01,05,01,05,01,150,FE,E,VILLAGE RD,,,,30,25,28,,,N,,183
20191352201901913,MONMOUTH,WALL TWP,06/23/2019,SU,1819,01,WALL TWP PD,PATROL DIVISION,0,3,0,0,I,B,N,N,01,4,NJ 138,E,138,,00000138__,1.15,02,,01,04,02,01,01,01,01,01,200,FE,W,CLUB DR,,,,55,25,26,,,Y,,
20191352201902263,MONMOUTH,WALL TWP,07/17/2019,WE,1820,01,WALL TWP PD,PATROL,0,0,0,0,P,B,N,N,01,2,NJ 34,N,34,,00000034__,1.97,02,,01,04,02,01,01,01,03,01,,,,,F,ROUTE 524 SPUR,NB,55,,26,,,N,,208
20191352201902316,MONMOUTH,WALL TWP,07/21/2019,SU,1023,01,WALL TWP PD,PATROL DIV,0,1,0,0,I,B,N,N,01,2,NJ 138,W,138,,00000138__,.73,02,,01,04,02,01,01,01,01,01,100,FE,E,ALLENWOOD RD,,,,55,35,26,,,N,,183
20191352201902317,MONMOUTH,WALL TWP,07/21/2019,SU,1226,01,WALL TWP PD,PATROL DIV,0,0,0,0,P,I,N,N,01,2,MONMOUTH COUNTY 30 II,W,30,2,130000302_,1.94,05,,01,04,02,01,01,01,05,01,,AT,,NEW BEDFORD RD,,,,35,55,26,,,N,,103
20191352201902406,MONMOUTH,WALL TWP,07/28/2019,SU,1607,01,WALL TWP PD,PATROL DIV,0,0,0,0,P,B,N,N,02,2,NJ 34,N,34,,00000034__,.42,02,,01,04,02,01,01,01,03,01,500,FE,N,LAKEWOOD RD,,,,55,25,26,,,N,,183
20191352201902608,MONMOUTH,WALL TWP,08/10/2019,SA,2212,01,WALL TWP PD,PATROL,0,0,0,0,P,I,N,N,02,2,NJ 33,W,33,,00000033__,35.85,02,,02,04,02,01,06,01,03,01,,AT,,NJ 34,,,,55,55,26,,,N,,208
20191352201902716,MONMOUTH,WALL TWP,08/19/2019,MO,1212,01,WALL TWP PD,PATROL,0,0,0,0,P,B,N,N,08,2,BEVERLY ST **,W,,,13521130__,.10,07,,01,04,02,01,01,01,05,01,25,FE,W,VOORHEES AVE,,,,25,25,26,,,N,,208
20191352201902717,MONMOUTH,WALL TWP,08/19/2019,MO,1445,01,WALL TWP PD,,0,0,0,0,P,B,N,N,01,2,NJ 138,E,138,,00000138__,1.15,02,,01,04,02,01,01,01,03,01,200,FE,W,CLUB DR,,,,55,25,26,,,N,,206
20191352201903236,MONMOUTH,WALL TWP,10/04/2019,FR,1322,01,WALL TWP PD,PATROL,0,0,0,0,P,B,N,N,01,3,NJ 35,N,35,,00000035__,18.70,02,,01,04,02,01,01,01,05,01,50,FE,S,CR 47 / WARREN AVE,,,,40,25,26,,,N,,
20191352201903266,MONMOUTH,WALL TWP,10/07/2019,MO,2246,01,WALL TWP PD,PATROL DIV,0,1,0,0,I,I,Y,N,10,1,MONMOUTH COUNTY 18 I,E,18,1,130000181_,,05,,02,05,02,01,07,01,05,01,,AT,,NJ 35,,,,40,40,01,,,N,,183
20191352201903327,MONMOUTH,WALL TWP,10/15/2019,TU,1153,01,WALL TWP PD,WALL,0,0,0,0,P,B,N,N,02,2,NJ 35,S,35,,00000035__,15.98,02,,01,04,02,01,01,01,04,01,100,FE,S,NJ 34 / NJ 70,,,,55,55,26,,,N,,209
20191352201903377,MONMOUTH,WALL TWP,10/19/2019,SA,1436,01,WALL TWP PD,PATROL,0,1,0,0,I,I,N,N,01,2,NJ 34,S,34,,00000034__,.95,02,,01,04,02,01,01,01,03,01,,AT,,PAYNTERS RD,,,,55,25,26,,,Y,,208
20191352201903400,MONMOUTH,WALL TWP,10/21/2019,MO,2122,01,WALL TWP PD,PATROL DIV,0,0,0,0,P,B,N,N,11,1,ROUTE 524,E,524,,00000524__,34.17,05,,01,04,02,01,07,01,05,01,4560,FE,W,US 30 / W 18TH AVE,,,,50,40,52,,,N,,1?3
20191352201903426,MONMOUTH,WALL TWP,10/23/2019,WE,1708,01,WALL TWP PD,PATROL,0,1,0,0,I,B,N,N,01,2,NJ 138,W,138,,00000138__,.01,02,,01,04,02,01,01,01,03,01,25,FE,E,,T,STATE HWY 34,NB,55,,26,,,N,,208
20191352201903480,MONMOUTH,WALL TWP,10/28/2019,MO,1506,01,WALL TWP PD,PATROL,0,0,0,0,P,I,N,N,01,2,NJ 35,S,35,,00000035__,17.17,02,,01,04,02,01,01,01,03,01,,AT,,ROUTE 524 SPUR / ATLANTIC AVE,,,,40,40,26,,,N,,209
20191352201903566,MONMOUTH,WALL TWP,11/05/2019,TU,0810,01,WALL TWP PD,PATROL DIV,0,2,0,0,I,B,N,N,03,2,MONMOUTH COUNTY 18 I,E,18,1,130000181_,2.27,05,,01,04,02,02,01,01,05,01,1000,FE,W,NJ 34,,,,45,55,26,,,N,,183
20191352201903649,MONMOUTH,WALL TWP,11/12/2019,TU,1903,01,WALL TWP PD,PATROL,0,0,0,0,P,B,N,N,12,1,NJ 18,S,18,,00000018__,5.14,02,,01,04,02,01,05,01,03,01,50,FE,N,,T,NJ 138,WB,55,,24,,,N,,208
20191352201903817,MONMOUTH,WALL TWP,11/25/2019,MO,2019,01,WALL TWP PD,PATROL,0,0,0,0,P,B,N,N,11,1,NJ 34,S,34,,00000034__,1.97,02,,03,06,02,01,05,01,03,01,,,,,F,ROUTE 524 SPUR,WB,55,,46,,,N,,208
20191352201903850,MONMOUTH,WALL TWP,12/02/2019,MO,0001,01,WALL TWP PD,PATROL,0,3,0,0,I,B,Y,N,01,3,NJ 33,W,33,,00000033__,36.03,02,,01,04,02,01,06,01,04,01,25,FE,E,ROUTE 547 / SHAFTO RD / WYCKOFF RD,,,,50,35,26,,,N,,
20191352201903906,MONMOUTH,WALL TWP,12/04/2019,WE,2146,01,WALL TWP PD,PATROL,0,0,0,0,P,I,N,N,12,1,NJ 138,E,138,,00000138__,.71,02,,01,04,02,02,06,02,01,01,,AT,,ALLENWOOD RD,,,,55,35,24,,,N,,209
20191352201903955,MONMOUTH,WALL TWP,12/09/2019,MO,0528,01,WALL TWP PD,PATROL DIV,0,0,0,0,P,B,N,N,11,1,NJ 34,S,34,,00000034__,2.65,02,,02,04,02,02,07,02,05,01,100,FE,N,ROUTE 524 / ALLAIRE RD,,,,55,55,50,,,N,YELLOW ARROW SIGN,182
20191352201903963,MONMOUTH,WALL TWP,12/09/2019,MO,1814,01,WALL TWP PD,PATROL,0,0,0,0,P,I,N,N,07,2,LAKEWOOD AVE,,,,13341415__,1.11,07,,01,04,02,02,06,02,05,01,,AT,,MARCONI RD / RAMP TO NJ 18,,,,25,25,26,,,N,,209
20191352201903974,MONMOUTH,WALL TWP,12/10/2019,TU,1823,01,WALL TWP PD,PATROL,0,1,0,0,I,B,N,N,01,2,NJ 138,E,138,,00000138__,2.92,02,,01,04,02,02,04,02,01,,40,FE,W,OLD MILL RD,,,,55,25,26,,,N,,209
20191352201904008,MONMOUTH,WALL TWP,12/13/2019,FR,1715,01,WALL TWP PD,PATROL,0,1,0,0,I,B,N,N,01,2,NJ 34,S,34,,00000034__,4.78,02,,01,04,02,02,05,02,03,01,30,FE,N,WEST HURLEY POND RD,,,,55,45,26,,,N,,189
20191352201904009,MONMOUTH,WALL TWP,12/13/2019,FR,1726,01,WALL TWP PD,PATROL,0,0,0,0,P,I,N,N,01,2,MEETINGHOUSE RD,E,,,,,07,,01,04,02,02,03,02,05,01,,AT,,NJ 35,,,,25,40,26,,,N,,208
20191352201904010,MONMOUTH,WALL TWP,12/13/2019,FR,1827,01,WALL TWP PD,PATROL,0,0,0,0,P,I,N,N,02,2,NJ 34,N,34,,00000034__,7.72,02,,02,04,02,02,06,02,03,01,,AT,,NJ 33,,,,25,55,26,,,N,,208
20191352201904011,MONMOUTH,WALL TWP,12/13/2019,FR,2122,01,WALL TWP PD,PATROL,0,2,0,0,I,I,N,N,03,2,NJ 35,N,35,,00000035__,15.75,02,,01,04,02,02,06,02,01,01,,AT,,CR 20 / OLD BRIDGE RD,,,,55,35,26,,,N,,208
20191352201904014,MONMOUTH,WALL TWP,12/14/2019,SA,1514,01,WALL TWP PD,PATROL,0,0,0,0,P,B,N,N,01,2,ROUTE 524 SPUR,,524,S,00000524S_,.87,05,,03,06,02,01,01,01,02,01,10,FE,E,NJ 34,,,,45,55,26,,,N,,184
20191352201904058,MONMOUTH,WALL TWP,12/18/2019,WE,2037,01,WALL TWP PD,PATROL,0,0,0,0,P,B,N,N,01,2,NJ 34,S,34,,00000034__,7.26,02,,01,04,02,01,06,01,03,01,15,FE,N,WYCKOFF RD,,,,50,35,26,,,N,,209
20191352201904114,MONMOUTH,WALL TWP,12/23/2019,MO,1854,01,WALL TWP PD,PATROL,0,0,0,0,P,B,N,N,02,2,LAKEWOOD RD **,W,,,13521239__,.50,07,,01,04,02,01,06,01,04,01,25,FE,E,NJ 34,,,,25,55,26,,,N,,208
20191352201904115,MONMOUTH,WALL TWP,12/23/2019,MO,2010,01,WALL TWP PD,PATROL,0,0,0,0,P,B,N,N,12,1,NJ 34,N,34,,00000034__,.97,02,,01,04,02,01,06,01,03,01,100,FE,N,PAYNTERS RD,,,,55,25,24,,,N,,208
20191352201904162,MONMOUTH,WALL TWP,12/29/2019,SU,2142,01,WALL TWP PD,PATROL,0,0,0,0,P,B,N,N,12,1,NJ 18,N,18,,00000018__,5.14,02,,01,04,02,02,04,02,01,01,100,FE,S,,F,NJ 138,EB,65,,24,,,N,,209
2019135220191-01326,MONMOUTH,WALL TWP,05/03/2019,FR,1632,01,WALL TWP PD,,0,0,0,0,P,B,N,N,01,2,NJ 34,S,34,,00000034__,.35,02,,01,04,02,01,01,01,03,01,100,FE,N,LAKEWOOD RD,,,,55,25,26,,,N,,206
20191352C060-2019-00064A,MONMOUTH,WALL TWP,01/16/2019,WE,0715,02,NEW JERSEY STATE POLICE,HAMILTON-SUB -,0,0,0,0,P,B,N,N,11,1,ROUTE 524,E,524,,00000524__,38.00,05,,01,04,02,01,01,01,05,01,,,,,,,,40,,55,41.172530,74.376810,N,,8208
20191352C060-2019-00112A,MONMOUTH,WALL TWP,01/27/2019,SU,0844,02,NEW JERSEY STATE POLICE,HAMILTON-SUB -,0,1,0,0,I,B,N,N,10,1,I-195,E,195,,00000195__,32.80,01,,03,04,02,04,01,01,01,01,,,,,,,,65,,01,40.168730,74.131850,N,,8145
20191352C060-2019-00162A,MONMOUTH,WALL TWP,02/07/2019,TH,0702,02,NEW JERSEY STATE POLICE,HAMILTON-SUB -,0,0,0,0,P,B,N,N,02,2,I-195,W,195,,00000195__,33.80,01,,01,04,02,01,01,01,01,01,,,,,,,,65,,26,40.169920,74.110930,N,,8158
20191352C060-2019-00291A,MONMOUTH,WALL TWP,02/24/2019,SU,0719,02,NEW JERSEY STATE POLICE,HAMILTON-SUB -,0,0,0,0,P,B,N,N,11,1,I-195,W,195,,00000195__,33.60,01,,01,04,02,02,01,02,01,01,,,,,,,,65,,60,40.170070,74.117120,N,,8145
20191352C060-2019-00317A,MONMOUTH,WALL TWP,03/01/2019,FR,1532,02,NEW JERSEY STATE POLICE,HAMILTON-SUB -,0,0,0,0,P,B,N,N,15,1,I-195,E,195,,00000195__,32.40,01,,01,04,02,01,01,01,01,01,,,,,,,,65,,39,40.165510,74.138070,N,,8150
20191352C060-2019-00319A,MONMOUTH,WALL TWP,03/01/2019,FR,1526,02,NEW JERSEY STATE POLICE,HAMILTON-SUB -,0,0,0,0,P,B,N,N,15,1,I-195,E,195,,00000195__,32.40,01,,01,04,02,01,01,01,01,01,,,,,,,,65,,39,40.165510,74.138070,N,,8150
20191352C060-2019-00853A,MONMOUTH,WALL TWP,06/24/2019,MO,0804,02,NEW JERSEY STATE POLICE,HAMILTON-SUB -,0,0,0,0,P,B,N,N,15,1,I-195,E,195,,00000195__,32.40,01,,01,05,01,01,01,01,01,01,,,,,,,,65,,39,40.165510,74.138070,N,,8237
20191352C060-2019-00918A,MONMOUTH,WALL TWP,07/03/2019,WE,1052,02,NEW JERSEY STATE POLICE,HAMILTON-SUB -,0,0,0,0,P,B,N,N,15,1,I-195,E,195,,00000195__,32.60,01,,01,04,02,01,01,01,04,01,,,,,,,,65,,39,40.167180,74.135000,N,,8113
20191352C060-2019-00941A,MONMOUTH,WALL TWP,07/08/2019,MO,1152,02,NEW JERSEY STATE POLICE,HAMILTON-SUB -,0,0,0,0,P,B,N,N,01,2,I-195,E,195,,00000195__,32.50,01,,01,04,02,01,01,01,01,01,,,,,,,,65,,26,40.166350,74.136550,N,,7727
20191352C060-2019-01119A,MONMOUTH,WALL TWP,08/07/2019,WE,0721,02,NEW JERSEY STATE POLICE,HAMILTON-SUB -,0,0,0,0,P,B,N,N,11,1,I-195,W,195,,00000195__,34.00,01,,03,04,02,02,01,01,05,01,,,,,F,SH 34,,65,,56,40.170070,74.109590,N,,8241
20191352C060-2019-01155A,MONMOUTH,WALL TWP,08/12/2019,MO,0607,02,NEW JERSEY STATE POLICE,HAMILTON-SUB -,0,2,0,0,I,B,N,N,11,1,I-195,E,195,,00000195__,33.80,01,,01,04,02,01,02,01,05,01,,,,,,,,65,,46,40.160700,74.068000,N,Guardrail,8249
20191352C060-2019-01161A,MONMOUTH,WALL TWP,08/12/2019,MO,0731,02,NEW JERSEY STATE POLICE,HAMILTON-SUB -,0,0,0,0,P,B,N,N,02,2,I-195,E,195,,00000195__,34.00,01,,01,04,02,01,01,01,01,01,,,,,,,,65,,26,40.169730,74.109630,N,,8342
20191352C060-2019-01374A,MONMOUTH,WALL TWP,09/21/2019,SA,1734,02,NEW JERSEY STATE POLICE,HAMILTON-SUB -,0,0,0,0,P,B,N,N,99,1,I-195,W,195,,00000195__,34.00,01,,01,04,02,01,01,01,03,01,,,,,,,,65,,19,40.170070,74.109590,N,,8111
20191352C060-2019-01621A,MONMOUTH,WALL TWP,10/27/2019,SU,1037,02,NEW JERSEY STATE POLICE,HAMILTON-SUB -,0,0,0,0,P,B,N,N,11,1,I-195,E,195,,00000195__,32.80,01,,01,04,02,02,01,02,01,01,,,,,,,,65,,46,40.169100,74.131960,N,,8241
20191352C060-2019-01661A,MONMOUTH,WALL TWP,11/03/2019,SU,2318,02,NEW JERSEY STATE POLICE,HAMILTON-SUB -,0,0,0,0,P,B,N,N,12,1,I-195,W,195,,00000195__,32.90,01,,01,04,02,01,05,01,01,01,,,,,,,,65,,24,40.168600,74.132530,N,,7874
20191352C060-2019-01722A,MONMOUTH,WALL TWP,11/09/2019,SA,0401,02,NEW JERSEY STATE POLICE,HAMILTON-SUB -,0,0,0,0,P,B,N,N,12,1,I-195,E,195,,00000195__,34.00,01,,01,04,02,01,05,01,01,01,,,,,,,,65,,24,40.169730,74.109630,N,,8375
20191352C060-2019-01790A,MONMOUTH,WALL TWP,11/21/2019,TH,0759,02,NEW JERSEY STATE POLICE,HAMILTON-SUB -,0,0,0,0,P,B,N,N,01,2,NJ 138,W,138,,00000138__,.80,02,,01,04,01,01,01,01,01,01,,,,,,,,55,,26,40.170680,74.091990,N,,8237
20191352C060-2019-01827A,MONMOUTH,WALL TWP,11/27/2019,WE,1812,02,NEW JERSEY STATE POLICE,HAMILTON-SUB -,0,0,0,0,P,B,N,N,01,2,I-195,E,195,,00000195__,32.80,01,,01,04,02,01,06,01,03,01,,,,,,,,65,,26,40.168730,74.131850,N,,8342
20191352C060-2019-01847A,MONMOUTH,WALL TWP,12/01/2019,SU,1329,02,NEW JERSEY STATE POLICE,HAMILTON-SUB -,0,0,0,0,P,B,N,N,11,1,I-195,W,195,,00000195__,33.60,01,,03,05,02,02,01,02,03,01,,,,,,,,65,,46,40.170070,74.117120,N,,8198
20191352C060-2019-02016A,MONMOUTH,WALL TWP,12/29/2019,SU,1857,02,NEW JERSEY STATE POLICE,HAMILTON-SUB -,0,0,0,0,P,B,N,N,11,1,I-195,W,195,,00000195__,33.60,01,,03,04,02,02,04,02,03,01,,,,,,,,65,,46,40.170070,74.117120,N,Guard Rail Face - NJ DOT PO BOX 600  Trenton  NJ 08625,8194
20191352E050-2019-00004A,MONMOUTH,WALL TWP,01/01/2019,TU,1938,02,NEW JERSEY STATE POLICE,HOLMDEL - SQUAD,0,0,0,0,P,B,Y,N,02,2,GARDEN STATE PARKWAY,S,444,,00000444__,96.40,03,,01,04,02,01,05,01,03,01,,,,,,,,65,,26,40.145710,74.110000,N,,7887
20191352E050-2019-00017A,MONMOUTH,WALL TWP,01/04/2019,FR,1745,02,NEW JERSEY STATE POLICE,HOLMDEL - SQUAD,0,0,0,0,P,B,N,N,01,2,GARDEN STATE PARKWAY,S,444,,00000444__,98.20,03,,01,04,02,01,06,01,01,01,,,,,,,,65,,26,40.170670,74.101030,N,,7411
20191352E050-2019-00056A,MONMOUTH,WALL TWP,01/09/2019,WE,1247,02,NEW JERSEY STATE POLICE,HOLMDEL - SQUAD,0,0,0,0,P,B,N,N,11,1,GARDEN STATE PARKWAY,N,444,,00000444__,100.00,03,,03,06,02,01,01,01,01,01,,,,,,,,65,,48,40.211330,74.096350,N,,7578
20191352E050-2019-00058A,MONMOUTH,WALL TWP,01/09/2019,WE,1620,02,NEW JERSEY STATE POLICE,HOLMDEL - SQUAD,0,0,0,0,P,B,N,N,01,2,GARDEN STATE PARKWAY,S,444,,00000444__,96.70,03,,01,04,02,01,01,01,03,01,,,,,,,,65,,26,40.149470,74.107200,N,,7578
20191352E050-2019-00059A,MONMOUTH,WALL TWP,01/09/2019,WE,1641,02,NEW JERSEY STATE POLICE,HOLMDEL - SQUAD,0,0,0,0,P,B,N,N,01,2,GARDEN STATE PARKWAY,S,444,,00000444__,96.40,03,,01,04,02,01,05,01,01,01,,,,,,,,65,,26,40.126170,74.126420,N,,7578
20191352E050-2019-00075A,MONMOUTH,WALL TWP,01/12/2019,SA,1116,02,NEW JERSEY STATE POLICE,HOLMDEL - SQUAD,0,0,0,0,P,B,N,N,15,2,GARDEN STATE PARKWAY,S,444,,00000444__,99.80,03,,01,04,02,01,01,01,01,01,,,,,,,,65,,30,40.193800,74.100700,N,,7798
20191352E050-2019-00092A,MONMOUTH,WALL TWP,01/15/2019,TU,1824,02,NEW JERSEY STATE POLICE,HOLMDEL - SQUAD,0,0,0,0,P,B,N,N,02,2,GARDEN STATE PARKWAY,S,444,,00000444__,100.00,03,,01,04,02,01,05,01,01,01,,,,,,,,65,,26,40.196680,74.100190,N,,7660
20191352E050-2019-00140A,MONMOUTH,WALL TWP,01/24/2019,TH,1700,02,NEW JERSEY STATE POLICE,HOLMDEL - SQUAD,0,0,0,0,P,B,N,N,10,1,GARDEN STATE PARKWAY,N,444,,00000444__,96.60,03,,01,04,02,02,03,02,01,01,,,,,,,,65,,46,40.145750,74.108770,N,NJTA GUARDRAIL DAMAGE,7639
20191352E050-2019-00141A,MONMOUTH,WALL TWP,01/24/2019,TH,0708,02,NEW JERSEY STATE POLICE,HOLMDEL - SQUAD,0,1,0,0,I,B,N,N,01,2,GARDEN STATE PARKWAY,N,444,,00000444__,96.70,03,,01,04,02,02,01,02,01,01,,,,,,,,65,,26,40.148790,74.106560,N,,7448
20191352E050-2019-00149A,MONMOUTH,WALL TWP,01/27/2019,SU,0111,02,NEW JERSEY STATE POLICE,HOLMDEL - SQUAD,0,0,0,0,P,B,N,N,15,1,GARDEN STATE PARKWAY,N,444,,00000444__,96.20,03,,01,04,02,01,05,01,01,01,,,,,,,,65,,39,40.142290,74.110500,N,,7798
20191352E050-2019-00153A,MONMOUTH,WALL TWP,01/27/2019,SU,1456,02,NEW JERSEY STATE POLICE,HOLMDEL - SQUAD,0,0,0,0,P,B,N,N,01,2,GARDEN STATE PARKWAY,N,444,,00000444__,97.90,03,,01,04,02,01,01,01,01,01,,,,,,,,65,,26,40.165320,74.101070,N,,7332
20191352E050-2019-00160A,MONMOUTH,WALL TWP,01/29/2019,TU,0613,02,NEW JERSEY STATE POLICE,HOLMDEL - SQUAD,0,0,0,0,P,B,N,N,12,1,GARDEN STATE PARKWAY,S,444,,00000444__,96.50,03,,01,05,02,01,05,01,01,01,,,,,,,,65,,24,40.146620,74.109390,N,,7660
20191352E050-2019-00190A,MONMOUTH,WALL TWP,02/01/2019,FR,2100,02,NEW JERSEY STATE POLICE,HOLMDEL - SQUAD,0,1,0,0,I,B,N,N,02,2,GARDEN STATE PARKWAY,S,444,,00000444__,96.90,03,,01,04,02,02,05,03,01,01,,,,,,,,65,,26,40.152240,74.105980,N,,7887
20191352E050-2019-00197A,MONMOUTH,WALL TWP,01/24/2019,TH,1010,02,NEW JERSEY STATE POLICE,HOLMDEL - SQUAD,0,0,0,0,P,B,N,N,02,2,GARDEN STATE PARKWAY,S,444,,00000444__,98.10,03,,01,04,02,02,01,02,01,01,,,,,,,,65,,26,40.169250,74.101370,N,,7448
20191352E050-2019-00207A,MONMOUTH,WALL TWP,02/05/2019,TU,0852,02,NEW JERSEY STATE POLICE,HOLMDEL - SQUAD,0,1,0,0,I,B,N,N,11,1,GARDEN STATE PARKWAY,S,444,,00000444__,98.00,03,,02,05,02,02,01,01,01,01,,,,,,,,65,,60,40.177340,74.100990,N,,7361
20191352E050-2019-00222A,MONMOUTH,WALL TWP,02/07/2019,TH,1645,02,NEW JERSEY STATE POLICE,HOLMDEL - SQUAD,0,1,0,0,I,B,N,N,11,1,GARDEN STATE PARKWAY,N,444,,00000444__,100.70,03,,01,04,02,01,01,01,01,01,,,,,,,,65,,46,40.205610,74.098610,N,Guardrail,7794
20191352E050-2019-00226A,MONMOUTH,WALL TWP,02/08/2019,FR,1652,02,NEW JERSEY STATE POLICE,HOLMDEL - SQUAD,0,0,0,0,P,B,N,N,01,2,GARDEN STATE PARKWAY,S,444,,00000444__,97.70,03,,01,04,02,01,06,01,01,01,,,,,,,,65,,26,40.163520,74.102600,N,,7570
20191352E050-2019-00232A,MONMOUTH,WALL TWP,02/10/2019,SU,1550,02,NEW JERSEY STATE POLICE,HOLMDEL - SQUAD,0,0,0,0,P,B,Y,N,11,1,NJ 34,S,34,,00000034__,2.60,02,,03,05,02,01,01,01,02,01,,,,,,,,35,,56,40.386550,74.177130,N,WALL TWP. ARROW SIGN.,7804
20191352E050-2019-00244A,MONMOUTH,WALL TWP,02/12/2019,TU,0957,02,NEW JERSEY STATE POLICE,HOLMDEL - SQUAD,0,1,0,0,I,B,N,N,11,1,GARDEN STATE PARKWAY,N,444,,00000444__,100.30,03,,01,04,02,05,01,07,01,01,,,,,,,,65,,50,40.200980,74.098000,N,NJTA TRAFFIC SIGN SUPPORT,7369
20191352E050-2019-00254A,MONMOUTH,WALL TWP,02/12/2019,TU,1304,02,NEW JERSEY STATE POLICE,HOLMDEL - SQUAD,0,0,0,0,P,B,N,N,11,1,GARDEN STATE PARKWAY,N,444,,00000444__,98.00,03,,01,04,02,05,01,07,01,01,,,,,,,,65,,46,40.163200,74.101650,N,NJTA GUIDERAIL DAMAGE,7369
20191352E050-2019-00269A,MONMOUTH,WALL TWP,02/11/2019,MO,2252,02,NEW JERSEY STATE POLICE,HOLMDEL - SQUAD,0,0,0,0,P,B,N,N,12,1,GARDEN STATE PARKWAY,S,444,,00000444__,100.00,03,,01,04,02,01,04,01,01,01,,,,,,,,65,,24,40.199550,74.098850,N,,7382
20191352E050-2019-00286A,MONMOUTH,WALL TWP,02/14/2019,TH,,02,NEW JERSEY STATE POLICE,HOLMDEL - SQUAD,0,1,0,0,I,B,N,N,11,1,GARDEN STATE PARKWAY,S,444,,00000444__,98.00,03,,01,04,02,01,05,01,01,01,,,,,,,,65,,46,40.167810,74.101710,N,,7661