Year(4)-CountyCode(2)-MunicipalityCode(2)-CaseNumber(9),County Name,Municipality Name,Crash Date,Crash Day of Week,Crash Time,Police Department Code,Police Department,Police Station,Total Killed,Total Injured,Pedestrians Killed,Pedestrians Injured,Severity,Intersection,Alcohol Involved,Hazmat Involved,Crash Type,Total Vehicles,Location,Location Direction,Route,Route Suffix,Std Rte Identifier,MilePost,Road System,Road Character,Road Horizontal Alignment,Road Grade,Road Surface Type,Surface Condition,Light Condition,Environmental Condition,Road Divided By,Temporary Traffic Control Zone,Distance To Cross Street,Unit Of Measurement,Direction From Cross Street,Cross Street Name,Is Ramp,Ramp To/From Route Name,Ramp To/From Route Direction,Posted Speed,Posted Speed Cross Street,First Harmful Event,Latitude,Longitude,Cell Phone In Use Flag,Other Property Damage,Reporting Badge No.
20191352E050-2019-00302A,MONMOUTH,WALL TWP,02/16/2019,SA,1712,02,NEW JERSEY STATE POLICE,HOLMDEL - SQUAD,0,1,0,0,I,B,N,N,01,2,GARDEN STATE PARKWAY,S,444,,00000444__,94.60,03,,01,04,02,01,01,01,01,01,,,,,,,,65,,26,40.123690,74.127280,N,,7639
20191352E050-2019-00334A,MONMOUTH,WALL TWP,02/20/2019,WE,1319,02,NEW JERSEY STATE POLICE,HOLMDEL - SQUAD,0,1,0,0,I,B,N,N,06,2,GARDEN STATE PARKWAY,S,444,,00000444__,100.20,03,,01,04,02,03,01,03,99,02,,,,,,,,65,,26,40.198270,74.099090,N,,6920
20191352E050-2019-00353A,MONMOUTH,WALL TWP,02/24/2019,SU,0951,02,NEW JERSEY STATE POLICE,HOLMDEL - SQUAD,0,0,0,0,P,B,Y,N,01,2,GARDEN STATE PARKWAY,N,444,,00000444__,98.00,03,,01,04,02,02,01,02,01,01,,,,,,,,65,,26,40.175490,74.098960,N,,7501
20191352E050-2019-00361A,MONMOUTH,WALL TWP,02/25/2019,MO,1002,02,NEW JERSEY STATE POLICE,HOLMDEL - SQUAD,0,0,0,0,P,B,N,N,15,1,GARDEN STATE PARKWAY,N,444,,00000444__,96.20,03,,01,04,02,01,01,01,01,01,,,,,,,,65,,30,40.142290,74.110500,N,,7660
20191352E050-2019-00415A,MONMOUTH,WALL TWP,03/03/2019,SU,2025,02,NEW JERSEY STATE POLICE,HOLMDEL - SQUAD,0,0,0,0,P,B,N,N,11,1,GARDEN STATE PARKWAY,N,444,,00000444__,95.60,03,,01,04,02,02,05,03,03,01,,,,,,,,65,,46,40.134950,74.116210,N,,7887
20191352E050-2019-00417A,MONMOUTH,WALL TWP,03/04/2019,MO,0121,02,NEW JERSEY STATE POLICE,HOLMDEL - SQUAD,0,0,0,0,P,B,N,N,11,1,GARDEN STATE PARKWAY,N,444,,00000444__,99.30,03,,01,04,02,02,05,02,01,01,,,,,,,,65,,46,40.185590,74.099790,N,,7887
20191352E050-2019-00426A,MONMOUTH,WALL TWP,02/23/2019,SA,2012,02,NEW JERSEY STATE POLICE,HOLMDEL - SQUAD,0,0,0,0,P,B,Y,N,11,1,GARDEN STATE PARKWAY,N,444,,00000444__,97.50,03,,00,00,00,00,00,01,00,00,,,,,,,,65,,56,40.159540,74.102350,N,,7199
20191352E050-2019-00439A,MONMOUTH,WALL TWP,03/07/2019,TH,1443,02,NEW JERSEY STATE POLICE,HOLMDEL - SQUAD,0,0,0,0,P,B,N,N,15,2,GARDEN STATE PARKWAY,N,444,,00000444__,100.70,03,,01,04,02,01,01,01,01,01,,,,,,,,65,,39,40.205650,74.097210,N,,7471
20191352E050-2019-00447A,MONMOUTH,WALL TWP,03/08/2019,FR,1517,02,NEW JERSEY STATE POLICE,HOLMDEL - SQUAD,0,2,0,0,I,B,N,N,01,2,GARDEN STATE PARKWAY,N,444,,00000444__,98.30,03,,01,04,02,01,01,01,01,01,,,,,,,,40,,26,40.172820,74.098670,N,,7450
20191352E050-2019-00450A,MONMOUTH,WALL TWP,03/09/2019,SA,1134,02,NEW JERSEY STATE POLICE,HOLMDEL - SQUAD,0,1,0,0,I,B,N,N,01,3,GARDEN STATE PARKWAY,S,444,,00000444__,100.00,03,,01,04,02,01,01,01,01,01,,,,,,,,65,,26,40.195650,74.098830,N,,7369
20191352E050-2019-00460A,MONMOUTH,WALL TWP,03/10/2019,SU,1032,02,NEW JERSEY STATE POLICE,HOLMDEL - SQUAD,0,0,0,0,P,B,N,N,11,1,GARDEN STATE PARKWAY,S,444,,00000444__,96.10,03,,01,04,02,02,01,02,01,01,,,,,,,,65,,46,40.144260,74.110730,N,NJTA Guardrail Face,7798
20191352E050-2019-00466A,MONMOUTH,WALL TWP,03/11/2019,MO,1455,02,NEW JERSEY STATE POLICE,HOLMDEL - SQUAD,0,0,0,0,P,B,N,N,02,2,GARDEN STATE PARKWAY,S,444,,00000444__,100.70,03,,01,04,02,01,01,01,01,01,,,,,,,,65,,26,40.206730,74.098530,N,,7887
20191352E050-2019-00478A,MONMOUTH,WALL TWP,03/14/2019,TH,1943,02,NEW JERSEY STATE POLICE,HOLMDEL - SQUAD,0,0,0,0,P,B,N,N,01,2,GARDEN STATE PARKWAY,S,444,,00000444__,98.00,03,,01,04,02,01,03,01,01,01,,,,,,,,65,,26,40.167810,74.101710,N,,7570
20191352E050-2019-00492A,MONMOUTH,WALL TWP,03/16/2019,SA,0330,02,NEW JERSEY STATE POLICE,HOLMDEL - SQUAD,0,0,0,0,P,B,N,N,02,2,GARDEN STATE PARKWAY,S,444,,00000444__,98.00,03,,01,04,02,01,04,01,01,01,,,,,,,,65,,26,40.167810,74.101710,N,,7382
20191352E050-2019-00527A,MONMOUTH,WALL TWP,03/24/2019,SU,1822,02,NEW JERSEY STATE POLICE,HOLMDEL - SQUAD,0,0,0,0,P,B,N,N,15,1,GARDEN STATE PARKWAY,S,444,,00000444__,99.60,03,,01,04,02,01,01,01,01,01,,,,,,,,65,,39,40.225120,74.632650,N,,7450
20191352E050-2019-00545A,MONMOUTH,WALL TWP,03/29/2019,FR,1211,02,NEW JERSEY STATE POLICE,HOLMDEL - SQUAD,0,0,0,0,P,B,N,N,02,2,GARDEN STATE PARKWAY,S,444,,00000444__,99.70,03,,01,04,02,01,01,01,01,01,,,,,,,,65,,26,40.192350,74.100860,N,,7660
20191352E050-2019-00568A,MONMOUTH,WALL TWP,04/03/2019,WE,0933,02,NEW JERSEY STATE POLICE,HOLMDEL - SQUAD,0,0,0,0,P,B,N,N,12,1,GARDEN STATE PARKWAY,N,444,,00000444__,97.10,03,,01,04,02,01,01,01,03,01,,,,,,,,65,,25,40.153100,74.104200,N,,7578
20191352E050-2019-00570A,MONMOUTH,WALL TWP,04/03/2019,WE,1427,02,NEW JERSEY STATE POLICE,HOLMDEL - SQUAD,0,0,0,0,P,B,N,N,02,2,GARDEN STATE PARKWAY,N,444,,00000444__,95.20,03,,01,04,02,01,01,01,01,01,,,,,,,,65,,26,40.894500,74.963400,N,,7382
20191352E050-2019-00573A,MONMOUTH,WALL TWP,04/04/2019,TH,0213,02,NEW JERSEY STATE POLICE,HOLMDEL - SQUAD,0,0,0,0,P,B,N,N,11,1,GARDEN STATE PARKWAY,S,444,,00000444__,94.40,03,,01,04,02,01,06,01,03,01,,,,,,,,65,,57,40.120870,74.128080,N,,7373
20191352E050-2019-00582A,MONMOUTH,WALL TWP,04/05/2019,FR,1928,02,NEW JERSEY STATE POLICE,HOLMDEL - SQUAD,0,1,0,0,I,B,N,N,11,1,GARDEN STATE PARKWAY,S,444,,00000444__,97.54,03,,03,04,02,02,07,02,01,01,,,,,T,NJ 34,NB,65,,46,40.166500,74.102300,N,,7501
20191352E050-2019-00583A,MONMOUTH,WALL TWP,04/05/2019,FR,1932,02,NEW JERSEY STATE POLICE,HOLMDEL - SQUAD,0,0,0,0,P,B,N,N,02,2,GARDEN STATE PARKWAY,S,444,,00000444__,98.00,03,,01,04,02,02,07,02,01,01,,,,,,,,65,,26,40.166500,74.102300,N,,7501
20191352E050-2019-00622A,MONMOUTH,WALL TWP,04/14/2019,SU,1215,02,NEW JERSEY STATE POLICE,HOLMDEL - SQUAD,0,0,0,0,P,B,N,N,01,3,GARDEN STATE PARKWAY,N,444,,00000444__,100.00,03,,01,04,02,01,01,01,01,01,,,,,,,,65,,26,40.386200,74.179200,N,,7794
20191352E050-2019-00630A,MONMOUTH,WALL TWP,04/15/2019,MO,0844,02,NEW JERSEY STATE POLICE,HOLMDEL - SQUAD,0,0,0,0,P,B,N,N,01,2,GARDEN STATE PARKWAY,S,444,,00000444__,100.70,03,,01,04,02,02,01,01,01,01,,,,,,,,65,,26,40.206730,74.098530,N,,7845
20191352E050-2019-00634A,MONMOUTH,WALL TWP,04/16/2019,TU,1729,02,NEW JERSEY STATE POLICE,HOLMDEL - SQUAD,0,3,0,0,I,B,N,N,01,2,GARDEN STATE PARKWAY,S,444,,00000444__,100.70,03,,01,04,02,01,01,01,01,01,,,,,,,,65,,26,40.206730,74.098530,N,,7369
20191352E050-2019-00655A,MONMOUTH,WALL TWP,04/21/2019,SU,1032,02,NEW JERSEY STATE POLICE,HOLMDEL - SQUAD,0,0,0,0,P,B,N,N,02,2,GARDEN STATE PARKWAY,N,444,,00000444__,98.00,03,,01,04,02,01,01,01,01,01,,,,,,,,65,,26,40.166780,74.100570,N,,7661
20191352E050-2019-00658A,MONMOUTH,WALL TWP,04/21/2019,SU,2002,02,NEW JERSEY STATE POLICE,HOLMDEL - SQUAD,0,3,0,0,I,B,N,N,01,2,GARDEN STATE PARKWAY,N,444,,00000444__,100.80,03,,01,04,02,01,06,01,01,01,,,,,,,,65,,26,40.207090,74.097190,N,,7470
20191352E050-2019-00672A,MONMOUTH,WALL TWP,04/17/2019,WE,1613,02,NEW JERSEY STATE POLICE,HOLMDEL - SQUAD,0,0,0,0,P,B,N,N,02,2,GARDEN STATE PARKWAY,N,444,,00000444__,100.30,03,,01,04,02,01,01,01,01,01,,,,,,,,65,,26,40.199930,74.097990,N,,7448
20191352E050-2019-00675A,MONMOUTH,WALL TWP,04/24/2019,WE,1654,02,NEW JERSEY STATE POLICE,HOLMDEL - SQUAD,0,0,0,0,P,B,N,N,01,2,GARDEN STATE PARKWAY,S,444,,00000444__,94.70,03,,01,05,02,01,01,01,03,01,,,,,,,,65,,26,40.122290,74.127630,N,,7361
20191352E050-2019-00684A,MONMOUTH,WALL TWP,04/26/2019,FR,1642,02,NEW JERSEY STATE POLICE,HOLMDEL - SQUAD,0,0,0,0,P,B,N,N,01,2,GARDEN STATE PARKWAY,S,444,,00000444__,96.60,03,,01,04,02,02,01,02,01,01,,,,,,,,65,,26,40.148260,74.108200,N,,7779
20191352E050-2019-00699A,MONMOUTH,WALL TWP,04/29/2019,MO,0825,02,NEW JERSEY STATE POLICE,HOLMDEL - SQUAD,0,0,0,0,P,B,N,N,02,2,GARDEN STATE PARKWAY,S,444,,00000444__,95.50,03,,01,04,02,01,01,01,01,01,,,,,,,,65,,26,40.134400,74.118150,N,,7450
20191352E050-2019-00704A,MONMOUTH,WALL TWP,04/29/2019,MO,2010,02,NEW JERSEY STATE POLICE,HOLMDEL - SQUAD,0,0,0,0,P,B,N,N,06,2,GARDEN STATE PARKWAY,S,444,,00000444__,97.90,03,,01,04,02,01,07,01,01,01,,,,,,,,65,,28,40.166390,74.102020,N,,7576
20191352E050-2019-00726A,MONMOUTH,WALL TWP,05/03/2019,FR,1711,02,NEW JERSEY STATE POLICE,HOLMDEL - SQUAD,0,0,0,0,P,B,N,N,03,2,GARDEN STATE PARKWAY,N,444,,00000444__,98.00,03,,03,04,02,01,01,01,01,01,,,,,,,,65,,26,40.169540,74.098380,N,,7845
20191352E050-2019-00731A,MONMOUTH,WALL TWP,05/04/2019,SA,1522,02,NEW JERSEY STATE POLICE,HOLMDEL - SQUAD,0,2,0,0,I,B,N,N,10,2,GARDEN STATE PARKWAY,S,444,,00000444__,99.50,03,,01,04,02,02,01,01,01,01,,,,,,,,65,,01,40.189460,74.101090,N,,7450
20191352E050-2019-00737A,MONMOUTH,WALL TWP,05/05/2019,SU,1432,02,NEW JERSEY STATE POLICE,HOLMDEL - SQUAD,0,0,0,0,P,B,N,N,05,2,GARDEN STATE PARKWAY,N,444,,00000444__,96.70,03,,01,04,02,02,01,02,01,01,,,,,,,,65,,26,40.148790,74.106560,N,,7798
20191352E050-2019-00780A,MONMOUTH,WALL TWP,05/13/2019,MO,1441,02,NEW JERSEY STATE POLICE,HOLMDEL - SQUAD,0,0,0,0,P,B,N,N,11,1,GARDEN STATE PARKWAY,S,444,,00000444__,100.00,03,,03,04,02,02,01,02,01,01,,,,,,,,65,,46,40.281040,74.086530,N,NJTA GUARD RAIL,7845
20191352E050-2019-00794A,MONMOUTH,WALL TWP,05/15/2019,WE,1346,02,NEW JERSEY STATE POLICE,HOLMDEL - SQUAD,0,0,0,0,P,B,N,N,11,1,GARDEN STATE PARKWAY,S,444,,00000444__,94.31,03,,01,04,02,01,01,02,05,01,,,,,,,,25,,48,40.160700,74.068000,N,Concrete Traffic Barrier,7739
20191352E050-2019-00812A,MONMOUTH,WALL TWP,05/14/2019,TU,0811,02,NEW JERSEY STATE POLICE,HOLMDEL - SQUAD,0,2,0,0,I,B,N,N,01,3,GARDEN STATE PARKWAY,N,444,,00000444__,96.60,03,,01,04,02,01,01,01,01,01,,,,,,,,65,,26,40.147500,74.107390,N,,7661
20191352E050-2019-00817A,MONMOUTH,WALL TWP,05/17/2019,FR,1253,02,NEW JERSEY STATE POLICE,HOLMDEL - SQUAD,0,1,0,0,I,B,N,N,03,2,GARDEN STATE PARKWAY,S,444,,00000444__,100.80,03,,01,04,02,01,01,01,01,01,,,,,,,,65,,26,40.195650,74.098830,N,,7570
20191352E050-2019-00818A,MONMOUTH,WALL TWP,05/17/2019,FR,1958,02,NEW JERSEY STATE POLICE,HOLMDEL - SQUAD,0,0,0,0,P,B,N,N,15,1,GARDEN STATE PARKWAY,N,444,,00000444__,100.00,03,,01,06,02,01,01,01,01,01,,,,,,,,65,,39,40.195650,74.098830,N,,7361
20191352E050-2019-00873A,MONMOUTH,WALL TWP,05/23/2019,TH,1740,02,NEW JERSEY STATE POLICE,HOLMDEL - SQUAD,0,1,0,0,I,B,N,N,01,3,GARDEN STATE PARKWAY,S,444,,00000444__,96.80,03,,01,04,02,02,01,01,01,01,,,,,,,,65,,26,40.150890,74.106630,N,,7369
20191352E050-2019-00882A,MONMOUTH,WALL TWP,05/23/2019,TH,1920,02,NEW JERSEY STATE POLICE,HOLMDEL - SQUAD,0,0,0,0,P,B,N,N,02,2,GARDEN STATE PARKWAY,S,444,,00000444__,98.60,03,,01,04,02,01,03,01,01,01,,,,,,,,25,,26,40.136070,74.079810,N,,7361
20191352E050-2019-00883A,MONMOUTH,WALL TWP,05/24/2019,FR,,02,NEW JERSEY STATE POLICE,HOLMDEL - SQUAD,0,0,0,0,P,B,N,N,11,2,GARDEN STATE PARKWAY,N,444,,00000444__,96.50,03,,01,04,02,02,05,01,01,01,,,,,,,,65,,46,40.146220,74.108230,N,NJTA Metal Guardrail,7361
20191352E050-2019-00886A,MONMOUTH,WALL TWP,05/24/2019,FR,1419,02,NEW JERSEY STATE POLICE,HOLMDEL - SQUAD,0,0,0,0,P,B,N,N,02,2,GARDEN STATE PARKWAY,S,444,,00000444__,98.40,03,,01,04,02,01,01,01,03,01,,,,,,,,65,,26,40.172350,74.100510,N,,7578
20191352E050-2019-00890A,MONMOUTH,WALL TWP,05/25/2019,SA,2325,02,NEW JERSEY STATE POLICE,HOLMDEL - SQUAD,0,2,0,0,I,B,Y,N,11,1,GARDEN STATE PARKWAY,S,444,,00000444__,95.90,03,,01,04,02,01,05,01,01,01,,,,,,,,65,,48,40.386550,74.177130,N,,7887
20191352E050-2019-00899A,MONMOUTH,WALL TWP,05/25/2019,SA,1224,02,NEW JERSEY STATE POLICE,HOLMDEL - SQUAD,0,1,0,0,I,B,N,N,02,2,GARDEN STATE PARKWAY,S,444,,00000444__,100.00,03,,01,04,02,01,01,01,01,01,,,,,,,,65,,26,40.196680,74.100190,N,,7453
20191352E050-2019-00903A,MONMOUTH,WALL TWP,05/26/2019,SU,0837,02,NEW JERSEY STATE POLICE,HOLMDEL - SQUAD,0,0,0,0,P,B,N,N,06,2,GARDEN STATE PARKWAY,N,444,,00000444__,100.00,03,,01,04,02,01,01,01,01,01,,,,,,,,10,,26,40.199550,74.098850,N,,7639
20191352E050-2019-00921A,MONMOUTH,WALL TWP,05/27/2019,MO,1044,02,NEW JERSEY STATE POLICE,HOLMDEL - SQUAD,0,0,0,0,P,B,N,N,01,2,GARDEN STATE PARKWAY,N,444,,00000444__,97.80,03,,01,04,02,01,01,01,01,01,,,,,,,,65,,26,40.163850,74.101490,N,,7450
20191352E050-2019-00930A,MONMOUTH,WALL TWP,05/28/2019,TU,1322,02,NEW JERSEY STATE POLICE,HOLMDEL - SQUAD,0,2,0,0,I,B,N,N,02,2,GARDEN STATE PARKWAY,N,444,,00000444__,99.30,03,,01,04,02,01,01,01,03,01,,,,,,,,65,,26,40.185590,74.099790,N,,7373
20191352E050-2019-00932A,MONMOUTH,WALL TWP,05/28/2019,TU,1642,02,NEW JERSEY STATE POLICE,HOLMDEL - SQUAD,0,0,0,0,P,B,N,N,02,2,GARDEN STATE PARKWAY,N,444,,00000444__,98.00,03,,01,04,02,01,01,01,01,01,,,,,,,,65,,26,40.166780,74.100570,N,,7845
20191352E050-2019-00935A,MONMOUTH,WALL TWP,05/29/2019,WE,0813,02,NEW JERSEY STATE POLICE,HOLMDEL - SQUAD,0,0,0,0,P,B,N,N,01,2,GARDEN STATE PARKWAY,N,444,,00000444__,96.40,03,,01,04,02,01,01,01,01,01,,,,,,,,65,,26,40.144930,74.109060,N,,7639
20191352E050-2019-00942A,MONMOUTH,WALL TWP,05/30/2019,TH,1853,02,NEW JERSEY STATE POLICE,HOLMDEL - SQUAD,0,0,0,0,P,B,N,N,11,1,GARDEN STATE PARKWAY,N,444,,00000444__,98.50,03,,03,04,02,02,01,02,01,01,,,,,,,,35,,46,40.172820,74.098670,N,NJTA Guardrail,7887
20191352E050-2019-00955A,MONMOUTH,WALL TWP,06/02/2019,SU,2246,02,NEW JERSEY STATE POLICE,HOLMDEL - SQUAD,0,0,0,0,P,B,N,N,11,1,GARDEN STATE PARKWAY,S,444,,00000444__,96.10,03,,01,04,02,02,07,02,01,01,,,,,,,,65,,46,40.141750,74.112350,N,NJTA GUARDRAIL,7501
20191352E050-2019-00964A,MONMOUTH,WALL TWP,06/04/2019,TU,1230,02,NEW JERSEY STATE POLICE,HOLMDEL - SQUAD,0,0,0,0,P,B,N,N,02,2,GARDEN STATE PARKWAY,S,444,,00000444__,100.20,03,,01,04,02,01,01,01,01,01,,,,,,,,65,,26,40.199540,74.099600,N,,7887
20191352E050-2019-00970A,MONMOUTH,WALL TWP,06/04/2019,TU,2319,02,NEW JERSEY STATE POLICE,HOLMDEL - SQUAD,0,0,0,0,P,B,N,N,08,2,GARDEN STATE PARKWAY,S,444,,00000444__,100.00,03,,01,04,02,01,06,01,04,01,,,,,,,,65,,26,40.199550,74.098850,N,,7382
20191352E050-2019-00985A,MONMOUTH,WALL TWP,06/06/2019,TH,0933,02,NEW JERSEY STATE POLICE,HOLMDEL - SQUAD,0,1,0,0,I,B,N,N,02,2,GARDEN STATE PARKWAY,N,444,,00000444__,96.40,03,,01,04,02,01,01,01,03,01,,,,,,,,65,,26,40.144930,74.109060,N,NJTA GUARDRAIL,7779
20191352E050-2019-00986A,MONMOUTH,WALL TWP,06/06/2019,TH,1145,02,NEW JERSEY STATE POLICE,HOLMDEL - SQUAD,0,2,0,0,I,B,N,N,01,2,GARDEN STATE PARKWAY,N,444,,00000444__,96.00,03,,01,04,02,01,01,01,03,01,,,,,,,,65,,26,40.139610,74.111830,N,,7779
20191352E050-2019-00987A,MONMOUTH,WALL TWP,06/06/2019,TH,2333,02,NEW JERSEY STATE POLICE,HOLMDEL - SQUAD,0,1,0,0,I,B,N,N,06,2,GARDEN STATE PARKWAY,N,444,,00000444__,98.70,03,,01,04,02,02,07,01,01,01,,,,,,,,65,,26,40.174170,74.099180,N,,7845
20191352E050-2019-00990A,MONMOUTH,WALL TWP,06/07/2019,FR,1030,02,NEW JERSEY STATE POLICE,HOLMDEL - SQUAD,0,1,0,0,I,B,N,N,01,2,GARDEN STATE PARKWAY,S,444,,00000444__,94.30,03,,01,04,02,01,01,01,03,01,,,,,,,,65,,26,40.119510,74.128700,N,,7887
20191352E050-2019-00995A,MONMOUTH,WALL TWP,06/07/2019,FR,1632,02,NEW JERSEY STATE POLICE,HOLMDEL - SQUAD,0,0,0,0,P,B,N,N,02,2,GARDEN STATE PARKWAY,N,444,,00000444__,95.60,03,,01,04,02,01,01,01,01,01,,,,,,,,65,,26,40.134950,74.116210,N,,7887
20191352E050-2019-00998A,MONMOUTH,WALL TWP,06/07/2019,FR,2036,02,NEW JERSEY STATE POLICE,HOLMDEL - SQUAD,0,0,0,0,P,B,N,N,15,1,GARDEN STATE PARKWAY,S,444,,00000444__,98.50,03,,01,04,02,01,03,01,01,01,,,,,,,,65,,39,40.175640,74.100770,N,,7639
20191352E050-2019-00999A,MONMOUTH,WALL TWP,06/07/2019,FR,2049,02,NEW JERSEY STATE POLICE,HOLMDEL - SQUAD,0,0,0,0,P,B,N,N,15,1,GARDEN STATE PARKWAY,S,444,,00000444__,98.50,03,,01,04,02,01,03,01,01,01,,,,,,,,65,,39,40.174650,74.100700,N,,7639
20191352E050-2019-01002A,MONMOUTH,WALL TWP,06/08/2019,SA,2052,02,NEW JERSEY STATE POLICE,HOLMDEL - SQUAD,0,0,0,0,P,B,N,N,15,1,GARDEN STATE PARKWAY,N,444,,00000444__,96.00,03,,01,04,02,01,03,01,03,01,,,,,,,,65,,39,40.139610,74.111830,N,,7852
20191352E050-2019-01010A,MONMOUTH,WALL TWP,06/09/2019,SU,1233,02,NEW JERSEY STATE POLICE,HOLMDEL - SQUAD,0,0,0,0,P,B,N,N,01,2,GARDEN STATE PARKWAY,N,444,,00000444__,100.50,03,,01,04,02,01,01,01,03,01,,,,,,,,65,,26,40.202780,74.097470,N,,7779
20191352E050-2019-01020A,MONMOUTH,WALL TWP,06/10/2019,MO,1252,02,NEW JERSEY STATE POLICE,HOLMDEL - SQUAD,0,1,0,0,I,B,N,N,10,1,GARDEN STATE PARKWAY,N,444,,00000444__,98.00,03,,03,05,02,02,01,02,01,01,,,,,,,,65,,01,40.171860,74.097350,N,,7570
20191352E050-2019-01022A,MONMOUTH,WALL TWP,06/10/2019,MO,1257,02,NEW JERSEY STATE POLICE,HOLMDEL - SQUAD,0,0,0,0,P,B,N,N,02,2,GARDEN STATE PARKWAY,S,444,,00000444__,97.10,03,,01,04,02,02,01,02,01,01,,,,,,,,65,,26,40.160490,74.103750,N,,7118
20191352E050-2019-01026A,MONMOUTH,WALL TWP,06/10/2019,MO,1403,02,NEW JERSEY STATE POLICE,HOLMDEL - SQUAD,0,0,0,0,P,B,N,N,01,2,GARDEN STATE PARKWAY,N,444,,00000444__,95.90,03,,01,04,02,02,01,02,01,01,,,,,,,,65,,26,40.138330,74.112730,N,,6811
20191352E050-2019-01027A,MONMOUTH,WALL TWP,06/10/2019,MO,1730,02,NEW JERSEY STATE POLICE,HOLMDEL - SQUAD,0,0,0,0,P,B,N,N,01,2,GARDEN STATE PARKWAY,S,444,,00000444__,100.40,03,,01,04,02,02,01,02,01,01,,,,,,,,65,,26,40.203070,74.098920,N,,7470
20191352E050-2019-01034A,MONMOUTH,WALL TWP,06/10/2019,MO,1349,02,NEW JERSEY STATE POLICE,HOLMDEL - SQUAD,0,0,0,0,P,B,N,N,11,1,GARDEN STATE PARKWAY,N,444,,00000444__,96.10,03,,01,06,02,02,01,02,01,01,,,,,,,,65,,47,40.140930,74.111100,N,DAMAGE TO NJTA GUIDERAIL,7227
20191352E050-2019-01044A,MONMOUTH,WALL TWP,06/13/2019,TH,0851,02,NEW JERSEY STATE POLICE,HOLMDEL - SQUAD,0,0,0,0,P,B,N,N,01,2,GARDEN STATE PARKWAY,N,444,,00000444__,95.60,03,,01,04,02,02,01,02,03,01,,,,,,,,65,,26,40.134950,74.116210,N,,7779
20191352E050-2019-01051A,MONMOUTH,WALL TWP,06/13/2019,TH,1109,02,NEW JERSEY STATE POLICE,HOLMDEL - SQUAD,0,2,0,0,I,B,N,N,11,1,GARDEN STATE PARKWAY,S,444,,00000444__,99.90,03,,01,04,02,02,01,02,03,01,,,,,,,,65,,60,40.195250,74.100470,N,,7779
20191352E050-2019-01059A,MONMOUTH,WALL TWP,06/14/2019,FR,1723,02,NEW JERSEY STATE POLICE,HOLMDEL - SQUAD,0,0,0,0,P,B,N,N,01,2,GARDEN STATE PARKWAY,S,444,,00000444__,99.00,03,,01,04,02,01,01,01,01,01,,,,,,,,65,,26,40.182230,74.101360,N,,7798
20191352E050-2019-01060A,MONMOUTH,WALL TWP,06/14/2019,FR,1720,02,NEW JERSEY STATE POLICE,HOLMDEL - SQUAD,0,0,0,0,P,B,N,N,01,2,GARDEN STATE PARKWAY,S,444,,00000444__,97.10,03,,01,04,02,01,01,01,01,01,,,,,,,,65,,26,40.155020,74.104920,N,,7798
20191352E050-2019-01082A,MONMOUTH,WALL TWP,06/16/2019,SU,1450,02,NEW JERSEY STATE POLICE,HOLMDEL - SQUAD,0,2,0,0,I,B,N,N,01,3,GARDEN STATE PARKWAY,N,444,,00000444__,98.00,03,,01,04,02,01,01,01,01,01,,,,,,,,65,,26,40.166780,74.100570,N,,7570
20191352E050-2019-01084A,MONMOUTH,WALL TWP,06/16/2019,SU,1155,02,NEW JERSEY STATE POLICE,HOLMDEL - SQUAD,0,0,0,0,P,B,N,N,01,2,GARDEN STATE PARKWAY,N,444,,00000444__,97.60,03,,01,04,02,01,01,01,01,01,,,,,,,,65,,26,40.160930,74.102060,N,,7570
20191352E050-2019-01117A,MONMOUTH,WALL TWP,06/19/2019,WE,0651,02,NEW JERSEY STATE POLICE,HOLMDEL - SQUAD,0,0,0,0,P,B,N,N,02,2,GARDEN STATE PARKWAY,N,444,,00000444__,100.70,03,,01,05,02,01,01,05,01,01,,,,,,,,65,,26,40.205840,74.097190,N,,7227
20191352E050-2019-01129A,MONMOUTH,WALL TWP,06/20/2019,TH,1959,02,NEW JERSEY STATE POLICE,HOLMDEL - SQUAD,0,2,0,0,I,B,N,N,01,2,GARDEN STATE PARKWAY,N,444,,00000444__,100.10,03,,01,06,02,02,01,02,01,01,,,,,,,,65,,26,40.195650,74.098830,N,,7369
20191352E050-2019-01136A,MONMOUTH,WALL TWP,06/21/2019,FR,0741,02,NEW JERSEY STATE POLICE,HOLMDEL - SQUAD,0,0,0,0,P,B,N,N,01,2,GARDEN STATE PARKWAY,N,444,,00000444__,98.10,03,,01,04,02,01,01,01,01,01,,,,,,,,65,,26,40.168230,74.100050,N,,7660