Year(4)-CountyCode(2)-MunicipalityCode(2)-CaseNumber(9),County Name,Municipality Name,Crash Date,Crash Day of Week,Crash Time,Police Department Code,Police Department,Police Station,Total Killed,Total Injured,Pedestrians Killed,Pedestrians Injured,Severity,Intersection,Alcohol Involved,Hazmat Involved,Crash Type,Total Vehicles,Location,Location Direction,Route,Route Suffix,Std Rte Identifier,MilePost,Road System,Road Character,Road Horizontal Alignment,Road Grade,Road Surface Type,Surface Condition,Light Condition,Environmental Condition,Road Divided By,Temporary Traffic Control Zone,Distance To Cross Street,Unit Of Measurement,Direction From Cross Street,Cross Street Name,Is Ramp,Ramp To/From Route Name,Ramp To/From Route Direction,Posted Speed,Posted Speed Cross Street,First Harmful Event,Latitude,Longitude,Cell Phone In Use Flag,Other Property Damage,Reporting Badge No.
20191352E050-2019-01905A,MONMOUTH,WALL TWP,09/22/2019,SU,1637,02,NEW JERSEY STATE POLICE,HOLMDEL - SQUAD,0,0,0,0,P,B,N,N,02,2,GARDEN STATE PARKWAY,N,444,,00000444__,100.80,03,,01,04,02,01,01,01,01,01,,,,,,,,65,,26,40.207090,74.097190,N,,7845
20191352E050-2019-01950A,MONMOUTH,WALL TWP,10/01/2019,TU,1410,02,NEW JERSEY STATE POLICE,HOLMDEL - SQUAD,0,0,0,0,P,B,N,N,02,2,GARDEN STATE PARKWAY,S,444,,00000444__,100.00,03,,01,04,02,01,01,01,01,01,,,,,,,,65,,26,40.196680,74.100190,N,,7845
20191352E050-2019-01951A,MONMOUTH,WALL TWP,10/01/2019,TU,1640,02,NEW JERSEY STATE POLICE,HOLMDEL - SQUAD,0,0,0,0,P,B,N,N,08,2,GARDEN STATE PARKWAY,N,444,,00000444__,100.00,03,,01,04,02,01,01,01,04,01,,,,,,,,65,,26,40.198290,74.098660,N,,7373
20191352E050-2019-01952A,MONMOUTH,WALL TWP,10/01/2019,TU,1729,02,NEW JERSEY STATE POLICE,HOLMDEL - SQUAD,0,1,0,0,I,B,N,N,01,2,GARDEN STATE PARKWAY,S,444,,00000444__,98.40,03,,01,04,02,01,01,01,03,01,,,,,,,,65,,26,40.173240,74.100480,N,,7373
20191352E050-2019-01968A,MONMOUTH,WALL TWP,10/03/2019,TH,1016,02,NEW JERSEY STATE POLICE,HOLMDEL - SQUAD,0,0,0,0,P,B,N,N,11,1,GARDEN STATE PARKWAY,N,444,,00000444__,97.00,03,,01,04,02,02,01,05,01,01,,,,,,,,65,,46,40.152690,74.104450,N,NJTA - METAL GUARDRAIL,7411
20191352E050-2019-01977A,MONMOUTH,WALL TWP,10/03/2019,TH,1744,02,NEW JERSEY STATE POLICE,HOLMDEL - SQUAD,0,0,0,0,P,B,N,N,01,2,GARDEN STATE PARKWAY,S,444,,00000444__,94.50,03,,01,04,02,02,03,02,01,01,,,,,,,,65,,26,40.122270,74.127630,N,,7660
20191352E050-2019-01985A,MONMOUTH,WALL TWP,10/04/2019,FR,1800,02,NEW JERSEY STATE POLICE,HOLMDEL - SQUAD,0,1,0,0,I,B,N,N,01,2,GARDEN STATE PARKWAY,S,444,,00000444__,97.70,03,,01,04,01,01,01,01,01,01,,,,,,,,65,,26,40.163520,74.102600,N,,7373
20191352E050-2019-01993A,MONMOUTH,WALL TWP,10/05/2019,SA,0429,02,NEW JERSEY STATE POLICE,HOLMDEL - SQUAD,0,0,0,0,P,B,N,N,11,1,GARDEN STATE PARKWAY,S,444,,00000444__,100.00,03,,03,04,02,02,04,01,01,01,,,,,,,,65,,46,40.219300,74.099700,N,NJTA GUARDRAIL,7382
20191352E050-2019-02004A,MONMOUTH,WALL TWP,10/07/2019,MO,1556,02,NEW JERSEY STATE POLICE,HOLMDEL - SQUAD,0,0,0,0,P,B,N,N,02,2,GARDEN STATE PARKWAY,S,444,,00000444__,98.60,03,,01,04,02,01,01,01,03,01,,,,,,,,65,,26,40.176800,74.100900,N,,7578
20191352E050-2019-02042A,MONMOUTH,WALL TWP,10/12/2019,SA,,02,NEW JERSEY STATE POLICE,HOLMDEL - SQUAD,0,1,0,0,I,B,Y,N,10,1,GARDEN STATE PARKWAY,S,444,,00000444__,96.70,03,,01,04,02,01,05,01,03,01,,,,,,,,65,,58,40.149570,74.323250,N,,7887
20191352E050-2019-02043A,MONMOUTH,WALL TWP,10/12/2019,SA,1234,02,NEW JERSEY STATE POLICE,HOLMDEL - SQUAD,0,0,0,0,P,B,N,N,15,2,GARDEN STATE PARKWAY,N,444,,00000444__,98.80,03,,01,04,02,01,01,01,01,01,,,,,,,,65,,30,40.178300,74.099400,N,,7660
20191352E050-2019-02047A,MONMOUTH,WALL TWP,10/09/2019,WE,0413,02,NEW JERSEY STATE POLICE,HOLMDEL - SQUAD,0,0,0,0,P,B,N,N,11,1,GARDEN STATE PARKWAY,S,444,,00000444__,98.90,03,,01,04,02,01,06,01,01,01,,,,,,,,65,,46,40.180770,74.101260,N,NJTA GUARDRAIL,7779
20191352E050-2019-02048A,MONMOUTH,WALL TWP,10/11/2019,FR,1913,02,NEW JERSEY STATE POLICE,HOLMDEL - SQUAD,0,0,0,0,P,B,N,N,01,2,GARDEN STATE PARKWAY,S,444,,00000444__,94.50,03,,01,04,02,01,03,01,01,01,,,,,,,,65,,26,40.075510,74.153560,N,,7779
20191352E050-2019-02086A,MONMOUTH,WALL TWP,10/16/2019,WE,1757,02,NEW JERSEY STATE POLICE,HOLMDEL - SQUAD,0,0,0,0,P,B,N,N,01,2,GARDEN STATE PARKWAY,S,444,,00000444__,96.80,03,,01,04,02,02,01,02,03,01,,,,,,,,65,,26,40.149440,74.107490,N,,7779
20191352E050-2019-02101A,MONMOUTH,WALL TWP,10/19/2019,SA,1538,02,NEW JERSEY STATE POLICE,HOLMDEL - SQUAD,0,1,0,0,I,B,N,N,11,1,GARDEN STATE PARKWAY,N,444,,00000444__,99.70,03,,01,04,02,01,01,01,01,01,,,,,,,,65,,60,40.191360,74.099480,N,NJTA - Landscaping and tees in median,7470
20191352E050-2019-02102A,MONMOUTH,WALL TWP,10/19/2019,SA,1919,02,NEW JERSEY STATE POLICE,HOLMDEL - SQUAD,0,0,0,0,P,B,N,N,12,1,GARDEN STATE PARKWAY,N,444,,00000444__,99.10,03,,01,04,02,01,05,01,01,01,,,,,,,,65,,24,40.182720,74.099710,N,,7845
20191352E050-2019-02105A,MONMOUTH,WALL TWP,10/19/2019,SA,0941,02,NEW JERSEY STATE POLICE,HOLMDEL - SQUAD,0,0,0,0,P,B,N,N,02,2,GARDEN STATE PARKWAY,N,444,,00000444__,100.00,03,,01,04,02,01,01,01,01,01,,,,,,,,25,,26,40.198410,74.099380,N,,7199
20191352E050-2019-02113A,MONMOUTH,WALL TWP,10/21/2019,MO,0144,02,NEW JERSEY STATE POLICE,HOLMDEL - SQUAD,0,1,0,0,I,B,N,N,11,1,GARDEN STATE PARKWAY,S,444,,00000444__,99.00,03,,01,04,02,02,06,02,01,01,,,,,,,,65,,46,40.182230,74.101360,N,NJTA GUARD RAIL,7845
20191352E050-2019-02114A,MONMOUTH,WALL TWP,10/21/2019,MO,1618,02,NEW JERSEY STATE POLICE,HOLMDEL - SQUAD,0,1,0,0,I,B,Y,N,06,2,GARDEN STATE PARKWAY,S,444,,00000444__,100.50,03,,01,04,02,01,01,01,01,01,,,,,,,,65,,26,40.218410,74.099280,N,,7369
20191352E050-2019-02131A,MONMOUTH,WALL TWP,10/23/2019,WE,1558,02,NEW JERSEY STATE POLICE,HOLMDEL - SQUAD,0,0,0,0,P,B,N,N,15,1,GARDEN STATE PARKWAY,N,444,,00000444__,99.00,03,,01,04,02,01,01,01,01,01,,,,,,,,65,,39,40.199550,74.098850,N,,7733
20191352E050-2019-02137A,MONMOUTH,WALL TWP,10/24/2019,TH,0857,02,NEW JERSEY STATE POLICE,HOLMDEL - SQUAD,0,1,0,0,I,B,N,N,01,2,GARDEN STATE PARKWAY,N,444,,00000444__,95.50,03,,01,04,02,01,01,01,01,01,,,,,,,,65,,26,40.133970,74.117630,N,,7369
20191352E050-2019-02139A,MONMOUTH,WALL TWP,10/24/2019,TH,0742,02,NEW JERSEY STATE POLICE,HOLMDEL - SQUAD,0,0,0,0,P,B,N,N,12,1,GARDEN STATE PARKWAY,N,444,,00000444__,99.10,03,,01,04,02,01,01,01,01,01,,,,,,,,65,,24,40.182720,74.099710,N,,7798
20191352E050-2019-02155A,MONMOUTH,WALL TWP,10/25/2019,FR,2126,02,NEW JERSEY STATE POLICE,HOLMDEL - SQUAD,0,0,0,0,P,B,N,N,02,2,GARDEN STATE PARKWAY,S,444,,00000444__,100.00,03,,01,04,02,01,05,01,01,01,,,,,,,,65,,26,40.196680,74.100190,N,,7660
20191352E050-2019-02173A,MONMOUTH,WALL TWP,10/29/2019,TU,0629,02,NEW JERSEY STATE POLICE,HOLMDEL - SQUAD,0,1,0,0,I,B,N,N,01,2,GARDEN STATE PARKWAY,S,444,,00000444__,94.60,03,,01,04,02,02,05,02,01,01,,,,,,,,65,,26,40.121920,74.127490,N,,7798
20191352E050-2019-02184A,MONMOUTH,WALL TWP,10/28/2019,MO,0632,02,NEW JERSEY STATE POLICE,HOLMDEL - SQUAD,0,1,0,0,I,B,N,N,01,2,GARDEN STATE PARKWAY,N,444,,00000444__,96.90,03,,01,04,01,01,02,01,01,01,,,,,,,,65,,26,40.151380,74.105090,N,,7887
20191352E050-2019-02235A,MONMOUTH,WALL TWP,11/03/2019,SU,1646,02,NEW JERSEY STATE POLICE,HOLMDEL - SQUAD,0,1,0,0,I,B,N,N,11,1,GARDEN STATE PARKWAY,N,444,,00000444__,94.30,03,,01,04,02,01,01,01,03,01,,,,,,,,65,,50,40.119600,74.127790,N,NJTA SIGN- KEEP RIGHT EXCEPT TO PASS,7373
20191352E050-2019-02237A,MONMOUTH,WALL TWP,11/04/2019,MO,0150,02,NEW JERSEY STATE POLICE,HOLMDEL - SQUAD,0,0,0,0,P,B,N,N,12,1,GARDEN STATE PARKWAY,S,444,,00000444__,100.00,03,,01,04,02,01,06,01,01,01,,,,,,,,65,,24,40.386550,74.177130,N,,7361
20191352E050-2019-02263A,MONMOUTH,WALL TWP,11/06/2019,WE,2330,02,NEW JERSEY STATE POLICE,HOLMDEL - SQUAD,0,0,0,0,P,B,N,N,12,1,GARDEN STATE PARKWAY,S,444,,00000444__,100.60,03,,01,04,02,01,05,01,01,01,,,,,,,,65,,24,40.205280,74.098600,N,,7798
20191352E050-2019-02279A,MONMOUTH,WALL TWP,11/08/2019,FR,1158,02,NEW JERSEY STATE POLICE,HOLMDEL - SQUAD,0,0,0,0,P,B,Y,N,02,2,GARDEN STATE PARKWAY,S,444,,00000444__,99.00,03,,01,04,02,01,01,01,01,01,,,,,,,,65,,26,40.182230,74.101360,N,,7660
20191352E050-2019-02283A,MONMOUTH,WALL TWP,11/09/2019,SA,2145,02,NEW JERSEY STATE POLICE,HOLMDEL - SQUAD,0,0,0,0,P,B,N,N,12,1,GARDEN STATE PARKWAY,N,444,,00000444__,99.70,03,,01,04,02,01,05,01,03,01,,,,,,,,65,,24,40.191360,74.099480,N,,7794
20191352E050-2019-02291A,MONMOUTH,WALL TWP,11/11/2019,MO,0559,02,NEW JERSEY STATE POLICE,HOLMDEL - SQUAD,0,0,0,0,P,B,N,N,12,1,GARDEN STATE PARKWAY,N,444,,00000444__,98.70,03,,01,04,02,01,05,01,01,01,,,,,,,,65,,24,40.168990,74.097620,N,,7369
20191352E050-2019-02292A,MONMOUTH,WALL TWP,11/11/2019,MO,0611,02,NEW JERSEY STATE POLICE,HOLMDEL - SQUAD,0,0,0,0,P,B,N,N,12,1,GARDEN STATE PARKWAY,N,444,,00000444__,98.70,03,,01,04,02,01,05,01,01,01,,,,,,,,65,,24,40.168990,74.097620,N,,7369
20191352E050-2019-02294A,MONMOUTH,WALL TWP,11/11/2019,MO,1241,02,NEW JERSEY STATE POLICE,HOLMDEL - SQUAD,0,0,0,0,P,B,N,N,06,2,GARDEN STATE PARKWAY,S,444,,00000444__,100.00,03,,01,04,02,01,01,01,01,01,,,,,,,,15,,26,40.200420,74.098600,N,,7369
20191352E050-2019-02306A,MONMOUTH,WALL TWP,11/12/2019,TU,1307,02,NEW JERSEY STATE POLICE,HOLMDEL - SQUAD,0,0,0,0,P,B,N,N,15,1,GARDEN STATE PARKWAY,N,444,,00000444__,100.20,03,,01,04,02,02,01,03,01,01,,,,,,,,65,,39,40.198500,74.098280,N,,7369
20191352E050-2019-02309A,MONMOUTH,WALL TWP,11/12/2019,TU,1708,02,NEW JERSEY STATE POLICE,HOLMDEL - SQUAD,0,0,0,0,P,B,N,N,01,3,GARDEN STATE PARKWAY,S,444,,00000444__,97.00,03,,01,04,02,01,05,01,01,01,,,,,,,,65,,26,40.153630,74.105430,N,,7845
20191352E050-2019-02310A,MONMOUTH,WALL TWP,11/12/2019,TU,0210,02,NEW JERSEY STATE POLICE,HOLMDEL - SQUAD,0,1,0,0,I,B,N,N,12,1,GARDEN STATE PARKWAY,N,444,,00000444__,98.10,03,,01,04,02,01,04,01,01,01,,,,,,,,65,,24,40.168230,74.100050,N,,7661
20191352E050-2019-02311A,MONMOUTH,WALL TWP,11/12/2019,TU,0358,02,NEW JERSEY STATE POLICE,HOLMDEL - SQUAD,0,0,0,0,P,B,N,N,12,1,GARDEN STATE PARKWAY,N,444,,00000444__,98.10,03,,01,04,02,01,05,01,01,01,,,,,,,,65,,24,40.168230,74.100050,N,,7661
20191352E050-2019-02312A,MONMOUTH,WALL TWP,11/12/2019,TU,1810,02,NEW JERSEY STATE POLICE,HOLMDEL - SQUAD,0,1,0,0,I,B,N,N,01,2,GARDEN STATE PARKWAY,S,444,,00000444__,100.20,03,,01,04,02,01,06,01,01,01,,,,,,,,65,,26,40.196680,74.100190,N,,7576
20191352E050-2019-02314A,MONMOUTH,WALL TWP,11/13/2019,WE,0756,02,NEW JERSEY STATE POLICE,HOLMDEL - SQUAD,0,0,0,0,P,B,N,N,02,2,GARDEN STATE PARKWAY,N,444,,00000444__,98.60,03,,01,04,02,01,01,01,01,01,,,,,,,,65,,26,40.175490,74.099120,N,,7852
20191352E050-2019-02323A,MONMOUTH,WALL TWP,11/15/2019,FR,0727,02,NEW JERSEY STATE POLICE,HOLMDEL - SQUAD,0,0,0,0,P,B,N,N,02,2,GARDEN STATE PARKWAY,N,444,,00000444__,95.30,03,,01,04,02,01,01,01,01,01,,,,,,,,65,,26,40.132110,74.120460,N,,7369
20191352E050-2019-02332A,MONMOUTH,WALL TWP,11/15/2019,FR,1831,02,NEW JERSEY STATE POLICE,HOLMDEL - SQUAD,0,0,0,0,P,B,N,N,01,2,GARDEN STATE PARKWAY,S,444,,00000444__,97.20,03,,01,04,02,01,05,01,01,01,,,,,,,,65,,26,40.386550,74.177130,N,,7661
20191352E050-2019-02340A,MONMOUTH,WALL TWP,11/16/2019,SA,,02,NEW JERSEY STATE POLICE,HOLMDEL - SQUAD,0,0,0,0,P,B,N,N,12,1,GARDEN STATE PARKWAY,N,444,,00000444__,97.60,03,,01,04,02,01,07,01,01,01,,,,,,,,65,,24,40.160930,74.102060,N,NJTA GUARDRAIL,7501
20191352E050-2019-02354A,MONMOUTH,WALL TWP,11/20/2019,WE,0358,02,NEW JERSEY STATE POLICE,HOLMDEL - SQUAD,0,0,0,0,P,B,N,N,11,1,GARDEN STATE PARKWAY,S,444,,00000444__,99.30,03,,01,04,02,01,05,01,01,01,,,,,,,,65,,46,40.186570,74.101270,N,NJTA Guardrail,7660
20191352E050-2019-02368A,MONMOUTH,WALL TWP,11/14/2019,TH,1348,02,NEW JERSEY STATE POLICE,HOLMDEL - SQUAD,0,1,0,0,I,B,N,N,02,2,GARDEN STATE PARKWAY,N,444,,00000444__,95.70,03,,01,04,02,01,01,01,01,01,,,,,,,,65,,26,40.160700,74.068000,N,,7639
20191352E050-2019-02374A,MONMOUTH,WALL TWP,11/22/2019,FR,1803,02,NEW JERSEY STATE POLICE,HOLMDEL - SQUAD,0,2,0,0,I,B,N,N,01,3,GARDEN STATE PARKWAY,S,444,,00000444__,98.90,03,,01,04,02,01,06,01,03,01,,,,,,,,65,,26,40.180770,74.101270,N,,7852
20191352E050-2019-02378A,MONMOUTH,WALL TWP,11/23/2019,SA,0350,02,NEW JERSEY STATE POLICE,HOLMDEL - SQUAD,0,1,0,0,I,B,N,N,02,2,GARDEN STATE PARKWAY,N,444,,00000444__,95.70,03,,01,04,02,01,05,01,01,01,,,,,,,,65,,26,40.135990,74.114920,N,GRAUILRAIL,7578
20191352E050-2019-02381A,MONMOUTH,WALL TWP,11/24/2019,SU,0738,02,NEW JERSEY STATE POLICE,HOLMDEL - SQUAD,0,1,0,0,I,B,N,N,11,1,GARDEN STATE PARKWAY,S,444,,00000444__,98.00,03,,01,04,02,02,01,02,01,01,,,,,,,,35,,46,40.386550,74.177130,N,NJTA Guardrail,7887
20191352E050-2019-02392A,MONMOUTH,WALL TWP,11/25/2019,MO,1811,02,NEW JERSEY STATE POLICE,HOLMDEL - SQUAD,0,0,0,0,P,B,N,N,01,2,GARDEN STATE PARKWAY,S,444,,00000444__,94.80,03,,01,04,02,01,05,01,01,01,,,,,,,,65,,26,40.126490,74.126220,N,,7369
20191352E050-2019-02401A,MONMOUTH,WALL TWP,11/26/2019,TU,1648,02,NEW JERSEY STATE POLICE,HOLMDEL - SQUAD,0,0,0,0,P,B,N,N,15,1,GARDEN STATE PARKWAY,N,444,,00000444__,96.60,03,,01,04,02,01,01,01,03,01,,,,,,,,65,,39,40.147500,74.107390,N,,7373
20191352E050-2019-02409A,MONMOUTH,WALL TWP,11/27/2019,WE,1509,02,NEW JERSEY STATE POLICE,HOLMDEL - SQUAD,0,0,0,0,P,B,N,N,02,2,GARDEN STATE PARKWAY,N,444,,00000444__,100.00,03,,01,04,02,01,01,01,01,01,,,,,,,,65,,26,40.195650,74.098830,N,,7779
20191352E050-2019-02431A,MONMOUTH,WALL TWP,12/02/2019,MO,0813,02,NEW JERSEY STATE POLICE,HOLMDEL - SQUAD,0,0,0,0,P,B,N,N,11,1,GARDEN STATE PARKWAY,S,444,,00000444__,96.20,03,,01,05,02,03,01,03,01,01,,,,,,,,65,,46,40.143080,74.111610,N,NJTA GUARDRAIL,7471
20191352E050-2019-02432A,MONMOUTH,WALL TWP,12/02/2019,MO,1211,02,NEW JERSEY STATE POLICE,HOLMDEL - SQUAD,0,1,0,0,I,B,N,N,11,1,GARDEN STATE PARKWAY,N,444,,00000444__,96.70,03,,01,04,02,03,01,03,03,01,,,,,,,,45,,46,40.148790,74.106560,N,NJTA Guardrail Face,6880
20191352E050-2019-02433A,MONMOUTH,WALL TWP,12/02/2019,MO,1207,02,NEW JERSEY STATE POLICE,HOLMDEL - SQUAD,0,0,0,0,P,B,N,N,11,1,GARDEN STATE PARKWAY,S,444,,00000444__,97.00,03,,01,05,02,05,01,03,01,01,,,,,,,,65,,58,40.146160,74.109460,N,,7227
20191352E050-2019-02434A,MONMOUTH,WALL TWP,12/02/2019,MO,1238,02,NEW JERSEY STATE POLICE,HOLMDEL - SQUAD,0,0,0,0,P,B,N,N,11,2,GARDEN STATE PARKWAY,S,444,,00000444__,96.30,03,,01,05,02,05,01,03,01,01,,,,,,,,65,,47,40.143630,74.111290,N,DAMAGE TO NJTA GUARDRAIL,7227
20191352E050-2019-02436A,MONMOUTH,WALL TWP,12/02/2019,MO,1218,02,NEW JERSEY STATE POLICE,HOLMDEL - SQUAD,0,2,0,0,I,B,N,N,11,2,GARDEN STATE PARKWAY,S,444,,00000444__,96.30,03,,01,05,02,03,01,03,01,01,,,,,,,,65,,26,40.675350,74.657470,N,NJTA GUARDRAIL,7471
20191352E050-2019-02437A,MONMOUTH,WALL TWP,12/02/2019,MO,1154,02,NEW JERSEY STATE POLICE,HOLMDEL - SQUAD,0,0,0,0,P,B,N,N,02,2,GARDEN STATE PARKWAY,S,444,,00000444__,96.40,03,,01,05,02,03,01,03,01,01,,,,,,,,65,,26,40.866760,74.657360,N,,7471
20191352E050-2019-02440A,MONMOUTH,WALL TWP,11/27/2019,WE,1333,02,NEW JERSEY STATE POLICE,HOLMDEL - SQUAD,0,1,0,0,I,B,N,N,11,1,GARDEN STATE PARKWAY,S,444,,00000444__,95.60,03,,01,04,02,01,01,01,03,01,,,,,,,,65,,55,40.134950,74.116210,N,,7208
20191352E050-2019-02450A,MONMOUTH,WALL TWP,12/02/2019,MO,1236,02,NEW JERSEY STATE POLICE,HOLMDEL - SQUAD,0,0,0,0,P,B,N,N,02,2,GARDEN STATE PARKWAY,S,444,,00000444__,97.70,03,,01,04,02,03,01,03,01,01,,,,,,,,65,,26,40.163520,74.102600,N,5 FEET OF NJTA GUARDRAIL,7382
20191352E050-2019-02451A,MONMOUTH,WALL TWP,12/02/2019,MO,1342,02,NEW JERSEY STATE POLICE,HOLMDEL - SQUAD,0,0,0,0,P,B,N,N,02,2,GARDEN STATE PARKWAY,S,444,,00000444__,96.50,03,,01,04,02,03,01,03,01,01,,,,,,,,65,,26,40.146980,74.109100,N,,7382
20191352E050-2019-02456A,MONMOUTH,WALL TWP,12/03/2019,TU,0332,02,NEW JERSEY STATE POLICE,HOLMDEL - SQUAD,0,0,0,0,P,B,N,N,12,1,GARDEN STATE PARKWAY,N,444,,00000444__,97.70,03,,01,04,02,01,05,01,01,01,,,,,,,,65,,24,40.162370,74.101790,N,,7739
20191352E050-2019-02458A,MONMOUTH,WALL TWP,12/03/2019,TU,1704,02,NEW JERSEY STATE POLICE,HOLMDEL - SQUAD,0,0,0,0,P,B,N,N,02,2,GARDEN STATE PARKWAY,S,444,,00000444__,99.70,03,,01,04,02,01,05,01,03,01,,,,,,,,65,,26,40.192350,74.100860,N,,7887
20191352E050-2019-02469A,MONMOUTH,WALL TWP,12/05/2019,TH,0820,02,NEW JERSEY STATE POLICE,HOLMDEL - SQUAD,0,0,0,0,P,B,N,N,02,2,GARDEN STATE PARKWAY,S,444,,00000444__,94.40,03,,01,04,02,01,01,01,01,01,,,,,,,,65,,26,40.187030,74.099770,N,,7570
20191352E050-2019-02470A,MONMOUTH,WALL TWP,12/05/2019,TH,0908,02,NEW JERSEY STATE POLICE,HOLMDEL - SQUAD,0,0,0,0,P,B,N,N,01,2,GARDEN STATE PARKWAY,N,444,,00000444__,97.70,03,,01,04,02,01,01,01,01,01,,,,,,,,65,,26,40.164560,74.101180,N,,7570
20191352E050-2019-02471A,MONMOUTH,WALL TWP,12/05/2019,TH,1516,02,NEW JERSEY STATE POLICE,HOLMDEL - SQUAD,0,0,0,0,P,B,N,N,15,2,GARDEN STATE PARKWAY,S,444,,00000444__,96.00,03,,01,04,02,01,01,01,01,01,,,,,,,,65,,39,40.146360,74.109570,N,,7570
20191352E050-2019-02474A,MONMOUTH,WALL TWP,12/05/2019,TH,1742,02,NEW JERSEY STATE POLICE,HOLMDEL - SQUAD,0,1,0,0,I,B,N,N,01,3,GARDEN STATE PARKWAY,S,444,,00000444__,96.90,03,,01,04,02,01,05,01,01,01,,,,,,,,65,,26,40.149570,74.107370,N,,7369
20191352E050-2019-02475A,MONMOUTH,WALL TWP,12/05/2019,TH,1743,02,NEW JERSEY STATE POLICE,HOLMDEL - SQUAD,0,1,0,0,I,B,N,N,01,2,GARDEN STATE PARKWAY,S,444,,00000444__,96.90,03,,01,04,02,01,05,01,01,01,,,,,,,,65,,26,40.152240,74.105980,N,,7369
20191352E050-2019-02494A,MONMOUTH,WALL TWP,12/09/2019,MO,0807,02,NEW JERSEY STATE POLICE,HOLMDEL - SQUAD,0,0,0,0,P,B,N,N,01,2,GARDEN STATE PARKWAY,N,444,,00000444__,98.90,03,,01,04,02,02,01,02,01,01,,,,,,,,65,,26,40.179840,74.099520,N,,7798
20191352E050-2019-02499A,MONMOUTH,WALL TWP,12/08/2019,SU,2304,02,NEW JERSEY STATE POLICE,HOLMDEL - SQUAD,0,2,0,0,I,B,N,N,01,2,GARDEN STATE PARKWAY,S,444,,00000444__,100.50,03,,01,04,02,01,07,01,01,01,,,,,,,,65,,26,40.203830,74.098770,N,,7501
20191352E050-2019-02500A,MONMOUTH,WALL TWP,12/08/2019,SU,2304,02,NEW JERSEY STATE POLICE,HOLMDEL - SQUAD,0,1,0,0,I,B,N,N,11,1,GARDEN STATE PARKWAY,S,444,,00000444__,100.50,03,,01,04,02,01,07,01,01,01,,,,,,,,65,,46,40.203840,74.098770,N,NJTA GUARDRAIL,7501
20191352E050-2019-02521A,MONMOUTH,WALL TWP,12/08/2019,SU,2257,02,NEW JERSEY STATE POLICE,HOLMDEL - SQUAD,0,3,0,0,I,B,N,N,02,2,GARDEN STATE PARKWAY,S,444,,00000444__,100.50,03,,01,04,02,01,07,01,03,01,,,,,,,,65,,26,40.203830,74.098770,N,,7887
20191352E050-2019-02527A,MONMOUTH,WALL TWP,12/12/2019,TH,1255,02,NEW JERSEY STATE POLICE,HOLMDEL - SQUAD,0,0,0,0,P,B,N,N,15,1,GARDEN STATE PARKWAY,N,444,,00000444__,100.30,03,,01,04,02,01,01,01,03,01,,,,,,,,65,,39,40.210540,74.096900,N,,8068
20191352E050-2019-02532A,MONMOUTH,WALL TWP,12/08/2019,SU,2010,02,NEW JERSEY STATE POLICE,HOLMDEL - SQUAD,0,0,0,0,P,B,N,N,02,2,GARDEN STATE PARKWAY,S,444,,00000444__,100.40,03,,01,04,02,01,06,01,03,01,,,,,,,,65,,26,40.202400,74.099020,N,NJTA GUARDRAIL.,7779
20191352E050-2019-02544A,MONMOUTH,WALL TWP,12/13/2019,FR,2108,02,NEW JERSEY STATE POLICE,HOLMDEL - SQUAD,0,0,0,0,P,B,N,N,11,1,GARDEN STATE PARKWAY,N,444,,00000444__,98.50,03,,01,04,02,02,07,02,01,01,,,,,,,,65,,46,40.174040,74.099030,N,NJTA GUARDRAIL AND NJTA EZ PASS SIGN,7501
20191352E050-2019-02558A,MONMOUTH,WALL TWP,12/16/2019,MO,1721,02,NEW JERSEY STATE POLICE,HOLMDEL - SQUAD,0,0,0,0,P,B,N,N,02,2,GARDEN STATE PARKWAY,N,444,,00000444__,97.70,03,,01,04,02,01,06,01,01,01,,,,,,,,65,,26,40.162370,74.101790,N,,7639
20191352E050-2019-02568A,MONMOUTH,WALL TWP,12/17/2019,TU,0647,02,NEW JERSEY STATE POLICE,HOLMDEL - SQUAD,0,0,0,0,P,B,N,N,02,2,GARDEN STATE PARKWAY,N,444,,00000444__,100.00,03,,01,04,02,02,02,02,01,01,,,,,,,,65,,26,40.247280,74.082400,N,,6811
20191352E050-2019-02575A,MONMOUTH,WALL TWP,12/18/2019,WE,1651,02,NEW JERSEY STATE POLICE,HOLMDEL - SQUAD,0,0,0,0,P,B,N,N,01,2,GARDEN STATE PARKWAY,S,444,,00000444__,96.50,03,,01,04,02,02,06,02,01,01,,,,,,,,65,,26,40.160700,74.068000,N,,7639