Year(4)-CountyCode(2)-MunicipalityCode(2)-CaseNumber(9),County Name,Municipality Name,Crash Date,Crash Day of Week,Crash Time,Police Department Code,Police Department,Police Station,Total Killed,Total Injured,Pedestrians Killed,Pedestrians Injured,Severity,Intersection,Alcohol Involved,Hazmat Involved,Crash Type,Total Vehicles,Location,Location Direction,Route,Route Suffix,Std Rte Identifier,MilePost,Road System,Road Character,Road Horizontal Alignment,Road Grade,Road Surface Type,Surface Condition,Light Condition,Environmental Condition,Road Divided By,Temporary Traffic Control Zone,Distance To Cross Street,Unit Of Measurement,Direction From Cross Street,Cross Street Name,Is Ramp,Ramp To/From Route Name,Ramp To/From Route Direction,Posted Speed,Posted Speed Cross Street,First Harmful Event,Latitude,Longitude,Cell Phone In Use Flag,Other Property Damage,Reporting Badge No.
2019135319WB05859,MONMOUTH,WEST LONG BRANCH BORO,04/08/2019,MO,1511,01,WEST LONG BRANCH PD,,0,0,0,0,P,I,N,N,01,2,ROUTE 537,,537,,00000537__,67.58,05,,01,04,02,01,01,01,05,01,,AT,E,LINDEN AVE,,,,30,25,26,,,N,,53115
2019135319WB05977,MONMOUTH,WEST LONG BRANCH BORO,04/10/2019,WE,0750,01,WEST LONG BRANCH PD,,0,0,0,0,P,B,N,N,01,2,NJ 36,W,36,,00000036__,2.78,02,,01,04,02,01,01,01,03,01,1500,FE,W,NJ 71 / MONMOUTH RD,,,,50,40,26,,,N,,53098
2019135319WB05989,MONMOUTH,WEST LONG BRANCH BORO,04/10/2019,WE,1027,01,WEST LONG BRANCH PD,,0,0,0,0,P,B,N,N,01,2,MONMOUTH COUNTY 32,,32,,13000032__,1.20,05,,01,04,02,01,01,01,05,01,10,FE,E,WESTON WAY / WHALEPOND RD,,,,35,35,26,,,N,,53117
2019135319WB06131,MONMOUTH,WEST LONG BRANCH BORO,04/12/2019,FR,0739,01,WEST LONG BRANCH PD,,0,0,0,0,P,B,N,N,01,2,ROUTE 537,,537,,00000537__,67.67,05,,01,04,02,01,01,01,05,01,60,FE,E,UPTON AVE,,,,30,25,,,,N,,53071
2019135319WB06199,MONMOUTH,WEST LONG BRANCH BORO,04/12/2019,FR,2203,01,WEST LONG BRANCH PD,,0,0,0,0,P,B,N,N,01,2,NJ 71,S,71,,00000071__,13.97,02,,01,04,02,01,06,01,05,01,200,FE,N,CR 32 / WALL ST,,,,40,35,26,,,N,,53123
2019135319WB06235,MONMOUTH,WEST LONG BRANCH BORO,04/13/2019,SA,1409,01,WEST LONG BRANCH PD,,0,0,0,0,P,B,N,N,01,2,310 SR 36 # 100; HOME DEPO,,,,,,09,,01,04,02,01,01,01,02,01,,,,,,,,,,26,,,N,,53098
2019135319WB06375,MONMOUTH,WEST LONG BRANCH BORO,04/15/2019,MO,1409,01,WEST LONG BRANCH PD,,0,0,0,0,P,B,N,N,01,2,NJ 71,,71,,00000071__,13.14,02,,01,04,02,01,01,01,05,01,100,FE,W,PINEWOOD AVE,,,,40,25,26,40.281760,74.004130,N,,53229
2019135319WB06404,MONMOUTH,WEST LONG BRANCH BORO,04/15/2019,MO,1805,01,WEST LONG BRANCH PD,,0,2,0,0,I,B,N,N,01,3,MONMOUTH COUNTY 25 II,,25,2,130000252_,.38,05,,01,04,02,01,01,05,05,01,500,FE,N,HOLLYWOOD AVE,,,,40,25,26,,,N,,
2019135319WB06710,MONMOUTH,WEST LONG BRANCH BORO,04/19/2019,FR,1416,01,WEST LONG BRANCH PD,,0,0,0,0,P,I,N,N,03,2,MONMOUTH COUNTY 15,,15,,13000015__,3.70,05,,01,04,02,01,01,01,05,01,,AT,,PALMER AVE / W PALMER AVE,,,,40,25,26,,,N,,53098
2019135319WB06720,MONMOUTH,WEST LONG BRANCH BORO,04/19/2019,FR,1839,01,WEST LONG BRANCH PD,,0,0,0,0,P,I,N,N,07,2,NJ 71,,71,,00000071__,14.42,02,,01,04,02,01,01,01,05,01,,AT,,PARKER RD,,,,40,25,26,,,N,,53117
2019135319WB06726,MONMOUTH,WEST LONG BRANCH BORO,04/19/2019,FR,2322,01,WEST LONG BRANCH PD,,0,0,0,0,P,B,N,N,05,2,NJ 71,,71,,00000071__,13.15,02,,03,04,02,02,06,02,05,01,50,FE,W,PINEWOOD AVE,,,,35,25,26,,,N,,53114
2019135319WB06892,MONMOUTH,WEST LONG BRANCH BORO,04/22/2019,MO,0431,01,WEST LONG BRANCH PD,,0,0,0,0,P,B,N,N,11,1,ROUTE 537,N,537,,00000537__,67.36,05,,03,04,02,01,06,01,05,01,40,FE,S,CR 15 / LOCUST AVE,,,,35,35,52,,,N,UTILITY POLE # BT630WLB,53115
2019135319WB07070,MONMOUTH,WEST LONG BRANCH BORO,04/25/2019,TH,1038,01,WEST LONG BRANCH PD,,0,0,0,0,P,I,N,N,03,2,NJ 36,,36,,00000036__,2.78,02,,01,04,02,01,01,05,05,01,,AT,,NJ 71 / MONMOUTH RD,,,,50,40,26,40.294910,74.028510,N,,53125
2019135319WB07435,MONMOUTH,WEST LONG BRANCH BORO,05/01/2019,WE,0949,01,WEST LONG BRANCH PD,,0,1,0,0,I,B,N,N,01,2,ROUTE 537,,537,,00000537__,67.76,05,,01,04,02,01,01,05,05,01,20,FE,E,CR 11 / OCEAN PORT AVE,,,,30,35,26,,,N,,53081
2019135319WB07728,MONMOUTH,WEST LONG BRANCH BORO,05/06/2019,MO,1628,01,WEST LONG BRANCH PD,,0,1,0,0,I,B,N,N,01,2,MONMOUTH COUNTY 25 I,,25,1,130000251_,.01,05,,01,04,02,01,01,01,05,01,50,FE,E,CR 71 / NORWOOD AVE,,,,35,35,26,,,N,,53115
2019135319WB08101,MONMOUTH,WEST LONG BRANCH BORO,05/12/2019,SU,0915,01,WEST LONG BRANCH PD,,0,0,0,0,P,I,N,N,02,2,NJ 71,,71,,00000071__,13.93,02,,01,04,02,02,01,02,02,01,,AT,,CR 32 / WALL ST,,,,40,35,26,,,N,,53117
2019135319WB08161,MONMOUTH,WEST LONG BRANCH BORO,05/13/2019,MO,1200,01,WEST LONG BRANCH PD,,0,3,0,0,I,B,N,N,08,2,NJ 71,W,71,,00000071__,13.92,02,,01,04,02,02,01,02,04,01,50,FE,W,CR 32 / WALL ST,,,,40,30,26,,,N,MAILBOX AT 308 MONMOUTH ROAD WAS KNOCKED OVER DURING THE CRASH,53111
2019135319WB08204,MONMOUTH,WEST LONG BRANCH BORO,05/14/2019,TU,1122,01,WEST LONG BRANCH PD,,0,0,0,0,P,B,N,N,02,2,NJ 36,W,36,,00000036__,2.59,02,,01,04,02,01,01,01,03,01,1000,FE,W,NJ 71 / MONMOUTH RD,,,,50,40,26,,,N,,53123
2019135319WB08206,MONMOUTH,WEST LONG BRANCH BORO,05/14/2019,TU,1217,01,WEST LONG BRANCH PD,,0,0,0,0,P,I,N,N,01,2,MONMOUTH COUNTY 15,,15,,13000015__,4.28,05,,01,04,02,02,02,05,05,01,,AT,,CR 32 / WALL ST,,,,35,35,26,,,N,BROKEN FLAG POLE AT 200 WALL ST,53122
2019135319WB08225,MONMOUTH,WEST LONG BRANCH BORO,05/14/2019,TU,1753,01,WEST LONG BRANCH PD,,0,0,0,0,P,B,N,N,01,2,NJ 36,E,36,,00000036__,2.74,02,,01,04,02,02,01,02,03,01,200,FE,W,NJ 71 / MONMOUTH RD,,,,50,40,26,,,N,,53123
2019135319WB08345,MONMOUTH,WEST LONG BRANCH BORO,05/16/2019,TH,1422,01,WEST LONG BRANCH PD,,0,2,0,0,I,B,N,N,01,2,MONMOUTH COUNTY 15,,15,,13000015__,4.64,05,,01,04,02,01,01,01,05,01,100,FE,N,PARKER RD,,,,40,25,26,,,N,,53125
2019135319WB08420,MONMOUTH,WEST LONG BRANCH BORO,05/17/2019,FR,2202,01,WEST LONG BRANCH PD,,0,1,0,0,I,B,Y,N,01,2,NJ 36,E,36,,00000036__,3.26,02,,01,04,02,01,06,01,03,01,50,FE,,ROUTE 537 / BROADWAY EATONTOWN BLVD,,,,50,35,26,,,N,,53114
2019135319WB08438,MONMOUTH,WEST LONG BRANCH BORO,05/18/2019,SA,0819,01,WEST LONG BRANCH PD,,0,0,0,0,P,B,N,N,01,2,N LINDEN AVE **,,,,13531211__,.01,07,,01,04,02,01,01,01,05,01,35,FE,N,ROUTE 537 / BROADWAY,,,,25,30,26,,,N,,53081
2019135319WB08445,MONMOUTH,WEST LONG BRANCH BORO,05/18/2019,SA,1005,01,WEST LONG BRANCH PD,,0,1,0,0,I,B,N,N,11,1,MONMOUTH COUNTY 15,,15,,13000015__,,05,,01,04,02,01,01,01,05,01,200,FE,S,NJ 36,,,,40,50,52,,,N,UTILITY POLE #BT 40061 WLB,53125
2019135319WB08451,MONMOUTH,WEST LONG BRANCH BORO,05/18/2019,SA,1302,01,WEST LONG BRANCH PD,,0,1,0,0,I,B,N,N,03,2,NJ 71,,71,,00000071__,14.98,02,,01,04,02,01,01,01,05,01,1000,FE,,NJ 36,,,,40,50,26,,,N,,53081
2019135319WB08661,MONMOUTH,WEST LONG BRANCH BORO,05/21/2019,TU,1358,01,WEST LONG BRANCH PD,,0,1,0,0,I,B,N,N,11,1,NJ 71,,71,,00000071__,13.16,02,,01,04,02,01,01,01,05,01,,,,PINEWOOD AVE,,,,35,25,56,,,N,VERIZON ULTITY POLE #BT 75014WLB,53114
2019135319WB08664,MONMOUTH,WEST LONG BRANCH BORO,05/21/2019,TU,1534,01,WEST LONG BRANCH PD,,0,1,0,0,I,B,N,N,08,2,ARLENE DR **,,,,13531045__,.43,07,,01,04,02,01,01,01,05,01,25,FE,,PARKER RD,,,,25,25,26,,,N,,53098
2019135319WB08686,MONMOUTH,WEST LONG BRANCH BORO,05/22/2019,WE,0040,01,WEST LONG BRANCH PD,,0,0,0,0,P,I,N,N,03,2,BEECHWOOD AVE **,,,,13531021__,.50,07,,01,04,02,01,06,01,05,01,,AT,,LARCHWOOD AVE,,,,25,25,26,,,N,,53229
2019135319WB08877,MONMOUTH,WEST LONG BRANCH BORO,05/24/2019,FR,1919,01,WEST LONG BRANCH PD,,0,1,0,0,I,I,N,N,14,1,MONMOUTH COUNTY 15,,15,,13000015__,4.39,05,,01,04,02,01,01,01,05,01,,AT,,DELAWARE AVE,,,,35,25,21,,,N,,53081
2019135319WB08943,MONMOUTH,WEST LONG BRANCH BORO,05/25/2019,SA,1939,01,WEST LONG BRANCH PD,,0,0,0,0,P,I,N,N,01,2,NJ 71,,71,,00000071__,14.79,02,,01,04,02,01,01,01,05,01,,AT,,NJ 36,,,,40,50,26,40.296210,74.031550,N,,53117
2019135319WB08969,MONMOUTH,WEST LONG BRANCH BORO,05/26/2019,SU,1141,01,WEST LONG BRANCH PD,,0,1,0,0,I,B,N,N,01,2,MONMOUTH COUNTY 25 I,,25,1,130000251_,.01,05,,01,04,02,01,01,01,05,01,50,FE,E,CR 71 / NORWOOD AVE,,,,35,35,26,,,N,,53229
2019135319WB09124,MONMOUTH,WEST LONG BRANCH BORO,05/29/2019,WE,0849,01,WEST LONG BRANCH PD,,0,1,0,0,I,B,N,N,01,3,MONMOUTH COUNTY 25 I,W,25,1,130000251_,.00,05,,01,04,02,01,01,01,05,01,20,FE,E,CR 71 / NORWOOD AVE,,,,35,35,26,,,N,,
2019135319WB09135,MONMOUTH,WEST LONG BRANCH BORO,05/29/2019,WE,1244,01,WEST LONG BRANCH PD,,0,0,0,0,P,B,N,N,02,2,NJ 36,W,36,,00000036__,2.79,02,,01,04,02,01,01,01,03,01,75,FE,E,NJ 71 / MONMOUTH RD,,,,50,40,26,,,N,,53115
2019135319WB09210,MONMOUTH,WEST LONG BRANCH BORO,05/30/2019,TH,1541,01,WEST LONG BRANCH PD,,0,1,0,0,I,I,N,N,01,2,NJ 36,E,36,,00000036__,3.26,02,,01,04,02,01,01,01,03,01,,AT,,ROUTE 537 / BROADWAY EATONTOWN BLVD,,,,50,30,26,,,N,,53112
2019135319WB09223,MONMOUTH,WEST LONG BRANCH BORO,05/30/2019,TH,2043,01,WEST LONG BRANCH PD,,0,0,0,0,P,I,N,N,12,1,NJ 71,,71,,00000071__,13.52,02,,01,04,02,01,06,01,05,01,,AT,,MONROE AVE,,,,45,25,,,,N,,53098
2019135319WB09325,MONMOUTH,WEST LONG BRANCH BORO,06/01/2019,SA,0718,01,WEST LONG BRANCH PD,,0,0,0,0,P,B,N,N,02,2,NJ 36,E,36,,00000036__,2.76,02,,01,04,02,01,01,01,03,01,100,FE,W,NJ 71 / MONMOUTH RD,,,,50,40,26,,,N,,53081
2019135319WB09375,MONMOUTH,WEST LONG BRANCH BORO,06/02/2019,SU,0132,01,WEST LONG BRANCH PD,,0,1,0,0,I,B,Y,N,11,1,MONMOUTH COUNTY 32,,32,,13000032__,1.82,05,,01,04,02,01,06,01,05,01,200,FE,W,CR 15 / LOCUST AVE,,,,30,35,52,40.285870,74.017410,N,UTILITY POLE OFF OF WALL STREET,53125
2019135319WB09376,MONMOUTH,WEST LONG BRANCH BORO,06/02/2019,SU,0229,01,WEST LONG BRANCH PD,,0,0,0,0,P,B,N,N,01,3,MONMOUTH COUNTY 15,,15,,13000015__,4.28,05,,01,05,02,01,06,01,05,01,20,FE,S,CR 32 / WALL ST,,,,35,30,26,,,N,,53097
2019135319WB09394,MONMOUTH,WEST LONG BRANCH BORO,06/02/2019,SU,1720,01,WEST LONG BRANCH PD,,0,2,0,0,I,B,N,N,01,2,MONMOUTH COUNTY 15,,15,,13000015__,4.23,05,,01,05,02,01,01,01,05,01,250,FE,S,CR 32 / WALL ST,,,,30,30,26,,,N,,53081
2019135319WB09530,MONMOUTH,WEST LONG BRANCH BORO,06/04/2019,TU,1704,01,WEST LONG BRANCH PD,,0,0,0,0,P,B,N,N,03,2,MONMOUTH COUNTY 32,,32,,13000032__,2.83,05,,01,04,02,01,01,01,05,01,150,FE,W,CR 25 II / NORWOOD AVE,,,,35,40,26,40.292590,74.002030,N,,53229
2019135319WB09664,MONMOUTH,WEST LONG BRANCH BORO,06/06/2019,TH,1237,01,WEST LONG BRANCH PD,,0,1,0,0,I,B,N,N,99,2,MONMOUTH COUNTY 25 I,,25,1,130000251_,.01,05,,01,04,02,01,01,01,05,01,30,FE,E,CR 71 / NORWOOD AVE,,,,30,35,26,,,N,,53081
2019135319WB09670,MONMOUTH,WEST LONG BRANCH BORO,06/06/2019,TH,1436,01,WEST LONG BRANCH PD,,0,1,0,0,I,I,N,N,03,2,MONMOUTH COUNTY 15,,15,,13000015__,3.70,05,,01,04,02,01,01,01,05,01,,AT,,PALMER AVE / W PALMER AVE,,,,40,25,26,,,N,,53081
2019135319WB09739,MONMOUTH,WEST LONG BRANCH BORO,06/07/2019,FR,1724,01,WEST LONG BRANCH PD,,0,1,0,0,I,B,N,N,11,1,NJ 71,,71,,00000071__,12.75,02,,01,04,02,01,01,01,05,01,1100,FE,W,CR 25 / CEDAR AVE,,,,35,35,52,,,N,UTILITY POLE 75006WLB,53081
2019135319WB10182,MONMOUTH,WEST LONG BRANCH BORO,06/15/2019,SA,1225,01,WEST LONG BRANCH PD,,0,0,0,0,P,I,N,N,01,2,MONMOUTH COUNTY 11 III,S,11,3,130000113_,.41,05,,01,04,02,01,01,01,,,,AT,,NJ 36,,,,35,45,26,,,N,,53123
2019135319WB10503,MONMOUTH,WEST LONG BRANCH BORO,06/20/2019,TH,1725,01,WEST LONG BRANCH PD,,0,0,0,0,P,I,N,N,01,2,MONMOUTH COUNTY 15,,15,,13000015__,3.79,05,,01,04,02,02,01,01,05,01,,AT,,FULTON AVE,,,,40,25,26,,,N,,53122
2019135319WB10506,MONMOUTH,WEST LONG BRANCH BORO,06/30/2019,SU,1731,01,WEST LONG BRANCH PD,,0,0,0,0,P,I,N,N,11,1,NJ 71,W,71,,00000071__,13.16,02,,01,04,02,01,01,01,05,01,,AT,,PINEWOOD AVE,,,,35,25,,,,N,CONCRETE PILLAR-CORNER OF CEDAR AVE / PINEWOOD AVE,53085
2019135319WB11123,MONMOUTH,WEST LONG BRANCH BORO,06/30/2019,SU,1057,01,WEST LONG BRANCH PD,,0,0,0,0,P,B,N,N,01,2,ROUTE 547,W,547,,00000547__,30.21,05,,01,04,02,01,01,01,05,01,20,FE,W,CR 11 / OCEAN PORT AVE,,,,35,35,26,,,N,,53085
2019135319WB11202,MONMOUTH,WEST LONG BRANCH BORO,07/01/2019,MO,1450,01,WEST LONG BRANCH PD,,0,1,0,0,I,B,N,N,01,2,NJ 71,S,71,,00000071__,13.94,02,,01,04,02,01,01,01,04,01,75,FE,N,CR 32 / WALL ST,,,,35,35,26,,,N,,53115
2019135319WB11340,MONMOUTH,WEST LONG BRANCH BORO,07/03/2019,WE,1724,01,WEST LONG BRANCH PD,,0,0,0,0,P,B,N,N,01,2,MONMOUTH COUNTY 15,,15,,13000015__,4.30,05,,01,04,02,01,01,01,05,01,100,FE,N,CR 32 / WALL ST,,,,30,35,26,40.287010,74.018070,N,,53229
2019135319WB11344,MONMOUTH,WEST LONG BRANCH BORO,07/03/2019,WE,1829,01,WEST LONG BRANCH PD,,0,0,0,0,P,B,N,N,08,2,KASTOR LN **,,,,13531101__,.00,07,,01,04,02,01,01,01,05,,2000,FE,E,WHALEPOND RD,,,,25,30,26,40.280450,74.025250,N,,53098
2019135319WB11383,MONMOUTH,WEST LONG BRANCH BORO,07/04/2019,TH,0959,01,WEST LONG BRANCH PD,,0,0,0,0,P,B,N,N,02,2,NJ 36,E,36,,00000036__,2.79,02,,01,04,02,01,01,01,03,,55,FE,N,NJ 71 / MONMOUTH RD,,,,50,40,26,40.295210,74.027870,N,,53071
2019135319WB11413,MONMOUTH,WEST LONG BRANCH BORO,07/04/2019,TH,2226,01,WEST LONG BRANCH PD,,0,1,0,0,I,B,N,N,10,1,HOLLYWOOD AVE **,,,,13251303__,.68,07,,01,04,02,01,06,01,05,01,50,FE,W,ELMWOOD  AVE,,,,25,25,69,,,N,,53122
2019135319WB11456,MONMOUTH,WEST LONG BRANCH BORO,07/05/2019,FR,1707,01,WEST LONG BRANCH PD,,0,0,0,0,P,B,N,N,03,2,MONMOUTH COUNTY 15,,15,,13000015__,,05,,01,04,02,01,01,01,05,01,50,FE,S,NJ 36,,,,40,50,26,40.295210,74.027870,N,,53125
2019135319WB11461,MONMOUTH,WEST LONG BRANCH BORO,07/05/2019,FR,1938,01,WEST LONG BRANCH PD,,0,0,0,0,P,B,N,N,01,2,MONMOUTH COUNTY 32,,32,,13000032__,1.20,05,,01,04,02,01,01,01,05,01,20,FE,E,WESTON WAY / WHALEPOND RD,,,,35,25,26,40.283530,74.029380,N,,53125
2019135319WB11619,MONMOUTH,WEST LONG BRANCH BORO,07/08/2019,MO,1743,01,WEST LONG BRANCH PD,,0,0,0,0,P,I,N,N,04,2,MONMOUTH COUNTY 25 I,E,25,1,130000251_,.00,05,,01,04,02,01,01,01,05,01,,AT,,CR 71 / NORWOOD AVE,,,,35,35,26,,,N,,53111
2019135319WB11837,MONMOUTH,WEST LONG BRANCH BORO,07/12/2019,FR,1342,01,WEST LONG BRANCH PD,,0,0,0,0,P,B,N,N,01,2,NJ 36,E,36,,00000036__,2.78,02,,01,04,02,01,01,01,03,01,2640,FE,W,NJ 71 / MONMOUTH RD,,,,50,40,26,40.290890,74.037250,N,,53229
2019135319WB11845,MONMOUTH,WEST LONG BRANCH BORO,07/12/2019,FR,1709,01,WEST LONG BRANCH PD,,0,0,0,0,P,I,N,N,03,2,NJ 71,,71,,00000071__,13.52,02,,01,04,02,01,01,01,05,01,,AT,,MONROE AVE,,,,35,25,26,,,N,,53098
2019135319WB11849,MONMOUTH,WEST LONG BRANCH BORO,07/12/2019,FR,1744,01,WEST LONG BRANCH PD,,0,0,0,0,P,B,N,N,01,2,NJ 36,E,36,,00000036__,2.59,02,,01,04,02,01,01,01,03,01,1000,FE,W,NJ 71 / MONMOUTH RD,,,,50,45,26,,,N,,53098
2019135319WB11988,MONMOUTH,WEST LONG BRANCH BORO,07/15/2019,MO,0445,01,WEST LONG BRANCH PD,,0,0,0,0,P,B,N,N,01,2,MONMOUTH COUNTY 32,,32,,13000032__,1.69,05,,01,04,02,01,02,01,05,01,15,FE,E,NJ 71 / MONMOUTH RD,,,,35,40,26,,,N,,53115
2019135319WB12031,MONMOUTH,WEST LONG BRANCH BORO,07/16/2019,TU,0152,01,WEST LONG BRANCH PD,,0,0,0,0,P,B,N,N,08,2,MITCHELL TER **,,,,13531026__,.00,07,,01,04,02,01,06,01,05,01,75,FE,S,CR 32 / WALL ST,,,,25,35,26,,,N,,53115
2019135319WB12034,MONMOUTH,WEST LONG BRANCH BORO,07/16/2019,TU,0654,01,WEST LONG BRANCH PD,,0,0,0,0,P,I,N,N,02,2,ROUTE 547,W,547,,00000547__,29.85,05,,01,04,02,01,01,01,05,01,,AT,,N LOCUST AVE,,,,35,25,26,,,N,,53112
2019135319WB12046,MONMOUTH,WEST LONG BRANCH BORO,07/16/2019,TU,1227,01,WEST LONG BRANCH PD,,0,0,0,0,P,B,N,N,06,2,294 HIGHWAY 36,,,,,,09,,01,04,02,01,01,01,05,01,,,,,,,,,,26,,,N,,53114
2019135319WB12050,MONMOUTH,WEST LONG BRANCH BORO,07/16/2019,TU,1357,01,WEST LONG BRANCH PD,,0,0,0,0,P,B,N,N,01,2,NJ 71,N,71,,00000071__,14.79,02,,01,04,02,01,01,01,05,01,65,FE,,NJ 36,,,,40,50,26,,,N,,53112
2019135319WB12085,MONMOUTH,WEST LONG BRANCH BORO,07/17/2019,WE,0918,01,WEST LONG BRANCH PD,,0,0,0,0,P,B,N,N,01,2,NJ 36,E,36,,00000036__,3.25,02,,01,04,02,01,01,01,03,01,50,FE,W,ROUTE 537 / BROADWAY EATONTOWN BLVD,,,,50,35,26,,,N,,53114
2019135319WB12101,MONMOUTH,WEST LONG BRANCH BORO,07/17/2019,WE,1620,01,WEST LONG BRANCH PD,,0,1,0,0,I,B,N,N,01,2,MONMOUTH COUNTY 32,,32,,13000032__,1.20,05,,01,04,02,01,01,01,05,01,25,FE,E,WESTON WAY / WHALEPOND RD,,,,35,25,26,,,N,,53114
2019135319WB12103,MONMOUTH,WEST LONG BRANCH BORO,07/17/2019,WE,1630,01,WEST LONG BRANCH PD,,0,0,0,0,P,I,N,N,03,2,NJ 71,N,71,,00000071__,13.93,02,,01,04,02,01,01,01,05,02,,AT,,CR 32 / WALL ST,,,,40,35,26,,,N,,53112
2019135319WB12113,MONMOUTH,WEST LONG BRANCH BORO,07/17/2019,WE,1934,01,WEST LONG BRANCH PD,,0,0,0,0,P,B,N,N,01,2,NJ 36,E,36,,00000036__,2.78,02,,01,04,02,01,01,01,03,01,15,FE,W,NJ 71 / MONMOUTH RD,,,,50,40,26,40.295400,74.028910,N,,53229
2019135319WB12137,MONMOUTH,WEST LONG BRANCH BORO,07/18/2019,TH,0918,01,WEST LONG BRANCH PD,,0,0,0,0,P,I,N,N,01,2,NJ 36,E,36,,00000036__,2.78,02,,01,04,02,01,01,01,02,01,,AT,S,NJ 71 / MONMOUTH RD,,,,50,40,26,,,N,,53123
2019135319WB12200,MONMOUTH,WEST LONG BRANCH BORO,07/19/2019,FR,1457,01,WEST LONG BRANCH PD,,0,0,0,0,P,B,N,N,02,2,NJ 71,,71,,00000071__,14.79,02,,01,04,02,01,01,01,05,01,20,FE,N,NJ 36,,,,40,50,26,40.294440,74.028890,N,,53125
2019135319WB12205,MONMOUTH,WEST LONG BRANCH BORO,07/19/2019,FR,1622,01,WEST LONG BRANCH PD,,0,0,0,0,P,I,N,N,03,2,NJ 71,E,71,,00000071__,13.78,02,,01,04,02,01,01,01,05,01,,AT,,CR 15 / LOCUST AVE / MONMOUTH RD,,,,30,40,26,,,N,,53123
2019135319WB12210,MONMOUTH,WEST LONG BRANCH BORO,07/19/2019,FR,1712,01,WEST LONG BRANCH PD,,0,1,0,0,I,B,N,N,01,2,MONMOUTH COUNTY 32,E,32,,13000032__,1.69,05,,01,04,02,01,01,01,05,01,25,FE,W,NJ 71 / MONMOUTH RD,,,,35,40,26,,,N,,53122
2019135319WB12260,MONMOUTH,WEST LONG BRANCH BORO,07/20/2019,SA,1122,01,WEST LONG BRANCH PD,,0,0,0,0,P,B,N,N,03,2,NJ 71,S,71,,00000071__,14.89,02,,01,04,02,01,01,01,05,01,542,FE,N,NJ 36,,,,40,50,26,,,N,,53112
2019135319WB12272,MONMOUTH,WEST LONG BRANCH BORO,07/20/2019,SA,1721,01,WEST LONG BRANCH PD,,0,0,0,0,P,B,N,N,01,2,POPLAR AVE **,,,,13531031__,.40,07,,01,04,02,01,01,01,05,01,415,FE,S,WALNUT PL,,,,25,25,26,,,N,,53114
2019135319WB12426,MONMOUTH,WEST LONG BRANCH BORO,07/23/2019,TU,1102,01,WEST LONG BRANCH PD,,0,1,0,0,I,I,N,N,02,2,NJ 36,S,36,,00000036__,3.73,02,,01,,02,01,01,01,03,01,,AT,,CR 11 III / OCEANPORT AVE,,,,45,35,26,,,N,,53085
2019135319WB12475,MONMOUTH,WEST LONG BRANCH BORO,07/24/2019,WE,0808,01,WEST LONG BRANCH PD,,0,0,0,0,P,B,N,N,01,2,ROUTE 547,,547,,00000547__,29.77,05,,01,04,02,01,01,01,05,01,20,FE,E,HOMESTEAD AVE,,,,35,25,26,,,N,,53071
2019135319WB12558,MONMOUTH,WEST LONG BRANCH BORO,07/25/2019,TH,1016,01,WEST LONG BRANCH PD,,0,0,0,0,P,I,N,N,03,2,ROUTE 547,W,547,,00000547__,29.85,05,,01,04,02,01,01,01,04,01,,AT,,N LOCUST AVE,,,,35,25,26,,,N,,53111
2019135319WB12649,MONMOUTH,WEST LONG BRANCH BORO,07/26/2019,FR,1644,01,WEST LONG BRANCH PD,,0,0,0,0,P,B,N,N,03,2,MONMOUTH COUNTY 32,,32,,13000032__,1.68,05,,01,04,02,01,01,01,04,01,75,FE,W,NJ 71 / MONMOUTH RD,,,,35,40,26,,,N,,53114
2019135319WB12779,MONMOUTH,WEST LONG BRANCH BORO,07/28/2019,SU,1901,01,WEST LONG BRANCH PD,,0,0,0,0,P,I,N,N,03,2,MONMOUTH COUNTY 15,,15,,13000015__,3.70,05,,01,04,02,01,01,01,05,01,,AT,,PALMER AVE / W PALMER AVE,,,,40,25,26,40.277700,74.017530,N,,53125
2019135319WB12832,MONMOUTH,WEST LONG BRANCH BORO,07/29/2019,MO,1751,01,WEST LONG BRANCH PD,,0,0,0,0,P,B,N,N,01,2,MONMOUTH COUNTY 15,,15,,13000015__,4.28,05,,01,04,02,01,01,01,05,01,15,FE,S,CR 32 / WALL ST,,,,40,35,26,40.284680,74.020740,N,,53125
2019135319WB12889,MONMOUTH,WEST LONG BRANCH BORO,07/30/2019,TU,1748,01,WEST LONG BRANCH PD,,0,0,0,0,P,I,N,N,07,2,MONMOUTH COUNTY 32,,32,,13000032__,1.69,05,,01,04,02,01,01,01,05,01,,AT,,NJ 71 / MONMOUTH RD,,,,35,40,26,,,N,,53117
2019135319WB12945,MONMOUTH,WEST LONG BRANCH BORO,07/31/2019,WE,1606,01,WEST LONG BRANCH PD,,0,0,0,0,P,B,N,N,01,2,NJ 36,E,36,,00000036__,3.25,02,,01,04,02,02,01,02,03,01,50,FE,W,ROUTE 537 / BROADWAY EATONTOWN BLVD,,,,50,30,26,,,N,,53109